model,city,contrast,omitted_year,estimate_ppb,estimable
calendar_only,Atlanta,episode_vs_reference,2019,3.006303884379726,True
calendar_only,Atlanta,episode_vs_reference,2020,3.359132908142921,True
calendar_only,Atlanta,episode_vs_reference,2021,3.032675768762535,True
calendar_only,Atlanta,episode_vs_reference,2022,3.5142653891350024,True
calendar_only,Atlanta,episode_vs_reference,2023,3.378010165871015,True
calendar_only,Atlanta,episode_vs_reference,2024,3.2384730480476724,True
calendar_only,Atlanta,heat_only_vs_reference,2019,0.7782554442623354,True
calendar_only,Atlanta,heat_only_vs_reference,2020,0.8982103578709999,True
calendar_only,Atlanta,heat_only_vs_reference,2021,0.6168504855801806,True
calendar_only,Atlanta,heat_only_vs_reference,2022,0.9703283905734278,True
calendar_only,Atlanta,heat_only_vs_reference,2023,0.8542143114485963,True
calendar_only,Atlanta,heat_only_vs_reference,2024,0.9189496113876344,True
calendar_only,Atlanta,wind_only_vs_reference,2019,1.6696946627818692,True
calendar_only,Atlanta,wind_only_vs_reference,2020,1.77393605965879,True
calendar_only,Atlanta,wind_only_vs_reference,2021,1.411818655933594,True
calendar_only,Atlanta,wind_only_vs_reference,2022,1.888021387608992,True
calendar_only,Atlanta,wind_only_vs_reference,2023,2.0475650224720905,True
calendar_only,Atlanta,wind_only_vs_reference,2024,2.003864298172477,True
calendar_only,Atlanta,other_compound_vs_reference,2019,1.8654702774646852,True
calendar_only,Atlanta,other_compound_vs_reference,2020,1.5874667130874118,True
calendar_only,Atlanta,other_compound_vs_reference,2021,1.3936216841189497,True
calendar_only,Atlanta,other_compound_vs_reference,2022,1.9350140088808896,True
calendar_only,Atlanta,other_compound_vs_reference,2023,2.205648546683181,True
calendar_only,Atlanta,other_compound_vs_reference,2024,1.4477091996892368,True
calendar_only,Atlanta,episode_vs_wind_only,2019,1.336609221597857,True
calendar_only,Atlanta,episode_vs_wind_only,2020,1.585196848484131,True
calendar_only,Atlanta,episode_vs_wind_only,2021,1.6208571128289413,True
calendar_only,Atlanta,episode_vs_wind_only,2022,1.6262440015260102,True
calendar_only,Atlanta,episode_vs_wind_only,2023,1.3304451433989244,True
calendar_only,Atlanta,episode_vs_wind_only,2024,1.234608749875196,True
calendar_only,Atlanta,episode_vs_heat_only,2019,2.2280484401173903,True
calendar_only,Atlanta,episode_vs_heat_only,2020,2.4609225502719214,True
calendar_only,Atlanta,episode_vs_heat_only,2021,2.415825283182355,True
calendar_only,Atlanta,episode_vs_heat_only,2022,2.5439369985615747,True
calendar_only,Atlanta,episode_vs_heat_only,2023,2.523795854422419,True
calendar_only,Atlanta,episode_vs_heat_only,2024,2.319523436660038,True
calendar_only,Chicago,episode_vs_reference,2019,6.729278111865796,True
calendar_only,Chicago,episode_vs_reference,2020,6.994230900670372,True
calendar_only,Chicago,episode_vs_reference,2021,7.20836795911837,True
calendar_only,Chicago,episode_vs_reference,2022,6.009987129603429,True
calendar_only,Chicago,episode_vs_reference,2023,5.824082550703579,True
calendar_only,Chicago,episode_vs_reference,2024,5.480721769028976,True
calendar_only,Chicago,heat_only_vs_reference,2019,2.6164153841457973,True
calendar_only,Chicago,heat_only_vs_reference,2020,2.631149878360765,True
calendar_only,Chicago,heat_only_vs_reference,2021,2.495588471204532,True
calendar_only,Chicago,heat_only_vs_reference,2022,2.786940295162276,True
calendar_only,Chicago,heat_only_vs_reference,2023,2.676446962442187,True
calendar_only,Chicago,heat_only_vs_reference,2024,2.647514692551268,True
calendar_only,Chicago,wind_only_vs_reference,2019,5.051197095476601,True
calendar_only,Chicago,wind_only_vs_reference,2020,5.245238800051202,True
calendar_only,Chicago,wind_only_vs_reference,2021,5.279639865000871,True
calendar_only,Chicago,wind_only_vs_reference,2022,4.746721001850062,True
calendar_only,Chicago,wind_only_vs_reference,2023,5.063952259436145,True
calendar_only,Chicago,wind_only_vs_reference,2024,5.199853547327198,True
calendar_only,Chicago,other_compound_vs_reference,2019,6.5875420084123455,True
calendar_only,Chicago,other_compound_vs_reference,2020,6.146605081355602,True
calendar_only,Chicago,other_compound_vs_reference,2021,6.401087484851319,True
calendar_only,Chicago,other_compound_vs_reference,2022,6.429816592286648,True
calendar_only,Chicago,other_compound_vs_reference,2023,6.146497996220614,True
calendar_only,Chicago,other_compound_vs_reference,2024,6.744172011476772,True
calendar_only,Chicago,episode_vs_wind_only,2019,1.6780810163891946,True
calendar_only,Chicago,episode_vs_wind_only,2020,1.7489921006191702,True
calendar_only,Chicago,episode_vs_wind_only,2021,1.9287280941174991,True
calendar_only,Chicago,episode_vs_wind_only,2022,1.2632661277533668,True
calendar_only,Chicago,episode_vs_wind_only,2023,0.7601302912674344,True
calendar_only,Chicago,episode_vs_wind_only,2024,0.2808682217017777,True
calendar_only,Chicago,episode_vs_heat_only,2019,4.112862727719998,True
calendar_only,Chicago,episode_vs_heat_only,2020,4.363081022309607,True
calendar_only,Chicago,episode_vs_heat_only,2021,4.712779487913839,True
calendar_only,Chicago,episode_vs_heat_only,2022,3.223046834441153,True
calendar_only,Chicago,episode_vs_heat_only,2023,3.147635588261392,True
calendar_only,Chicago,episode_vs_heat_only,2024,2.8332070764777075,True
calendar_only,Dallas,episode_vs_reference,2019,3.179186826545199,True
calendar_only,Dallas,episode_vs_reference,2020,3.5627086586088885,True
calendar_only,Dallas,episode_vs_reference,2021,3.628347535141198,True
calendar_only,Dallas,episode_vs_reference,2022,3.454450512628757,True
calendar_only,Dallas,episode_vs_reference,2023,3.975756884449394,True
calendar_only,Dallas,episode_vs_reference,2024,3.7184343225814014,True
calendar_only,Dallas,heat_only_vs_reference,2019,-0.5091677463647515,True
calendar_only,Dallas,heat_only_vs_reference,2020,-0.5918731492540279,True
calendar_only,Dallas,heat_only_vs_reference,2021,-0.4661350519909533,True
calendar_only,Dallas,heat_only_vs_reference,2022,-0.8050235443652998,True
calendar_only,Dallas,heat_only_vs_reference,2023,-0.1160977186121181,True
calendar_only,Dallas,heat_only_vs_reference,2024,-0.4075610487307681,True
calendar_only,Dallas,wind_only_vs_reference,2019,3.4990541787450025,True
calendar_only,Dallas,wind_only_vs_reference,2020,3.5995873949326582,True
calendar_only,Dallas,wind_only_vs_reference,2021,3.4665047160751343,True
calendar_only,Dallas,wind_only_vs_reference,2022,3.41710611189898,True
calendar_only,Dallas,wind_only_vs_reference,2023,3.664712531904791,True
calendar_only,Dallas,wind_only_vs_reference,2024,3.657643457153351,True
calendar_only,Dallas,other_compound_vs_reference,2019,2.177653368800644,True
calendar_only,Dallas,other_compound_vs_reference,2020,2.090548302669048,True
calendar_only,Dallas,other_compound_vs_reference,2021,2.014602979197261,True
calendar_only,Dallas,other_compound_vs_reference,2022,1.973450101633087,True
calendar_only,Dallas,other_compound_vs_reference,2023,2.478034933710586,True
calendar_only,Dallas,other_compound_vs_reference,2024,2.2879507156097043,True
calendar_only,Dallas,episode_vs_wind_only,2019,-0.3198673521998034,True
calendar_only,Dallas,episode_vs_wind_only,2020,-0.0368787363237697,True
calendar_only,Dallas,episode_vs_wind_only,2021,0.1618428190660634,True
calendar_only,Dallas,episode_vs_wind_only,2022,0.0373444007297774,True
calendar_only,Dallas,episode_vs_wind_only,2023,0.3110443525446031,True
calendar_only,Dallas,episode_vs_wind_only,2024,0.0607908654280504,True
calendar_only,Dallas,episode_vs_heat_only,2019,3.6883545729099514,True
calendar_only,Dallas,episode_vs_heat_only,2020,4.154581807862916,True
calendar_only,Dallas,episode_vs_heat_only,2021,4.094482587132151,True
calendar_only,Dallas,episode_vs_heat_only,2022,4.259474056994057,True
calendar_only,Dallas,episode_vs_heat_only,2023,4.091854603061512,True
calendar_only,Dallas,episode_vs_heat_only,2024,4.12599537131217,True
calendar_only,Denver,episode_vs_reference,2019,1.3640155756337742,True
calendar_only,Denver,episode_vs_reference,2020,2.619163578776762,True
calendar_only,Denver,episode_vs_reference,2021,2.7561357381314666,True
calendar_only,Denver,episode_vs_reference,2022,3.6651280651465967,True
calendar_only,Denver,episode_vs_reference,2023,2.547789128271117,True
calendar_only,Denver,episode_vs_reference,2024,2.6292601664112096,True
calendar_only,Denver,heat_only_vs_reference,2019,1.760553121936819,True
calendar_only,Denver,heat_only_vs_reference,2020,1.822465726632299,True
calendar_only,Denver,heat_only_vs_reference,2021,1.6638817130007348,True
calendar_only,Denver,heat_only_vs_reference,2022,2.0444106062461453,True
calendar_only,Denver,heat_only_vs_reference,2023,1.881247221555019,True
calendar_only,Denver,heat_only_vs_reference,2024,1.653090691362714,True
calendar_only,Denver,wind_only_vs_reference,2019,1.0689511144790451,True
calendar_only,Denver,wind_only_vs_reference,2020,1.1502008986431818,True
calendar_only,Denver,wind_only_vs_reference,2021,1.3306464717809516,True
calendar_only,Denver,wind_only_vs_reference,2022,1.0344027251313794,True
calendar_only,Denver,wind_only_vs_reference,2023,0.8606905136277359,True
calendar_only,Denver,wind_only_vs_reference,2024,1.023551516280104,True
calendar_only,Denver,other_compound_vs_reference,2019,2.5841651583627274,True
calendar_only,Denver,other_compound_vs_reference,2020,2.516339574808433,True
calendar_only,Denver,other_compound_vs_reference,2021,2.1956228931712416,True
calendar_only,Denver,other_compound_vs_reference,2022,3.0435097463077927,True
calendar_only,Denver,other_compound_vs_reference,2023,2.234153724731623,True
calendar_only,Denver,other_compound_vs_reference,2024,2.4210963887208363,True
calendar_only,Denver,episode_vs_wind_only,2019,0.295064461154729,True
calendar_only,Denver,episode_vs_wind_only,2020,1.4689626801335802,True
calendar_only,Denver,episode_vs_wind_only,2021,1.425489266350515,True
calendar_only,Denver,episode_vs_wind_only,2022,2.6307253400152173,True
calendar_only,Denver,episode_vs_wind_only,2023,1.6870986146433813,True
calendar_only,Denver,episode_vs_wind_only,2024,1.6057086501311055,True
calendar_only,Denver,episode_vs_heat_only,2019,-0.3965375463030445,True
calendar_only,Denver,episode_vs_heat_only,2020,0.796697852144463,True
calendar_only,Denver,episode_vs_heat_only,2021,1.0922540251307318,True
calendar_only,Denver,episode_vs_heat_only,2022,1.6207174589004514,True
calendar_only,Denver,episode_vs_heat_only,2023,0.6665419067160985,True
calendar_only,Denver,episode_vs_heat_only,2024,0.9761694750484956,True
calendar_only,Houston,episode_vs_reference,2019,2.361626922854903,True
calendar_only,Houston,episode_vs_reference,2020,2.174575391067784,True
calendar_only,Houston,episode_vs_reference,2021,2.300207948445024,True
calendar_only,Houston,episode_vs_reference,2022,2.377036139617009,True
calendar_only,Houston,episode_vs_reference,2023,2.008220761189671,True
calendar_only,Houston,episode_vs_reference,2024,2.636765293938057,True
calendar_only,Houston,heat_only_vs_reference,2019,-1.5947389809555117,True
calendar_only,Houston,heat_only_vs_reference,2020,-1.0111288206194122,True
calendar_only,Houston,heat_only_vs_reference,2021,-1.0935228293972186,True
calendar_only,Houston,heat_only_vs_reference,2022,-0.9874990919578566,True
calendar_only,Houston,heat_only_vs_reference,2023,-0.5073519211181732,True
calendar_only,Houston,heat_only_vs_reference,2024,-0.8951879936019167,True
calendar_only,Houston,wind_only_vs_reference,2019,3.9322925527340815,True
calendar_only,Houston,wind_only_vs_reference,2020,3.884046962012447,True
calendar_only,Houston,wind_only_vs_reference,2021,3.898418604406312,True
calendar_only,Houston,wind_only_vs_reference,2022,4.0852683740575655,True
calendar_only,Houston,wind_only_vs_reference,2023,3.6778960725890992,True
calendar_only,Houston,wind_only_vs_reference,2024,3.882065700410042,True
calendar_only,Houston,other_compound_vs_reference,2019,1.2703399330457077,True
calendar_only,Houston,other_compound_vs_reference,2020,1.5056728113076574,True
calendar_only,Houston,other_compound_vs_reference,2021,1.41229800550214,True
calendar_only,Houston,other_compound_vs_reference,2022,1.8079109756867715,True
calendar_only,Houston,other_compound_vs_reference,2023,1.951864576041249,True
calendar_only,Houston,other_compound_vs_reference,2024,2.029992372653477,True
calendar_only,Houston,episode_vs_wind_only,2019,-1.5706656298791786,True
calendar_only,Houston,episode_vs_wind_only,2020,-1.7094715709446633,True
calendar_only,Houston,episode_vs_wind_only,2021,-1.5982106559612874,True
calendar_only,Houston,episode_vs_wind_only,2022,-1.7082322344405565,True
calendar_only,Houston,episode_vs_wind_only,2023,-1.6696753113994285,True
calendar_only,Houston,episode_vs_wind_only,2024,-1.2453004064719848,True
calendar_only,Houston,episode_vs_heat_only,2019,3.9563659038104144,True
calendar_only,Houston,episode_vs_heat_only,2020,3.185704211687196,True
calendar_only,Houston,episode_vs_heat_only,2021,3.3937307778422428,True
calendar_only,Houston,episode_vs_heat_only,2022,3.3645352315748656,True
calendar_only,Houston,episode_vs_heat_only,2023,2.515572682307844,True
calendar_only,Houston,episode_vs_heat_only,2024,3.5319532875399737,True
calendar_only,Los Angeles,episode_vs_reference,2019,7.500925633300064,True
calendar_only,Los Angeles,episode_vs_reference,2020,7.0072931291349,True
calendar_only,Los Angeles,episode_vs_reference,2021,7.582511278483343,True
calendar_only,Los Angeles,episode_vs_reference,2022,7.053329677791668,True
calendar_only,Los Angeles,episode_vs_reference,2023,7.209235057845197,True
calendar_only,Los Angeles,episode_vs_reference,2024,7.4553689069541935,True
calendar_only,Los Angeles,heat_only_vs_reference,2019,5.051053157247726,True
calendar_only,Los Angeles,heat_only_vs_reference,2020,4.97514862116328,True
calendar_only,Los Angeles,heat_only_vs_reference,2021,5.070452553384756,True
calendar_only,Los Angeles,heat_only_vs_reference,2022,4.834405974193005,True
calendar_only,Los Angeles,heat_only_vs_reference,2023,5.473080558821569,True
calendar_only,Los Angeles,heat_only_vs_reference,2024,5.272202875925299,True
calendar_only,Los Angeles,wind_only_vs_reference,2019,2.3018609434281903,True
calendar_only,Los Angeles,wind_only_vs_reference,2020,2.163785509498315,True
calendar_only,Los Angeles,wind_only_vs_reference,2021,1.9728122886213415,True
calendar_only,Los Angeles,wind_only_vs_reference,2022,2.196130283517802,True
calendar_only,Los Angeles,wind_only_vs_reference,2023,2.287021379061925,True
calendar_only,Los Angeles,wind_only_vs_reference,2024,1.9211982622759796,True
calendar_only,Los Angeles,other_compound_vs_reference,2019,7.2723793191725346,True
calendar_only,Los Angeles,other_compound_vs_reference,2020,6.982665088488299,True
calendar_only,Los Angeles,other_compound_vs_reference,2021,6.421039660248942,True
calendar_only,Los Angeles,other_compound_vs_reference,2022,6.924858054490141,True
calendar_only,Los Angeles,other_compound_vs_reference,2023,7.114491185891227,True
calendar_only,Los Angeles,other_compound_vs_reference,2024,6.847643025449999,True
calendar_only,Los Angeles,episode_vs_wind_only,2019,5.199064689871873,True
calendar_only,Los Angeles,episode_vs_wind_only,2020,4.8435076196365845,True
calendar_only,Los Angeles,episode_vs_wind_only,2021,5.609698989862002,True
calendar_only,Los Angeles,episode_vs_wind_only,2022,4.8571993942738665,True
calendar_only,Los Angeles,episode_vs_wind_only,2023,4.922213678783272,True
calendar_only,Los Angeles,episode_vs_wind_only,2024,5.534170644678214,True
calendar_only,Los Angeles,episode_vs_heat_only,2019,2.449872476052337,True
calendar_only,Los Angeles,episode_vs_heat_only,2020,2.03214450797162,True
calendar_only,Los Angeles,episode_vs_heat_only,2021,2.512058725098587,True
calendar_only,Los Angeles,episode_vs_heat_only,2022,2.218923703598663,True
calendar_only,Los Angeles,episode_vs_heat_only,2023,1.7361544990236275,True
calendar_only,Los Angeles,episode_vs_heat_only,2024,2.183166031028895,True
calendar_only,New York,episode_vs_reference,2019,5.745932020450251,True
calendar_only,New York,episode_vs_reference,2020,5.55965749066935,True
calendar_only,New York,episode_vs_reference,2021,5.0793166732965895,True
calendar_only,New York,episode_vs_reference,2022,5.98501879826868,True
calendar_only,New York,episode_vs_reference,2023,5.547177577084358,True
calendar_only,New York,episode_vs_reference,2024,5.239777935989189,True
calendar_only,New York,heat_only_vs_reference,2019,1.8982671329898984,True
calendar_only,New York,heat_only_vs_reference,2020,2.1247239109054847,True
calendar_only,New York,heat_only_vs_reference,2021,2.0197045582242747,True
calendar_only,New York,heat_only_vs_reference,2022,1.890635869382743,True
calendar_only,New York,heat_only_vs_reference,2023,1.956508617080628,True
calendar_only,New York,heat_only_vs_reference,2024,1.9169262653111487,True
calendar_only,New York,wind_only_vs_reference,2019,5.001361527227755,True
calendar_only,New York,wind_only_vs_reference,2020,5.08024906818335,True
calendar_only,New York,wind_only_vs_reference,2021,4.999116672563472,True
calendar_only,New York,wind_only_vs_reference,2022,4.787006039623441,True
calendar_only,New York,wind_only_vs_reference,2023,5.164048511613379,True
calendar_only,New York,wind_only_vs_reference,2024,4.824434120729005,True
calendar_only,New York,other_compound_vs_reference,2019,4.467344711705799,True
calendar_only,New York,other_compound_vs_reference,2020,4.590904557340025,True
calendar_only,New York,other_compound_vs_reference,2021,4.794578396208992,True
calendar_only,New York,other_compound_vs_reference,2022,5.120314371090847,True
calendar_only,New York,other_compound_vs_reference,2023,4.382940372001138,True
calendar_only,New York,other_compound_vs_reference,2024,4.575291071071385,True
calendar_only,New York,episode_vs_wind_only,2019,0.7445704932224961,True
calendar_only,New York,episode_vs_wind_only,2020,0.4794084224860002,True
calendar_only,New York,episode_vs_wind_only,2021,0.080200000733118,True
calendar_only,New York,episode_vs_wind_only,2022,1.1980127586452385,True
calendar_only,New York,episode_vs_wind_only,2023,0.3831290654709782,True
calendar_only,New York,episode_vs_wind_only,2024,0.4153438152601847,True
calendar_only,New York,episode_vs_heat_only,2019,3.847664887460352,True
calendar_only,New York,episode_vs_heat_only,2020,3.4349335797638654,True
calendar_only,New York,episode_vs_heat_only,2021,3.059612115072315,True
calendar_only,New York,episode_vs_heat_only,2022,4.094382928885937,True
calendar_only,New York,episode_vs_heat_only,2023,3.59066896000373,True
calendar_only,New York,episode_vs_heat_only,2024,3.32285167067804,True
calendar_only,Philadelphia,episode_vs_reference,2019,2.40290914216115,True
calendar_only,Philadelphia,episode_vs_reference,2020,2.214364500130358,True
calendar_only,Philadelphia,episode_vs_reference,2021,1.3638986692847028,True
calendar_only,Philadelphia,episode_vs_reference,2022,2.3859558343346943,True
calendar_only,Philadelphia,episode_vs_reference,2023,2.4695235631246697,True
calendar_only,Philadelphia,episode_vs_reference,2024,2.1115258782164474,True
calendar_only,Philadelphia,heat_only_vs_reference,2019,1.1282069162497712,True
calendar_only,Philadelphia,heat_only_vs_reference,2020,1.1905289613833985,True
calendar_only,Philadelphia,heat_only_vs_reference,2021,1.373753668749997,True
calendar_only,Philadelphia,heat_only_vs_reference,2022,1.2543546208910907,True
calendar_only,Philadelphia,heat_only_vs_reference,2023,1.2728645189937975,True
calendar_only,Philadelphia,heat_only_vs_reference,2024,1.1615298776267584,True
calendar_only,Philadelphia,wind_only_vs_reference,2019,2.073333521370076,True
calendar_only,Philadelphia,wind_only_vs_reference,2020,2.124028479236705,True
calendar_only,Philadelphia,wind_only_vs_reference,2021,2.014623413934997,True
calendar_only,Philadelphia,wind_only_vs_reference,2022,1.8455576890975185,True
calendar_only,Philadelphia,wind_only_vs_reference,2023,2.146579884508526,True
calendar_only,Philadelphia,wind_only_vs_reference,2024,1.797576319811876,True
calendar_only,Philadelphia,other_compound_vs_reference,2019,2.3529855342249486,True
calendar_only,Philadelphia,other_compound_vs_reference,2020,2.263869803831957,True
calendar_only,Philadelphia,other_compound_vs_reference,2021,2.2820884312180523,True
calendar_only,Philadelphia,other_compound_vs_reference,2022,2.243629010430781,True
calendar_only,Philadelphia,other_compound_vs_reference,2023,2.209312682758754,True
calendar_only,Philadelphia,other_compound_vs_reference,2024,2.012804729628197,True
calendar_only,Philadelphia,episode_vs_wind_only,2019,0.3295756207910743,True
calendar_only,Philadelphia,episode_vs_wind_only,2020,0.0903360208936523,True
calendar_only,Philadelphia,episode_vs_wind_only,2021,-0.6507247446502944,True
calendar_only,Philadelphia,episode_vs_wind_only,2022,0.5403981452371758,True
calendar_only,Philadelphia,episode_vs_wind_only,2023,0.3229436786161437,True
calendar_only,Philadelphia,episode_vs_wind_only,2024,0.3139495584045715,True
calendar_only,Philadelphia,episode_vs_heat_only,2019,1.274702225911379,True
calendar_only,Philadelphia,episode_vs_heat_only,2020,1.023835538746959,True
calendar_only,Philadelphia,episode_vs_heat_only,2021,-0.0098549994652941,True
calendar_only,Philadelphia,episode_vs_heat_only,2022,1.1316012134436035,True
calendar_only,Philadelphia,episode_vs_heat_only,2023,1.1966590441308722,True
calendar_only,Philadelphia,episode_vs_heat_only,2024,0.949996000589689,True
calendar_only,Phoenix,episode_vs_reference,2019,6.574817032397755,True
calendar_only,Phoenix,episode_vs_reference,2020,6.128949750460619,True
calendar_only,Phoenix,episode_vs_reference,2021,6.573338872709977,True
calendar_only,Phoenix,episode_vs_reference,2022,6.7751525857989545,True
calendar_only,Phoenix,episode_vs_reference,2023,6.958132860145788,True
calendar_only,Phoenix,episode_vs_reference,2024,7.073880167100999,True
calendar_only,Phoenix,heat_only_vs_reference,2019,1.1219072285146687,True
calendar_only,Phoenix,heat_only_vs_reference,2020,1.6380852854454888,True
calendar_only,Phoenix,heat_only_vs_reference,2021,1.5135239081075058,True
calendar_only,Phoenix,heat_only_vs_reference,2022,1.6975469602138114,True
calendar_only,Phoenix,heat_only_vs_reference,2023,1.2245115404465314,True
calendar_only,Phoenix,heat_only_vs_reference,2024,1.601348907108178,True
calendar_only,Phoenix,wind_only_vs_reference,2019,3.4773628063958166,True
calendar_only,Phoenix,wind_only_vs_reference,2020,3.498912653369897,True
calendar_only,Phoenix,wind_only_vs_reference,2021,3.5877798249110637,True
calendar_only,Phoenix,wind_only_vs_reference,2022,3.6709209674244767,True
calendar_only,Phoenix,wind_only_vs_reference,2023,3.616960914384965,True
calendar_only,Phoenix,wind_only_vs_reference,2024,3.422045808305472,True
calendar_only,Phoenix,other_compound_vs_reference,2019,2.8893122110793503,True
calendar_only,Phoenix,other_compound_vs_reference,2020,4.141782894384767,True
calendar_only,Phoenix,other_compound_vs_reference,2021,3.2869120838952046,True
calendar_only,Phoenix,other_compound_vs_reference,2022,3.395880768919312,True
calendar_only,Phoenix,other_compound_vs_reference,2023,3.257160938052161,True
calendar_only,Phoenix,other_compound_vs_reference,2024,3.922798174716819,True
calendar_only,Phoenix,episode_vs_wind_only,2019,3.0974542260019384,True
calendar_only,Phoenix,episode_vs_wind_only,2020,2.630037097090722,True
calendar_only,Phoenix,episode_vs_wind_only,2021,2.9855590477989136,True
calendar_only,Phoenix,episode_vs_wind_only,2022,3.104231618374478,True
calendar_only,Phoenix,episode_vs_wind_only,2023,3.3411719457608235,True
calendar_only,Phoenix,episode_vs_wind_only,2024,3.651834358795527,True
calendar_only,Phoenix,episode_vs_heat_only,2019,5.452909803883086,True
calendar_only,Phoenix,episode_vs_heat_only,2020,4.490864465015131,True
calendar_only,Phoenix,episode_vs_heat_only,2021,5.059814964602471,True
calendar_only,Phoenix,episode_vs_heat_only,2022,5.077605625585143,True
calendar_only,Phoenix,episode_vs_heat_only,2023,5.733621319699257,True
calendar_only,Phoenix,episode_vs_heat_only,2024,5.47253125999282,True
calendar_only,San Diego,episode_vs_reference,2019,4.447257409169709,True
calendar_only,San Diego,episode_vs_reference,2020,4.018922544357601,True
calendar_only,San Diego,episode_vs_reference,2021,4.285472242935809,True
calendar_only,San Diego,episode_vs_reference,2022,4.482095156111424,True
calendar_only,San Diego,episode_vs_reference,2023,4.29766474696274,True
calendar_only,San Diego,episode_vs_reference,2024,4.697101654353942,True
calendar_only,San Diego,heat_only_vs_reference,2019,3.99948677019004,True
calendar_only,San Diego,heat_only_vs_reference,2020,3.8358701561427537,True
calendar_only,San Diego,heat_only_vs_reference,2021,3.873957369779244,True
calendar_only,San Diego,heat_only_vs_reference,2022,4.018027002358664,True
calendar_only,San Diego,heat_only_vs_reference,2023,4.225979073706197,True
calendar_only,San Diego,heat_only_vs_reference,2024,4.244229315828664,True
calendar_only,San Diego,wind_only_vs_reference,2019,0.8835368469281022,True
calendar_only,San Diego,wind_only_vs_reference,2020,0.8196523809776919,True
calendar_only,San Diego,wind_only_vs_reference,2021,0.9419572771109422,True
calendar_only,San Diego,wind_only_vs_reference,2022,0.8563697030872279,True
calendar_only,San Diego,wind_only_vs_reference,2023,1.0122295474750769,True
calendar_only,San Diego,wind_only_vs_reference,2024,0.8154928798296598,True
calendar_only,San Diego,other_compound_vs_reference,2019,3.227906563343132,True
calendar_only,San Diego,other_compound_vs_reference,2020,3.2670965132408587,True
calendar_only,San Diego,other_compound_vs_reference,2021,3.2818197536164826,True
calendar_only,San Diego,other_compound_vs_reference,2022,3.3175919709236723,True
calendar_only,San Diego,other_compound_vs_reference,2023,3.690317926020564,True
calendar_only,San Diego,other_compound_vs_reference,2024,3.870436157241183,True
calendar_only,San Diego,episode_vs_wind_only,2019,3.563720562241607,True
calendar_only,San Diego,episode_vs_wind_only,2020,3.199270163379909,True
calendar_only,San Diego,episode_vs_wind_only,2021,3.343514965824866,True
calendar_only,San Diego,episode_vs_wind_only,2022,3.625725453024196,True
calendar_only,San Diego,episode_vs_wind_only,2023,3.285435199487663,True
calendar_only,San Diego,episode_vs_wind_only,2024,3.881608774524282,True
calendar_only,San Diego,episode_vs_heat_only,2019,0.4477706389796694,True
calendar_only,San Diego,episode_vs_heat_only,2020,0.1830523882148469,True
calendar_only,San Diego,episode_vs_heat_only,2021,0.4115148731565647,True
calendar_only,San Diego,episode_vs_heat_only,2022,0.4640681537527591,True
calendar_only,San Diego,episode_vs_heat_only,2023,0.0716856732565425,True
calendar_only,San Diego,episode_vs_heat_only,2024,0.4528723385252782,True
calendar_only,Seattle,episode_vs_reference,2019,6.758303012206552,True
calendar_only,Seattle,episode_vs_reference,2020,7.014086252792731,True
calendar_only,Seattle,episode_vs_reference,2021,6.399260850279255,True
calendar_only,Seattle,episode_vs_reference,2022,5.227788387266143,True
calendar_only,Seattle,episode_vs_reference,2023,8.187850194781964,True
calendar_only,Seattle,episode_vs_reference,2024,6.236235344697406,True
calendar_only,Seattle,heat_only_vs_reference,2019,5.243872964118257,True
calendar_only,Seattle,heat_only_vs_reference,2020,5.14091849532438,True
calendar_only,Seattle,heat_only_vs_reference,2021,4.745742628528134,True
calendar_only,Seattle,heat_only_vs_reference,2022,4.411088926796305,True
calendar_only,Seattle,heat_only_vs_reference,2023,4.4988875860597775,True
calendar_only,Seattle,heat_only_vs_reference,2024,4.499778463787889,True
calendar_only,Seattle,wind_only_vs_reference,2019,4.020150834453744,True
calendar_only,Seattle,wind_only_vs_reference,2020,3.960214522554208,True
calendar_only,Seattle,wind_only_vs_reference,2021,4.007394817208721,True
calendar_only,Seattle,wind_only_vs_reference,2022,3.898877519842895,True
calendar_only,Seattle,wind_only_vs_reference,2023,4.17530831007325,True
calendar_only,Seattle,wind_only_vs_reference,2024,4.203517362561811,True
calendar_only,Seattle,other_compound_vs_reference,2019,8.036784298576029,True
calendar_only,Seattle,other_compound_vs_reference,2020,8.531060270323346,True
calendar_only,Seattle,other_compound_vs_reference,2021,7.604075907937035,True
calendar_only,Seattle,other_compound_vs_reference,2022,7.635835416890933,True
calendar_only,Seattle,other_compound_vs_reference,2023,9.07086160936177,True
calendar_only,Seattle,other_compound_vs_reference,2024,7.742807978067656,True
calendar_only,Seattle,episode_vs_wind_only,2019,2.7381521777528084,True
calendar_only,Seattle,episode_vs_wind_only,2020,3.053871730238523,True
calendar_only,Seattle,episode_vs_wind_only,2021,2.391866033070534,True
calendar_only,Seattle,episode_vs_wind_only,2022,1.3289108674232484,True
calendar_only,Seattle,episode_vs_wind_only,2023,4.012541884708714,True
calendar_only,Seattle,episode_vs_wind_only,2024,2.032717982135595,True
calendar_only,Seattle,episode_vs_heat_only,2019,1.514430048088295,True
calendar_only,Seattle,episode_vs_heat_only,2020,1.8731677574683507,True
calendar_only,Seattle,episode_vs_heat_only,2021,1.6535182217511206,True
calendar_only,Seattle,episode_vs_heat_only,2022,0.8166994604698381,True
calendar_only,Seattle,episode_vs_heat_only,2023,3.6889626087221865,True
calendar_only,Seattle,episode_vs_heat_only,2024,1.736456880909517,True
weather_adjusted,Atlanta,episode_vs_reference,2019,2.2095867852592144,True
weather_adjusted,Atlanta,episode_vs_reference,2020,2.434248414217599,True
weather_adjusted,Atlanta,episode_vs_reference,2021,2.292692446319147,True
weather_adjusted,Atlanta,episode_vs_reference,2022,2.641577066295479,True
weather_adjusted,Atlanta,episode_vs_reference,2023,2.6566614606188206,True
weather_adjusted,Atlanta,episode_vs_reference,2024,2.329780279724708,True
weather_adjusted,Atlanta,heat_only_vs_reference,2019,-0.1031424920860074,True
weather_adjusted,Atlanta,heat_only_vs_reference,2020,-0.1068578928437641,True
weather_adjusted,Atlanta,heat_only_vs_reference,2021,-0.0933568063911323,True
weather_adjusted,Atlanta,heat_only_vs_reference,2022,0.1813634620845966,True
weather_adjusted,Atlanta,heat_only_vs_reference,2023,0.1097472553372694,True
weather_adjusted,Atlanta,heat_only_vs_reference,2024,0.0587864659317569,True
weather_adjusted,Atlanta,wind_only_vs_reference,2019,1.745803009396402,True
weather_adjusted,Atlanta,wind_only_vs_reference,2020,1.8218699109726075,True
weather_adjusted,Atlanta,wind_only_vs_reference,2021,1.733679476443824,True
weather_adjusted,Atlanta,wind_only_vs_reference,2022,1.881713001278532,True
weather_adjusted,Atlanta,wind_only_vs_reference,2023,2.0520444242321845,True
weather_adjusted,Atlanta,wind_only_vs_reference,2024,1.8844235821254285,True
weather_adjusted,Atlanta,other_compound_vs_reference,2019,1.1109022070180048,True
weather_adjusted,Atlanta,other_compound_vs_reference,2020,1.0660384547721449,True
weather_adjusted,Atlanta,other_compound_vs_reference,2021,1.0023753123452468,True
weather_adjusted,Atlanta,other_compound_vs_reference,2022,1.56788783206389,True
weather_adjusted,Atlanta,other_compound_vs_reference,2023,1.8044709812255608,True
weather_adjusted,Atlanta,other_compound_vs_reference,2024,1.0783215316594053,True
weather_adjusted,Atlanta,episode_vs_wind_only,2019,0.4637837758628125,True
weather_adjusted,Atlanta,episode_vs_wind_only,2020,0.6123785032449915,True
weather_adjusted,Atlanta,episode_vs_wind_only,2021,0.5590129698753232,True
weather_adjusted,Atlanta,episode_vs_wind_only,2022,0.759864065016947,True
weather_adjusted,Atlanta,episode_vs_wind_only,2023,0.6046170363866361,True
weather_adjusted,Atlanta,episode_vs_wind_only,2024,0.44535669759928,True
weather_adjusted,Atlanta,episode_vs_heat_only,2019,2.312729277345222,True
weather_adjusted,Atlanta,episode_vs_heat_only,2020,2.541106307061363,True
weather_adjusted,Atlanta,episode_vs_heat_only,2021,2.38604925271028,True
weather_adjusted,Atlanta,episode_vs_heat_only,2022,2.460213604210882,True
weather_adjusted,Atlanta,episode_vs_heat_only,2023,2.546914205281551,True
weather_adjusted,Atlanta,episode_vs_heat_only,2024,2.2709938137929515,True
weather_adjusted,Chicago,episode_vs_reference,2019,4.759467847913084,True
weather_adjusted,Chicago,episode_vs_reference,2020,4.914269832110824,True
weather_adjusted,Chicago,episode_vs_reference,2021,5.090135857520998,True
weather_adjusted,Chicago,episode_vs_reference,2022,4.53702202435962,True
weather_adjusted,Chicago,episode_vs_reference,2023,4.271693567041947,True
weather_adjusted,Chicago,episode_vs_reference,2024,4.400739398071432,True
weather_adjusted,Chicago,heat_only_vs_reference,2019,0.0847139964336913,True
weather_adjusted,Chicago,heat_only_vs_reference,2020,0.6456690754961127,True
weather_adjusted,Chicago,heat_only_vs_reference,2021,0.3513173233146003,True
weather_adjusted,Chicago,heat_only_vs_reference,2022,0.6650061009858605,True
weather_adjusted,Chicago,heat_only_vs_reference,2023,0.6245495173984041,True
weather_adjusted,Chicago,heat_only_vs_reference,2024,0.558567983976507,True
weather_adjusted,Chicago,wind_only_vs_reference,2019,4.218713369896466,True
weather_adjusted,Chicago,wind_only_vs_reference,2020,4.500761106995228,True
weather_adjusted,Chicago,wind_only_vs_reference,2021,4.5534594528225165,True
weather_adjusted,Chicago,wind_only_vs_reference,2022,4.072094113153118,True
weather_adjusted,Chicago,wind_only_vs_reference,2023,4.517603418479888,True
weather_adjusted,Chicago,wind_only_vs_reference,2024,4.452865325716076,True
weather_adjusted,Chicago,other_compound_vs_reference,2019,4.388834824574326,True
weather_adjusted,Chicago,other_compound_vs_reference,2020,4.657076473972059,True
weather_adjusted,Chicago,other_compound_vs_reference,2021,4.614402756963685,True
weather_adjusted,Chicago,other_compound_vs_reference,2022,4.605093355998069,True
weather_adjusted,Chicago,other_compound_vs_reference,2023,4.491559538349208,True
weather_adjusted,Chicago,other_compound_vs_reference,2024,4.738305597900096,True
weather_adjusted,Chicago,episode_vs_wind_only,2019,0.540754478016618,True
weather_adjusted,Chicago,episode_vs_wind_only,2020,0.4135087251155962,True
weather_adjusted,Chicago,episode_vs_wind_only,2021,0.5366764046984818,True
weather_adjusted,Chicago,episode_vs_wind_only,2022,0.4649279112065025,True
weather_adjusted,Chicago,episode_vs_wind_only,2023,-0.2459098514379407,True
weather_adjusted,Chicago,episode_vs_wind_only,2024,-0.0521259276446439,True
weather_adjusted,Chicago,episode_vs_heat_only,2019,4.674753851479393,True
weather_adjusted,Chicago,episode_vs_heat_only,2020,4.268600756614712,True
weather_adjusted,Chicago,episode_vs_heat_only,2021,4.738818534206398,True
weather_adjusted,Chicago,episode_vs_heat_only,2022,3.87201592337376,True
weather_adjusted,Chicago,episode_vs_heat_only,2023,3.647144049643543,True
weather_adjusted,Chicago,episode_vs_heat_only,2024,3.842171414094925,True
weather_adjusted,Dallas,episode_vs_reference,2019,2.1612994527905047,True
weather_adjusted,Dallas,episode_vs_reference,2020,2.227111467543619,True
weather_adjusted,Dallas,episode_vs_reference,2021,2.696751937437885,True
weather_adjusted,Dallas,episode_vs_reference,2022,2.09432448009744,True
weather_adjusted,Dallas,episode_vs_reference,2023,2.7862090338013483,True
weather_adjusted,Dallas,episode_vs_reference,2024,2.6610519126507244,True
weather_adjusted,Dallas,heat_only_vs_reference,2019,-1.1526805981527624,True
weather_adjusted,Dallas,heat_only_vs_reference,2020,-1.366021064891641,True
weather_adjusted,Dallas,heat_only_vs_reference,2021,-0.8281629649434405,True
weather_adjusted,Dallas,heat_only_vs_reference,2022,-1.3816632535218765,True
weather_adjusted,Dallas,heat_only_vs_reference,2023,-0.762832636721575,True
weather_adjusted,Dallas,heat_only_vs_reference,2024,-0.8968092139760462,True
weather_adjusted,Dallas,wind_only_vs_reference,2019,3.0937437822208977,True
weather_adjusted,Dallas,wind_only_vs_reference,2020,3.123514758660048,True
weather_adjusted,Dallas,wind_only_vs_reference,2021,3.0656754751055946,True
weather_adjusted,Dallas,wind_only_vs_reference,2022,2.9313774843508296,True
weather_adjusted,Dallas,wind_only_vs_reference,2023,3.018787973802981,True
weather_adjusted,Dallas,wind_only_vs_reference,2024,3.196205798182551,True
weather_adjusted,Dallas,other_compound_vs_reference,2019,1.3560265529265096,True
weather_adjusted,Dallas,other_compound_vs_reference,2020,1.180002030595714,True
weather_adjusted,Dallas,other_compound_vs_reference,2021,1.237010778120984,True
weather_adjusted,Dallas,other_compound_vs_reference,2022,1.3785305465335658,True
weather_adjusted,Dallas,other_compound_vs_reference,2023,1.8832980341552847,True
weather_adjusted,Dallas,other_compound_vs_reference,2024,1.5822471323812892,True
weather_adjusted,Dallas,episode_vs_wind_only,2019,-0.932444329430393,True
weather_adjusted,Dallas,episode_vs_wind_only,2020,-0.8964032911164286,True
weather_adjusted,Dallas,episode_vs_wind_only,2021,-0.3689235376677096,True
weather_adjusted,Dallas,episode_vs_wind_only,2022,-0.8370530042533897,True
weather_adjusted,Dallas,episode_vs_wind_only,2023,-0.2325789400016327,True
weather_adjusted,Dallas,episode_vs_wind_only,2024,-0.5351538855318267,True
weather_adjusted,Dallas,episode_vs_heat_only,2019,3.3139800509432678,True
weather_adjusted,Dallas,episode_vs_heat_only,2020,3.59313253243526,True
weather_adjusted,Dallas,episode_vs_heat_only,2021,3.524914902381325,True
weather_adjusted,Dallas,episode_vs_heat_only,2022,3.4759877336193163,True
weather_adjusted,Dallas,episode_vs_heat_only,2023,3.5490416705229237,True
weather_adjusted,Dallas,episode_vs_heat_only,2024,3.5578611266267703,True
weather_adjusted,Denver,episode_vs_reference,2019,0.2589624811535509,True
weather_adjusted,Denver,episode_vs_reference,2020,1.4423849837183922,True
weather_adjusted,Denver,episode_vs_reference,2021,2.061374672475909,True
weather_adjusted,Denver,episode_vs_reference,2022,2.288349128818286,True
weather_adjusted,Denver,episode_vs_reference,2023,1.6096657516823654,True
weather_adjusted,Denver,episode_vs_reference,2024,1.8984891720801245,True
weather_adjusted,Denver,heat_only_vs_reference,2019,0.6151608284039403,True
weather_adjusted,Denver,heat_only_vs_reference,2020,0.2005048575479745,True
weather_adjusted,Denver,heat_only_vs_reference,2021,0.4248608398365094,True
weather_adjusted,Denver,heat_only_vs_reference,2022,0.6154443395408624,True
weather_adjusted,Denver,heat_only_vs_reference,2023,0.6964857537013956,True
weather_adjusted,Denver,heat_only_vs_reference,2024,0.1300231508815836,True
weather_adjusted,Denver,wind_only_vs_reference,2019,1.334568314098639,True
weather_adjusted,Denver,wind_only_vs_reference,2020,1.3606677626356265,True
weather_adjusted,Denver,wind_only_vs_reference,2021,1.423500958856752,True
weather_adjusted,Denver,wind_only_vs_reference,2022,1.1184550708755852,True
weather_adjusted,Denver,wind_only_vs_reference,2023,1.1701733836846535,True
weather_adjusted,Denver,wind_only_vs_reference,2024,1.348522286418798,True
weather_adjusted,Denver,other_compound_vs_reference,2019,1.152610128554131,True
weather_adjusted,Denver,other_compound_vs_reference,2020,0.8588715196581964,True
weather_adjusted,Denver,other_compound_vs_reference,2021,0.9213981757898682,True
weather_adjusted,Denver,other_compound_vs_reference,2022,1.3591855493488114,True
weather_adjusted,Denver,other_compound_vs_reference,2023,0.7931359523063317,True
weather_adjusted,Denver,other_compound_vs_reference,2024,0.7978944912191515,True
weather_adjusted,Denver,episode_vs_wind_only,2019,-1.0756058329450882,True
weather_adjusted,Denver,episode_vs_wind_only,2020,0.0817172210827659,True
weather_adjusted,Denver,episode_vs_wind_only,2021,0.6378737136191575,True
weather_adjusted,Denver,episode_vs_wind_only,2022,1.1698940579427008,True
weather_adjusted,Denver,episode_vs_wind_only,2023,0.4394923679977118,True
weather_adjusted,Denver,episode_vs_wind_only,2024,0.5499668856613265,True
weather_adjusted,Denver,episode_vs_heat_only,2019,-0.3561983472503893,True
weather_adjusted,Denver,episode_vs_heat_only,2020,1.2418801261704178,True
weather_adjusted,Denver,episode_vs_heat_only,2021,1.6365138326394,True
weather_adjusted,Denver,episode_vs_heat_only,2022,1.6729047892774236,True
weather_adjusted,Denver,episode_vs_heat_only,2023,0.9131799979809696,True
weather_adjusted,Denver,episode_vs_heat_only,2024,1.7684660211985408,True
weather_adjusted,Houston,episode_vs_reference,2019,2.098715758905368,True
weather_adjusted,Houston,episode_vs_reference,2020,1.7442080024227318,True
weather_adjusted,Houston,episode_vs_reference,2021,1.9340917181895163,True
weather_adjusted,Houston,episode_vs_reference,2022,1.984645321795371,True
weather_adjusted,Houston,episode_vs_reference,2023,1.85701191203556,True
weather_adjusted,Houston,episode_vs_reference,2024,2.085457390471232,True
weather_adjusted,Houston,heat_only_vs_reference,2019,-1.7180888570652364,True
weather_adjusted,Houston,heat_only_vs_reference,2020,-1.323544671304883,True
weather_adjusted,Houston,heat_only_vs_reference,2021,-1.379398028039255,True
weather_adjusted,Houston,heat_only_vs_reference,2022,-1.337132487404572,True
weather_adjusted,Houston,heat_only_vs_reference,2023,-0.7991085172385767,True
weather_adjusted,Houston,heat_only_vs_reference,2024,-1.1035760697099637,True
weather_adjusted,Houston,wind_only_vs_reference,2019,3.723590755448724,True
weather_adjusted,Houston,wind_only_vs_reference,2020,3.672885409938334,True
weather_adjusted,Houston,wind_only_vs_reference,2021,3.7112730536856406,True
weather_adjusted,Houston,wind_only_vs_reference,2022,3.7565197306780425,True
weather_adjusted,Houston,wind_only_vs_reference,2023,3.522650225176569,True
weather_adjusted,Houston,wind_only_vs_reference,2024,3.4749095619911072,True
weather_adjusted,Houston,other_compound_vs_reference,2019,1.054453241841686,True
weather_adjusted,Houston,other_compound_vs_reference,2020,1.2805243610292372,True
weather_adjusted,Houston,other_compound_vs_reference,2021,0.951180242851386,True
weather_adjusted,Houston,other_compound_vs_reference,2022,1.3229800372642966,True
weather_adjusted,Houston,other_compound_vs_reference,2023,1.609078740508168,True
weather_adjusted,Houston,other_compound_vs_reference,2024,1.551387764943643,True
weather_adjusted,Houston,episode_vs_wind_only,2019,-1.6248749965433564,True
weather_adjusted,Houston,episode_vs_wind_only,2020,-1.928677407515602,True
weather_adjusted,Houston,episode_vs_wind_only,2021,-1.777181335496124,True
weather_adjusted,Houston,episode_vs_wind_only,2022,-1.7718744088826714,True
weather_adjusted,Houston,episode_vs_wind_only,2023,-1.6656383131410095,True
weather_adjusted,Houston,episode_vs_wind_only,2024,-1.3894521715198755,True
weather_adjusted,Houston,episode_vs_heat_only,2019,3.816804615970604,True
weather_adjusted,Houston,episode_vs_heat_only,2020,3.0677526737276146,True
weather_adjusted,Houston,episode_vs_heat_only,2021,3.313489746228772,True
weather_adjusted,Houston,episode_vs_heat_only,2022,3.321777809199943,True
weather_adjusted,Houston,episode_vs_heat_only,2023,2.6561204292741367,True
weather_adjusted,Houston,episode_vs_heat_only,2024,3.189033460181195,True
weather_adjusted,Los Angeles,episode_vs_reference,2019,3.11199717674091,True
weather_adjusted,Los Angeles,episode_vs_reference,2020,3.174893089380584,True
weather_adjusted,Los Angeles,episode_vs_reference,2021,3.0546527475980345,True
weather_adjusted,Los Angeles,episode_vs_reference,2022,3.009111624116077,True
weather_adjusted,Los Angeles,episode_vs_reference,2023,2.7501463871785528,True
weather_adjusted,Los Angeles,episode_vs_reference,2024,3.221894549742096,True
weather_adjusted,Los Angeles,heat_only_vs_reference,2019,0.6842466758429797,True
weather_adjusted,Los Angeles,heat_only_vs_reference,2020,1.0967895432238466,True
weather_adjusted,Los Angeles,heat_only_vs_reference,2021,0.8229070004712107,True
weather_adjusted,Los Angeles,heat_only_vs_reference,2022,0.7169565117644974,True
weather_adjusted,Los Angeles,heat_only_vs_reference,2023,0.9308972689364272,True
weather_adjusted,Los Angeles,heat_only_vs_reference,2024,1.064226691404082,True
weather_adjusted,Los Angeles,wind_only_vs_reference,2019,2.5765510430908645,True
weather_adjusted,Los Angeles,wind_only_vs_reference,2020,2.633425741301719,True
weather_adjusted,Los Angeles,wind_only_vs_reference,2021,2.052875844923469,True
weather_adjusted,Los Angeles,wind_only_vs_reference,2022,2.252458875780919,True
weather_adjusted,Los Angeles,wind_only_vs_reference,2023,2.4572818334919377,True
weather_adjusted,Los Angeles,wind_only_vs_reference,2024,2.293795903373075,True
weather_adjusted,Los Angeles,other_compound_vs_reference,2019,2.7895947537214383,True
weather_adjusted,Los Angeles,other_compound_vs_reference,2020,3.4717640839904105,True
weather_adjusted,Los Angeles,other_compound_vs_reference,2021,2.652853321422384,True
weather_adjusted,Los Angeles,other_compound_vs_reference,2022,3.162365257980241,True
weather_adjusted,Los Angeles,other_compound_vs_reference,2023,3.217873967516945,True
weather_adjusted,Los Angeles,other_compound_vs_reference,2024,3.2188883759091205,True
weather_adjusted,Los Angeles,episode_vs_wind_only,2019,0.5354461336500456,True
weather_adjusted,Los Angeles,episode_vs_wind_only,2020,0.5414673480788652,True
weather_adjusted,Los Angeles,episode_vs_wind_only,2021,1.001776902674565,True
weather_adjusted,Los Angeles,episode_vs_wind_only,2022,0.7566527483351577,True
weather_adjusted,Los Angeles,episode_vs_wind_only,2023,0.292864553686615,True
weather_adjusted,Los Angeles,episode_vs_wind_only,2024,0.9280986463690208,True
weather_adjusted,Los Angeles,episode_vs_heat_only,2019,2.4277505008979303,True
weather_adjusted,Los Angeles,episode_vs_heat_only,2020,2.0781035461567376,True
weather_adjusted,Los Angeles,episode_vs_heat_only,2021,2.231745747126824,True
weather_adjusted,Los Angeles,episode_vs_heat_only,2022,2.29215511235158,True
weather_adjusted,Los Angeles,episode_vs_heat_only,2023,1.819249118242125,True
weather_adjusted,Los Angeles,episode_vs_heat_only,2024,2.1576678583380136,True
weather_adjusted,New York,episode_vs_reference,2019,4.812286987654633,True
weather_adjusted,New York,episode_vs_reference,2020,4.321870394135799,True
weather_adjusted,New York,episode_vs_reference,2021,4.092273126113257,True
weather_adjusted,New York,episode_vs_reference,2022,4.906275488784729,True
weather_adjusted,New York,episode_vs_reference,2023,4.684082890406659,True
weather_adjusted,New York,episode_vs_reference,2024,4.309751350283021,True
weather_adjusted,New York,heat_only_vs_reference,2019,1.0557270439040465,True
weather_adjusted,New York,heat_only_vs_reference,2020,1.1613648550974125,True
weather_adjusted,New York,heat_only_vs_reference,2021,1.2672721728512388,True
weather_adjusted,New York,heat_only_vs_reference,2022,1.0577288614643168,True
weather_adjusted,New York,heat_only_vs_reference,2023,1.2796351037346834,True
weather_adjusted,New York,heat_only_vs_reference,2024,1.1874298395230336,True
weather_adjusted,New York,wind_only_vs_reference,2019,4.328525598091444,True
weather_adjusted,New York,wind_only_vs_reference,2020,4.409339127586456,True
weather_adjusted,New York,wind_only_vs_reference,2021,4.409854915851062,True
weather_adjusted,New York,wind_only_vs_reference,2022,4.208754379634539,True
weather_adjusted,New York,wind_only_vs_reference,2023,4.48252001918905,True
weather_adjusted,New York,wind_only_vs_reference,2024,4.157593673821575,True
weather_adjusted,New York,other_compound_vs_reference,2019,3.583590139542257,True
weather_adjusted,New York,other_compound_vs_reference,2020,3.8198282909200425,True
weather_adjusted,New York,other_compound_vs_reference,2021,4.107808134754168,True
weather_adjusted,New York,other_compound_vs_reference,2022,4.174455517891942,True
weather_adjusted,New York,other_compound_vs_reference,2023,3.672372597472784,True
weather_adjusted,New York,other_compound_vs_reference,2024,3.87505419229852,True
weather_adjusted,New York,episode_vs_wind_only,2019,0.4837613895631891,True
weather_adjusted,New York,episode_vs_wind_only,2020,-0.0874687334506569,True
weather_adjusted,New York,episode_vs_wind_only,2021,-0.3175817897378046,True
weather_adjusted,New York,episode_vs_wind_only,2022,0.6975211091501903,True
weather_adjusted,New York,episode_vs_wind_only,2023,0.2015628712176083,True
weather_adjusted,New York,episode_vs_wind_only,2024,0.1521576764614458,True
weather_adjusted,New York,episode_vs_heat_only,2019,3.7565599437505854,True
weather_adjusted,New York,episode_vs_heat_only,2020,3.160505539038387,True
weather_adjusted,New York,episode_vs_heat_only,2021,2.8250009532620184,True
weather_adjusted,New York,episode_vs_heat_only,2022,3.848546627320412,True
weather_adjusted,New York,episode_vs_heat_only,2023,3.404447786671976,True
weather_adjusted,New York,episode_vs_heat_only,2024,3.122321510759987,True
weather_adjusted,Philadelphia,episode_vs_reference,2019,2.2884384701054925,True
weather_adjusted,Philadelphia,episode_vs_reference,2020,2.019311596722256,True
weather_adjusted,Philadelphia,episode_vs_reference,2021,1.410360807271229,True
weather_adjusted,Philadelphia,episode_vs_reference,2022,2.312675178319514,True
weather_adjusted,Philadelphia,episode_vs_reference,2023,2.3170979208448808,True
weather_adjusted,Philadelphia,episode_vs_reference,2024,2.0607213050529167,True
weather_adjusted,Philadelphia,heat_only_vs_reference,2019,0.7965594724036139,True
weather_adjusted,Philadelphia,heat_only_vs_reference,2020,0.7115138285782207,True
weather_adjusted,Philadelphia,heat_only_vs_reference,2021,1.0230814665565098,True
weather_adjusted,Philadelphia,heat_only_vs_reference,2022,1.0235536019971698,True
weather_adjusted,Philadelphia,heat_only_vs_reference,2023,0.9323136092989652,True
weather_adjusted,Philadelphia,heat_only_vs_reference,2024,0.8184500824917796,True
weather_adjusted,Philadelphia,wind_only_vs_reference,2019,2.043092364125004,True
weather_adjusted,Philadelphia,wind_only_vs_reference,2020,2.01806706277282,True
weather_adjusted,Philadelphia,wind_only_vs_reference,2021,1.9903513985494807,True
weather_adjusted,Philadelphia,wind_only_vs_reference,2022,1.945738523408162,True
weather_adjusted,Philadelphia,wind_only_vs_reference,2023,2.070793750549271,True
weather_adjusted,Philadelphia,wind_only_vs_reference,2024,1.8145989527190125,True
weather_adjusted,Philadelphia,other_compound_vs_reference,2019,1.979003455676348,True
weather_adjusted,Philadelphia,other_compound_vs_reference,2020,1.877093475805692,True
weather_adjusted,Philadelphia,other_compound_vs_reference,2021,1.951481339835185,True
weather_adjusted,Philadelphia,other_compound_vs_reference,2022,2.0424323874638723,True
weather_adjusted,Philadelphia,other_compound_vs_reference,2023,1.9087435597814253,True
weather_adjusted,Philadelphia,other_compound_vs_reference,2024,1.7118544771619382,True
weather_adjusted,Philadelphia,episode_vs_wind_only,2019,0.2453461059804884,True
weather_adjusted,Philadelphia,episode_vs_wind_only,2020,0.001244533949436,True
weather_adjusted,Philadelphia,episode_vs_wind_only,2021,-0.5799905912782521,True
weather_adjusted,Philadelphia,episode_vs_wind_only,2022,0.3669366549113519,True
weather_adjusted,Philadelphia,episode_vs_wind_only,2023,0.2463041702956099,True
weather_adjusted,Philadelphia,episode_vs_wind_only,2024,0.2461223523339042,True
weather_adjusted,Philadelphia,episode_vs_heat_only,2019,1.4918789977018787,True
weather_adjusted,Philadelphia,episode_vs_heat_only,2020,1.307797768144035,True
weather_adjusted,Philadelphia,episode_vs_heat_only,2021,0.3872793407147192,True
weather_adjusted,Philadelphia,episode_vs_heat_only,2022,1.289121576322344,True
weather_adjusted,Philadelphia,episode_vs_heat_only,2023,1.3847843115459155,True
weather_adjusted,Philadelphia,episode_vs_heat_only,2024,1.2422712225611372,True
weather_adjusted,Phoenix,episode_vs_reference,2019,3.0222165330117665,True
weather_adjusted,Phoenix,episode_vs_reference,2020,2.751110256721532,True
weather_adjusted,Phoenix,episode_vs_reference,2021,3.2354715157789897,True
weather_adjusted,Phoenix,episode_vs_reference,2022,3.162274167751153,True
weather_adjusted,Phoenix,episode_vs_reference,2023,3.2308986043551275,True
weather_adjusted,Phoenix,episode_vs_reference,2024,3.8216585335396536,True
weather_adjusted,Phoenix,heat_only_vs_reference,2019,-0.4225419870336076,True
weather_adjusted,Phoenix,heat_only_vs_reference,2020,-0.0405784559853461,True
weather_adjusted,Phoenix,heat_only_vs_reference,2021,-0.1502896016238025,True
weather_adjusted,Phoenix,heat_only_vs_reference,2022,0.1619824535059689,True
weather_adjusted,Phoenix,heat_only_vs_reference,2023,-0.0799223337083503,True
weather_adjusted,Phoenix,heat_only_vs_reference,2024,-0.0535923071413141,True
weather_adjusted,Phoenix,wind_only_vs_reference,2019,3.0583778016392404,True
weather_adjusted,Phoenix,wind_only_vs_reference,2020,3.110793613867262,True
weather_adjusted,Phoenix,wind_only_vs_reference,2021,3.2455090624944454,True
weather_adjusted,Phoenix,wind_only_vs_reference,2022,3.240416836319058,True
weather_adjusted,Phoenix,wind_only_vs_reference,2023,3.194355111925769,True
weather_adjusted,Phoenix,wind_only_vs_reference,2024,3.2206473201339034,True
weather_adjusted,Phoenix,other_compound_vs_reference,2019,1.4453877778114306,True
weather_adjusted,Phoenix,other_compound_vs_reference,2020,2.4653165703405544,True
weather_adjusted,Phoenix,other_compound_vs_reference,2021,2.084953973997911,True
weather_adjusted,Phoenix,other_compound_vs_reference,2022,2.157763954594499,True
weather_adjusted,Phoenix,other_compound_vs_reference,2023,2.2926840787283367,True
weather_adjusted,Phoenix,other_compound_vs_reference,2024,2.232430519592189,True
weather_adjusted,Phoenix,episode_vs_wind_only,2019,-0.0361612686274739,True
weather_adjusted,Phoenix,episode_vs_wind_only,2020,-0.3596833571457298,True
weather_adjusted,Phoenix,episode_vs_wind_only,2021,-0.0100375467154556,True
weather_adjusted,Phoenix,episode_vs_wind_only,2022,-0.0781426685679047,True
weather_adjusted,Phoenix,episode_vs_wind_only,2023,0.0365434924293586,True
weather_adjusted,Phoenix,episode_vs_wind_only,2024,0.6010112134057501,True
weather_adjusted,Phoenix,episode_vs_heat_only,2019,3.444758520045374,True
weather_adjusted,Phoenix,episode_vs_heat_only,2020,2.7916887127068786,True
weather_adjusted,Phoenix,episode_vs_heat_only,2021,3.3857611174027924,True
weather_adjusted,Phoenix,episode_vs_heat_only,2022,3.0002917142451846,True
weather_adjusted,Phoenix,episode_vs_heat_only,2023,3.310820938063478,True
weather_adjusted,Phoenix,episode_vs_heat_only,2024,3.875250840680968,True
weather_adjusted,San Diego,episode_vs_reference,2019,2.2263226324009446,True
weather_adjusted,San Diego,episode_vs_reference,2020,1.9008759966407676,True
weather_adjusted,San Diego,episode_vs_reference,2021,2.2968240576641987,True
weather_adjusted,San Diego,episode_vs_reference,2022,2.2523588123618925,True
weather_adjusted,San Diego,episode_vs_reference,2023,2.229977731315606,True
weather_adjusted,San Diego,episode_vs_reference,2024,2.572756824763052,True
weather_adjusted,San Diego,heat_only_vs_reference,2019,0.6256817576054915,True
weather_adjusted,San Diego,heat_only_vs_reference,2020,0.6178335377344026,True
weather_adjusted,San Diego,heat_only_vs_reference,2021,0.620751096925341,True
weather_adjusted,San Diego,heat_only_vs_reference,2022,0.7315966677141705,True
weather_adjusted,San Diego,heat_only_vs_reference,2023,0.6727632817820839,True
weather_adjusted,San Diego,heat_only_vs_reference,2024,0.9652019351065488,True
weather_adjusted,San Diego,wind_only_vs_reference,2019,1.1822477156193487,True
weather_adjusted,San Diego,wind_only_vs_reference,2020,1.236190459633862,True
weather_adjusted,San Diego,wind_only_vs_reference,2021,1.2143153071337216,True
weather_adjusted,San Diego,wind_only_vs_reference,2022,1.0311935442877092,True
weather_adjusted,San Diego,wind_only_vs_reference,2023,1.19099878659345,True
weather_adjusted,San Diego,wind_only_vs_reference,2024,1.1275391625849478,True
weather_adjusted,San Diego,other_compound_vs_reference,2019,1.7544267186061957,True
weather_adjusted,San Diego,other_compound_vs_reference,2020,2.0056487483683614,True
weather_adjusted,San Diego,other_compound_vs_reference,2021,1.8810690554234453,True
weather_adjusted,San Diego,other_compound_vs_reference,2022,1.84391753028498,True
weather_adjusted,San Diego,other_compound_vs_reference,2023,2.122939492666952,True
weather_adjusted,San Diego,other_compound_vs_reference,2024,2.340810651160788,True
weather_adjusted,San Diego,episode_vs_wind_only,2019,1.044074916781596,True
weather_adjusted,San Diego,episode_vs_wind_only,2020,0.6646855370069054,True
weather_adjusted,San Diego,episode_vs_wind_only,2021,1.0825087505304771,True
weather_adjusted,San Diego,episode_vs_wind_only,2022,1.2211652680741834,True
weather_adjusted,San Diego,episode_vs_wind_only,2023,1.0389789447221562,True
weather_adjusted,San Diego,episode_vs_wind_only,2024,1.4452176621781043,True
weather_adjusted,San Diego,episode_vs_heat_only,2019,1.6006408747954533,True
weather_adjusted,San Diego,episode_vs_heat_only,2020,1.2830424589063647,True
weather_adjusted,San Diego,episode_vs_heat_only,2021,1.6760729607388578,True
weather_adjusted,San Diego,episode_vs_heat_only,2022,1.520762144647722,True
weather_adjusted,San Diego,episode_vs_heat_only,2023,1.5572144495335225,True
weather_adjusted,San Diego,episode_vs_heat_only,2024,1.6075548896565035,True
weather_adjusted,Seattle,episode_vs_reference,2019,6.911126537331386,True
weather_adjusted,Seattle,episode_vs_reference,2020,7.000344627169943,True
weather_adjusted,Seattle,episode_vs_reference,2021,6.341507763064543,True
weather_adjusted,Seattle,episode_vs_reference,2022,4.99387420715355,True
weather_adjusted,Seattle,episode_vs_reference,2023,7.689675340873857,True
weather_adjusted,Seattle,episode_vs_reference,2024,6.242611728416974,True
weather_adjusted,Seattle,heat_only_vs_reference,2019,4.327286989997694,True
weather_adjusted,Seattle,heat_only_vs_reference,2020,4.0596521478155285,True
weather_adjusted,Seattle,heat_only_vs_reference,2021,3.943528783022352,True
weather_adjusted,Seattle,heat_only_vs_reference,2022,3.352829393776204,True
weather_adjusted,Seattle,heat_only_vs_reference,2023,3.343859706590812,True
weather_adjusted,Seattle,heat_only_vs_reference,2024,3.614079670708029,True
weather_adjusted,Seattle,wind_only_vs_reference,2019,3.707717925411159,True
weather_adjusted,Seattle,wind_only_vs_reference,2020,3.806755905981667,True
weather_adjusted,Seattle,wind_only_vs_reference,2021,3.5820946819825346,True
weather_adjusted,Seattle,wind_only_vs_reference,2022,3.684934634108658,True
weather_adjusted,Seattle,wind_only_vs_reference,2023,3.742771987175207,True
weather_adjusted,Seattle,wind_only_vs_reference,2024,3.795535358377813,True
weather_adjusted,Seattle,other_compound_vs_reference,2019,7.912368328650934,True
weather_adjusted,Seattle,other_compound_vs_reference,2020,8.197046384195504,True
weather_adjusted,Seattle,other_compound_vs_reference,2021,7.331197250197232,True
weather_adjusted,Seattle,other_compound_vs_reference,2022,7.145820659764505,True
weather_adjusted,Seattle,other_compound_vs_reference,2023,8.503808496077628,True
weather_adjusted,Seattle,other_compound_vs_reference,2024,7.431944410227622,True
weather_adjusted,Seattle,episode_vs_wind_only,2019,3.203408611920227,True
weather_adjusted,Seattle,episode_vs_wind_only,2020,3.193588721188276,True
weather_adjusted,Seattle,episode_vs_wind_only,2021,2.759413081082009,True
weather_adjusted,Seattle,episode_vs_wind_only,2022,1.308939573044892,True
weather_adjusted,Seattle,episode_vs_wind_only,2023,3.94690335369865,True
weather_adjusted,Seattle,episode_vs_wind_only,2024,2.4470763700391607,True
weather_adjusted,Seattle,episode_vs_heat_only,2019,2.5838395473336924,True
weather_adjusted,Seattle,episode_vs_heat_only,2020,2.9406924793544142,True
weather_adjusted,Seattle,episode_vs_heat_only,2021,2.397978980042192,True
weather_adjusted,Seattle,episode_vs_heat_only,2022,1.6410448133773463,True
weather_adjusted,Seattle,episode_vs_heat_only,2023,4.345815634283046,True
weather_adjusted,Seattle,episode_vs_heat_only,2024,2.628532057708945,True
direct_episode_neither,Atlanta,episode_vs_neither,2019,1.8486191326185857,True
direct_episode_neither,Atlanta,episode_vs_neither,2020,2.253438225051668,True
direct_episode_neither,Atlanta,episode_vs_neither,2021,1.8869947354079863,True
direct_episode_neither,Atlanta,episode_vs_neither,2022,2.293305886727635,True
direct_episode_neither,Atlanta,episode_vs_neither,2023,2.1665325718034767,True
direct_episode_neither,Atlanta,episode_vs_neither,2024,2.099270021843789,True
direct_episode_neither,Chicago,episode_vs_neither,2019,4.403907397576711,True
direct_episode_neither,Chicago,episode_vs_neither,2020,5.156252990100697,True
direct_episode_neither,Chicago,episode_vs_neither,2021,3.8417688503866927,True
direct_episode_neither,Chicago,episode_vs_neither,2022,4.509675886178741,True
direct_episode_neither,Chicago,episode_vs_neither,2023,4.0524593951155286,True
direct_episode_neither,Chicago,episode_vs_neither,2024,4.768004763422672,True
direct_episode_neither,Dallas,episode_vs_neither,2019,2.8243044183840613,True
direct_episode_neither,Dallas,episode_vs_neither,2020,2.7607506518166023,True
direct_episode_neither,Dallas,episode_vs_neither,2021,2.6274307773593044,True
direct_episode_neither,Dallas,episode_vs_neither,2022,2.774564572687659,True
direct_episode_neither,Dallas,episode_vs_neither,2023,2.511371136798153,True
direct_episode_neither,Dallas,episode_vs_neither,2024,2.664675678936881,True
direct_episode_neither,Denver,episode_vs_neither,2019,,False
direct_episode_neither,Denver,episode_vs_neither,2020,,False
direct_episode_neither,Denver,episode_vs_neither,2021,,False
direct_episode_neither,Denver,episode_vs_neither,2022,,False
direct_episode_neither,Denver,episode_vs_neither,2023,,False
direct_episode_neither,Denver,episode_vs_neither,2024,,False
direct_episode_neither,Houston,episode_vs_neither,2019,2.117979772969335,True
direct_episode_neither,Houston,episode_vs_neither,2020,1.7031329063611569,True
direct_episode_neither,Houston,episode_vs_neither,2021,0.850493680261108,True
direct_episode_neither,Houston,episode_vs_neither,2022,1.3798230825638649,True
direct_episode_neither,Houston,episode_vs_neither,2023,2.42915142942839,True
direct_episode_neither,Houston,episode_vs_neither,2024,2.626455709555522,True
direct_episode_neither,Los Angeles,episode_vs_neither,2019,3.5010286947476037,True
direct_episode_neither,Los Angeles,episode_vs_neither,2020,3.4304047292335014,True
direct_episode_neither,Los Angeles,episode_vs_neither,2021,3.5414948343142214,True
direct_episode_neither,Los Angeles,episode_vs_neither,2022,3.056852815375038,True
direct_episode_neither,Los Angeles,episode_vs_neither,2023,1.5615551761711473,True
direct_episode_neither,Los Angeles,episode_vs_neither,2024,3.2369435344818243,True
direct_episode_neither,New York,episode_vs_neither,2019,4.529278582700282,True
direct_episode_neither,New York,episode_vs_neither,2020,4.435702717985159,True
direct_episode_neither,New York,episode_vs_neither,2021,4.714029507956342,True
direct_episode_neither,New York,episode_vs_neither,2022,5.411553273221829,True
direct_episode_neither,New York,episode_vs_neither,2023,5.335781335791758,True
direct_episode_neither,New York,episode_vs_neither,2024,4.03284688242582,True
direct_episode_neither,Philadelphia,episode_vs_neither,2019,2.561004849071717,True
direct_episode_neither,Philadelphia,episode_vs_neither,2020,2.809910159403679,True
direct_episode_neither,Philadelphia,episode_vs_neither,2021,2.163366698223025,True
direct_episode_neither,Philadelphia,episode_vs_neither,2022,2.87028422414405,True
direct_episode_neither,Philadelphia,episode_vs_neither,2023,1.8877961819916853,True
direct_episode_neither,Philadelphia,episode_vs_neither,2024,3.1930870389568926,True
direct_episode_neither,Phoenix,episode_vs_neither,2019,4.442781522439034,True
direct_episode_neither,Phoenix,episode_vs_neither,2020,2.487250551206788,True
direct_episode_neither,Phoenix,episode_vs_neither,2021,11.1612127395706,True
direct_episode_neither,Phoenix,episode_vs_neither,2022,4.442781522439034,True
direct_episode_neither,Phoenix,episode_vs_neither,2023,4.442781522439034,True
direct_episode_neither,Phoenix,episode_vs_neither,2024,3.111242968714123,True
direct_episode_neither,San Diego,episode_vs_neither,2019,2.1684630614226794,True
direct_episode_neither,San Diego,episode_vs_neither,2020,2.0301826969065644,True
direct_episode_neither,San Diego,episode_vs_neither,2021,2.301183071113045,True
direct_episode_neither,San Diego,episode_vs_neither,2022,2.262057765022723,True
direct_episode_neither,San Diego,episode_vs_neither,2023,2.057949679909808,True
direct_episode_neither,San Diego,episode_vs_neither,2024,2.3242228234004543,True
direct_episode_neither,Seattle,episode_vs_neither,2019,4.669398847423879,True
direct_episode_neither,Seattle,episode_vs_neither,2020,5.195756097024979,True
direct_episode_neither,Seattle,episode_vs_neither,2021,4.73746493322977,True
direct_episode_neither,Seattle,episode_vs_neither,2022,4.36206008741773,True
direct_episode_neither,Seattle,episode_vs_neither,2023,6.2140321672966135,True
direct_episode_neither,Seattle,episode_vs_neither,2024,4.791854442475483,True
direct_episode_wind,Atlanta,episode_vs_wind_only,2019,1.1064812661156864,True
direct_episode_wind,Atlanta,episode_vs_wind_only,2020,0.4214760634557706,True
direct_episode_wind,Atlanta,episode_vs_wind_only,2021,0.9383987716646568,True
direct_episode_wind,Atlanta,episode_vs_wind_only,2022,0.8817998542593299,True
direct_episode_wind,Atlanta,episode_vs_wind_only,2023,0.7626381048081481,True
direct_episode_wind,Atlanta,episode_vs_wind_only,2024,0.8482503552222409,True
direct_episode_wind,Chicago,episode_vs_wind_only,2019,1.1534572357356296,True
direct_episode_wind,Chicago,episode_vs_wind_only,2020,0.383574461098302,True
direct_episode_wind,Chicago,episode_vs_wind_only,2021,1.767176491251348,True
direct_episode_wind,Chicago,episode_vs_wind_only,2022,1.0678734733112236,True
direct_episode_wind,Chicago,episode_vs_wind_only,2023,-1.1359796804204514,True
direct_episode_wind,Chicago,episode_vs_wind_only,2024,1.8504238096234715,True
direct_episode_wind,Dallas,episode_vs_wind_only,2019,0.9477742777688724,True
direct_episode_wind,Dallas,episode_vs_wind_only,2020,0.9830796572904046,True
direct_episode_wind,Dallas,episode_vs_wind_only,2021,1.3601491099671807,True
direct_episode_wind,Dallas,episode_vs_wind_only,2022,0.8499819152342383,True
direct_episode_wind,Dallas,episode_vs_wind_only,2023,1.0927318733376707,True
direct_episode_wind,Dallas,episode_vs_wind_only,2024,1.233948512928711,True
direct_episode_wind,Denver,episode_vs_wind_only,2019,,False
direct_episode_wind,Denver,episode_vs_wind_only,2020,,False
direct_episode_wind,Denver,episode_vs_wind_only,2021,,False
direct_episode_wind,Denver,episode_vs_wind_only,2022,,False
direct_episode_wind,Denver,episode_vs_wind_only,2023,,False
direct_episode_wind,Denver,episode_vs_wind_only,2024,,False
direct_episode_wind,Houston,episode_vs_wind_only,2019,-1.3784802605056636,True
direct_episode_wind,Houston,episode_vs_wind_only,2020,-1.4911684429339562,True
direct_episode_wind,Houston,episode_vs_wind_only,2021,-0.8143162772526192,True
direct_episode_wind,Houston,episode_vs_wind_only,2022,-1.1267619200768189,True
direct_episode_wind,Houston,episode_vs_wind_only,2023,-1.129640764790666,True
direct_episode_wind,Houston,episode_vs_wind_only,2024,-1.6645131410715337,True
direct_episode_wind,Los Angeles,episode_vs_wind_only,2019,-1.4205785780853777,True
direct_episode_wind,Los Angeles,episode_vs_wind_only,2020,0.904628885456523,True
direct_episode_wind,Los Angeles,episode_vs_wind_only,2021,-1.186203160964542,True
direct_episode_wind,Los Angeles,episode_vs_wind_only,2022,-1.601494880035208,True
direct_episode_wind,Los Angeles,episode_vs_wind_only,2023,-2.7874853494089145,True
direct_episode_wind,Los Angeles,episode_vs_wind_only,2024,-2.0793928782422952,True
direct_episode_wind,New York,episode_vs_wind_only,2019,1.4788147132848584,True
direct_episode_wind,New York,episode_vs_wind_only,2020,3.3110217628239944,True
direct_episode_wind,New York,episode_vs_wind_only,2021,2.655524312886553,True
direct_episode_wind,New York,episode_vs_wind_only,2022,2.3099580862340203,True
direct_episode_wind,New York,episode_vs_wind_only,2023,1.878740614735697,True
direct_episode_wind,New York,episode_vs_wind_only,2024,1.6652410829063098,True
direct_episode_wind,Philadelphia,episode_vs_wind_only,2019,-1.6675545425496878,True
direct_episode_wind,Philadelphia,episode_vs_wind_only,2020,-1.0971542774100975,True
direct_episode_wind,Philadelphia,episode_vs_wind_only,2021,-1.2959745408037988,True
direct_episode_wind,Philadelphia,episode_vs_wind_only,2022,-0.6274645344356555,True
direct_episode_wind,Philadelphia,episode_vs_wind_only,2023,0.0825978920231217,True
direct_episode_wind,Philadelphia,episode_vs_wind_only,2024,-1.199174818905277,True
direct_episode_wind,Phoenix,episode_vs_wind_only,2019,-3.540907325342083,True
direct_episode_wind,Phoenix,episode_vs_wind_only,2020,4.750069557515417,True
direct_episode_wind,Phoenix,episode_vs_wind_only,2021,,False
direct_episode_wind,Phoenix,episode_vs_wind_only,2022,-3.540907325342083,True
direct_episode_wind,Phoenix,episode_vs_wind_only,2023,-3.209256403662067,True
direct_episode_wind,Phoenix,episode_vs_wind_only,2024,-5.846090282663738,True
direct_episode_wind,San Diego,episode_vs_wind_only,2019,0.3016003401790303,True
direct_episode_wind,San Diego,episode_vs_wind_only,2020,0.077128841851646,True
direct_episode_wind,San Diego,episode_vs_wind_only,2021,0.4819092792354893,True
direct_episode_wind,San Diego,episode_vs_wind_only,2022,0.5400512254263674,True
direct_episode_wind,San Diego,episode_vs_wind_only,2023,0.0106716220523468,True
direct_episode_wind,San Diego,episode_vs_wind_only,2024,1.1080282110793167,True
direct_episode_wind,Seattle,episode_vs_wind_only,2019,,False
direct_episode_wind,Seattle,episode_vs_wind_only,2020,-6.516799990160507,True
direct_episode_wind,Seattle,episode_vs_wind_only,2021,-4.235925802044221,True
direct_episode_wind,Seattle,episode_vs_wind_only,2022,,False
direct_episode_wind,Seattle,episode_vs_wind_only,2023,-10.118391584954225,True
direct_episode_wind,Seattle,episode_vs_wind_only,2024,-9.327293738744627,True
persistent_wind_comparator,Atlanta,episode_vs_persistent_wind_only,2019,2.0323537074591584,True
persistent_wind_comparator,Atlanta,episode_vs_persistent_wind_only,2020,0.0746899392482891,True
persistent_wind_comparator,Atlanta,episode_vs_persistent_wind_only,2021,0.5900732499502901,True
persistent_wind_comparator,Atlanta,episode_vs_persistent_wind_only,2022,1.492322523896481,True
persistent_wind_comparator,Atlanta,episode_vs_persistent_wind_only,2023,1.645843928048346,True
persistent_wind_comparator,Atlanta,episode_vs_persistent_wind_only,2024,0.9752982390611278,True
persistent_wind_comparator,Chicago,episode_vs_persistent_wind_only,2019,3.1043800125408865,True
persistent_wind_comparator,Chicago,episode_vs_persistent_wind_only,2020,-1.975536829813564,True
persistent_wind_comparator,Chicago,episode_vs_persistent_wind_only,2021,32.93399416943794,True
persistent_wind_comparator,Chicago,episode_vs_persistent_wind_only,2022,3.1043800125408865,True
persistent_wind_comparator,Chicago,episode_vs_persistent_wind_only,2023,,False
persistent_wind_comparator,Chicago,episode_vs_persistent_wind_only,2024,,False
persistent_wind_comparator,Dallas,episode_vs_persistent_wind_only,2019,-1.012580703741782,True
persistent_wind_comparator,Dallas,episode_vs_persistent_wind_only,2020,-0.9955054800646854,True
persistent_wind_comparator,Dallas,episode_vs_persistent_wind_only,2021,0.1407584517589839,True
persistent_wind_comparator,Dallas,episode_vs_persistent_wind_only,2022,-0.7508135538809029,True
persistent_wind_comparator,Dallas,episode_vs_persistent_wind_only,2023,-0.9955054800646854,True
persistent_wind_comparator,Dallas,episode_vs_persistent_wind_only,2024,-2.3044253502237853,True
persistent_wind_comparator,Denver,episode_vs_persistent_wind_only,2019,,False
persistent_wind_comparator,Denver,episode_vs_persistent_wind_only,2020,,False
persistent_wind_comparator,Denver,episode_vs_persistent_wind_only,2021,,False
persistent_wind_comparator,Denver,episode_vs_persistent_wind_only,2022,,False
persistent_wind_comparator,Denver,episode_vs_persistent_wind_only,2023,,False
persistent_wind_comparator,Denver,episode_vs_persistent_wind_only,2024,,False
persistent_wind_comparator,Houston,episode_vs_persistent_wind_only,2019,-1.522756209989918,True
persistent_wind_comparator,Houston,episode_vs_persistent_wind_only,2020,-1.1920032897483372,True
persistent_wind_comparator,Houston,episode_vs_persistent_wind_only,2021,-0.0271543471129689,True
persistent_wind_comparator,Houston,episode_vs_persistent_wind_only,2022,-0.9955031382281632,True
persistent_wind_comparator,Houston,episode_vs_persistent_wind_only,2023,-0.9479824630021624,True
persistent_wind_comparator,Houston,episode_vs_persistent_wind_only,2024,-2.701212827275636,True
persistent_wind_comparator,Los Angeles,episode_vs_persistent_wind_only,2019,-1.7607773970107807,True
persistent_wind_comparator,Los Angeles,episode_vs_persistent_wind_only,2020,0.995871173045458,True
persistent_wind_comparator,Los Angeles,episode_vs_persistent_wind_only,2021,-1.561902066841082,True
persistent_wind_comparator,Los Angeles,episode_vs_persistent_wind_only,2022,-2.038102282446216,True
persistent_wind_comparator,Los Angeles,episode_vs_persistent_wind_only,2023,-2.574757168825517,True
persistent_wind_comparator,Los Angeles,episode_vs_persistent_wind_only,2024,-2.860936924016279,True
persistent_wind_comparator,New York,episode_vs_persistent_wind_only,2019,-1.4585353624016038,True
persistent_wind_comparator,New York,episode_vs_persistent_wind_only,2020,2.942666858066925,True
persistent_wind_comparator,New York,episode_vs_persistent_wind_only,2021,-2.8734769701762275,True
persistent_wind_comparator,New York,episode_vs_persistent_wind_only,2022,2.4163713492780587,True
persistent_wind_comparator,New York,episode_vs_persistent_wind_only,2023,-1.8297182034922628,True
persistent_wind_comparator,New York,episode_vs_persistent_wind_only,2024,3.1051338486279256,True
persistent_wind_comparator,Philadelphia,episode_vs_persistent_wind_only,2019,-2.084799462917416,True
persistent_wind_comparator,Philadelphia,episode_vs_persistent_wind_only,2020,-1.3710823416252451,True
persistent_wind_comparator,Philadelphia,episode_vs_persistent_wind_only,2021,-2.330707930513401,True
persistent_wind_comparator,Philadelphia,episode_vs_persistent_wind_only,2022,-0.9893557808633298,True
persistent_wind_comparator,Philadelphia,episode_vs_persistent_wind_only,2023,0.5635940058763913,True
persistent_wind_comparator,Philadelphia,episode_vs_persistent_wind_only,2024,-1.865266275263065,True
persistent_wind_comparator,Phoenix,episode_vs_persistent_wind_only,2019,63.56700048351195,True
persistent_wind_comparator,Phoenix,episode_vs_persistent_wind_only,2020,63.56700048351195,True
persistent_wind_comparator,Phoenix,episode_vs_persistent_wind_only,2021,,False
persistent_wind_comparator,Phoenix,episode_vs_persistent_wind_only,2022,63.56700048351195,True
persistent_wind_comparator,Phoenix,episode_vs_persistent_wind_only,2023,63.56700048351195,True
persistent_wind_comparator,Phoenix,episode_vs_persistent_wind_only,2024,57.49756367193186,True
persistent_wind_comparator,San Diego,episode_vs_persistent_wind_only,2019,0.4996222108726496,True
persistent_wind_comparator,San Diego,episode_vs_persistent_wind_only,2020,0.1774600935965115,True
persistent_wind_comparator,San Diego,episode_vs_persistent_wind_only,2021,0.7489885146510837,True
persistent_wind_comparator,San Diego,episode_vs_persistent_wind_only,2022,0.8375786550658937,True
persistent_wind_comparator,San Diego,episode_vs_persistent_wind_only,2023,0.2343886146464857,True
persistent_wind_comparator,San Diego,episode_vs_persistent_wind_only,2024,1.5091585752787662,True
persistent_wind_comparator,Seattle,episode_vs_persistent_wind_only,2019,,False
persistent_wind_comparator,Seattle,episode_vs_persistent_wind_only,2020,,False
persistent_wind_comparator,Seattle,episode_vs_persistent_wind_only,2021,,False
persistent_wind_comparator,Seattle,episode_vs_persistent_wind_only,2022,,False
persistent_wind_comparator,Seattle,episode_vs_persistent_wind_only,2023,,False
persistent_wind_comparator,Seattle,episode_vs_persistent_wind_only,2024,,False
direct_wind_spline,Atlanta,episode_vs_wind_only,2019,0.6463383100246447,True
direct_wind_spline,Atlanta,episode_vs_wind_only,2020,-0.2147936790910732,True
direct_wind_spline,Atlanta,episode_vs_wind_only,2021,0.2161623739804765,True
direct_wind_spline,Atlanta,episode_vs_wind_only,2022,0.4458630920218633,True
direct_wind_spline,Atlanta,episode_vs_wind_only,2023,0.25465558180008,True
direct_wind_spline,Atlanta,episode_vs_wind_only,2024,0.3560330675438422,True
direct_wind_spline,Chicago,episode_vs_wind_only,2019,-0.4886699278144544,True
direct_wind_spline,Chicago,episode_vs_wind_only,2020,0.4774469468000938,True
direct_wind_spline,Chicago,episode_vs_wind_only,2021,-0.2505218143826173,True
direct_wind_spline,Chicago,episode_vs_wind_only,2022,0.8065682115813533,True
direct_wind_spline,Chicago,episode_vs_wind_only,2023,-0.4567509231072773,True
direct_wind_spline,Chicago,episode_vs_wind_only,2024,-0.9124217552260774,True
direct_wind_spline,Dallas,episode_vs_wind_only,2019,0.3256777233283822,True
direct_wind_spline,Dallas,episode_vs_wind_only,2020,0.4165451277072237,True
direct_wind_spline,Dallas,episode_vs_wind_only,2021,1.4333036321888717,True
direct_wind_spline,Dallas,episode_vs_wind_only,2022,-1.088874412296042,True
direct_wind_spline,Dallas,episode_vs_wind_only,2023,0.235607312270838,True
direct_wind_spline,Dallas,episode_vs_wind_only,2024,0.3255690845889311,True
direct_wind_spline,Denver,episode_vs_wind_only,2019,,False
direct_wind_spline,Denver,episode_vs_wind_only,2020,,False
direct_wind_spline,Denver,episode_vs_wind_only,2021,,False
direct_wind_spline,Denver,episode_vs_wind_only,2022,,False
direct_wind_spline,Denver,episode_vs_wind_only,2023,,False
direct_wind_spline,Denver,episode_vs_wind_only,2024,,False
direct_wind_spline,Houston,episode_vs_wind_only,2019,-1.1494481441347533,True
direct_wind_spline,Houston,episode_vs_wind_only,2020,-1.3991086964628754,True
direct_wind_spline,Houston,episode_vs_wind_only,2021,-0.9802400789876312,True
direct_wind_spline,Houston,episode_vs_wind_only,2022,-1.4915604761429204,True
direct_wind_spline,Houston,episode_vs_wind_only,2023,-0.8450688063468199,True
direct_wind_spline,Houston,episode_vs_wind_only,2024,-1.380451163916918,True
direct_wind_spline,Los Angeles,episode_vs_wind_only,2019,-1.8240196693905,True
direct_wind_spline,Los Angeles,episode_vs_wind_only,2020,0.5408762205532829,True
direct_wind_spline,Los Angeles,episode_vs_wind_only,2021,-1.627321159264615,True
direct_wind_spline,Los Angeles,episode_vs_wind_only,2022,-1.8676464636510048,True
direct_wind_spline,Los Angeles,episode_vs_wind_only,2023,-2.8540617598013363,True
direct_wind_spline,Los Angeles,episode_vs_wind_only,2024,-2.2941718956226067,True
direct_wind_spline,New York,episode_vs_wind_only,2019,2.414322822970191,True
direct_wind_spline,New York,episode_vs_wind_only,2020,2.9000662832784765,True
direct_wind_spline,New York,episode_vs_wind_only,2021,2.9629848262259446,True
direct_wind_spline,New York,episode_vs_wind_only,2022,2.7254919614917767,True
direct_wind_spline,New York,episode_vs_wind_only,2023,2.3121247678414263,True
direct_wind_spline,New York,episode_vs_wind_only,2024,2.2174702400878665,True
direct_wind_spline,Philadelphia,episode_vs_wind_only,2019,-0.3393767296127361,True
direct_wind_spline,Philadelphia,episode_vs_wind_only,2020,-0.8442880661625287,True
direct_wind_spline,Philadelphia,episode_vs_wind_only,2021,-0.8372163549867991,True
direct_wind_spline,Philadelphia,episode_vs_wind_only,2022,-0.6849869676051776,True
direct_wind_spline,Philadelphia,episode_vs_wind_only,2023,0.2503137794506117,True
direct_wind_spline,Philadelphia,episode_vs_wind_only,2024,-1.4720096693054272,True
direct_wind_spline,Phoenix,episode_vs_wind_only,2019,-8.14366704849331,True
direct_wind_spline,Phoenix,episode_vs_wind_only,2020,-6.56454181842372,True
direct_wind_spline,Phoenix,episode_vs_wind_only,2021,,False
direct_wind_spline,Phoenix,episode_vs_wind_only,2022,-8.14366704849331,True
direct_wind_spline,Phoenix,episode_vs_wind_only,2023,-7.990771147600736,True
direct_wind_spline,Phoenix,episode_vs_wind_only,2024,-4.548695837343985,True
direct_wind_spline,San Diego,episode_vs_wind_only,2019,0.2266532027028373,True
direct_wind_spline,San Diego,episode_vs_wind_only,2020,0.1068295928459553,True
direct_wind_spline,San Diego,episode_vs_wind_only,2021,0.4407803118886494,True
direct_wind_spline,San Diego,episode_vs_wind_only,2022,0.5037527979327576,True
direct_wind_spline,San Diego,episode_vs_wind_only,2023,0.0503887799823054,True
direct_wind_spline,San Diego,episode_vs_wind_only,2024,1.115784487759702,True
direct_wind_spline,Seattle,episode_vs_wind_only,2019,,False
direct_wind_spline,Seattle,episode_vs_wind_only,2020,,False
direct_wind_spline,Seattle,episode_vs_wind_only,2021,,False
direct_wind_spline,Seattle,episode_vs_wind_only,2022,,False
direct_wind_spline,Seattle,episode_vs_wind_only,2023,,False
direct_wind_spline,Seattle,episode_vs_wind_only,2024,-9.824615965017845,True
four_weather_regimes,Atlanta,compound_vs_reference,2019,1.9204035830525976,True
four_weather_regimes,Atlanta,compound_vs_reference,2020,2.032978039317773,True
four_weather_regimes,Atlanta,compound_vs_reference,2021,1.9620462893975503,True
four_weather_regimes,Atlanta,compound_vs_reference,2022,2.396970375820056,True
four_weather_regimes,Atlanta,compound_vs_reference,2023,2.45446445018488,True
four_weather_regimes,Atlanta,compound_vs_reference,2024,1.9605356583535487,True
four_weather_regimes,Atlanta,heat_only_vs_reference,2019,-0.0859871980599591,True
four_weather_regimes,Atlanta,heat_only_vs_reference,2020,-0.1072493414698432,True
four_weather_regimes,Atlanta,heat_only_vs_reference,2021,-0.0801286589132953,True
four_weather_regimes,Atlanta,heat_only_vs_reference,2022,0.198700941551671,True
four_weather_regimes,Atlanta,heat_only_vs_reference,2023,0.1147688414138516,True
four_weather_regimes,Atlanta,heat_only_vs_reference,2024,0.0791652589807355,True
four_weather_regimes,Atlanta,wind_only_vs_reference,2019,1.7446471266558812,True
four_weather_regimes,Atlanta,wind_only_vs_reference,2020,1.8224934946694076,True
four_weather_regimes,Atlanta,wind_only_vs_reference,2021,1.739558367654668,True
four_weather_regimes,Atlanta,wind_only_vs_reference,2022,1.8842613746581656,True
four_weather_regimes,Atlanta,wind_only_vs_reference,2023,2.050633840319935,True
four_weather_regimes,Atlanta,wind_only_vs_reference,2024,1.8879118022488903,True
four_weather_regimes,Atlanta,compound_vs_wind_only,2019,0.1757564563967164,True
four_weather_regimes,Atlanta,compound_vs_wind_only,2020,0.2104845446483656,True
four_weather_regimes,Atlanta,compound_vs_wind_only,2021,0.2224879217428823,True
four_weather_regimes,Atlanta,compound_vs_wind_only,2022,0.51270900116189,True
four_weather_regimes,Atlanta,compound_vs_wind_only,2023,0.4038306098649449,True
four_weather_regimes,Atlanta,compound_vs_wind_only,2024,0.0726238561046583,True
four_weather_regimes,Atlanta,compound_vs_heat_only,2019,2.0063907811125565,True
four_weather_regimes,Atlanta,compound_vs_heat_only,2020,2.140227380787616,True
four_weather_regimes,Atlanta,compound_vs_heat_only,2021,2.0421749483108456,True
four_weather_regimes,Atlanta,compound_vs_heat_only,2022,2.1982694342683846,True
four_weather_regimes,Atlanta,compound_vs_heat_only,2023,2.339695608771028,True
four_weather_regimes,Atlanta,compound_vs_heat_only,2024,1.881370399372813,True
four_weather_regimes,Atlanta,compound_additive_interaction,2019,0.2617436544566756,True
four_weather_regimes,Atlanta,compound_additive_interaction,2020,0.3177338861182088,True
four_weather_regimes,Atlanta,compound_additive_interaction,2021,0.3026165806561777,True
four_weather_regimes,Atlanta,compound_additive_interaction,2022,0.314008059610219,True
four_weather_regimes,Atlanta,compound_additive_interaction,2023,0.2890617684510932,True
four_weather_regimes,Atlanta,compound_additive_interaction,2024,-0.0065414028760771,True
four_weather_regimes,Chicago,compound_vs_reference,2019,4.518459368989926,True
four_weather_regimes,Chicago,compound_vs_reference,2020,4.747793101271236,True
four_weather_regimes,Chicago,compound_vs_reference,2021,4.746016825371219,True
four_weather_regimes,Chicago,compound_vs_reference,2022,4.580121654627458,True
four_weather_regimes,Chicago,compound_vs_reference,2023,4.416772985036956,True
four_weather_regimes,Chicago,compound_vs_reference,2024,4.639948791308257,True
four_weather_regimes,Chicago,heat_only_vs_reference,2019,0.0830402859734937,True
four_weather_regimes,Chicago,heat_only_vs_reference,2020,0.6410105091688414,True
four_weather_regimes,Chicago,heat_only_vs_reference,2021,0.3548238020255843,True
four_weather_regimes,Chicago,heat_only_vs_reference,2022,0.665643491193689,True
four_weather_regimes,Chicago,heat_only_vs_reference,2023,0.6268656459969137,True
four_weather_regimes,Chicago,heat_only_vs_reference,2024,0.5631507514228664,True
four_weather_regimes,Chicago,wind_only_vs_reference,2019,4.218824443376146,True
four_weather_regimes,Chicago,wind_only_vs_reference,2020,4.5002308904325,True
four_weather_regimes,Chicago,wind_only_vs_reference,2021,4.552749967101081,True
four_weather_regimes,Chicago,wind_only_vs_reference,2022,4.072216791590983,True
four_weather_regimes,Chicago,wind_only_vs_reference,2023,4.51733017475799,True
four_weather_regimes,Chicago,wind_only_vs_reference,2024,4.453846857837564,True
four_weather_regimes,Chicago,compound_vs_wind_only,2019,0.2996349256137796,True
four_weather_regimes,Chicago,compound_vs_wind_only,2020,0.247562210838736,True
four_weather_regimes,Chicago,compound_vs_wind_only,2021,0.193266858270138,True
four_weather_regimes,Chicago,compound_vs_wind_only,2022,0.5079048630364751,True
four_weather_regimes,Chicago,compound_vs_wind_only,2023,-0.1005571897210337,True
four_weather_regimes,Chicago,compound_vs_wind_only,2024,0.1861019334706926,True
four_weather_regimes,Chicago,compound_vs_heat_only,2019,4.435419083016432,True
four_weather_regimes,Chicago,compound_vs_heat_only,2020,4.106782592102395,True
four_weather_regimes,Chicago,compound_vs_heat_only,2021,4.391193023345635,True
four_weather_regimes,Chicago,compound_vs_heat_only,2022,3.914478163433769,True
four_weather_regimes,Chicago,compound_vs_heat_only,2023,3.789907339040042,True
four_weather_regimes,Chicago,compound_vs_heat_only,2024,4.07679803988539,True
four_weather_regimes,Chicago,compound_additive_interaction,2019,0.2165946396402858,True
four_weather_regimes,Chicago,compound_additive_interaction,2020,-0.3934482983301053,True
four_weather_regimes,Chicago,compound_additive_interaction,2021,-0.1615569437554462,True
four_weather_regimes,Chicago,compound_additive_interaction,2022,-0.1577386281572139,True
four_weather_regimes,Chicago,compound_additive_interaction,2023,-0.7274228357179475,True
four_weather_regimes,Chicago,compound_additive_interaction,2024,-0.3770488179521738,True
four_weather_regimes,Dallas,compound_vs_reference,2019,1.778357808004848,True
four_weather_regimes,Dallas,compound_vs_reference,2020,1.8149147350032488,True
four_weather_regimes,Dallas,compound_vs_reference,2021,2.005439344486427,True
four_weather_regimes,Dallas,compound_vs_reference,2022,1.7858073480286527,True
four_weather_regimes,Dallas,compound_vs_reference,2023,2.404324070387976,True
four_weather_regimes,Dallas,compound_vs_reference,2024,2.127815474969301,True
four_weather_regimes,Dallas,heat_only_vs_reference,2019,-1.1581962351400603,True
four_weather_regimes,Dallas,heat_only_vs_reference,2020,-1.359017806810025,True
four_weather_regimes,Dallas,heat_only_vs_reference,2021,-0.8382597042408604,True
four_weather_regimes,Dallas,heat_only_vs_reference,2022,-1.3836257168390689,True
four_weather_regimes,Dallas,heat_only_vs_reference,2023,-0.754399421863301,True
four_weather_regimes,Dallas,heat_only_vs_reference,2024,-0.8698205512813761,True
four_weather_regimes,Dallas,wind_only_vs_reference,2019,3.0857116619286886,True
four_weather_regimes,Dallas,wind_only_vs_reference,2020,3.114498319455,True
four_weather_regimes,Dallas,wind_only_vs_reference,2021,3.056952736738176,True
four_weather_regimes,Dallas,wind_only_vs_reference,2022,2.9293267417358937,True
four_weather_regimes,Dallas,wind_only_vs_reference,2023,3.010559789106477,True
four_weather_regimes,Dallas,wind_only_vs_reference,2024,3.193334689699605,True
four_weather_regimes,Dallas,compound_vs_wind_only,2019,-1.3073538539238407,True
four_weather_regimes,Dallas,compound_vs_wind_only,2020,-1.2995835844517507,True
four_weather_regimes,Dallas,compound_vs_wind_only,2021,-1.0515133922517492,True
four_weather_regimes,Dallas,compound_vs_wind_only,2022,-1.143519393707241,True
four_weather_regimes,Dallas,compound_vs_wind_only,2023,-0.6062357187185015,True
four_weather_regimes,Dallas,compound_vs_wind_only,2024,-1.0655192147303043,True
four_weather_regimes,Dallas,compound_vs_heat_only,2019,2.936554043144908,True
four_weather_regimes,Dallas,compound_vs_heat_only,2020,3.173932541813274,True
four_weather_regimes,Dallas,compound_vs_heat_only,2021,2.843699048727287,True
four_weather_regimes,Dallas,compound_vs_heat_only,2022,3.1694330648677216,True
four_weather_regimes,Dallas,compound_vs_heat_only,2023,3.1587234922512764,True
four_weather_regimes,Dallas,compound_vs_heat_only,2024,2.997636026250677,True
four_weather_regimes,Dallas,compound_additive_interaction,2019,-0.1491576187837804,True
four_weather_regimes,Dallas,compound_additive_interaction,2020,0.0594342223582742,True
four_weather_regimes,Dallas,compound_additive_interaction,2021,-0.2132536880108888,True
four_weather_regimes,Dallas,compound_additive_interaction,2022,0.2401063231318276,True
four_weather_regimes,Dallas,compound_additive_interaction,2023,0.1481637031447995,True
four_weather_regimes,Dallas,compound_additive_interaction,2024,-0.1956986634489281,True
four_weather_regimes,Denver,compound_vs_reference,2019,0.9938262932688344,True
four_weather_regimes,Denver,compound_vs_reference,2020,0.9982181580781984,True
four_weather_regimes,Denver,compound_vs_reference,2021,1.116710846813557,True
four_weather_regimes,Denver,compound_vs_reference,2022,1.523547160591235,True
four_weather_regimes,Denver,compound_vs_reference,2023,0.9689927200315565,True
four_weather_regimes,Denver,compound_vs_reference,2024,0.9904837704310832,True
four_weather_regimes,Denver,heat_only_vs_reference,2019,0.6224605367090394,True
four_weather_regimes,Denver,heat_only_vs_reference,2020,0.1924363125211814,True
four_weather_regimes,Denver,heat_only_vs_reference,2021,0.4194187637647023,True
four_weather_regimes,Denver,heat_only_vs_reference,2022,0.602907819081348,True
four_weather_regimes,Denver,heat_only_vs_reference,2023,0.6872501797253721,True
four_weather_regimes,Denver,heat_only_vs_reference,2024,0.1179520818081253,True
four_weather_regimes,Denver,wind_only_vs_reference,2019,1.3400631670925849,True
four_weather_regimes,Denver,wind_only_vs_reference,2020,1.358842932349514,True
four_weather_regimes,Denver,wind_only_vs_reference,2021,1.416890213246242,True
four_weather_regimes,Denver,wind_only_vs_reference,2022,1.1165901553975264,True
four_weather_regimes,Denver,wind_only_vs_reference,2023,1.1672742543072665,True
four_weather_regimes,Denver,wind_only_vs_reference,2024,1.3459548901404152,True
four_weather_regimes,Denver,compound_vs_wind_only,2019,-0.3462368738237502,True
four_weather_regimes,Denver,compound_vs_wind_only,2020,-0.3606247742713158,True
four_weather_regimes,Denver,compound_vs_wind_only,2021,-0.300179366432685,True
four_weather_regimes,Denver,compound_vs_wind_only,2022,0.4069570051937086,True
four_weather_regimes,Denver,compound_vs_wind_only,2023,-0.1982815342757098,True
four_weather_regimes,Denver,compound_vs_wind_only,2024,-0.3554711197093321,True
four_weather_regimes,Denver,compound_vs_heat_only,2019,0.371365756559795,True
four_weather_regimes,Denver,compound_vs_heat_only,2020,0.8057818455570169,True
four_weather_regimes,Denver,compound_vs_heat_only,2021,0.6972920830488546,True
four_weather_regimes,Denver,compound_vs_heat_only,2022,0.9206393415098868,True
four_weather_regimes,Denver,compound_vs_heat_only,2023,0.2817425403061844,True
four_weather_regimes,Denver,compound_vs_heat_only,2024,0.8725316886229578,True
four_weather_regimes,Denver,compound_additive_interaction,2019,-0.9686974105327896,True
four_weather_regimes,Denver,compound_additive_interaction,2020,-0.5530610867924972,True
four_weather_regimes,Denver,compound_additive_interaction,2021,-0.7195981301973874,True
four_weather_regimes,Denver,compound_additive_interaction,2022,-0.1959508138876394,True
four_weather_regimes,Denver,compound_additive_interaction,2023,-0.8855317140010819,True
four_weather_regimes,Denver,compound_additive_interaction,2024,-0.4734232015174574,True
four_weather_regimes,Houston,compound_vs_reference,2019,1.6663261812320893,True
four_weather_regimes,Houston,compound_vs_reference,2020,1.5525086549573608,True
four_weather_regimes,Houston,compound_vs_reference,2021,1.5170296189461356,True
four_weather_regimes,Houston,compound_vs_reference,2022,1.71330665243475,True
four_weather_regimes,Houston,compound_vs_reference,2023,1.7579111039546074,True
four_weather_regimes,Houston,compound_vs_reference,2024,1.8267378283936169,True
four_weather_regimes,Houston,heat_only_vs_reference,2019,-1.729846200157125,True
four_weather_regimes,Houston,heat_only_vs_reference,2020,-1.326925959647561,True
four_weather_regimes,Houston,heat_only_vs_reference,2021,-1.3976248896635517,True
four_weather_regimes,Houston,heat_only_vs_reference,2022,-1.347815215454386,True
four_weather_regimes,Houston,heat_only_vs_reference,2023,-0.8071875204609898,True
four_weather_regimes,Houston,heat_only_vs_reference,2024,-1.1156501213696255,True
four_weather_regimes,Houston,wind_only_vs_reference,2019,3.720849276914589,True
four_weather_regimes,Houston,wind_only_vs_reference,2020,3.6713345534706967,True
four_weather_regimes,Houston,wind_only_vs_reference,2021,3.704166073184036,True
four_weather_regimes,Houston,wind_only_vs_reference,2022,3.7535518816731934,True
four_weather_regimes,Houston,wind_only_vs_reference,2023,3.5215651851223377,True
four_weather_regimes,Houston,wind_only_vs_reference,2024,3.4723946238414283,True
four_weather_regimes,Houston,compound_vs_wind_only,2019,-2.054523095682499,True
four_weather_regimes,Houston,compound_vs_wind_only,2020,-2.118825898513336,True
four_weather_regimes,Houston,compound_vs_wind_only,2021,-2.1871364542379004,True
four_weather_regimes,Houston,compound_vs_wind_only,2022,-2.0402452292384434,True
four_weather_regimes,Houston,compound_vs_wind_only,2023,-1.7636540811677304,True
four_weather_regimes,Houston,compound_vs_wind_only,2024,-1.6456567954478114,True
four_weather_regimes,Houston,compound_vs_heat_only,2019,3.3961723813892144,True
four_weather_regimes,Houston,compound_vs_heat_only,2020,2.879434614604922,True
four_weather_regimes,Houston,compound_vs_heat_only,2021,2.9146545086096878,True
four_weather_regimes,Houston,compound_vs_heat_only,2022,3.061121867889136,True
four_weather_regimes,Houston,compound_vs_heat_only,2023,2.5650986244155973,True
four_weather_regimes,Houston,compound_vs_heat_only,2024,2.9423879497632424,True
four_weather_regimes,Houston,compound_additive_interaction,2019,-0.3246768955253736,True
four_weather_regimes,Houston,compound_additive_interaction,2020,-0.7918999388657748,True
four_weather_regimes,Houston,compound_additive_interaction,2021,-0.7895115645743487,True
four_weather_regimes,Houston,compound_additive_interaction,2022,-0.6924300137840573,True
four_weather_regimes,Houston,compound_additive_interaction,2023,-0.9564665607067404,True
four_weather_regimes,Houston,compound_additive_interaction,2024,-0.5300066740781859,True
four_weather_regimes,Los Angeles,compound_vs_reference,2019,2.999998841562229,True
four_weather_regimes,Los Angeles,compound_vs_reference,2020,3.303955074661473,True
four_weather_regimes,Los Angeles,compound_vs_reference,2021,2.886018776427754,True
four_weather_regimes,Los Angeles,compound_vs_reference,2022,3.071947442012224,True
four_weather_regimes,Los Angeles,compound_vs_reference,2023,2.9540523246012502,True
four_weather_regimes,Los Angeles,compound_vs_reference,2024,3.2206293113623072,True
four_weather_regimes,Los Angeles,heat_only_vs_reference,2019,0.6787495609756757,True
four_weather_regimes,Los Angeles,heat_only_vs_reference,2020,1.1053541508828275,True
four_weather_regimes,Los Angeles,heat_only_vs_reference,2021,0.805769542774764,True
four_weather_regimes,Los Angeles,heat_only_vs_reference,2022,0.7219213154754791,True
four_weather_regimes,Los Angeles,heat_only_vs_reference,2023,0.9531810150725398,True
four_weather_regimes,Los Angeles,heat_only_vs_reference,2024,1.0641123198372135,True
four_weather_regimes,Los Angeles,wind_only_vs_reference,2019,2.573334306949035,True
four_weather_regimes,Los Angeles,wind_only_vs_reference,2020,2.636907279582587,True
four_weather_regimes,Los Angeles,wind_only_vs_reference,2021,2.0464743454641328,True
four_weather_regimes,Los Angeles,wind_only_vs_reference,2022,2.254548903965367,True
four_weather_regimes,Los Angeles,wind_only_vs_reference,2023,2.4590152296693035,True
four_weather_regimes,Los Angeles,wind_only_vs_reference,2024,2.2937842952701977,True
four_weather_regimes,Los Angeles,compound_vs_wind_only,2019,0.4266645346131938,True
four_weather_regimes,Los Angeles,compound_vs_wind_only,2020,0.667047795078886,True
four_weather_regimes,Los Angeles,compound_vs_wind_only,2021,0.8395444309636213,True
four_weather_regimes,Los Angeles,compound_vs_wind_only,2022,0.8173985380468571,True
four_weather_regimes,Los Angeles,compound_vs_wind_only,2023,0.4950370949319467,True
four_weather_regimes,Los Angeles,compound_vs_wind_only,2024,0.9268450160921096,True
four_weather_regimes,Los Angeles,compound_vs_heat_only,2019,2.321249280586553,True
four_weather_regimes,Los Angeles,compound_vs_heat_only,2020,2.198600923778645,True
four_weather_regimes,Los Angeles,compound_vs_heat_only,2021,2.08024923365299,True
four_weather_regimes,Los Angeles,compound_vs_heat_only,2022,2.350026126536745,True
four_weather_regimes,Los Angeles,compound_vs_heat_only,2023,2.0008713095287103,True
four_weather_regimes,Los Angeles,compound_vs_heat_only,2024,2.156516991525094,True
four_weather_regimes,Los Angeles,compound_additive_interaction,2019,-0.2520850263624818,True
four_weather_regimes,Los Angeles,compound_additive_interaction,2020,-0.4383063558039417,True
four_weather_regimes,Los Angeles,compound_additive_interaction,2021,0.0337748881888573,True
four_weather_regimes,Los Angeles,compound_additive_interaction,2022,0.095477222571378,True
four_weather_regimes,Los Angeles,compound_additive_interaction,2023,-0.4581439201405931,True
four_weather_regimes,Los Angeles,compound_additive_interaction,2024,-0.1372673037451039,True
four_weather_regimes,New York,compound_vs_reference,2019,4.270446647909589,True
four_weather_regimes,New York,compound_vs_reference,2020,4.1296556972933205,True
four_weather_regimes,New York,compound_vs_reference,2021,4.098989137334953,True
four_weather_regimes,New York,compound_vs_reference,2022,4.662145049379405,True
four_weather_regimes,New York,compound_vs_reference,2023,4.278136735689948,True
four_weather_regimes,New York,compound_vs_reference,2024,4.128509249402791,True
four_weather_regimes,New York,heat_only_vs_reference,2019,1.1237655074010346,True
four_weather_regimes,New York,heat_only_vs_reference,2020,1.1836731667071378,True
four_weather_regimes,New York,heat_only_vs_reference,2021,1.2662195508252745,True
four_weather_regimes,New York,heat_only_vs_reference,2022,1.0998799949476008,True
four_weather_regimes,New York,heat_only_vs_reference,2023,1.329218948545714,True
four_weather_regimes,New York,heat_only_vs_reference,2024,1.2135081979855151,True
four_weather_regimes,New York,wind_only_vs_reference,2019,4.326340853964796,True
four_weather_regimes,New York,wind_only_vs_reference,2020,4.408781167781053,True
four_weather_regimes,New York,wind_only_vs_reference,2021,4.409790002240947,True
four_weather_regimes,New York,wind_only_vs_reference,2022,4.209714483426196,True
four_weather_regimes,New York,wind_only_vs_reference,2023,4.479816892880001,True
four_weather_regimes,New York,wind_only_vs_reference,2024,4.160970351808121,True
four_weather_regimes,New York,compound_vs_wind_only,2019,-0.055894206055207,True
four_weather_regimes,New York,compound_vs_wind_only,2020,-0.2791254704877328,True
four_weather_regimes,New York,compound_vs_wind_only,2021,-0.3108008649059943,True
four_weather_regimes,New York,compound_vs_wind_only,2022,0.4524305659532093,True
four_weather_regimes,New York,compound_vs_wind_only,2023,-0.2016801571900526,True
four_weather_regimes,New York,compound_vs_wind_only,2024,-0.03246110240533,True
four_weather_regimes,New York,compound_vs_heat_only,2019,3.146681140508554,True
four_weather_regimes,New York,compound_vs_heat_only,2020,2.945982530586183,True
four_weather_regimes,New York,compound_vs_heat_only,2021,2.832769586509678,True
four_weather_regimes,New York,compound_vs_heat_only,2022,3.5622650544318044,True
four_weather_regimes,New York,compound_vs_heat_only,2023,2.948917787144234,True
four_weather_regimes,New York,compound_vs_heat_only,2024,2.915001051417276,True
four_weather_regimes,New York,compound_additive_interaction,2019,-1.1796597134562417,True
four_weather_regimes,New York,compound_additive_interaction,2020,-1.462798637194871,True
four_weather_regimes,New York,compound_additive_interaction,2021,-1.5770204157312688,True
four_weather_regimes,New York,compound_additive_interaction,2022,-0.6474494289943915,True
four_weather_regimes,New York,compound_additive_interaction,2023,-1.5308991057357666,True
four_weather_regimes,New York,compound_additive_interaction,2024,-1.2459693003908452,True
four_weather_regimes,Philadelphia,compound_vs_reference,2019,2.1158403811027844,True
four_weather_regimes,Philadelphia,compound_vs_reference,2020,1.9467719655971825,True
four_weather_regimes,Philadelphia,compound_vs_reference,2021,1.7465920689461458,True
four_weather_regimes,Philadelphia,compound_vs_reference,2022,2.179678067682802,True
four_weather_regimes,Philadelphia,compound_vs_reference,2023,2.084011516612537,True
four_weather_regimes,Philadelphia,compound_vs_reference,2024,1.882527885134786,True
four_weather_regimes,Philadelphia,heat_only_vs_reference,2019,0.7976097772485585,True
four_weather_regimes,Philadelphia,heat_only_vs_reference,2020,0.7132585831214889,True
four_weather_regimes,Philadelphia,heat_only_vs_reference,2021,1.0097278976642166,True
four_weather_regimes,Philadelphia,heat_only_vs_reference,2022,1.0292192564096934,True
four_weather_regimes,Philadelphia,heat_only_vs_reference,2023,0.9395121848557842,True
four_weather_regimes,Philadelphia,heat_only_vs_reference,2024,0.8239983143883769,True
four_weather_regimes,Philadelphia,wind_only_vs_reference,2019,2.043390605260592,True
four_weather_regimes,Philadelphia,wind_only_vs_reference,2020,2.018954745698955,True
four_weather_regimes,Philadelphia,wind_only_vs_reference,2021,1.9857993255961848,True
four_weather_regimes,Philadelphia,wind_only_vs_reference,2022,1.948256916714324,True
four_weather_regimes,Philadelphia,wind_only_vs_reference,2023,2.074267247004946,True
four_weather_regimes,Philadelphia,wind_only_vs_reference,2024,1.816485010867492,True
four_weather_regimes,Philadelphia,compound_vs_wind_only,2019,0.0724497758421924,True
four_weather_regimes,Philadelphia,compound_vs_wind_only,2020,-0.0721827801017724,True
four_weather_regimes,Philadelphia,compound_vs_wind_only,2021,-0.2392072566500387,True
four_weather_regimes,Philadelphia,compound_vs_wind_only,2022,0.2314211509684782,True
four_weather_regimes,Philadelphia,compound_vs_wind_only,2023,0.0097442696075913,True
four_weather_regimes,Philadelphia,compound_vs_wind_only,2024,0.066042874267294,True
four_weather_regimes,Philadelphia,compound_vs_heat_only,2019,1.318230603854226,True
four_weather_regimes,Philadelphia,compound_vs_heat_only,2020,1.2335133824756936,True
four_weather_regimes,Philadelphia,compound_vs_heat_only,2021,0.7368641712819293,True
four_weather_regimes,Philadelphia,compound_vs_heat_only,2022,1.150458811273109,True
four_weather_regimes,Philadelphia,compound_vs_heat_only,2023,1.1444993317567531,True
four_weather_regimes,Philadelphia,compound_vs_heat_only,2024,1.058529570746409,True
four_weather_regimes,Philadelphia,compound_additive_interaction,2019,-0.725160001406366,True
four_weather_regimes,Philadelphia,compound_additive_interaction,2020,-0.7854413632232614,True
four_weather_regimes,Philadelphia,compound_additive_interaction,2021,-1.2489351543142553,True
four_weather_regimes,Philadelphia,compound_additive_interaction,2022,-0.7977981054412151,True
four_weather_regimes,Philadelphia,compound_additive_interaction,2023,-0.9297679152481928,True
four_weather_regimes,Philadelphia,compound_additive_interaction,2024,-0.7579554401210828,True
four_weather_regimes,Phoenix,compound_vs_reference,2019,1.9758294208806575,True
four_weather_regimes,Phoenix,compound_vs_reference,2020,2.5552795128176977,True
four_weather_regimes,Phoenix,compound_vs_reference,2021,2.320983148718931,True
four_weather_regimes,Phoenix,compound_vs_reference,2022,2.4780833199161805,True
four_weather_regimes,Phoenix,compound_vs_reference,2023,2.590697343093564,True
four_weather_regimes,Phoenix,compound_vs_reference,2024,2.719143630095493,True
four_weather_regimes,Phoenix,heat_only_vs_reference,2019,-0.4094113619266857,True
four_weather_regimes,Phoenix,heat_only_vs_reference,2020,-0.0410377992897809,True
four_weather_regimes,Phoenix,heat_only_vs_reference,2021,-0.1512578819652353,True
four_weather_regimes,Phoenix,heat_only_vs_reference,2022,0.170550300779579,True
four_weather_regimes,Phoenix,heat_only_vs_reference,2023,-0.06410249421133,True
four_weather_regimes,Phoenix,heat_only_vs_reference,2024,-0.0345794387214703,True
four_weather_regimes,Phoenix,wind_only_vs_reference,2019,3.0450711815500813,True
four_weather_regimes,Phoenix,wind_only_vs_reference,2020,3.1081173095951558,True
four_weather_regimes,Phoenix,wind_only_vs_reference,2021,3.242162098752795,True
four_weather_regimes,Phoenix,wind_only_vs_reference,2022,3.2298391143405327,True
four_weather_regimes,Phoenix,wind_only_vs_reference,2023,3.1884879128262646,True
four_weather_regimes,Phoenix,wind_only_vs_reference,2024,3.208393927827474,True
four_weather_regimes,Phoenix,compound_vs_wind_only,2019,-1.0692417606694236,True
four_weather_regimes,Phoenix,compound_vs_wind_only,2020,-0.5528377967774576,True
four_weather_regimes,Phoenix,compound_vs_wind_only,2021,-0.921178950033864,True
four_weather_regimes,Phoenix,compound_vs_wind_only,2022,-0.7517557944243523,True
four_weather_regimes,Phoenix,compound_vs_wind_only,2023,-0.5977905697327008,True
four_weather_regimes,Phoenix,compound_vs_wind_only,2024,-0.489250297731981,True
four_weather_regimes,Phoenix,compound_vs_heat_only,2019,2.3852407828073434,True
four_weather_regimes,Phoenix,compound_vs_heat_only,2020,2.5963173121074785,True
four_weather_regimes,Phoenix,compound_vs_heat_only,2021,2.4722410306841662,True
four_weather_regimes,Phoenix,compound_vs_heat_only,2022,2.307533019136601,True
four_weather_regimes,Phoenix,compound_vs_heat_only,2023,2.654799837304894,True
four_weather_regimes,Phoenix,compound_vs_heat_only,2024,2.753723068816963,True
four_weather_regimes,Phoenix,compound_additive_interaction,2019,-0.6598303987427379,True
four_weather_regimes,Phoenix,compound_additive_interaction,2020,-0.5117999974876767,True
four_weather_regimes,Phoenix,compound_additive_interaction,2021,-0.7699210680686286,True
four_weather_regimes,Phoenix,compound_additive_interaction,2022,-0.9223060952039313,True
four_weather_regimes,Phoenix,compound_additive_interaction,2023,-0.5336880755213708,True
four_weather_regimes,Phoenix,compound_additive_interaction,2024,-0.4546708590105107,True
four_weather_regimes,San Diego,compound_vs_reference,2019,2.0558796296693838,True
four_weather_regimes,San Diego,compound_vs_reference,2020,1.9457114615774,True
four_weather_regimes,San Diego,compound_vs_reference,2021,2.150333944032617,True
four_weather_regimes,San Diego,compound_vs_reference,2022,2.119408401150096,True
four_weather_regimes,San Diego,compound_vs_reference,2023,2.190372734200979,True
four_weather_regimes,San Diego,compound_vs_reference,2024,2.489429997032801,True
four_weather_regimes,San Diego,heat_only_vs_reference,2019,0.6140404931336999,True
four_weather_regimes,San Diego,heat_only_vs_reference,2020,0.6212224287431642,True
four_weather_regimes,San Diego,heat_only_vs_reference,2021,0.6074025666860794,True
four_weather_regimes,San Diego,heat_only_vs_reference,2022,0.7184250584144384,True
four_weather_regimes,San Diego,heat_only_vs_reference,2023,0.6704076575940054,True
four_weather_regimes,San Diego,heat_only_vs_reference,2024,0.9582096575772024,True
four_weather_regimes,San Diego,wind_only_vs_reference,2019,1.1769495312358265,True
four_weather_regimes,San Diego,wind_only_vs_reference,2020,1.2372089409691536,True
four_weather_regimes,San Diego,wind_only_vs_reference,2021,1.2088841759946771,True
four_weather_regimes,San Diego,wind_only_vs_reference,2022,1.0287990375247031,True
four_weather_regimes,San Diego,wind_only_vs_reference,2023,1.1892664660747796,True
four_weather_regimes,San Diego,wind_only_vs_reference,2024,1.124755491340491,True
four_weather_regimes,San Diego,compound_vs_wind_only,2019,0.8789300984335569,True
four_weather_regimes,San Diego,compound_vs_wind_only,2020,0.7085025206082465,True
four_weather_regimes,San Diego,compound_vs_wind_only,2021,0.94144976803794,True
four_weather_regimes,San Diego,compound_vs_wind_only,2022,1.0906093636253926,True
four_weather_regimes,San Diego,compound_vs_wind_only,2023,1.0011062681261995,True
four_weather_regimes,San Diego,compound_vs_wind_only,2024,1.3646745056923102,True
four_weather_regimes,San Diego,compound_vs_heat_only,2019,1.4418391365356835,True
four_weather_regimes,San Diego,compound_vs_heat_only,2020,1.3244890328342358,True
four_weather_regimes,San Diego,compound_vs_heat_only,2021,1.5429313773465378,True
four_weather_regimes,San Diego,compound_vs_heat_only,2022,1.4009833427356573,True
four_weather_regimes,San Diego,compound_vs_heat_only,2023,1.5199650766069737,True
four_weather_regimes,San Diego,compound_vs_heat_only,2024,1.5312203394555983,True
four_weather_regimes,San Diego,compound_additive_interaction,2019,0.2648896052998569,True
four_weather_regimes,San Diego,compound_additive_interaction,2020,0.0872800918650822,True
four_weather_regimes,San Diego,compound_additive_interaction,2021,0.3340472013518605,True
four_weather_regimes,San Diego,compound_additive_interaction,2022,0.3721843052109542,True
four_weather_regimes,San Diego,compound_additive_interaction,2023,0.330698610532194,True
four_weather_regimes,San Diego,compound_additive_interaction,2024,0.4064648481151077,True
four_weather_regimes,Seattle,compound_vs_reference,2019,7.548073233991921,True
four_weather_regimes,Seattle,compound_vs_reference,2020,7.716144733447563,True
four_weather_regimes,Seattle,compound_vs_reference,2021,6.950278655510434,True
four_weather_regimes,Seattle,compound_vs_reference,2022,6.344710601759572,True
four_weather_regimes,Seattle,compound_vs_reference,2023,8.234604822877627,True
four_weather_regimes,Seattle,compound_vs_reference,2024,6.978637129219764,True
four_weather_regimes,Seattle,heat_only_vs_reference,2019,4.352583599723171,True
four_weather_regimes,Seattle,heat_only_vs_reference,2020,4.090013636257021,True
four_weather_regimes,Seattle,heat_only_vs_reference,2021,3.95861649840005,True
four_weather_regimes,Seattle,heat_only_vs_reference,2022,3.403627274924635,True
four_weather_regimes,Seattle,heat_only_vs_reference,2023,3.3734287764975046,True
four_weather_regimes,Seattle,heat_only_vs_reference,2024,3.627076659558581,True
four_weather_regimes,Seattle,wind_only_vs_reference,2019,3.7111135072534713,True
four_weather_regimes,Seattle,wind_only_vs_reference,2020,3.8063008123462416,True
four_weather_regimes,Seattle,wind_only_vs_reference,2021,3.578986470003926,True
four_weather_regimes,Seattle,wind_only_vs_reference,2022,3.684476226915142,True
four_weather_regimes,Seattle,wind_only_vs_reference,2023,3.740758528077055,True
four_weather_regimes,Seattle,wind_only_vs_reference,2024,3.7972422297036728,True
four_weather_regimes,Seattle,compound_vs_wind_only,2019,3.83695972673845,True
four_weather_regimes,Seattle,compound_vs_wind_only,2020,3.9098439211013214,True
four_weather_regimes,Seattle,compound_vs_wind_only,2021,3.3712921855065083,True
four_weather_regimes,Seattle,compound_vs_wind_only,2022,2.66023437484443,True
four_weather_regimes,Seattle,compound_vs_wind_only,2023,4.493846294800571,True
four_weather_regimes,Seattle,compound_vs_wind_only,2024,3.181394899516091,True
four_weather_regimes,Seattle,compound_vs_heat_only,2019,3.1954896342687507,True
four_weather_regimes,Seattle,compound_vs_heat_only,2020,3.626131097190542,True
four_weather_regimes,Seattle,compound_vs_heat_only,2021,2.991662157110384,True
four_weather_regimes,Seattle,compound_vs_heat_only,2022,2.941083326834937,True
four_weather_regimes,Seattle,compound_vs_heat_only,2023,4.8611760463801215,True
four_weather_regimes,Seattle,compound_vs_heat_only,2024,3.351560469661183,True
four_weather_regimes,Seattle,compound_additive_interaction,2019,-0.5156238729847207,True
four_weather_regimes,Seattle,compound_additive_interaction,2020,-0.1801697151556998,True
four_weather_regimes,Seattle,compound_additive_interaction,2021,-0.5873243128935419,True
four_weather_regimes,Seattle,compound_additive_interaction,2022,-0.7433929000802046,True
four_weather_regimes,Seattle,compound_additive_interaction,2023,1.1204175183030665,True
four_weather_regimes,Seattle,compound_additive_interaction,2024,-0.4456817600424898,True
core_monitors,Atlanta,episode_vs_reference,2019,2.2095867852592144,True
core_monitors,Atlanta,episode_vs_reference,2020,2.434248414217599,True
core_monitors,Atlanta,episode_vs_reference,2021,2.292692446319147,True
core_monitors,Atlanta,episode_vs_reference,2022,2.641577066295479,True
core_monitors,Atlanta,episode_vs_reference,2023,2.6566614606188206,True
core_monitors,Atlanta,episode_vs_reference,2024,2.329780279724708,True
core_monitors,Atlanta,heat_only_vs_reference,2019,-0.1031424920860074,True
core_monitors,Atlanta,heat_only_vs_reference,2020,-0.1068578928437641,True
core_monitors,Atlanta,heat_only_vs_reference,2021,-0.0933568063911323,True
core_monitors,Atlanta,heat_only_vs_reference,2022,0.1813634620845966,True
core_monitors,Atlanta,heat_only_vs_reference,2023,0.1097472553372694,True
core_monitors,Atlanta,heat_only_vs_reference,2024,0.0587864659317569,True
core_monitors,Atlanta,wind_only_vs_reference,2019,1.745803009396402,True
core_monitors,Atlanta,wind_only_vs_reference,2020,1.8218699109726075,True
core_monitors,Atlanta,wind_only_vs_reference,2021,1.733679476443824,True
core_monitors,Atlanta,wind_only_vs_reference,2022,1.881713001278532,True
core_monitors,Atlanta,wind_only_vs_reference,2023,2.0520444242321845,True
core_monitors,Atlanta,wind_only_vs_reference,2024,1.8844235821254285,True
core_monitors,Atlanta,other_compound_vs_reference,2019,1.1109022070180048,True
core_monitors,Atlanta,other_compound_vs_reference,2020,1.0660384547721449,True
core_monitors,Atlanta,other_compound_vs_reference,2021,1.0023753123452468,True
core_monitors,Atlanta,other_compound_vs_reference,2022,1.56788783206389,True
core_monitors,Atlanta,other_compound_vs_reference,2023,1.8044709812255608,True
core_monitors,Atlanta,other_compound_vs_reference,2024,1.0783215316594053,True
core_monitors,Atlanta,episode_vs_wind_only,2019,0.4637837758628125,True
core_monitors,Atlanta,episode_vs_wind_only,2020,0.6123785032449915,True
core_monitors,Atlanta,episode_vs_wind_only,2021,0.5590129698753232,True
core_monitors,Atlanta,episode_vs_wind_only,2022,0.759864065016947,True
core_monitors,Atlanta,episode_vs_wind_only,2023,0.6046170363866361,True
core_monitors,Atlanta,episode_vs_wind_only,2024,0.44535669759928,True
core_monitors,Atlanta,episode_vs_heat_only,2019,2.312729277345222,True
core_monitors,Atlanta,episode_vs_heat_only,2020,2.541106307061363,True
core_monitors,Atlanta,episode_vs_heat_only,2021,2.38604925271028,True
core_monitors,Atlanta,episode_vs_heat_only,2022,2.460213604210882,True
core_monitors,Atlanta,episode_vs_heat_only,2023,2.546914205281551,True
core_monitors,Atlanta,episode_vs_heat_only,2024,2.2709938137929515,True
core_monitors,Chicago,episode_vs_reference,2019,4.711191908296437,True
core_monitors,Chicago,episode_vs_reference,2020,4.890534155807525,True
core_monitors,Chicago,episode_vs_reference,2021,5.233857247355866,True
core_monitors,Chicago,episode_vs_reference,2022,4.578385479158491,True
core_monitors,Chicago,episode_vs_reference,2023,4.203667881953383,True
core_monitors,Chicago,episode_vs_reference,2024,4.483349515113831,True
core_monitors,Chicago,heat_only_vs_reference,2019,-0.0579951813082777,True
core_monitors,Chicago,heat_only_vs_reference,2020,0.5738116579027137,True
core_monitors,Chicago,heat_only_vs_reference,2021,0.3337762306217202,True
core_monitors,Chicago,heat_only_vs_reference,2022,0.6086433624085785,True
core_monitors,Chicago,heat_only_vs_reference,2023,0.6130686833202761,True
core_monitors,Chicago,heat_only_vs_reference,2024,0.481461347541896,True
core_monitors,Chicago,wind_only_vs_reference,2019,4.32228376751921,True
core_monitors,Chicago,wind_only_vs_reference,2020,4.668510874215035,True
core_monitors,Chicago,wind_only_vs_reference,2021,4.776267177109392,True
core_monitors,Chicago,wind_only_vs_reference,2022,4.257169138913538,True
core_monitors,Chicago,wind_only_vs_reference,2023,4.53219969244038,True
core_monitors,Chicago,wind_only_vs_reference,2024,4.620609574347195,True
core_monitors,Chicago,other_compound_vs_reference,2019,4.495942714008178,True
core_monitors,Chicago,other_compound_vs_reference,2020,4.868059161343847,True
core_monitors,Chicago,other_compound_vs_reference,2021,4.769245719247488,True
core_monitors,Chicago,other_compound_vs_reference,2022,4.803992769750135,True
core_monitors,Chicago,other_compound_vs_reference,2023,4.554005561750909,True
core_monitors,Chicago,other_compound_vs_reference,2024,4.936823519800933,True
core_monitors,Chicago,episode_vs_wind_only,2019,0.388908140777227,True
core_monitors,Chicago,episode_vs_wind_only,2020,0.2220232815924898,True
core_monitors,Chicago,episode_vs_wind_only,2021,0.4575900702464741,True
core_monitors,Chicago,episode_vs_wind_only,2022,0.3212163402449528,True
core_monitors,Chicago,episode_vs_wind_only,2023,-0.3285318104869974,True
core_monitors,Chicago,episode_vs_wind_only,2024,-0.1372600592333634,True
core_monitors,Chicago,episode_vs_heat_only,2019,4.769187089604714,True
core_monitors,Chicago,episode_vs_heat_only,2020,4.316722497904811,True
core_monitors,Chicago,episode_vs_heat_only,2021,4.900081016734146,True
core_monitors,Chicago,episode_vs_heat_only,2022,3.969742116749912,True
core_monitors,Chicago,episode_vs_heat_only,2023,3.5905991986331065,True
core_monitors,Chicago,episode_vs_heat_only,2024,4.001888167571935,True
core_monitors,Dallas,episode_vs_reference,2019,2.346776088377319,True
core_monitors,Dallas,episode_vs_reference,2020,2.486970035204989,True
core_monitors,Dallas,episode_vs_reference,2021,3.048042427248064,True
core_monitors,Dallas,episode_vs_reference,2022,2.265756114253013,True
core_monitors,Dallas,episode_vs_reference,2023,3.0255511205882737,True
core_monitors,Dallas,episode_vs_reference,2024,3.020197338465701,True
core_monitors,Dallas,heat_only_vs_reference,2019,-1.1044168633527662,True
core_monitors,Dallas,heat_only_vs_reference,2020,-1.369049949328927,True
core_monitors,Dallas,heat_only_vs_reference,2021,-0.7123858026199299,True
core_monitors,Dallas,heat_only_vs_reference,2022,-1.459122349360693,True
core_monitors,Dallas,heat_only_vs_reference,2023,-0.8528358142509562,True
core_monitors,Dallas,heat_only_vs_reference,2024,-0.9072161619937088,True
core_monitors,Dallas,wind_only_vs_reference,2019,3.069241087934686,True
core_monitors,Dallas,wind_only_vs_reference,2020,3.045579158268564,True
core_monitors,Dallas,wind_only_vs_reference,2021,3.064277308957664,True
core_monitors,Dallas,wind_only_vs_reference,2022,2.8635372982898737,True
core_monitors,Dallas,wind_only_vs_reference,2023,2.9008019022858385,True
core_monitors,Dallas,wind_only_vs_reference,2024,3.126739627718785,True
core_monitors,Dallas,other_compound_vs_reference,2019,1.2414227421348307,True
core_monitors,Dallas,other_compound_vs_reference,2020,0.9672385051326248,True
core_monitors,Dallas,other_compound_vs_reference,2021,1.0582400036211796,True
core_monitors,Dallas,other_compound_vs_reference,2022,1.2206873689204596,True
core_monitors,Dallas,other_compound_vs_reference,2023,1.7017348401267778,True
core_monitors,Dallas,other_compound_vs_reference,2024,1.398055302596657,True
core_monitors,Dallas,episode_vs_wind_only,2019,-0.7224649995573671,True
core_monitors,Dallas,episode_vs_wind_only,2020,-0.5586091230635741,True
core_monitors,Dallas,episode_vs_wind_only,2021,-0.0162348817095994,True
core_monitors,Dallas,episode_vs_wind_only,2022,-0.5977811840368608,True
core_monitors,Dallas,episode_vs_wind_only,2023,0.1247492183024352,True
core_monitors,Dallas,episode_vs_wind_only,2024,-0.1065422892530842,True
core_monitors,Dallas,episode_vs_heat_only,2019,3.451192951730085,True
core_monitors,Dallas,episode_vs_heat_only,2020,3.856019984533917,True
core_monitors,Dallas,episode_vs_heat_only,2021,3.760428229867994,True
core_monitors,Dallas,episode_vs_heat_only,2022,3.724878463613706,True
core_monitors,Dallas,episode_vs_heat_only,2023,3.87838693483923,True
core_monitors,Dallas,episode_vs_heat_only,2024,3.9274135004594095,True
core_monitors,Denver,episode_vs_reference,2019,0.2956389301325629,True
core_monitors,Denver,episode_vs_reference,2020,1.3995333871518647,True
core_monitors,Denver,episode_vs_reference,2021,2.00118833818438,True
core_monitors,Denver,episode_vs_reference,2022,2.181157488844054,True
core_monitors,Denver,episode_vs_reference,2023,1.566510081063607,True
core_monitors,Denver,episode_vs_reference,2024,1.83190179002748,True
core_monitors,Denver,heat_only_vs_reference,2019,0.6316989993630939,True
core_monitors,Denver,heat_only_vs_reference,2020,0.1969945126719996,True
core_monitors,Denver,heat_only_vs_reference,2021,0.42250251073683,True
core_monitors,Denver,heat_only_vs_reference,2022,0.592783008704813,True
core_monitors,Denver,heat_only_vs_reference,2023,0.6946225030962832,True
core_monitors,Denver,heat_only_vs_reference,2024,0.1306232028053547,True
core_monitors,Denver,wind_only_vs_reference,2019,1.3450519085544366,True
core_monitors,Denver,wind_only_vs_reference,2020,1.3636354635408603,True
core_monitors,Denver,wind_only_vs_reference,2021,1.4323494126927674,True
core_monitors,Denver,wind_only_vs_reference,2022,1.1146791641050888,True
core_monitors,Denver,wind_only_vs_reference,2023,1.178804308138062,True
core_monitors,Denver,wind_only_vs_reference,2024,1.3568322794304883,True
core_monitors,Denver,other_compound_vs_reference,2019,1.188131449796601,True
core_monitors,Denver,other_compound_vs_reference,2020,0.8988469826467629,True
core_monitors,Denver,other_compound_vs_reference,2021,0.9521323635318576,True
core_monitors,Denver,other_compound_vs_reference,2022,1.3591264681235102,True
core_monitors,Denver,other_compound_vs_reference,2023,0.8248006200837443,True
core_monitors,Denver,other_compound_vs_reference,2024,0.8307548385294217,True
core_monitors,Denver,episode_vs_wind_only,2019,-1.0494129784218735,True
core_monitors,Denver,episode_vs_wind_only,2020,0.0358979236110044,True
core_monitors,Denver,episode_vs_wind_only,2021,0.5688389254916126,True
core_monitors,Denver,episode_vs_wind_only,2022,1.066478324738965,True
core_monitors,Denver,episode_vs_wind_only,2023,0.3877057729255448,True
core_monitors,Denver,episode_vs_wind_only,2024,0.4750695105969917,True
core_monitors,Denver,episode_vs_heat_only,2019,-0.336060069230531,True
core_monitors,Denver,episode_vs_heat_only,2020,1.202538874479865,True
core_monitors,Denver,episode_vs_heat_only,2021,1.57868582744755,True
core_monitors,Denver,episode_vs_heat_only,2022,1.5883744801392408,True
core_monitors,Denver,episode_vs_heat_only,2023,0.8718875779673239,True
core_monitors,Denver,episode_vs_heat_only,2024,1.7012785872221254,True
core_monitors,Houston,episode_vs_reference,2019,1.978577597465041,True
core_monitors,Houston,episode_vs_reference,2020,1.6179307763477653,True
core_monitors,Houston,episode_vs_reference,2021,1.8799390979214416,True
core_monitors,Houston,episode_vs_reference,2022,1.856951144036137,True
core_monitors,Houston,episode_vs_reference,2023,1.700972094861768,True
core_monitors,Houston,episode_vs_reference,2024,2.053946867392117,True
core_monitors,Houston,heat_only_vs_reference,2019,-1.816612618365032,True
core_monitors,Houston,heat_only_vs_reference,2020,-1.4119224889680486,True
core_monitors,Houston,heat_only_vs_reference,2021,-1.4382251261586327,True
core_monitors,Houston,heat_only_vs_reference,2022,-1.4452691386796683,True
core_monitors,Houston,heat_only_vs_reference,2023,-0.8825537553315762,True
core_monitors,Houston,heat_only_vs_reference,2024,-1.1769675650849858,True
core_monitors,Houston,wind_only_vs_reference,2019,3.732091225341282,True
core_monitors,Houston,wind_only_vs_reference,2020,3.653030037775092,True
core_monitors,Houston,wind_only_vs_reference,2021,3.737453441836899,True
core_monitors,Houston,wind_only_vs_reference,2022,3.75673632809386,True
core_monitors,Houston,wind_only_vs_reference,2023,3.513202271446883,True
core_monitors,Houston,wind_only_vs_reference,2024,3.496703926168009,True
core_monitors,Houston,other_compound_vs_reference,2019,0.9700486853490442,True
core_monitors,Houston,other_compound_vs_reference,2020,1.2007776968279589,True
core_monitors,Houston,other_compound_vs_reference,2021,0.8772813864107729,True
core_monitors,Houston,other_compound_vs_reference,2022,1.2242536323109054,True
core_monitors,Houston,other_compound_vs_reference,2023,1.5240422302160426,True
core_monitors,Houston,other_compound_vs_reference,2024,1.5045517593038653,True
core_monitors,Houston,episode_vs_wind_only,2019,-1.753513627876241,True
core_monitors,Houston,episode_vs_wind_only,2020,-2.0350992614273267,True
core_monitors,Houston,episode_vs_wind_only,2021,-1.857514343915457,True
core_monitors,Houston,episode_vs_wind_only,2022,-1.899785184057723,True
core_monitors,Houston,episode_vs_wind_only,2023,-1.8122301765851148,True
core_monitors,Houston,episode_vs_wind_only,2024,-1.4427570587758916,True
core_monitors,Houston,episode_vs_heat_only,2019,3.7951902158300728,True
core_monitors,Houston,episode_vs_heat_only,2020,3.029853265315814,True
core_monitors,Houston,episode_vs_heat_only,2021,3.318164224080075,True
core_monitors,Houston,episode_vs_heat_only,2022,3.3022202827158056,True
core_monitors,Houston,episode_vs_heat_only,2023,2.5835258501933445,True
core_monitors,Houston,episode_vs_heat_only,2024,3.2309144324771037,True
core_monitors,Los Angeles,episode_vs_reference,2019,3.1748830765197606,True
core_monitors,Los Angeles,episode_vs_reference,2020,3.2559060351682607,True
core_monitors,Los Angeles,episode_vs_reference,2021,3.0546527475980345,True
core_monitors,Los Angeles,episode_vs_reference,2022,3.0822366567338757,True
core_monitors,Los Angeles,episode_vs_reference,2023,2.8223514022449163,True
core_monitors,Los Angeles,episode_vs_reference,2024,3.2860970026767675,True
core_monitors,Los Angeles,heat_only_vs_reference,2019,0.7194010183441055,True
core_monitors,Los Angeles,heat_only_vs_reference,2020,1.1344177460655869,True
core_monitors,Los Angeles,heat_only_vs_reference,2021,0.8229070004712107,True
core_monitors,Los Angeles,heat_only_vs_reference,2022,0.7551804842468428,True
core_monitors,Los Angeles,heat_only_vs_reference,2023,0.9686928447220186,True
core_monitors,Los Angeles,heat_only_vs_reference,2024,1.101421059313206,True
core_monitors,Los Angeles,wind_only_vs_reference,2019,2.61308174593993,True
core_monitors,Los Angeles,wind_only_vs_reference,2020,2.6663025086371857,True
core_monitors,Los Angeles,wind_only_vs_reference,2021,2.052875844923469,True
core_monitors,Los Angeles,wind_only_vs_reference,2022,2.2889188737883406,True
core_monitors,Los Angeles,wind_only_vs_reference,2023,2.4933356261376227,True
core_monitors,Los Angeles,wind_only_vs_reference,2024,2.329439494433571,True
core_monitors,Los Angeles,other_compound_vs_reference,2019,2.792419437971744,True
core_monitors,Los Angeles,other_compound_vs_reference,2020,3.47379598850636,True
core_monitors,Los Angeles,other_compound_vs_reference,2021,2.652853321422384,True
core_monitors,Los Angeles,other_compound_vs_reference,2022,3.1674628878714968,True
core_monitors,Los Angeles,other_compound_vs_reference,2023,3.224500768700652,True
core_monitors,Los Angeles,other_compound_vs_reference,2024,3.225236312326764,True
core_monitors,Los Angeles,episode_vs_wind_only,2019,0.5618013305798306,True
core_monitors,Los Angeles,episode_vs_wind_only,2020,0.5896035265310751,True
core_monitors,Los Angeles,episode_vs_wind_only,2021,1.001776902674565,True
core_monitors,Los Angeles,episode_vs_wind_only,2022,0.7933177829455347,True
core_monitors,Los Angeles,episode_vs_wind_only,2023,0.3290157761072936,True
core_monitors,Los Angeles,episode_vs_wind_only,2024,0.9566575082431968,True
core_monitors,Los Angeles,episode_vs_heat_only,2019,2.455482058175656,True
core_monitors,Los Angeles,episode_vs_heat_only,2020,2.121488289102674,True
core_monitors,Los Angeles,episode_vs_heat_only,2021,2.231745747126824,True
core_monitors,Los Angeles,episode_vs_heat_only,2022,2.3270561724870324,True
core_monitors,Los Angeles,episode_vs_heat_only,2023,1.8536585575228977,True
core_monitors,Los Angeles,episode_vs_heat_only,2024,2.1846759433635614,True
core_monitors,New York,episode_vs_reference,2019,4.812286987654633,True
core_monitors,New York,episode_vs_reference,2020,4.321870394135799,True
core_monitors,New York,episode_vs_reference,2021,4.092273126113257,True
core_monitors,New York,episode_vs_reference,2022,4.906275488784729,True
core_monitors,New York,episode_vs_reference,2023,4.684082890406659,True
core_monitors,New York,episode_vs_reference,2024,4.309751350283021,True
core_monitors,New York,heat_only_vs_reference,2019,1.0557270439040465,True
core_monitors,New York,heat_only_vs_reference,2020,1.1613648550974125,True
core_monitors,New York,heat_only_vs_reference,2021,1.2672721728512388,True
core_monitors,New York,heat_only_vs_reference,2022,1.0577288614643168,True
core_monitors,New York,heat_only_vs_reference,2023,1.2796351037346834,True
core_monitors,New York,heat_only_vs_reference,2024,1.1874298395230336,True
core_monitors,New York,wind_only_vs_reference,2019,4.328525598091444,True
core_monitors,New York,wind_only_vs_reference,2020,4.409339127586456,True
core_monitors,New York,wind_only_vs_reference,2021,4.409854915851062,True
core_monitors,New York,wind_only_vs_reference,2022,4.208754379634539,True
core_monitors,New York,wind_only_vs_reference,2023,4.48252001918905,True
core_monitors,New York,wind_only_vs_reference,2024,4.157593673821575,True
core_monitors,New York,other_compound_vs_reference,2019,3.583590139542257,True
core_monitors,New York,other_compound_vs_reference,2020,3.8198282909200425,True
core_monitors,New York,other_compound_vs_reference,2021,4.107808134754168,True
core_monitors,New York,other_compound_vs_reference,2022,4.174455517891942,True
core_monitors,New York,other_compound_vs_reference,2023,3.672372597472784,True
core_monitors,New York,other_compound_vs_reference,2024,3.87505419229852,True
core_monitors,New York,episode_vs_wind_only,2019,0.4837613895631891,True
core_monitors,New York,episode_vs_wind_only,2020,-0.0874687334506569,True
core_monitors,New York,episode_vs_wind_only,2021,-0.3175817897378046,True
core_monitors,New York,episode_vs_wind_only,2022,0.6975211091501903,True
core_monitors,New York,episode_vs_wind_only,2023,0.2015628712176083,True
core_monitors,New York,episode_vs_wind_only,2024,0.1521576764614458,True
core_monitors,New York,episode_vs_heat_only,2019,3.7565599437505854,True
core_monitors,New York,episode_vs_heat_only,2020,3.160505539038387,True
core_monitors,New York,episode_vs_heat_only,2021,2.8250009532620184,True
core_monitors,New York,episode_vs_heat_only,2022,3.848546627320412,True
core_monitors,New York,episode_vs_heat_only,2023,3.404447786671976,True
core_monitors,New York,episode_vs_heat_only,2024,3.122321510759987,True
core_monitors,Philadelphia,episode_vs_reference,2019,2.2826624649372738,True
core_monitors,Philadelphia,episode_vs_reference,2020,1.9063225094218577,True
core_monitors,Philadelphia,episode_vs_reference,2021,1.293595540091525,True
core_monitors,Philadelphia,episode_vs_reference,2022,2.1956281103855906,True
core_monitors,Philadelphia,episode_vs_reference,2023,2.185334073611662,True
core_monitors,Philadelphia,episode_vs_reference,2024,1.9522998630509103,True
core_monitors,Philadelphia,heat_only_vs_reference,2019,0.8122050272168214,True
core_monitors,Philadelphia,heat_only_vs_reference,2020,0.7256415368035142,True
core_monitors,Philadelphia,heat_only_vs_reference,2021,1.037842042917477,True
core_monitors,Philadelphia,heat_only_vs_reference,2022,1.0427376059801898,True
core_monitors,Philadelphia,heat_only_vs_reference,2023,0.9360095676342772,True
core_monitors,Philadelphia,heat_only_vs_reference,2024,0.819003348701423,True
core_monitors,Philadelphia,wind_only_vs_reference,2019,1.988834000144189,True
core_monitors,Philadelphia,wind_only_vs_reference,2020,1.912504560567611,True
core_monitors,Philadelphia,wind_only_vs_reference,2021,1.881388706219264,True
core_monitors,Philadelphia,wind_only_vs_reference,2022,1.8379975674219091,True
core_monitors,Philadelphia,wind_only_vs_reference,2023,1.957677920587677,True
core_monitors,Philadelphia,wind_only_vs_reference,2024,1.764179555762177,True
core_monitors,Philadelphia,other_compound_vs_reference,2019,1.9624310043552533,True
core_monitors,Philadelphia,other_compound_vs_reference,2020,1.780902574960316,True
core_monitors,Philadelphia,other_compound_vs_reference,2021,1.8541468137686676,True
core_monitors,Philadelphia,other_compound_vs_reference,2022,1.9309195145074396,True
core_monitors,Philadelphia,other_compound_vs_reference,2023,1.8070091563649813,True
core_monitors,Philadelphia,other_compound_vs_reference,2024,1.6387192249588594,True
core_monitors,Philadelphia,episode_vs_wind_only,2019,0.2938284647930846,True
core_monitors,Philadelphia,episode_vs_wind_only,2020,-0.006182051145753,True
core_monitors,Philadelphia,episode_vs_wind_only,2021,-0.5877931661277387,True
core_monitors,Philadelphia,episode_vs_wind_only,2022,0.3576305429636812,True
core_monitors,Philadelphia,episode_vs_wind_only,2023,0.2276561530239846,True
core_monitors,Philadelphia,episode_vs_wind_only,2024,0.1881203072887329,True
core_monitors,Philadelphia,episode_vs_heat_only,2019,1.4704574377204525,True
core_monitors,Philadelphia,episode_vs_heat_only,2020,1.1806809726183438,True
core_monitors,Philadelphia,episode_vs_heat_only,2021,0.2557534971740482,True
core_monitors,Philadelphia,episode_vs_heat_only,2022,1.1528905044054008,True
core_monitors,Philadelphia,episode_vs_heat_only,2023,1.249324505977385,True
core_monitors,Philadelphia,episode_vs_heat_only,2024,1.1332965143494873,True
core_monitors,Phoenix,episode_vs_reference,2019,3.0222165330117665,True
core_monitors,Phoenix,episode_vs_reference,2020,2.7983865359869404,True
core_monitors,Phoenix,episode_vs_reference,2021,3.271712947800702,True
core_monitors,Phoenix,episode_vs_reference,2022,3.222711552477794,True
core_monitors,Phoenix,episode_vs_reference,2023,3.2906266609170585,True
core_monitors,Phoenix,episode_vs_reference,2024,3.887513468848169,True
core_monitors,Phoenix,heat_only_vs_reference,2019,-0.4225419870336076,True
core_monitors,Phoenix,heat_only_vs_reference,2020,-0.024382379072287,True
core_monitors,Phoenix,heat_only_vs_reference,2021,-0.1396749813276511,True
core_monitors,Phoenix,heat_only_vs_reference,2022,0.1719054190066919,True
core_monitors,Phoenix,heat_only_vs_reference,2023,-0.0716847727969616,True
core_monitors,Phoenix,heat_only_vs_reference,2024,-0.0401409798973793,True
core_monitors,Phoenix,wind_only_vs_reference,2019,3.0583778016392404,True
core_monitors,Phoenix,wind_only_vs_reference,2020,3.0173699463017787,True
core_monitors,Phoenix,wind_only_vs_reference,2021,3.1516341355568764,True
core_monitors,Phoenix,wind_only_vs_reference,2022,3.14754413016058,True
core_monitors,Phoenix,wind_only_vs_reference,2023,3.094492934796933,True
core_monitors,Phoenix,wind_only_vs_reference,2024,3.1267039628897857,True
core_monitors,Phoenix,other_compound_vs_reference,2019,1.4453877778114306,True
core_monitors,Phoenix,other_compound_vs_reference,2020,2.400461538961414,True
core_monitors,Phoenix,other_compound_vs_reference,2021,2.0344463329484754,True
core_monitors,Phoenix,other_compound_vs_reference,2022,2.1040008482841728,True
core_monitors,Phoenix,other_compound_vs_reference,2023,2.229652616071483,True
core_monitors,Phoenix,other_compound_vs_reference,2024,2.171728413290001,True
core_monitors,Phoenix,episode_vs_wind_only,2019,-0.0361612686274739,True
core_monitors,Phoenix,episode_vs_wind_only,2020,-0.2189834103148382,True
core_monitors,Phoenix,episode_vs_wind_only,2021,0.1200788122438254,True
core_monitors,Phoenix,episode_vs_wind_only,2022,0.075167422317214,True
core_monitors,Phoenix,episode_vs_wind_only,2023,0.196133726120125,True
core_monitors,Phoenix,episode_vs_wind_only,2024,0.7608095059583828,True
core_monitors,Phoenix,episode_vs_heat_only,2019,3.444758520045374,True
core_monitors,Phoenix,episode_vs_heat_only,2020,2.8227689150592274,True
core_monitors,Phoenix,episode_vs_heat_only,2021,3.411387929128353,True
core_monitors,Phoenix,episode_vs_heat_only,2022,3.0508061334711023,True
core_monitors,Phoenix,episode_vs_heat_only,2023,3.3623114337140203,True
core_monitors,Phoenix,episode_vs_heat_only,2024,3.927654448745548,True
core_monitors,San Diego,episode_vs_reference,2019,2.226491798488887,True
core_monitors,San Diego,episode_vs_reference,2020,1.7679672438045015,True
core_monitors,San Diego,episode_vs_reference,2021,2.1758977870297604,True
core_monitors,San Diego,episode_vs_reference,2022,2.1310417010219567,True
core_monitors,San Diego,episode_vs_reference,2023,2.109774261550441,True
core_monitors,San Diego,episode_vs_reference,2024,2.456572703012708,True
core_monitors,San Diego,heat_only_vs_reference,2019,0.6383843141032712,True
core_monitors,San Diego,heat_only_vs_reference,2020,0.5967410921037738,True
core_monitors,San Diego,heat_only_vs_reference,2021,0.5922860367508122,True
core_monitors,San Diego,heat_only_vs_reference,2022,0.7014183251144332,True
core_monitors,San Diego,heat_only_vs_reference,2023,0.6599764767193936,True
core_monitors,San Diego,heat_only_vs_reference,2024,0.9481174962524386,True
core_monitors,San Diego,wind_only_vs_reference,2019,1.1759156511072173,True
core_monitors,San Diego,wind_only_vs_reference,2020,1.2167259042131464,True
core_monitors,San Diego,wind_only_vs_reference,2021,1.1950977898324262,True
core_monitors,San Diego,wind_only_vs_reference,2022,1.0032782847603503,True
core_monitors,San Diego,wind_only_vs_reference,2023,1.18157539052312,True
core_monitors,San Diego,wind_only_vs_reference,2024,1.1101785400925364,True
core_monitors,San Diego,other_compound_vs_reference,2019,1.759506141344185,True
core_monitors,San Diego,other_compound_vs_reference,2020,1.924407406468271,True
core_monitors,San Diego,other_compound_vs_reference,2021,1.8050256576139665,True
core_monitors,San Diego,other_compound_vs_reference,2022,1.7547686047444588,True
core_monitors,San Diego,other_compound_vs_reference,2023,2.0528522628409727,True
core_monitors,San Diego,other_compound_vs_reference,2024,2.263243121600409,True
core_monitors,San Diego,episode_vs_wind_only,2019,1.0505761473816695,True
core_monitors,San Diego,episode_vs_wind_only,2020,0.5512413395913551,True
core_monitors,San Diego,episode_vs_wind_only,2021,0.9807999971973342,True
core_monitors,San Diego,episode_vs_wind_only,2022,1.127763416261606,True
core_monitors,San Diego,episode_vs_wind_only,2023,0.928198871027321,True
core_monitors,San Diego,episode_vs_wind_only,2024,1.3463941629201717,True
core_monitors,San Diego,episode_vs_heat_only,2019,1.5881074843856156,True
core_monitors,San Diego,episode_vs_heat_only,2020,1.171226151700728,True
core_monitors,San Diego,episode_vs_heat_only,2021,1.5836117502789482,True
core_monitors,San Diego,episode_vs_heat_only,2022,1.4296233759075234,True
core_monitors,San Diego,episode_vs_heat_only,2023,1.4497977848310477,True
core_monitors,San Diego,episode_vs_heat_only,2024,1.5084552067602697,True
core_monitors,Seattle,episode_vs_reference,2019,6.911126537331386,True
core_monitors,Seattle,episode_vs_reference,2020,7.000344627169943,True
core_monitors,Seattle,episode_vs_reference,2021,6.341507763064543,True
core_monitors,Seattle,episode_vs_reference,2022,4.99387420715355,True
core_monitors,Seattle,episode_vs_reference,2023,7.689675340873857,True
core_monitors,Seattle,episode_vs_reference,2024,6.242611728416974,True
core_monitors,Seattle,heat_only_vs_reference,2019,4.327286989997694,True
core_monitors,Seattle,heat_only_vs_reference,2020,4.0596521478155285,True
core_monitors,Seattle,heat_only_vs_reference,2021,3.943528783022352,True
core_monitors,Seattle,heat_only_vs_reference,2022,3.352829393776204,True
core_monitors,Seattle,heat_only_vs_reference,2023,3.343859706590812,True
core_monitors,Seattle,heat_only_vs_reference,2024,3.614079670708029,True
core_monitors,Seattle,wind_only_vs_reference,2019,3.707717925411159,True
core_monitors,Seattle,wind_only_vs_reference,2020,3.806755905981667,True
core_monitors,Seattle,wind_only_vs_reference,2021,3.5820946819825346,True
core_monitors,Seattle,wind_only_vs_reference,2022,3.684934634108658,True
core_monitors,Seattle,wind_only_vs_reference,2023,3.742771987175207,True
core_monitors,Seattle,wind_only_vs_reference,2024,3.795535358377813,True
core_monitors,Seattle,other_compound_vs_reference,2019,7.912368328650934,True
core_monitors,Seattle,other_compound_vs_reference,2020,8.197046384195504,True
core_monitors,Seattle,other_compound_vs_reference,2021,7.331197250197232,True
core_monitors,Seattle,other_compound_vs_reference,2022,7.145820659764505,True
core_monitors,Seattle,other_compound_vs_reference,2023,8.503808496077628,True
core_monitors,Seattle,other_compound_vs_reference,2024,7.431944410227622,True
core_monitors,Seattle,episode_vs_wind_only,2019,3.203408611920227,True
core_monitors,Seattle,episode_vs_wind_only,2020,3.193588721188276,True
core_monitors,Seattle,episode_vs_wind_only,2021,2.759413081082009,True
core_monitors,Seattle,episode_vs_wind_only,2022,1.308939573044892,True
core_monitors,Seattle,episode_vs_wind_only,2023,3.94690335369865,True
core_monitors,Seattle,episode_vs_wind_only,2024,2.4470763700391607,True
core_monitors,Seattle,episode_vs_heat_only,2019,2.5838395473336924,True
core_monitors,Seattle,episode_vs_heat_only,2020,2.9406924793544142,True
core_monitors,Seattle,episode_vs_heat_only,2021,2.397978980042192,True
core_monitors,Seattle,episode_vs_heat_only,2022,1.6410448133773463,True
core_monitors,Seattle,episode_vs_heat_only,2023,4.345815634283046,True
core_monitors,Seattle,episode_vs_heat_only,2024,2.628532057708945,True
equal_station_weights,Atlanta,episode_vs_reference,2019,2.188034908592693,True
equal_station_weights,Atlanta,episode_vs_reference,2020,2.472879434007485,True
equal_station_weights,Atlanta,episode_vs_reference,2021,2.324956627088697,True
equal_station_weights,Atlanta,episode_vs_reference,2022,2.673382186585516,True
equal_station_weights,Atlanta,episode_vs_reference,2023,2.686414411135152,True
equal_station_weights,Atlanta,episode_vs_reference,2024,2.368995946044439,True
equal_station_weights,Atlanta,heat_only_vs_reference,2019,-0.0645291540517497,True
equal_station_weights,Atlanta,heat_only_vs_reference,2020,-0.0292561835952113,True
equal_station_weights,Atlanta,heat_only_vs_reference,2021,-0.0233054139810321,True
equal_station_weights,Atlanta,heat_only_vs_reference,2022,0.2492841820508657,True
equal_station_weights,Atlanta,heat_only_vs_reference,2023,0.1862178498642402,True
equal_station_weights,Atlanta,heat_only_vs_reference,2024,0.122461913121544,True
equal_station_weights,Atlanta,wind_only_vs_reference,2019,1.7420116961470626,True
equal_station_weights,Atlanta,wind_only_vs_reference,2020,1.829534859083722,True
equal_station_weights,Atlanta,wind_only_vs_reference,2021,1.7555414572007453,True
equal_station_weights,Atlanta,wind_only_vs_reference,2022,1.8798037113849628,True
equal_station_weights,Atlanta,wind_only_vs_reference,2023,2.060318409703048,True
equal_station_weights,Atlanta,wind_only_vs_reference,2024,1.8805423808461432,True
equal_station_weights,Atlanta,other_compound_vs_reference,2019,1.1239026592535564,True
equal_station_weights,Atlanta,other_compound_vs_reference,2020,1.1484389523633662,True
equal_station_weights,Atlanta,other_compound_vs_reference,2021,1.1003723328637685,True
equal_station_weights,Atlanta,other_compound_vs_reference,2022,1.6753217180927082,True
equal_station_weights,Atlanta,other_compound_vs_reference,2023,1.9158152296510356,True
equal_station_weights,Atlanta,other_compound_vs_reference,2024,1.1608416818236262,True
equal_station_weights,Atlanta,episode_vs_wind_only,2019,0.4460232124456305,True
equal_station_weights,Atlanta,episode_vs_wind_only,2020,0.643344574923763,True
equal_station_weights,Atlanta,episode_vs_wind_only,2021,0.5694151698879519,True
equal_station_weights,Atlanta,episode_vs_wind_only,2022,0.7935784752005528,True
equal_station_weights,Atlanta,episode_vs_wind_only,2023,0.6260960014321042,True
equal_station_weights,Atlanta,episode_vs_wind_only,2024,0.4884535651982959,True
equal_station_weights,Atlanta,episode_vs_heat_only,2019,2.252564062644443,True
equal_station_weights,Atlanta,episode_vs_heat_only,2020,2.502135617602696,True
equal_station_weights,Atlanta,episode_vs_heat_only,2021,2.348262041069729,True
equal_station_weights,Atlanta,episode_vs_heat_only,2022,2.42409800453465,True
equal_station_weights,Atlanta,episode_vs_heat_only,2023,2.500196561270912,True
equal_station_weights,Atlanta,episode_vs_heat_only,2024,2.246534032922895,True
equal_station_weights,Chicago,episode_vs_reference,2019,4.696839105487499,True
equal_station_weights,Chicago,episode_vs_reference,2020,4.964544702651728,True
equal_station_weights,Chicago,episode_vs_reference,2021,4.938973834088392,True
equal_station_weights,Chicago,episode_vs_reference,2022,4.500604116078781,True
equal_station_weights,Chicago,episode_vs_reference,2023,4.290836242085311,True
equal_station_weights,Chicago,episode_vs_reference,2024,4.481159693237888,True
equal_station_weights,Chicago,heat_only_vs_reference,2019,0.0562988796035637,True
equal_station_weights,Chicago,heat_only_vs_reference,2020,0.6509274231971114,True
equal_station_weights,Chicago,heat_only_vs_reference,2021,0.3285835666914547,True
equal_station_weights,Chicago,heat_only_vs_reference,2022,0.6061016754182633,True
equal_station_weights,Chicago,heat_only_vs_reference,2023,0.6066767326103988,True
equal_station_weights,Chicago,heat_only_vs_reference,2024,0.5259641607088721,True
equal_station_weights,Chicago,wind_only_vs_reference,2019,4.231524067993183,True
equal_station_weights,Chicago,wind_only_vs_reference,2020,4.510705257050691,True
equal_station_weights,Chicago,wind_only_vs_reference,2021,4.563581000083696,True
equal_station_weights,Chicago,wind_only_vs_reference,2022,4.015740117851459,True
equal_station_weights,Chicago,wind_only_vs_reference,2023,4.485746488353276,True
equal_station_weights,Chicago,wind_only_vs_reference,2024,4.497147772801261,True
equal_station_weights,Chicago,other_compound_vs_reference,2019,4.223916174216477,True
equal_station_weights,Chicago,other_compound_vs_reference,2020,4.572296192799314,True
equal_station_weights,Chicago,other_compound_vs_reference,2021,4.484379253258997,True
equal_station_weights,Chicago,other_compound_vs_reference,2022,4.396652249962816,True
equal_station_weights,Chicago,other_compound_vs_reference,2023,4.398605562206804,True
equal_station_weights,Chicago,other_compound_vs_reference,2024,4.591369277219254,True
equal_station_weights,Chicago,episode_vs_wind_only,2019,0.4653150374943164,True
equal_station_weights,Chicago,episode_vs_wind_only,2020,0.4538394456010373,True
equal_station_weights,Chicago,episode_vs_wind_only,2021,0.3753928340046961,True
equal_station_weights,Chicago,episode_vs_wind_only,2022,0.4848639982273219,True
equal_station_weights,Chicago,episode_vs_wind_only,2023,-0.1949102462679652,True
equal_station_weights,Chicago,episode_vs_wind_only,2024,-0.0159880795633728,True
equal_station_weights,Chicago,episode_vs_heat_only,2019,4.640540225883935,True
equal_station_weights,Chicago,episode_vs_heat_only,2020,4.313617279454617,True
equal_station_weights,Chicago,episode_vs_heat_only,2021,4.610390267396937,True
equal_station_weights,Chicago,episode_vs_heat_only,2022,3.894502440660518,True
equal_station_weights,Chicago,episode_vs_heat_only,2023,3.684159509474912,True
equal_station_weights,Chicago,episode_vs_heat_only,2024,3.955195532529016,True
equal_station_weights,Dallas,episode_vs_reference,2019,2.111993227227276,True
equal_station_weights,Dallas,episode_vs_reference,2020,2.1974709750116705,True
equal_station_weights,Dallas,episode_vs_reference,2021,2.663203106151117,True
equal_station_weights,Dallas,episode_vs_reference,2022,2.135235247121221,True
equal_station_weights,Dallas,episode_vs_reference,2023,2.7662090726849424,True
equal_station_weights,Dallas,episode_vs_reference,2024,2.6468359205778613,True
equal_station_weights,Dallas,heat_only_vs_reference,2019,-1.1423170833058165,True
equal_station_weights,Dallas,heat_only_vs_reference,2020,-1.3821252903213344,True
equal_station_weights,Dallas,heat_only_vs_reference,2021,-0.8743458143464082,True
equal_station_weights,Dallas,heat_only_vs_reference,2022,-1.3813650385664862,True
equal_station_weights,Dallas,heat_only_vs_reference,2023,-0.7378611846932965,True
equal_station_weights,Dallas,heat_only_vs_reference,2024,-0.8769602273145944,True
equal_station_weights,Dallas,wind_only_vs_reference,2019,3.158606807641641,True
equal_station_weights,Dallas,wind_only_vs_reference,2020,3.1737476394619204,True
equal_station_weights,Dallas,wind_only_vs_reference,2021,3.1082041411039496,True
equal_station_weights,Dallas,wind_only_vs_reference,2022,2.953668084716852,True
equal_station_weights,Dallas,wind_only_vs_reference,2023,3.0587240497458774,True
equal_station_weights,Dallas,wind_only_vs_reference,2024,3.2497808478781147,True
equal_station_weights,Dallas,other_compound_vs_reference,2019,1.542940152656677,True
equal_station_weights,Dallas,other_compound_vs_reference,2020,1.328127799174414,True
equal_station_weights,Dallas,other_compound_vs_reference,2021,1.3262968991550768,True
equal_station_weights,Dallas,other_compound_vs_reference,2022,1.4562948927540902,True
equal_station_weights,Dallas,other_compound_vs_reference,2023,2.011910638618651,True
equal_station_weights,Dallas,other_compound_vs_reference,2024,1.72066645242649,True
equal_station_weights,Dallas,episode_vs_wind_only,2019,-1.0466135804143653,True
equal_station_weights,Dallas,episode_vs_wind_only,2020,-0.97627666445025,True
equal_station_weights,Dallas,episode_vs_wind_only,2021,-0.445001034952833,True
equal_station_weights,Dallas,episode_vs_wind_only,2022,-0.8184328375956307,True
equal_station_weights,Dallas,episode_vs_wind_only,2023,-0.292514977060935,True
equal_station_weights,Dallas,episode_vs_wind_only,2024,-0.6029449273002534,True
equal_station_weights,Dallas,episode_vs_heat_only,2019,3.254310310533092,True
equal_station_weights,Dallas,episode_vs_heat_only,2020,3.579596265333005,True
equal_station_weights,Dallas,episode_vs_heat_only,2021,3.537548920497525,True
equal_station_weights,Dallas,episode_vs_heat_only,2022,3.516600285687708,True
equal_station_weights,Dallas,episode_vs_heat_only,2023,3.504070257378239,True
equal_station_weights,Dallas,episode_vs_heat_only,2024,3.5237961478924555,True
equal_station_weights,Denver,episode_vs_reference,2019,0.3389399957390092,True
equal_station_weights,Denver,episode_vs_reference,2020,1.6011778618490962,True
equal_station_weights,Denver,episode_vs_reference,2021,2.235254230922081,True
equal_station_weights,Denver,episode_vs_reference,2022,2.391331947917955,True
equal_station_weights,Denver,episode_vs_reference,2023,1.7785621197854948,True
equal_station_weights,Denver,episode_vs_reference,2024,2.091368699602032,True
equal_station_weights,Denver,heat_only_vs_reference,2019,0.6549322883987141,True
equal_station_weights,Denver,heat_only_vs_reference,2020,0.2600897993207285,True
equal_station_weights,Denver,heat_only_vs_reference,2021,0.4424131961997019,True
equal_station_weights,Denver,heat_only_vs_reference,2022,0.6726215825634345,True
equal_station_weights,Denver,heat_only_vs_reference,2023,0.7818106935348892,True
equal_station_weights,Denver,heat_only_vs_reference,2024,0.173893269577041,True
equal_station_weights,Denver,wind_only_vs_reference,2019,1.3604958337974615,True
equal_station_weights,Denver,wind_only_vs_reference,2020,1.394739610487446,True
equal_station_weights,Denver,wind_only_vs_reference,2021,1.4526304870792477,True
equal_station_weights,Denver,wind_only_vs_reference,2022,1.124855643333918,True
equal_station_weights,Denver,wind_only_vs_reference,2023,1.1694015321182314,True
equal_station_weights,Denver,wind_only_vs_reference,2024,1.367902454147901,True
equal_station_weights,Denver,other_compound_vs_reference,2019,1.19985540641738,True
equal_station_weights,Denver,other_compound_vs_reference,2020,0.9110748137327072,True
equal_station_weights,Denver,other_compound_vs_reference,2021,0.9500090961396088,True
equal_station_weights,Denver,other_compound_vs_reference,2022,1.3944498224877575,True
equal_station_weights,Denver,other_compound_vs_reference,2023,0.8331737477033541,True
equal_station_weights,Denver,other_compound_vs_reference,2024,0.8474989539686575,True
equal_station_weights,Denver,episode_vs_wind_only,2019,-1.0215558380584522,True
equal_station_weights,Denver,episode_vs_wind_only,2020,0.20643825136165,True
equal_station_weights,Denver,episode_vs_wind_only,2021,0.7826237438428332,True
equal_station_weights,Denver,episode_vs_wind_only,2022,1.266476304584037,True
equal_station_weights,Denver,episode_vs_wind_only,2023,0.6091605876672634,True
equal_station_weights,Denver,episode_vs_wind_only,2024,0.723466245454131,True
equal_station_weights,Denver,episode_vs_heat_only,2019,-0.3159922926597048,True
equal_station_weights,Denver,episode_vs_heat_only,2020,1.3410880625283677,True
equal_station_weights,Denver,episode_vs_heat_only,2021,1.7928410347223789,True
equal_station_weights,Denver,episode_vs_heat_only,2022,1.7187103653545204,True
equal_station_weights,Denver,episode_vs_heat_only,2023,0.9967514262506056,True
equal_station_weights,Denver,episode_vs_heat_only,2024,1.917475430024991,True
equal_station_weights,Houston,episode_vs_reference,2019,1.9099220321278008,True
equal_station_weights,Houston,episode_vs_reference,2020,1.5736826092532246,True
equal_station_weights,Houston,episode_vs_reference,2021,1.7238776820095798,True
equal_station_weights,Houston,episode_vs_reference,2022,1.7783151571915652,True
equal_station_weights,Houston,episode_vs_reference,2023,1.7108710140760457,True
equal_station_weights,Houston,episode_vs_reference,2024,1.9529571089983024,True
equal_station_weights,Houston,heat_only_vs_reference,2019,-1.6607395860822964,True
equal_station_weights,Houston,heat_only_vs_reference,2020,-1.2988257656735962,True
equal_station_weights,Houston,heat_only_vs_reference,2021,-1.3558767597619632,True
equal_station_weights,Houston,heat_only_vs_reference,2022,-1.3089668261394438,True
equal_station_weights,Houston,heat_only_vs_reference,2023,-0.7889537336582902,True
equal_station_weights,Houston,heat_only_vs_reference,2024,-1.0686981422288668,True
equal_station_weights,Houston,wind_only_vs_reference,2019,3.696224529591592,True
equal_station_weights,Houston,wind_only_vs_reference,2020,3.662005142083967,True
equal_station_weights,Houston,wind_only_vs_reference,2021,3.670302078641496,True
equal_station_weights,Houston,wind_only_vs_reference,2022,3.744999564560756,True
equal_station_weights,Houston,wind_only_vs_reference,2023,3.4926734009721025,True
equal_station_weights,Houston,wind_only_vs_reference,2024,3.4140797797137776,True
equal_station_weights,Houston,other_compound_vs_reference,2019,1.1239290972059843,True
equal_station_weights,Houston,other_compound_vs_reference,2020,1.3205025474090286,True
equal_station_weights,Houston,other_compound_vs_reference,2021,0.971774038880389,True
equal_station_weights,Houston,other_compound_vs_reference,2022,1.397832089898868,True
equal_station_weights,Houston,other_compound_vs_reference,2023,1.5820351747916044,True
equal_station_weights,Houston,other_compound_vs_reference,2024,1.5721204537338125,True
equal_station_weights,Houston,episode_vs_wind_only,2019,-1.7863024974637909,True
equal_station_weights,Houston,episode_vs_wind_only,2020,-2.088322532830742,True
equal_station_weights,Houston,episode_vs_wind_only,2021,-1.9464243966319168,True
equal_station_weights,Houston,episode_vs_wind_only,2022,-1.9666844073691911,True
equal_station_weights,Houston,episode_vs_wind_only,2023,-1.781802386896057,True
equal_station_weights,Houston,episode_vs_wind_only,2024,-1.4611226707154752,True
equal_station_weights,Houston,episode_vs_heat_only,2019,3.570661618210097,True
equal_station_weights,Houston,episode_vs_heat_only,2020,2.872508374926821,True
equal_station_weights,Houston,episode_vs_heat_only,2021,3.0797544417715432,True
equal_station_weights,Houston,episode_vs_heat_only,2022,3.087281983331009,True
equal_station_weights,Houston,episode_vs_heat_only,2023,2.499824747734336,True
equal_station_weights,Houston,episode_vs_heat_only,2024,3.0216552512271693,True
equal_station_weights,Los Angeles,episode_vs_reference,2019,3.060557969361132,True
equal_station_weights,Los Angeles,episode_vs_reference,2020,3.137479082184093,True
equal_station_weights,Los Angeles,episode_vs_reference,2021,3.0070085156395843,True
equal_station_weights,Los Angeles,episode_vs_reference,2022,2.947335371873725,True
equal_station_weights,Los Angeles,episode_vs_reference,2023,2.702329353708447,True
equal_station_weights,Los Angeles,episode_vs_reference,2024,3.142281828398955,True
equal_station_weights,Los Angeles,heat_only_vs_reference,2019,0.6485926838399068,True
equal_station_weights,Los Angeles,heat_only_vs_reference,2020,1.063790736782767,True
equal_station_weights,Los Angeles,heat_only_vs_reference,2021,0.7759517967257108,True
equal_station_weights,Los Angeles,heat_only_vs_reference,2022,0.6587660283840688,True
equal_station_weights,Los Angeles,heat_only_vs_reference,2023,0.8738062400582384,True
equal_station_weights,Los Angeles,heat_only_vs_reference,2024,1.000839838831055,True
equal_station_weights,Los Angeles,wind_only_vs_reference,2019,2.525237132153357,True
equal_station_weights,Los Angeles,wind_only_vs_reference,2020,2.630801097871645,True
equal_station_weights,Los Angeles,wind_only_vs_reference,2021,2.014389056654605,True
equal_station_weights,Los Angeles,wind_only_vs_reference,2022,2.2156112160183854,True
equal_station_weights,Los Angeles,wind_only_vs_reference,2023,2.4049830546970563,True
equal_station_weights,Los Angeles,wind_only_vs_reference,2024,2.2527392223242613,True
equal_station_weights,Los Angeles,other_compound_vs_reference,2019,2.739456403649648,True
equal_station_weights,Los Angeles,other_compound_vs_reference,2020,3.4221133150286462,True
equal_station_weights,Los Angeles,other_compound_vs_reference,2021,2.5461643474777813,True
equal_station_weights,Los Angeles,other_compound_vs_reference,2022,3.0518211333549545,True
equal_station_weights,Los Angeles,other_compound_vs_reference,2023,3.1128158420269574,True
equal_station_weights,Los Angeles,other_compound_vs_reference,2024,3.112098674977547,True
equal_station_weights,Los Angeles,episode_vs_wind_only,2019,0.5353208372077751,True
equal_station_weights,Los Angeles,episode_vs_wind_only,2020,0.5066779843124483,True
equal_station_weights,Los Angeles,episode_vs_wind_only,2021,0.9926194589849788,True
equal_station_weights,Los Angeles,episode_vs_wind_only,2022,0.7317241558553396,True
equal_station_weights,Los Angeles,episode_vs_wind_only,2023,0.2973462990113908,True
equal_station_weights,Los Angeles,episode_vs_wind_only,2024,0.8895426060746936,True
equal_station_weights,Los Angeles,episode_vs_heat_only,2019,2.411965285521225,True
equal_station_weights,Los Angeles,episode_vs_heat_only,2020,2.073688345401326,True
equal_station_weights,Los Angeles,episode_vs_heat_only,2021,2.231056718913873,True
equal_station_weights,Los Angeles,episode_vs_heat_only,2022,2.288569343489656,True
equal_station_weights,Los Angeles,episode_vs_heat_only,2023,1.828523113650209,True
equal_station_weights,Los Angeles,episode_vs_heat_only,2024,2.1414419895679,True
equal_station_weights,New York,episode_vs_reference,2019,4.863342040620806,True
equal_station_weights,New York,episode_vs_reference,2020,4.336740469238078,True
equal_station_weights,New York,episode_vs_reference,2021,4.0838153077623245,True
equal_station_weights,New York,episode_vs_reference,2022,4.94948722079518,True
equal_station_weights,New York,episode_vs_reference,2023,4.679110872136999,True
equal_station_weights,New York,episode_vs_reference,2024,4.345632895659245,True
equal_station_weights,New York,heat_only_vs_reference,2019,1.058027068377425,True
equal_station_weights,New York,heat_only_vs_reference,2020,1.1578514059453415,True
equal_station_weights,New York,heat_only_vs_reference,2021,1.274906191955688,True
equal_station_weights,New York,heat_only_vs_reference,2022,1.0616858393462276,True
equal_station_weights,New York,heat_only_vs_reference,2023,1.269975462695565,True
equal_station_weights,New York,heat_only_vs_reference,2024,1.199561709064539,True
equal_station_weights,New York,wind_only_vs_reference,2019,4.320202551850909,True
equal_station_weights,New York,wind_only_vs_reference,2020,4.400924505063815,True
equal_station_weights,New York,wind_only_vs_reference,2021,4.4043203065168965,True
equal_station_weights,New York,wind_only_vs_reference,2022,4.213740306004867,True
equal_station_weights,New York,wind_only_vs_reference,2023,4.447257955077224,True
equal_station_weights,New York,wind_only_vs_reference,2024,4.155913150230566,True
equal_station_weights,New York,other_compound_vs_reference,2019,3.5266356089027218,True
equal_station_weights,New York,other_compound_vs_reference,2020,3.768297918134521,True
equal_station_weights,New York,other_compound_vs_reference,2021,4.060582958907153,True
equal_station_weights,New York,other_compound_vs_reference,2022,4.153922480732669,True
equal_station_weights,New York,other_compound_vs_reference,2023,3.65825997877666,True
equal_station_weights,New York,other_compound_vs_reference,2024,3.8350571779881935,True
equal_station_weights,New York,episode_vs_wind_only,2019,0.5431394887698966,True
equal_station_weights,New York,episode_vs_wind_only,2020,-0.0641840358257361,True
equal_station_weights,New York,episode_vs_wind_only,2021,-0.320504998754572,True
equal_station_weights,New York,episode_vs_wind_only,2022,0.7357469147903126,True
equal_station_weights,New York,episode_vs_wind_only,2023,0.2318529170597747,True
equal_station_weights,New York,episode_vs_wind_only,2024,0.1897197454286789,True
equal_station_weights,New York,episode_vs_heat_only,2019,3.805314972243381,True
equal_station_weights,New York,episode_vs_heat_only,2020,3.178889063292737,True
equal_station_weights,New York,episode_vs_heat_only,2021,2.8089091158066366,True
equal_station_weights,New York,episode_vs_heat_only,2022,3.887801381448952,True
equal_station_weights,New York,episode_vs_heat_only,2023,3.4091354094414337,True
equal_station_weights,New York,episode_vs_heat_only,2024,3.146071186594706,True
equal_station_weights,Philadelphia,episode_vs_reference,2019,2.2983283818971563,True
equal_station_weights,Philadelphia,episode_vs_reference,2020,2.0375003142447192,True
equal_station_weights,Philadelphia,episode_vs_reference,2021,1.3548094377436124,True
equal_station_weights,Philadelphia,episode_vs_reference,2022,2.3430263154953903,True
equal_station_weights,Philadelphia,episode_vs_reference,2023,2.342651027625269,True
equal_station_weights,Philadelphia,episode_vs_reference,2024,2.0630429680133058,True
equal_station_weights,Philadelphia,heat_only_vs_reference,2019,0.7892330884135433,True
equal_station_weights,Philadelphia,heat_only_vs_reference,2020,0.6895210959853479,True
equal_station_weights,Philadelphia,heat_only_vs_reference,2021,1.0025037707329256,True
equal_station_weights,Philadelphia,heat_only_vs_reference,2022,1.0013857345760937,True
equal_station_weights,Philadelphia,heat_only_vs_reference,2023,0.9108503616116088,True
equal_station_weights,Philadelphia,heat_only_vs_reference,2024,0.783381607520993,True
equal_station_weights,Philadelphia,wind_only_vs_reference,2019,2.024173247849684,True
equal_station_weights,Philadelphia,wind_only_vs_reference,2020,2.0385943899976757,True
equal_station_weights,Philadelphia,wind_only_vs_reference,2021,2.004271498634966,True
equal_station_weights,Philadelphia,wind_only_vs_reference,2022,1.9582842309807569,True
equal_station_weights,Philadelphia,wind_only_vs_reference,2023,2.092970882389445,True
equal_station_weights,Philadelphia,wind_only_vs_reference,2024,1.8244202604396764,True
equal_station_weights,Philadelphia,other_compound_vs_reference,2019,1.9608274060657076,True
equal_station_weights,Philadelphia,other_compound_vs_reference,2020,1.8732265036222528,True
equal_station_weights,Philadelphia,other_compound_vs_reference,2021,1.928605542154055,True
equal_station_weights,Philadelphia,other_compound_vs_reference,2022,2.0167718549233813,True
equal_station_weights,Philadelphia,other_compound_vs_reference,2023,1.9191744062393563,True
equal_station_weights,Philadelphia,other_compound_vs_reference,2024,1.6641224046993814,True
equal_station_weights,Philadelphia,episode_vs_wind_only,2019,0.2741551340474726,True
equal_station_weights,Philadelphia,episode_vs_wind_only,2020,-0.001094075752956,True
equal_station_weights,Philadelphia,episode_vs_wind_only,2021,-0.6494620608913535,True
equal_station_weights,Philadelphia,episode_vs_wind_only,2022,0.3847420845146336,True
equal_station_weights,Philadelphia,episode_vs_wind_only,2023,0.2496801452358239,True
equal_station_weights,Philadelphia,episode_vs_wind_only,2024,0.2386227075736293,True
equal_station_weights,Philadelphia,episode_vs_heat_only,2019,1.5090952934836128,True
equal_station_weights,Philadelphia,episode_vs_heat_only,2020,1.3479792182593713,True
equal_station_weights,Philadelphia,episode_vs_heat_only,2021,0.3523056670106868,True
equal_station_weights,Philadelphia,episode_vs_heat_only,2022,1.3416405809192968,True
equal_station_weights,Philadelphia,episode_vs_heat_only,2023,1.4318006660136602,True
equal_station_weights,Philadelphia,episode_vs_heat_only,2024,1.2796613604923128,True
equal_station_weights,Phoenix,episode_vs_reference,2019,2.99705639180796,True
equal_station_weights,Phoenix,episode_vs_reference,2020,2.7597018014770844,True
equal_station_weights,Phoenix,episode_vs_reference,2021,3.211377631590381,True
equal_station_weights,Phoenix,episode_vs_reference,2022,3.121438115203275,True
equal_station_weights,Phoenix,episode_vs_reference,2023,3.1994250234886725,True
equal_station_weights,Phoenix,episode_vs_reference,2024,3.701823920073172,True
equal_station_weights,Phoenix,heat_only_vs_reference,2019,-0.4277915096812338,True
equal_station_weights,Phoenix,heat_only_vs_reference,2020,-0.0569257327490385,True
equal_station_weights,Phoenix,heat_only_vs_reference,2021,-0.15503475375673,True
equal_station_weights,Phoenix,heat_only_vs_reference,2022,0.1828343809796613,True
equal_station_weights,Phoenix,heat_only_vs_reference,2023,-0.0785753937895139,True
equal_station_weights,Phoenix,heat_only_vs_reference,2024,-0.0610721495449892,True
equal_station_weights,Phoenix,wind_only_vs_reference,2019,3.009222445937033,True
equal_station_weights,Phoenix,wind_only_vs_reference,2020,3.0770280550290163,True
equal_station_weights,Phoenix,wind_only_vs_reference,2021,3.206161962609981,True
equal_station_weights,Phoenix,wind_only_vs_reference,2022,3.195504320858003,True
equal_station_weights,Phoenix,wind_only_vs_reference,2023,3.142266996175728,True
equal_station_weights,Phoenix,wind_only_vs_reference,2024,3.187756341992303,True
equal_station_weights,Phoenix,other_compound_vs_reference,2019,1.4482473014489956,True
equal_station_weights,Phoenix,other_compound_vs_reference,2020,2.4455170573769998,True
equal_station_weights,Phoenix,other_compound_vs_reference,2021,2.146142656410148,True
equal_station_weights,Phoenix,other_compound_vs_reference,2022,2.196191706060853,True
equal_station_weights,Phoenix,other_compound_vs_reference,2023,2.35102011322508,True
equal_station_weights,Phoenix,other_compound_vs_reference,2024,2.290460963979264,True
equal_station_weights,Phoenix,episode_vs_wind_only,2019,-0.0121660541290729,True
equal_station_weights,Phoenix,episode_vs_wind_only,2020,-0.3173262535519319,True
equal_station_weights,Phoenix,episode_vs_wind_only,2021,0.0052156689804001,True
equal_station_weights,Phoenix,episode_vs_wind_only,2022,-0.0740662056547281,True
equal_station_weights,Phoenix,episode_vs_wind_only,2023,0.0571580273129446,True
equal_station_weights,Phoenix,episode_vs_wind_only,2024,0.5140675780808688,True
equal_station_weights,Phoenix,episode_vs_heat_only,2019,3.4248479014891937,True
equal_station_weights,Phoenix,episode_vs_heat_only,2020,2.816627534226123,True
equal_station_weights,Phoenix,episode_vs_heat_only,2021,3.366412385347111,True
equal_station_weights,Phoenix,episode_vs_heat_only,2022,2.938603734223613,True
equal_station_weights,Phoenix,episode_vs_heat_only,2023,3.2780004172781867,True
equal_station_weights,Phoenix,episode_vs_heat_only,2024,3.7628960696181615,True
equal_station_weights,San Diego,episode_vs_reference,2019,2.177488289558781,True
equal_station_weights,San Diego,episode_vs_reference,2020,1.8435052588324827,True
equal_station_weights,San Diego,episode_vs_reference,2021,2.2289562709326294,True
equal_station_weights,San Diego,episode_vs_reference,2022,2.1931224441193957,True
equal_station_weights,San Diego,episode_vs_reference,2023,2.1686879343321888,True
equal_station_weights,San Diego,episode_vs_reference,2024,2.5505383328977573,True
equal_station_weights,San Diego,heat_only_vs_reference,2019,0.5987306492807896,True
equal_station_weights,San Diego,heat_only_vs_reference,2020,0.5732631762071276,True
equal_station_weights,San Diego,heat_only_vs_reference,2021,0.5678379098510317,True
equal_station_weights,San Diego,heat_only_vs_reference,2022,0.6952229908693062,True
equal_station_weights,San Diego,heat_only_vs_reference,2023,0.6014813614791635,True
equal_station_weights,San Diego,heat_only_vs_reference,2024,0.9642177279809914,True
equal_station_weights,San Diego,wind_only_vs_reference,2019,1.1758055832668082,True
equal_station_weights,San Diego,wind_only_vs_reference,2020,1.221720500714413,True
equal_station_weights,San Diego,wind_only_vs_reference,2021,1.197054958725031,True
equal_station_weights,San Diego,wind_only_vs_reference,2022,1.0212497257020552,True
equal_station_weights,San Diego,wind_only_vs_reference,2023,1.176547377629291,True
equal_station_weights,San Diego,wind_only_vs_reference,2024,1.1001403153579878,True
equal_station_weights,San Diego,other_compound_vs_reference,2019,1.649484032173116,True
equal_station_weights,San Diego,other_compound_vs_reference,2020,1.9009292207792383,True
equal_station_weights,San Diego,other_compound_vs_reference,2021,1.7726567699377804,True
equal_station_weights,San Diego,other_compound_vs_reference,2022,1.7653323983632203,True
equal_station_weights,San Diego,other_compound_vs_reference,2023,2.008228042490656,True
equal_station_weights,San Diego,other_compound_vs_reference,2024,2.3120945357565006,True
equal_station_weights,San Diego,episode_vs_wind_only,2019,1.0016827062919726,True
equal_station_weights,San Diego,episode_vs_wind_only,2020,0.6217847581180698,True
equal_station_weights,San Diego,episode_vs_wind_only,2021,1.0319013122075984,True
equal_station_weights,San Diego,episode_vs_wind_only,2022,1.17187271841734,True
equal_station_weights,San Diego,episode_vs_wind_only,2023,0.9921405567028978,True
equal_station_weights,San Diego,episode_vs_wind_only,2024,1.4503980175397695,True
equal_station_weights,San Diego,episode_vs_heat_only,2019,1.5787576402779913,True
equal_station_weights,San Diego,episode_vs_heat_only,2020,1.270242082625355,True
equal_station_weights,San Diego,episode_vs_heat_only,2021,1.6611183610815976,True
equal_station_weights,San Diego,episode_vs_heat_only,2022,1.497899453250089,True
equal_station_weights,San Diego,episode_vs_heat_only,2023,1.5672065728530251,True
equal_station_weights,San Diego,episode_vs_heat_only,2024,1.586320604916766,True
equal_station_weights,Seattle,episode_vs_reference,2019,6.788146070904713,True
equal_station_weights,Seattle,episode_vs_reference,2020,6.878662629614636,True
equal_station_weights,Seattle,episode_vs_reference,2021,6.219224614334249,True
equal_station_weights,Seattle,episode_vs_reference,2022,4.794469677795489,True
equal_station_weights,Seattle,episode_vs_reference,2023,7.674478355104077,True
equal_station_weights,Seattle,episode_vs_reference,2024,6.175102912520973,True
equal_station_weights,Seattle,heat_only_vs_reference,2019,4.126686542423236,True
equal_station_weights,Seattle,heat_only_vs_reference,2020,3.827780788050184,True
equal_station_weights,Seattle,heat_only_vs_reference,2021,3.727174658755288,True
equal_station_weights,Seattle,heat_only_vs_reference,2022,3.072954992266158,True
equal_station_weights,Seattle,heat_only_vs_reference,2023,3.20317520218714,True
equal_station_weights,Seattle,heat_only_vs_reference,2024,3.461334903405056,True
equal_station_weights,Seattle,wind_only_vs_reference,2019,3.666242334087804,True
equal_station_weights,Seattle,wind_only_vs_reference,2020,3.7630120475793616,True
equal_station_weights,Seattle,wind_only_vs_reference,2021,3.5319099478867546,True
equal_station_weights,Seattle,wind_only_vs_reference,2022,3.602923365361868,True
equal_station_weights,Seattle,wind_only_vs_reference,2023,3.745634907989544,True
equal_station_weights,Seattle,wind_only_vs_reference,2024,3.7614670514251194,True
equal_station_weights,Seattle,other_compound_vs_reference,2019,7.838520002481609,True
equal_station_weights,Seattle,other_compound_vs_reference,2020,8.15195899965759,True
equal_station_weights,Seattle,other_compound_vs_reference,2021,7.242522896029095,True
equal_station_weights,Seattle,other_compound_vs_reference,2022,7.086964648529756,True
equal_station_weights,Seattle,other_compound_vs_reference,2023,8.413156127585564,True
equal_station_weights,Seattle,other_compound_vs_reference,2024,7.444687495298114,True
equal_station_weights,Seattle,episode_vs_wind_only,2019,3.1219037368169085,True
equal_station_weights,Seattle,episode_vs_wind_only,2020,3.1156505820352747,True
equal_station_weights,Seattle,episode_vs_wind_only,2021,2.6873146664474943,True
equal_station_weights,Seattle,episode_vs_wind_only,2022,1.1915463124336214,True
equal_station_weights,Seattle,episode_vs_wind_only,2023,3.928843447114534,True
equal_station_weights,Seattle,episode_vs_wind_only,2024,2.413635861095855,True
equal_station_weights,Seattle,episode_vs_heat_only,2019,2.661459528481476,True
equal_station_weights,Seattle,episode_vs_heat_only,2020,3.0508818415644527,True
equal_station_weights,Seattle,episode_vs_heat_only,2021,2.4920499555789606,True
equal_station_weights,Seattle,episode_vs_heat_only,2022,1.7215146855293315,True
equal_station_weights,Seattle,episode_vs_heat_only,2023,4.471303152916938,True
equal_station_weights,Seattle,episode_vs_heat_only,2024,2.7137680091159173,True
exclude_2020,Atlanta,episode_vs_reference,2019,2.213389590065713,True
exclude_2020,Atlanta,episode_vs_reference,2021,2.2458645572760494,True
exclude_2020,Atlanta,episode_vs_reference,2022,2.678775766412182,True
exclude_2020,Atlanta,episode_vs_reference,2023,2.6814327300859007,True
exclude_2020,Atlanta,episode_vs_reference,2024,2.2968531870253126,True
exclude_2020,Atlanta,heat_only_vs_reference,2019,-0.250267406152508,True
exclude_2020,Atlanta,heat_only_vs_reference,2021,-0.2576012818600479,True
exclude_2020,Atlanta,heat_only_vs_reference,2022,0.0661762490843328,True
exclude_2020,Atlanta,heat_only_vs_reference,2023,-0.0458909435552009,True
exclude_2020,Atlanta,heat_only_vs_reference,2024,-0.0747358175737797,True
exclude_2020,Atlanta,wind_only_vs_reference,2019,1.6840407540833664,True
exclude_2020,Atlanta,wind_only_vs_reference,2021,1.6481737445976627,True
exclude_2020,Atlanta,wind_only_vs_reference,2022,1.84604863369514,True
exclude_2020,Atlanta,wind_only_vs_reference,2023,2.04936371863258,True
exclude_2020,Atlanta,wind_only_vs_reference,2024,1.848578746400695,True
exclude_2020,Atlanta,other_compound_vs_reference,2019,0.7357606815397543,True
exclude_2020,Atlanta,other_compound_vs_reference,2021,0.7354362090389082,True
exclude_2020,Atlanta,other_compound_vs_reference,2022,1.3588743386935116,True
exclude_2020,Atlanta,other_compound_vs_reference,2023,1.5650654580289762,True
exclude_2020,Atlanta,other_compound_vs_reference,2024,0.8226612043054331,True
exclude_2020,Atlanta,episode_vs_wind_only,2019,0.5293488359823466,True
exclude_2020,Atlanta,episode_vs_wind_only,2021,0.5976908126783866,True
exclude_2020,Atlanta,episode_vs_wind_only,2022,0.8327271327170425,True
exclude_2020,Atlanta,episode_vs_wind_only,2023,0.632069011453321,True
exclude_2020,Atlanta,episode_vs_wind_only,2024,0.4482744406246175,True
exclude_2020,Atlanta,episode_vs_heat_only,2019,2.463656996218221,True
exclude_2020,Atlanta,episode_vs_heat_only,2021,2.5034658391360973,True
exclude_2020,Atlanta,episode_vs_heat_only,2022,2.6125995173278493,True
exclude_2020,Atlanta,episode_vs_heat_only,2023,2.7273236736411017,True
exclude_2020,Atlanta,episode_vs_heat_only,2024,2.3715890045990924,True
exclude_2020,Chicago,episode_vs_reference,2019,5.047158311783489,True
exclude_2020,Chicago,episode_vs_reference,2021,5.6460962005724245,True
exclude_2020,Chicago,episode_vs_reference,2022,4.749498564655549,True
exclude_2020,Chicago,episode_vs_reference,2023,4.529860816293029,True
exclude_2020,Chicago,episode_vs_reference,2024,4.685812534679997,True
exclude_2020,Chicago,heat_only_vs_reference,2019,0.21889058053595,True
exclude_2020,Chicago,heat_only_vs_reference,2021,0.4774094022218684,True
exclude_2020,Chicago,heat_only_vs_reference,2022,0.8618117989090113,True
exclude_2020,Chicago,heat_only_vs_reference,2023,0.8477753636873175,True
exclude_2020,Chicago,heat_only_vs_reference,2024,0.7570489591032716,True
exclude_2020,Chicago,wind_only_vs_reference,2019,4.32658145387555,True
exclude_2020,Chicago,wind_only_vs_reference,2021,4.715347720722242,True
exclude_2020,Chicago,wind_only_vs_reference,2022,4.12301702586104,True
exclude_2020,Chicago,wind_only_vs_reference,2023,4.645347194102805,True
exclude_2020,Chicago,wind_only_vs_reference,2024,4.581259881430974,True
exclude_2020,Chicago,other_compound_vs_reference,2019,4.482993488316438,True
exclude_2020,Chicago,other_compound_vs_reference,2021,4.694618542425872,True
exclude_2020,Chicago,other_compound_vs_reference,2022,4.725839245847311,True
exclude_2020,Chicago,other_compound_vs_reference,2023,4.50736967688718,True
exclude_2020,Chicago,other_compound_vs_reference,2024,4.885633951357552,True
exclude_2020,Chicago,episode_vs_wind_only,2019,0.7205768579079397,True
exclude_2020,Chicago,episode_vs_wind_only,2021,0.9307484798501822,True
exclude_2020,Chicago,episode_vs_wind_only,2022,0.6264815387945095,True
exclude_2020,Chicago,episode_vs_wind_only,2023,-0.1154863778097761,True
exclude_2020,Chicago,episode_vs_wind_only,2024,0.1045526532490228,True
exclude_2020,Chicago,episode_vs_heat_only,2019,4.828267731247539,True
exclude_2020,Chicago,episode_vs_heat_only,2021,5.168686798350556,True
exclude_2020,Chicago,episode_vs_heat_only,2022,3.8876867657465377,True
exclude_2020,Chicago,episode_vs_heat_only,2023,3.682085452605712,True
exclude_2020,Chicago,episode_vs_heat_only,2024,3.928763575576725,True
exclude_2020,Dallas,episode_vs_reference,2019,1.8645029534513815,True
exclude_2020,Dallas,episode_vs_reference,2021,2.459773544499208,True
exclude_2020,Dallas,episode_vs_reference,2022,1.739649447490768,True
exclude_2020,Dallas,episode_vs_reference,2023,2.527873564070063,True
exclude_2020,Dallas,episode_vs_reference,2024,2.464013967692831,True
exclude_2020,Dallas,heat_only_vs_reference,2019,-1.5517861691354464,True
exclude_2020,Dallas,heat_only_vs_reference,2021,-1.0914818215760085,True
exclude_2020,Dallas,heat_only_vs_reference,2022,-1.8269927364571936,True
exclude_2020,Dallas,heat_only_vs_reference,2023,-1.0585151085359656,True
exclude_2020,Dallas,heat_only_vs_reference,2024,-1.2243676337483664,True
exclude_2020,Dallas,wind_only_vs_reference,2019,3.1671252063964386,True
exclude_2020,Dallas,wind_only_vs_reference,2021,3.150219057699855,True
exclude_2020,Dallas,wind_only_vs_reference,2022,2.937586068711963,True
exclude_2020,Dallas,wind_only_vs_reference,2023,3.06845820157167,True
exclude_2020,Dallas,wind_only_vs_reference,2024,3.3055180655379224,True
exclude_2020,Dallas,other_compound_vs_reference,2019,0.9485084333860396,True
exclude_2020,Dallas,other_compound_vs_reference,2021,0.9027928481636948,True
exclude_2020,Dallas,other_compound_vs_reference,2022,1.0542418324723308,True
exclude_2020,Dallas,other_compound_vs_reference,2023,1.7449556537245154,True
exclude_2020,Dallas,other_compound_vs_reference,2024,1.3305368999390708,True
exclude_2020,Dallas,episode_vs_wind_only,2019,-1.3026222529450568,True
exclude_2020,Dallas,episode_vs_wind_only,2021,-0.6904455132006473,True
exclude_2020,Dallas,episode_vs_wind_only,2022,-1.1979366212211948,True
exclude_2020,Dallas,episode_vs_wind_only,2023,-0.540584637501607,True
exclude_2020,Dallas,episode_vs_wind_only,2024,-0.8415040978450912,True
exclude_2020,Dallas,episode_vs_heat_only,2019,3.416289122586828,True
exclude_2020,Dallas,episode_vs_heat_only,2021,3.551255366075216,True
exclude_2020,Dallas,episode_vs_heat_only,2022,3.5666421839479616,True
exclude_2020,Dallas,episode_vs_heat_only,2023,3.586388672606029,True
exclude_2020,Dallas,episode_vs_heat_only,2024,3.688381601441198,True
exclude_2020,Denver,episode_vs_reference,2019,0.1670190293275896,True
exclude_2020,Denver,episode_vs_reference,2021,1.986893585977548,True
exclude_2020,Denver,episode_vs_reference,2022,2.1119523034322043,True
exclude_2020,Denver,episode_vs_reference,2023,1.4584415387390115,True
exclude_2020,Denver,episode_vs_reference,2024,1.6597591027657776,True
exclude_2020,Denver,heat_only_vs_reference,2019,0.3643638357666843,True
exclude_2020,Denver,heat_only_vs_reference,2021,0.1199122438038043,True
exclude_2020,Denver,heat_only_vs_reference,2022,0.3292548171375099,True
exclude_2020,Denver,heat_only_vs_reference,2023,0.4382179761909993,True
exclude_2020,Denver,heat_only_vs_reference,2024,-0.2536470123240847,True
exclude_2020,Denver,wind_only_vs_reference,2019,1.4335491461365475,True
exclude_2020,Denver,wind_only_vs_reference,2021,1.5200807980018762,True
exclude_2020,Denver,wind_only_vs_reference,2022,1.1544833826834473,True
exclude_2020,Denver,wind_only_vs_reference,2023,1.234609647122733,True
exclude_2020,Denver,wind_only_vs_reference,2024,1.440170201461901,True
exclude_2020,Denver,other_compound_vs_reference,2019,0.988205255770257,True
exclude_2020,Denver,other_compound_vs_reference,2021,0.7134233574196194,True
exclude_2020,Denver,other_compound_vs_reference,2022,1.3751174060339793,True
exclude_2020,Denver,other_compound_vs_reference,2023,0.560997008891857,True
exclude_2020,Denver,other_compound_vs_reference,2024,0.7140597845240517,True
exclude_2020,Denver,episode_vs_wind_only,2019,-1.266530116808958,True
exclude_2020,Denver,episode_vs_wind_only,2021,0.4668127879756714,True
exclude_2020,Denver,episode_vs_wind_only,2022,0.957468920748757,True
exclude_2020,Denver,episode_vs_wind_only,2023,0.2238318916162787,True
exclude_2020,Denver,episode_vs_wind_only,2024,0.2195889013038769,True
exclude_2020,Denver,episode_vs_heat_only,2019,-0.1973448064390947,True
exclude_2020,Denver,episode_vs_heat_only,2021,1.8669813421737431,True
exclude_2020,Denver,episode_vs_heat_only,2022,1.7826974862946945,True
exclude_2020,Denver,episode_vs_heat_only,2023,1.0202235625480125,True
exclude_2020,Denver,episode_vs_heat_only,2024,1.9134061150898625,True
exclude_2020,Houston,episode_vs_reference,2019,1.8265651513173395,True
exclude_2020,Houston,episode_vs_reference,2021,1.684318912244359,True
exclude_2020,Houston,episode_vs_reference,2022,1.7494040842554586,True
exclude_2020,Houston,episode_vs_reference,2023,1.5538454850945862,True
exclude_2020,Houston,episode_vs_reference,2024,1.706931204824952,True
exclude_2020,Houston,heat_only_vs_reference,2019,-1.9372845076285912,True
exclude_2020,Houston,heat_only_vs_reference,2021,-1.4774664826699682,True
exclude_2020,Houston,heat_only_vs_reference,2022,-1.3619625075223127,True
exclude_2020,Houston,heat_only_vs_reference,2023,-0.6979165151605043,True
exclude_2020,Houston,heat_only_vs_reference,2024,-1.1525024865352451,True
exclude_2020,Houston,wind_only_vs_reference,2019,3.761938098022545,True
exclude_2020,Houston,wind_only_vs_reference,2021,3.760026909405817,True
exclude_2020,Houston,wind_only_vs_reference,2022,3.8086964679536175,True
exclude_2020,Houston,wind_only_vs_reference,2023,3.5492640740189927,True
exclude_2020,Houston,wind_only_vs_reference,2024,3.4165995419324435,True
exclude_2020,Houston,other_compound_vs_reference,2019,0.9803604442813224,True
exclude_2020,Houston,other_compound_vs_reference,2021,0.8478490935951408,True
exclude_2020,Houston,other_compound_vs_reference,2022,1.2958686261670251,True
exclude_2020,Houston,other_compound_vs_reference,2023,1.6831965453719602,True
exclude_2020,Houston,other_compound_vs_reference,2024,1.517726601799878,True
exclude_2020,Houston,episode_vs_wind_only,2019,-1.9353729467052048,True
exclude_2020,Houston,episode_vs_wind_only,2021,-2.0757079971614583,True
exclude_2020,Houston,episode_vs_wind_only,2022,-2.05929238369816,True
exclude_2020,Houston,episode_vs_wind_only,2023,-1.9954185889244065,True
exclude_2020,Houston,episode_vs_wind_only,2024,-1.7096683371074917,True
exclude_2020,Houston,episode_vs_heat_only,2019,3.76384965894593,True
exclude_2020,Houston,episode_vs_heat_only,2021,3.161785394914327,True
exclude_2020,Houston,episode_vs_heat_only,2022,3.111366591777771,True
exclude_2020,Houston,episode_vs_heat_only,2023,2.2517620002550904,True
exclude_2020,Houston,episode_vs_heat_only,2024,2.859433691360197,True
exclude_2020,Los Angeles,episode_vs_reference,2019,3.2926956966385448,True
exclude_2020,Los Angeles,episode_vs_reference,2021,3.302751225920912,True
exclude_2020,Los Angeles,episode_vs_reference,2022,3.161516797594051,True
exclude_2020,Los Angeles,episode_vs_reference,2023,2.679870848689254,True
exclude_2020,Los Angeles,episode_vs_reference,2024,3.4131928307244195,True
exclude_2020,Los Angeles,heat_only_vs_reference,2019,0.8916369434195985,True
exclude_2020,Los Angeles,heat_only_vs_reference,2021,1.0842474990369753,True
exclude_2020,Los Angeles,heat_only_vs_reference,2022,0.9741150649210072,True
exclude_2020,Los Angeles,heat_only_vs_reference,2023,1.2092754594484298,True
exclude_2020,Los Angeles,heat_only_vs_reference,2024,1.352722992713976,True
exclude_2020,Los Angeles,wind_only_vs_reference,2019,2.94417427148782,True
exclude_2020,Los Angeles,wind_only_vs_reference,2021,2.2681223480977777,True
exclude_2020,Los Angeles,wind_only_vs_reference,2022,2.5047819260461326,True
exclude_2020,Los Angeles,wind_only_vs_reference,2023,2.9194961723332056,True
exclude_2020,Los Angeles,wind_only_vs_reference,2024,2.6379599200520087,True
exclude_2020,Los Angeles,other_compound_vs_reference,2019,3.1653771460644013,True
exclude_2020,Los Angeles,other_compound_vs_reference,2021,3.014184570370391,True
exclude_2020,Los Angeles,other_compound_vs_reference,2022,3.678918471314816,True
exclude_2020,Los Angeles,other_compound_vs_reference,2023,3.739140755781977,True
exclude_2020,Los Angeles,other_compound_vs_reference,2024,3.707358505201647,True
exclude_2020,Los Angeles,episode_vs_wind_only,2019,0.3485214251507247,True
exclude_2020,Los Angeles,episode_vs_wind_only,2021,1.0346288778231345,True
exclude_2020,Los Angeles,episode_vs_wind_only,2022,0.6567348715479184,True
exclude_2020,Los Angeles,episode_vs_wind_only,2023,-0.2396253236439514,True
exclude_2020,Los Angeles,episode_vs_wind_only,2024,0.7752329106724107,True
exclude_2020,Los Angeles,episode_vs_heat_only,2019,2.4010587532189462,True
exclude_2020,Los Angeles,episode_vs_heat_only,2021,2.2185037268839367,True
exclude_2020,Los Angeles,episode_vs_heat_only,2022,2.1874017326730435,True
exclude_2020,Los Angeles,episode_vs_heat_only,2023,1.4705953892408243,True
exclude_2020,Los Angeles,episode_vs_heat_only,2024,2.060469838010444,True
exclude_2020,New York,episode_vs_reference,2019,4.645776938736121,True
exclude_2020,New York,episode_vs_reference,2021,3.78977965831879,True
exclude_2020,New York,episode_vs_reference,2022,4.723506999767839,True
exclude_2020,New York,episode_vs_reference,2023,4.449576169553964,True
exclude_2020,New York,episode_vs_reference,2024,4.023458875737374,True
exclude_2020,New York,heat_only_vs_reference,2019,1.025836243731853,True
exclude_2020,New York,heat_only_vs_reference,2021,1.2855673723126306,True
exclude_2020,New York,heat_only_vs_reference,2022,1.0171691728510484,True
exclude_2020,New York,heat_only_vs_reference,2023,1.2992308018935952,True
exclude_2020,New York,heat_only_vs_reference,2024,1.174390133272298,True
exclude_2020,New York,wind_only_vs_reference,2019,4.396736972191498,True
exclude_2020,New York,wind_only_vs_reference,2021,4.552500827651385,True
exclude_2020,New York,wind_only_vs_reference,2022,4.261798099507323,True
exclude_2020,New York,wind_only_vs_reference,2023,4.600794450488409,True
exclude_2020,New York,wind_only_vs_reference,2024,4.230387819348405,True
exclude_2020,New York,other_compound_vs_reference,2019,3.4445396631690186,True
exclude_2020,New York,other_compound_vs_reference,2021,4.134282529257979,True
exclude_2020,New York,other_compound_vs_reference,2022,4.1881314320570775,True
exclude_2020,New York,other_compound_vs_reference,2023,3.5019530573599007,True
exclude_2020,New York,other_compound_vs_reference,2024,3.821607465611169,True
exclude_2020,New York,episode_vs_wind_only,2019,0.2490399665446236,True
exclude_2020,New York,episode_vs_wind_only,2021,-0.762721169332595,True
exclude_2020,New York,episode_vs_wind_only,2022,0.4617089002605157,True
exclude_2020,New York,episode_vs_wind_only,2023,-0.1512182809344446,True
exclude_2020,New York,episode_vs_wind_only,2024,-0.2069289436110306,True
exclude_2020,New York,episode_vs_heat_only,2019,3.619940695004269,True
exclude_2020,New York,episode_vs_heat_only,2021,2.504212286006159,True
exclude_2020,New York,episode_vs_heat_only,2022,3.706337826916791,True
exclude_2020,New York,episode_vs_heat_only,2023,3.150345367660369,True
exclude_2020,New York,episode_vs_heat_only,2024,2.849068742465076,True
exclude_2020,Philadelphia,episode_vs_reference,2019,2.218044808671689,True
exclude_2020,Philadelphia,episode_vs_reference,2021,1.247761086556712,True
exclude_2020,Philadelphia,episode_vs_reference,2022,2.237440607975448,True
exclude_2020,Philadelphia,episode_vs_reference,2023,2.2337129545101213,True
exclude_2020,Philadelphia,episode_vs_reference,2024,1.9466160925300928,True
exclude_2020,Philadelphia,heat_only_vs_reference,2019,0.5145639505921601,True
exclude_2020,Philadelphia,heat_only_vs_reference,2021,0.8573295380720561,True
exclude_2020,Philadelphia,heat_only_vs_reference,2022,0.8625118952521095,True
exclude_2020,Philadelphia,heat_only_vs_reference,2023,0.7497329226057919,True
exclude_2020,Philadelphia,heat_only_vs_reference,2024,0.6354613126390425,True
exclude_2020,Philadelphia,wind_only_vs_reference,2019,2.0767155074635903,True
exclude_2020,Philadelphia,wind_only_vs_reference,2021,2.069080974045819,True
exclude_2020,Philadelphia,wind_only_vs_reference,2022,1.9881288332196927,True
exclude_2020,Philadelphia,wind_only_vs_reference,2023,2.1308130112553325,True
exclude_2020,Philadelphia,wind_only_vs_reference,2024,1.86630544771984,True
exclude_2020,Philadelphia,other_compound_vs_reference,2019,1.9351201900499275,True
exclude_2020,Philadelphia,other_compound_vs_reference,2021,1.918885408556727,True
exclude_2020,Philadelphia,other_compound_vs_reference,2022,2.042645171055436,True
exclude_2020,Philadelphia,other_compound_vs_reference,2023,1.8253078200181172,True
exclude_2020,Philadelphia,other_compound_vs_reference,2024,1.6355313099694766,True
exclude_2020,Philadelphia,episode_vs_wind_only,2019,0.1413293012080987,True
exclude_2020,Philadelphia,episode_vs_wind_only,2021,-0.8213198874891072,True
exclude_2020,Philadelphia,episode_vs_wind_only,2022,0.2493117747557549,True
exclude_2020,Philadelphia,episode_vs_wind_only,2023,0.1028999432547888,True
exclude_2020,Philadelphia,episode_vs_wind_only,2024,0.0803106448102526,True
exclude_2020,Philadelphia,episode_vs_heat_only,2019,1.703480858079529,True
exclude_2020,Philadelphia,episode_vs_heat_only,2021,0.3904315484846558,True
exclude_2020,Philadelphia,episode_vs_heat_only,2022,1.3749287127233387,True
exclude_2020,Philadelphia,episode_vs_heat_only,2023,1.4839800319043293,True
exclude_2020,Philadelphia,episode_vs_heat_only,2024,1.31115477989105,True
exclude_2020,Phoenix,episode_vs_reference,2019,2.471761733345353,True
exclude_2020,Phoenix,episode_vs_reference,2021,2.3159457039859235,True
exclude_2020,Phoenix,episode_vs_reference,2022,2.6798226202855187,True
exclude_2020,Phoenix,episode_vs_reference,2023,2.687625171339811,True
exclude_2020,Phoenix,episode_vs_reference,2024,3.2244295139289525,True
exclude_2020,Phoenix,heat_only_vs_reference,2019,-0.4633775268023774,True
exclude_2020,Phoenix,heat_only_vs_reference,2021,-0.1361459538235952,True
exclude_2020,Phoenix,heat_only_vs_reference,2022,0.3207624130798284,True
exclude_2020,Phoenix,heat_only_vs_reference,2023,-0.0147387410674679,True
exclude_2020,Phoenix,heat_only_vs_reference,2024,0.0919240844147006,True
exclude_2020,Phoenix,wind_only_vs_reference,2019,2.936595356472369,True
exclude_2020,Phoenix,wind_only_vs_reference,2021,3.1676420450834324,True
exclude_2020,Phoenix,wind_only_vs_reference,2022,3.1692870931650186,True
exclude_2020,Phoenix,wind_only_vs_reference,2023,3.1021241342868238,True
exclude_2020,Phoenix,wind_only_vs_reference,2024,3.14676714335922,True
exclude_2020,Phoenix,other_compound_vs_reference,2019,1.6680593206592451,True
exclude_2020,Phoenix,other_compound_vs_reference,2021,2.498831931745035,True
exclude_2020,Phoenix,other_compound_vs_reference,2022,2.562231541245365,True
exclude_2020,Phoenix,other_compound_vs_reference,2023,2.7668912244769697,True
exclude_2020,Phoenix,other_compound_vs_reference,2024,2.909116551306953,True
exclude_2020,Phoenix,episode_vs_wind_only,2019,-0.4648336231270162,True
exclude_2020,Phoenix,episode_vs_wind_only,2021,-0.8516963410975089,True
exclude_2020,Phoenix,episode_vs_wind_only,2022,-0.4894644728794999,True
exclude_2020,Phoenix,episode_vs_wind_only,2023,-0.4144989629470124,True
exclude_2020,Phoenix,episode_vs_wind_only,2024,0.0776623705697328,True
exclude_2020,Phoenix,episode_vs_heat_only,2019,2.9351392601477304,True
exclude_2020,Phoenix,episode_vs_heat_only,2021,2.4520916578095187,True
exclude_2020,Phoenix,episode_vs_heat_only,2022,2.3590602072056903,True
exclude_2020,Phoenix,episode_vs_heat_only,2023,2.7023639124072787,True
exclude_2020,Phoenix,episode_vs_heat_only,2024,3.132505429514252,True
exclude_2020,San Diego,episode_vs_reference,2019,1.680910720470726,True
exclude_2020,San Diego,episode_vs_reference,2021,1.91322422611801,True
exclude_2020,San Diego,episode_vs_reference,2022,1.878176735572804,True
exclude_2020,San Diego,episode_vs_reference,2023,1.741643443877016,True
exclude_2020,San Diego,episode_vs_reference,2024,2.2540380186273943,True
exclude_2020,San Diego,heat_only_vs_reference,2019,0.4816611183157994,True
exclude_2020,San Diego,heat_only_vs_reference,2021,0.4491050573805619,True
exclude_2020,San Diego,heat_only_vs_reference,2022,0.6587490960914193,True
exclude_2020,San Diego,heat_only_vs_reference,2023,0.5555300415465068,True
exclude_2020,San Diego,heat_only_vs_reference,2024,0.9220453058168128,True
exclude_2020,San Diego,wind_only_vs_reference,2019,1.2932096628914171,True
exclude_2020,San Diego,wind_only_vs_reference,2021,1.2855071948039685,True
exclude_2020,San Diego,wind_only_vs_reference,2022,1.1177287848308033,True
exclude_2020,San Diego,wind_only_vs_reference,2023,1.282401573874529,True
exclude_2020,San Diego,wind_only_vs_reference,2024,1.2001718693883228,True
exclude_2020,San Diego,other_compound_vs_reference,2019,1.702694438311398,True
exclude_2020,San Diego,other_compound_vs_reference,2021,1.8900185469372537,True
exclude_2020,San Diego,other_compound_vs_reference,2022,1.906395181623162,True
exclude_2020,San Diego,other_compound_vs_reference,2023,2.134208121617836,True
exclude_2020,San Diego,other_compound_vs_reference,2024,2.43421448482259,True
exclude_2020,San Diego,episode_vs_wind_only,2019,0.3877010575793087,True
exclude_2020,San Diego,episode_vs_wind_only,2021,0.6277170313140414,True
exclude_2020,San Diego,episode_vs_wind_only,2022,0.7604479507420008,True
exclude_2020,San Diego,episode_vs_wind_only,2023,0.4592418700024869,True
exclude_2020,San Diego,episode_vs_wind_only,2024,1.0538661492390715,True
exclude_2020,San Diego,episode_vs_heat_only,2019,1.1992496021549264,True
exclude_2020,San Diego,episode_vs_heat_only,2021,1.464119168737448,True
exclude_2020,San Diego,episode_vs_heat_only,2022,1.2194276394813848,True
exclude_2020,San Diego,episode_vs_heat_only,2023,1.186113402330509,True
exclude_2020,San Diego,episode_vs_heat_only,2024,1.3319927128105815,True
exclude_2020,Seattle,episode_vs_reference,2019,7.768049056434759,True
exclude_2020,Seattle,episode_vs_reference,2021,6.915791885475537,True
exclude_2020,Seattle,episode_vs_reference,2022,5.395123002348054,True
exclude_2020,Seattle,episode_vs_reference,2023,8.54455315312476,True
exclude_2020,Seattle,episode_vs_reference,2024,6.849876616852236,True
exclude_2020,Seattle,heat_only_vs_reference,2019,4.839294845547537,True
exclude_2020,Seattle,heat_only_vs_reference,2021,4.320761380758544,True
exclude_2020,Seattle,heat_only_vs_reference,2022,3.617945071895341,True
exclude_2020,Seattle,heat_only_vs_reference,2023,3.631365042738048,True
exclude_2020,Seattle,heat_only_vs_reference,2024,3.9095978173841375,True
exclude_2020,Seattle,wind_only_vs_reference,2019,3.8189196279800015,True
exclude_2020,Seattle,wind_only_vs_reference,2021,3.606935867519084,True
exclude_2020,Seattle,wind_only_vs_reference,2022,3.779365395488871,True
exclude_2020,Seattle,wind_only_vs_reference,2023,3.885156621868459,True
exclude_2020,Seattle,wind_only_vs_reference,2024,3.934646137069941,True
exclude_2020,Seattle,other_compound_vs_reference,2019,8.64520412040236,True
exclude_2020,Seattle,other_compound_vs_reference,2021,7.753154229256945,True
exclude_2020,Seattle,other_compound_vs_reference,2022,7.574433690877591,True
exclude_2020,Seattle,other_compound_vs_reference,2023,9.39038726166753,True
exclude_2020,Seattle,other_compound_vs_reference,2024,7.912849780617147,True
exclude_2020,Seattle,episode_vs_wind_only,2019,3.949129428454757,True
exclude_2020,Seattle,episode_vs_wind_only,2021,3.308856017956453,True
exclude_2020,Seattle,episode_vs_wind_only,2022,1.6157576068591832,True
exclude_2020,Seattle,episode_vs_wind_only,2023,4.6593965312563,True
exclude_2020,Seattle,episode_vs_wind_only,2024,2.915230479782295,True
exclude_2020,Seattle,episode_vs_heat_only,2019,2.928754210887222,True
exclude_2020,Seattle,episode_vs_heat_only,2021,2.595030504716993,True
exclude_2020,Seattle,episode_vs_heat_only,2022,1.7771779304527136,True
exclude_2020,Seattle,episode_vs_heat_only,2023,4.913188110386712,True
exclude_2020,Seattle,episode_vs_heat_only,2024,2.9402787994680986,True
period_2019_2022,Atlanta,episode_vs_reference,2019,2.3602122037425106,True
period_2019_2022,Atlanta,episode_vs_reference,2020,2.6120060328704806,True
period_2019_2022,Atlanta,episode_vs_reference,2021,2.454755635002661,True
period_2019_2022,Atlanta,episode_vs_reference,2022,2.9821277541553184,True
period_2019_2022,Atlanta,heat_only_vs_reference,2019,0.0820590654621259,True
period_2019_2022,Atlanta,heat_only_vs_reference,2020,0.040405865503837,True
period_2019_2022,Atlanta,heat_only_vs_reference,2021,0.1576035069107491,True
period_2019_2022,Atlanta,heat_only_vs_reference,2022,0.6108534157832031,True
period_2019_2022,Atlanta,wind_only_vs_reference,2019,2.0301771454314004,True
period_2019_2022,Atlanta,wind_only_vs_reference,2020,2.163566997879069,True
period_2019_2022,Atlanta,wind_only_vs_reference,2021,2.093525832288182,True
period_2019_2022,Atlanta,wind_only_vs_reference,2022,2.2624484910590814,True
period_2019_2022,Atlanta,other_compound_vs_reference,2019,1.6003217804918668,True
period_2019_2022,Atlanta,other_compound_vs_reference,2020,1.3293882227570046,True
period_2019_2022,Atlanta,other_compound_vs_reference,2021,1.2668878257779466,True
period_2019_2022,Atlanta,other_compound_vs_reference,2022,2.19222607464339,True
period_2019_2022,Atlanta,episode_vs_wind_only,2019,0.3300350583111102,True
period_2019_2022,Atlanta,episode_vs_wind_only,2020,0.4484390349914116,True
period_2019_2022,Atlanta,episode_vs_wind_only,2021,0.3612298027144791,True
period_2019_2022,Atlanta,episode_vs_wind_only,2022,0.719679263096237,True
period_2019_2022,Atlanta,episode_vs_heat_only,2019,2.278153138280385,True
period_2019_2022,Atlanta,episode_vs_heat_only,2020,2.571600167366644,True
period_2019_2022,Atlanta,episode_vs_heat_only,2021,2.297152128091912,True
period_2019_2022,Atlanta,episode_vs_heat_only,2022,2.3712743383721158,True
period_2019_2022,Chicago,episode_vs_reference,2019,3.898187215337141,True
period_2019_2022,Chicago,episode_vs_reference,2020,3.935312008004429,True
period_2019_2022,Chicago,episode_vs_reference,2021,3.5899059979149337,True
period_2019_2022,Chicago,episode_vs_reference,2022,3.6075433295027137,True
period_2019_2022,Chicago,heat_only_vs_reference,2019,0.1344871611378257,True
period_2019_2022,Chicago,heat_only_vs_reference,2020,1.0334926598942435,True
period_2019_2022,Chicago,heat_only_vs_reference,2021,0.6015450192619611,True
period_2019_2022,Chicago,heat_only_vs_reference,2022,1.111268385820691,True
period_2019_2022,Chicago,wind_only_vs_reference,2019,4.484141211756578,True
period_2019_2022,Chicago,wind_only_vs_reference,2020,4.755929998853409,True
period_2019_2022,Chicago,wind_only_vs_reference,2021,4.907323475019572,True
period_2019_2022,Chicago,wind_only_vs_reference,2022,4.1427295629250285,True
period_2019_2022,Chicago,other_compound_vs_reference,2019,4.40233447351787,True
period_2019_2022,Chicago,other_compound_vs_reference,2020,4.753800273262096,True
period_2019_2022,Chicago,other_compound_vs_reference,2021,4.725369838931925,True
period_2019_2022,Chicago,other_compound_vs_reference,2022,4.666826975621477,True
period_2019_2022,Chicago,episode_vs_wind_only,2019,-0.5859539964194367,True
period_2019_2022,Chicago,episode_vs_wind_only,2020,-0.8206179908489801,True
period_2019_2022,Chicago,episode_vs_wind_only,2021,-1.3174174771046383,True
period_2019_2022,Chicago,episode_vs_wind_only,2022,-0.5351862334223147,True
period_2019_2022,Chicago,episode_vs_heat_only,2019,3.7637000541993153,True
period_2019_2022,Chicago,episode_vs_heat_only,2020,2.9018193481101853,True
period_2019_2022,Chicago,episode_vs_heat_only,2021,2.988360978652973,True
period_2019_2022,Chicago,episode_vs_heat_only,2022,2.4962749436820224,True
period_2019_2022,Dallas,episode_vs_reference,2019,3.001927859626724,True
period_2019_2022,Dallas,episode_vs_reference,2020,3.003912779962437,True
period_2019_2022,Dallas,episode_vs_reference,2021,3.946711604360086,True
period_2019_2022,Dallas,episode_vs_reference,2022,2.872828234318967,True
period_2019_2022,Dallas,heat_only_vs_reference,2019,-0.3647057790870975,True
period_2019_2022,Dallas,heat_only_vs_reference,2020,-0.7895388326852926,True
period_2019_2022,Dallas,heat_only_vs_reference,2021,0.1419120293450995,True
period_2019_2022,Dallas,heat_only_vs_reference,2022,-0.8912316954625894,True
period_2019_2022,Dallas,wind_only_vs_reference,2019,3.248717917797193,True
period_2019_2022,Dallas,wind_only_vs_reference,2020,3.290115976006538,True
period_2019_2022,Dallas,wind_only_vs_reference,2021,3.193987512034901,True
period_2019_2022,Dallas,wind_only_vs_reference,2022,2.977840101377404,True
period_2019_2022,Dallas,other_compound_vs_reference,2019,2.2621197884502653,True
period_2019_2022,Dallas,other_compound_vs_reference,2020,2.007861888650952,True
period_2019_2022,Dallas,other_compound_vs_reference,2021,2.0526270266276367,True
period_2019_2022,Dallas,other_compound_vs_reference,2022,2.1058469108024287,True
period_2019_2022,Dallas,episode_vs_wind_only,2019,-0.2467900581704691,True
period_2019_2022,Dallas,episode_vs_wind_only,2020,-0.2862031960441005,True
period_2019_2022,Dallas,episode_vs_wind_only,2021,0.752724092325185,True
period_2019_2022,Dallas,episode_vs_wind_only,2022,-0.1050118670584367,True
period_2019_2022,Dallas,episode_vs_heat_only,2019,3.3666336387138216,True
period_2019_2022,Dallas,episode_vs_heat_only,2020,3.79345161264773,True
period_2019_2022,Dallas,episode_vs_heat_only,2021,3.804799575014987,True
period_2019_2022,Dallas,episode_vs_heat_only,2022,3.764059929781556,True
period_2019_2022,Denver,episode_vs_reference,2019,0.205149917575911,True
period_2019_2022,Denver,episode_vs_reference,2020,1.6072933122286854,True
period_2019_2022,Denver,episode_vs_reference,2021,2.7386278867832483,True
period_2019_2022,Denver,episode_vs_reference,2022,3.4092425965511954,True
period_2019_2022,Denver,heat_only_vs_reference,2019,0.5962778552081291,True
period_2019_2022,Denver,heat_only_vs_reference,2020,-0.0772285676136826,True
period_2019_2022,Denver,heat_only_vs_reference,2021,0.3391562664624415,True
period_2019_2022,Denver,heat_only_vs_reference,2022,0.6668373189004573,True
period_2019_2022,Denver,wind_only_vs_reference,2019,1.2925896725665305,True
period_2019_2022,Denver,wind_only_vs_reference,2020,1.3418521197688271,True
period_2019_2022,Denver,wind_only_vs_reference,2021,1.4173496807870185,True
period_2019_2022,Denver,wind_only_vs_reference,2022,0.8788794035732254,True
period_2019_2022,Denver,other_compound_vs_reference,2019,0.6967376457673227,True
period_2019_2022,Denver,other_compound_vs_reference,2020,0.2761612723150692,True
period_2019_2022,Denver,other_compound_vs_reference,2021,0.3464671069972693,True
period_2019_2022,Denver,other_compound_vs_reference,2022,0.9785582051768364,True
period_2019_2022,Denver,episode_vs_wind_only,2019,-1.0874397549906194,True
period_2019_2022,Denver,episode_vs_wind_only,2020,0.2654411924598581,True
period_2019_2022,Denver,episode_vs_wind_only,2021,1.32127820599623,True
period_2019_2022,Denver,episode_vs_wind_only,2022,2.53036319297797,True
period_2019_2022,Denver,episode_vs_heat_only,2019,-0.3911279376322181,True
period_2019_2022,Denver,episode_vs_heat_only,2020,1.684521879842368,True
period_2019_2022,Denver,episode_vs_heat_only,2021,2.399471620320807,True
period_2019_2022,Denver,episode_vs_heat_only,2022,2.742405277650738,True
period_2019_2022,Houston,episode_vs_reference,2019,2.337390745950351,True
period_2019_2022,Houston,episode_vs_reference,2020,1.356234855591985,True
period_2019_2022,Houston,episode_vs_reference,2021,2.010297341584251,True
period_2019_2022,Houston,episode_vs_reference,2022,1.9839981308720305,True
period_2019_2022,Houston,heat_only_vs_reference,2019,-0.8906861708542859,True
period_2019_2022,Houston,heat_only_vs_reference,2020,-0.3914578313659836,True
period_2019_2022,Houston,heat_only_vs_reference,2021,-0.5168112042690062,True
period_2019_2022,Houston,heat_only_vs_reference,2022,-0.4671029765082298,True
period_2019_2022,Houston,wind_only_vs_reference,2019,3.2607802874427945,True
period_2019_2022,Houston,wind_only_vs_reference,2020,3.098820126089167,True
period_2019_2022,Houston,wind_only_vs_reference,2021,3.1790780293030743,True
period_2019_2022,Houston,wind_only_vs_reference,2022,3.350134312166445,True
period_2019_2022,Houston,other_compound_vs_reference,2019,1.9323253196394985,True
period_2019_2022,Houston,other_compound_vs_reference,2020,2.107061869858655,True
period_2019_2022,Houston,other_compound_vs_reference,2021,1.6898541271372025,True
period_2019_2022,Houston,other_compound_vs_reference,2022,2.306640027764209,True
period_2019_2022,Houston,episode_vs_wind_only,2019,-0.9233895414924436,True
period_2019_2022,Houston,episode_vs_wind_only,2020,-1.742585270497182,True
period_2019_2022,Houston,episode_vs_wind_only,2021,-1.1687806877188232,True
period_2019_2022,Houston,episode_vs_wind_only,2022,-1.3661361812944144,True
period_2019_2022,Houston,episode_vs_heat_only,2019,3.228076916804637,True
period_2019_2022,Houston,episode_vs_heat_only,2020,1.7476926869579683,True
period_2019_2022,Houston,episode_vs_heat_only,2021,2.5271085458532574,True
period_2019_2022,Houston,episode_vs_heat_only,2022,2.45110110738026,True
period_2019_2022,Los Angeles,episode_vs_reference,2019,2.9489882071354656,True
period_2019_2022,Los Angeles,episode_vs_reference,2020,2.8950753012233053,True
period_2019_2022,Los Angeles,episode_vs_reference,2021,2.8005810089139853,True
period_2019_2022,Los Angeles,episode_vs_reference,2022,2.52512631009347,True
period_2019_2022,Los Angeles,heat_only_vs_reference,2019,0.9530817902096904,True
period_2019_2022,Los Angeles,heat_only_vs_reference,2020,1.5696504105998823,True
period_2019_2022,Los Angeles,heat_only_vs_reference,2021,1.180913047003371,True
period_2019_2022,Los Angeles,heat_only_vs_reference,2022,0.9283573864566927,True
period_2019_2022,Los Angeles,wind_only_vs_reference,2019,2.7424184433509944,True
period_2019_2022,Los Angeles,wind_only_vs_reference,2020,3.063038689345773,True
period_2019_2022,Los Angeles,wind_only_vs_reference,2021,1.695506169636695,True
period_2019_2022,Los Angeles,wind_only_vs_reference,2022,2.058252319463414,True
period_2019_2022,Los Angeles,other_compound_vs_reference,2019,3.0648577696642625,True
period_2019_2022,Los Angeles,other_compound_vs_reference,2020,4.076304078577209,True
period_2019_2022,Los Angeles,other_compound_vs_reference,2021,2.71557892358603,True
period_2019_2022,Los Angeles,other_compound_vs_reference,2022,3.335205922466117,True
period_2019_2022,Los Angeles,episode_vs_wind_only,2019,0.2065697637844712,True
period_2019_2022,Los Angeles,episode_vs_wind_only,2020,-0.1679633881224678,True
period_2019_2022,Los Angeles,episode_vs_wind_only,2021,1.1050748392772902,True
period_2019_2022,Los Angeles,episode_vs_wind_only,2022,0.4668739906300563,True
period_2019_2022,Los Angeles,episode_vs_heat_only,2019,1.995906416925775,True
period_2019_2022,Los Angeles,episode_vs_heat_only,2020,1.325424890623423,True
period_2019_2022,Los Angeles,episode_vs_heat_only,2021,1.6196679619106142,True
period_2019_2022,Los Angeles,episode_vs_heat_only,2022,1.5967689236367777,True
period_2019_2022,New York,episode_vs_reference,2019,4.831682785179267,True
period_2019_2022,New York,episode_vs_reference,2020,4.132408800362335,True
period_2019_2022,New York,episode_vs_reference,2021,3.656007294329572,True
period_2019_2022,New York,episode_vs_reference,2022,5.032020906390694,True
period_2019_2022,New York,heat_only_vs_reference,2019,1.2373065640370615,True
period_2019_2022,New York,heat_only_vs_reference,2020,1.3624257856309543,True
period_2019_2022,New York,heat_only_vs_reference,2021,1.5421973020088515,True
period_2019_2022,New York,heat_only_vs_reference,2022,1.139816913362583,True
period_2019_2022,New York,wind_only_vs_reference,2019,4.340844061551769,True
period_2019_2022,New York,wind_only_vs_reference,2020,4.42255682169645,True
period_2019_2022,New York,wind_only_vs_reference,2021,4.392511946760004,True
period_2019_2022,New York,wind_only_vs_reference,2022,4.0866494059541285,True
period_2019_2022,New York,other_compound_vs_reference,2019,3.18669779666577,True
period_2019_2022,New York,other_compound_vs_reference,2020,3.4453424496423177,True
period_2019_2022,New York,other_compound_vs_reference,2021,3.997537833827749,True
period_2019_2022,New York,other_compound_vs_reference,2022,4.087420202692504,True
period_2019_2022,New York,episode_vs_wind_only,2019,0.4908387236274985,True
period_2019_2022,New York,episode_vs_wind_only,2020,-0.2901480213341152,True
period_2019_2022,New York,episode_vs_wind_only,2021,-0.7365046524304315,True
period_2019_2022,New York,episode_vs_wind_only,2022,0.9453715004365656,True
period_2019_2022,New York,episode_vs_heat_only,2019,3.594376221142205,True
period_2019_2022,New York,episode_vs_heat_only,2020,2.76998301473138,True
period_2019_2022,New York,episode_vs_heat_only,2021,2.1138099923207205,True
period_2019_2022,New York,episode_vs_heat_only,2022,3.892203993028111,True
period_2019_2022,Philadelphia,episode_vs_reference,2019,2.7020861134898726,True
period_2019_2022,Philadelphia,episode_vs_reference,2020,2.1625483614897143,True
period_2019_2022,Philadelphia,episode_vs_reference,2021,1.183497527413942,True
period_2019_2022,Philadelphia,episode_vs_reference,2022,2.589216667429036,True
period_2019_2022,Philadelphia,heat_only_vs_reference,2019,0.7798405240814319,True
period_2019_2022,Philadelphia,heat_only_vs_reference,2020,0.6514044747880535,True
period_2019_2022,Philadelphia,heat_only_vs_reference,2021,1.054006018977934,True
period_2019_2022,Philadelphia,heat_only_vs_reference,2022,0.998336009819418,True
period_2019_2022,Philadelphia,wind_only_vs_reference,2019,2.007531275444141,True
period_2019_2022,Philadelphia,wind_only_vs_reference,2020,1.9364753278847584,True
period_2019_2022,Philadelphia,wind_only_vs_reference,2021,1.8423731820315008,True
period_2019_2022,Philadelphia,wind_only_vs_reference,2022,1.756143409774278,True
period_2019_2022,Philadelphia,other_compound_vs_reference,2019,1.7853010240165084,True
period_2019_2022,Philadelphia,other_compound_vs_reference,2020,1.48471084345319,True
period_2019_2022,Philadelphia,other_compound_vs_reference,2021,1.6394309393110271,True
period_2019_2022,Philadelphia,other_compound_vs_reference,2022,1.7504352110565946,True
period_2019_2022,Philadelphia,episode_vs_wind_only,2019,0.6945548380457311,True
period_2019_2022,Philadelphia,episode_vs_wind_only,2020,0.2260730336049556,True
period_2019_2022,Philadelphia,episode_vs_wind_only,2021,-0.6588756546175587,True
period_2019_2022,Philadelphia,episode_vs_wind_only,2022,0.8330732576547579,True
period_2019_2022,Philadelphia,episode_vs_heat_only,2019,1.9222455894084407,True
period_2019_2022,Philadelphia,episode_vs_heat_only,2020,1.5111438867016609,True
period_2019_2022,Philadelphia,episode_vs_heat_only,2021,0.1294915084360079,True
period_2019_2022,Philadelphia,episode_vs_heat_only,2022,1.5908806576096182,True
period_2019_2022,Phoenix,episode_vs_reference,2019,3.862899218158269,True
period_2019_2022,Phoenix,episode_vs_reference,2020,3.2478177666812904,True
period_2019_2022,Phoenix,episode_vs_reference,2021,6.0871544433647085,True
period_2019_2022,Phoenix,episode_vs_reference,2022,3.7618538536728474,True
period_2019_2022,Phoenix,heat_only_vs_reference,2019,-0.5255204179968607,True
period_2019_2022,Phoenix,heat_only_vs_reference,2020,0.1644487936150505,True
period_2019_2022,Phoenix,heat_only_vs_reference,2021,-0.1989304712766565,True
period_2019_2022,Phoenix,heat_only_vs_reference,2022,0.4474613632677687,True
period_2019_2022,Phoenix,wind_only_vs_reference,2019,3.0851230650874824,True
period_2019_2022,Phoenix,wind_only_vs_reference,2020,3.128576999915981,True
period_2019_2022,Phoenix,wind_only_vs_reference,2021,3.319929993703178,True
period_2019_2022,Phoenix,wind_only_vs_reference,2022,3.365827108042664,True
period_2019_2022,Phoenix,other_compound_vs_reference,2019,1.3342261704905078,True
period_2019_2022,Phoenix,other_compound_vs_reference,2020,3.698969292742115,True
period_2019_2022,Phoenix,other_compound_vs_reference,2021,2.4415553569989603,True
period_2019_2022,Phoenix,other_compound_vs_reference,2022,2.8189160812086893,True
period_2019_2022,Phoenix,episode_vs_wind_only,2019,0.7777761530707865,True
period_2019_2022,Phoenix,episode_vs_wind_only,2020,0.1192407667653094,True
period_2019_2022,Phoenix,episode_vs_wind_only,2021,2.7672244496615304,True
period_2019_2022,Phoenix,episode_vs_wind_only,2022,0.3960267456301829,True
period_2019_2022,Phoenix,episode_vs_heat_only,2019,4.388419636155129,True
period_2019_2022,Phoenix,episode_vs_heat_only,2020,3.08336897306624,True
period_2019_2022,Phoenix,episode_vs_heat_only,2021,6.286084914641365,True
period_2019_2022,Phoenix,episode_vs_heat_only,2022,3.3143924904050777,True
period_2019_2022,San Diego,episode_vs_reference,2019,2.6333140207321426,True
period_2019_2022,San Diego,episode_vs_reference,2020,2.185317097076779,True
period_2019_2022,San Diego,episode_vs_reference,2021,2.716275755243527,True
period_2019_2022,San Diego,episode_vs_reference,2022,2.54341806837833,True
period_2019_2022,San Diego,heat_only_vs_reference,2019,0.9042964763873226,True
period_2019_2022,San Diego,heat_only_vs_reference,2020,0.9650542023472036,True
period_2019_2022,San Diego,heat_only_vs_reference,2021,0.9483956803752204,True
period_2019_2022,San Diego,heat_only_vs_reference,2022,1.0767535898811196,True
period_2019_2022,San Diego,wind_only_vs_reference,2019,1.1597006809596733,True
period_2019_2022,San Diego,wind_only_vs_reference,2020,1.274433009792057,True
period_2019_2022,San Diego,wind_only_vs_reference,2021,1.270802276677988,True
period_2019_2022,San Diego,wind_only_vs_reference,2022,0.8686724902643778,True
period_2019_2022,San Diego,other_compound_vs_reference,2019,2.456979759488306,True
period_2019_2022,San Diego,other_compound_vs_reference,2020,2.754209070696936,True
period_2019_2022,San Diego,other_compound_vs_reference,2021,2.5496152190139854,True
period_2019_2022,San Diego,other_compound_vs_reference,2022,2.66323793366847,True
period_2019_2022,San Diego,episode_vs_wind_only,2019,1.473613339772469,True
period_2019_2022,San Diego,episode_vs_wind_only,2020,0.910884087284722,True
period_2019_2022,San Diego,episode_vs_wind_only,2021,1.4454734785655388,True
period_2019_2022,San Diego,episode_vs_wind_only,2022,1.6747455781139524,True
period_2019_2022,San Diego,episode_vs_heat_only,2019,1.72901754434482,True
period_2019_2022,San Diego,episode_vs_heat_only,2020,1.2202628947295753,True
period_2019_2022,San Diego,episode_vs_heat_only,2021,1.7678800748683066,True
period_2019_2022,San Diego,episode_vs_heat_only,2022,1.4666644784972105,True
period_2019_2022,Seattle,episode_vs_reference,2019,9.00913740210869,True
period_2019_2022,Seattle,episode_vs_reference,2020,8.692158708618315,True
period_2019_2022,Seattle,episode_vs_reference,2021,7.822182413842233,True
period_2019_2022,Seattle,episode_vs_reference,2022,5.106790533772883,True
period_2019_2022,Seattle,heat_only_vs_reference,2019,3.73209912853372,True
period_2019_2022,Seattle,heat_only_vs_reference,2020,3.322717762368921,True
period_2019_2022,Seattle,heat_only_vs_reference,2021,3.0613405416410537,True
period_2019_2022,Seattle,heat_only_vs_reference,2022,2.100347689305423,True
period_2019_2022,Seattle,wind_only_vs_reference,2019,3.8470745511069993,True
period_2019_2022,Seattle,wind_only_vs_reference,2020,4.071680977338949,True
period_2019_2022,Seattle,wind_only_vs_reference,2021,3.656275010112061,True
period_2019_2022,Seattle,wind_only_vs_reference,2022,3.7923487362838575,True
period_2019_2022,Seattle,other_compound_vs_reference,2019,8.810656727352315,True
period_2019_2022,Seattle,other_compound_vs_reference,2020,9.26833935839066,True
period_2019_2022,Seattle,other_compound_vs_reference,2021,7.657566939656797,True
period_2019_2022,Seattle,other_compound_vs_reference,2022,7.426613654751139,True
period_2019_2022,Seattle,episode_vs_wind_only,2019,5.162062851001691,True
period_2019_2022,Seattle,episode_vs_wind_only,2020,4.620477731279366,True
period_2019_2022,Seattle,episode_vs_wind_only,2021,4.165907403730172,True
period_2019_2022,Seattle,episode_vs_wind_only,2022,1.3144417974890246,True
period_2019_2022,Seattle,episode_vs_heat_only,2019,5.277038273574971,True
period_2019_2022,Seattle,episode_vs_heat_only,2020,5.369440946249394,True
period_2019_2022,Seattle,episode_vs_heat_only,2021,4.76084187220118,True
period_2019_2022,Seattle,episode_vs_heat_only,2022,3.00644284446746,True
period_2023_2024,Atlanta,episode_vs_reference,2023,2.9852664510900024,True
period_2023_2024,Atlanta,episode_vs_reference,2024,1.2714721303808214,True
period_2023_2024,Atlanta,heat_only_vs_reference,2023,-0.3758163193450562,True
period_2023_2024,Atlanta,heat_only_vs_reference,2024,-0.6120743464069531,True
period_2023_2024,Atlanta,wind_only_vs_reference,2023,1.5219464326905858,True
period_2023_2024,Atlanta,wind_only_vs_reference,2024,0.5694318683654792,True
period_2023_2024,Atlanta,other_compound_vs_reference,2023,5.1005192020978365,True
period_2023_2024,Atlanta,other_compound_vs_reference,2024,-1.325143429873416,True
period_2023_2024,Atlanta,episode_vs_wind_only,2023,1.4633200183994166,True
period_2023_2024,Atlanta,episode_vs_wind_only,2024,0.7020402620153422,True
period_2023_2024,Atlanta,episode_vs_heat_only,2023,3.3610827704350585,True
period_2023_2024,Atlanta,episode_vs_heat_only,2024,1.8835464767877743,True
period_2023_2024,Chicago,episode_vs_reference,2023,5.346287361422863,True
period_2023_2024,Chicago,episode_vs_reference,2024,7.520745529335454,True
period_2023_2024,Chicago,heat_only_vs_reference,2023,0.2983136552514311,True
period_2023_2024,Chicago,heat_only_vs_reference,2024,-0.4828175200719267,True
period_2023_2024,Chicago,wind_only_vs_reference,2023,3.938847133912571,True
period_2023_2024,Chicago,wind_only_vs_reference,2024,3.5673019502440826,True
period_2023_2024,Chicago,other_compound_vs_reference,2023,4.444886079749772,True
period_2023_2024,Chicago,other_compound_vs_reference,2024,5.032013815716698,True
period_2023_2024,Chicago,episode_vs_wind_only,2023,1.4074402275102915,True
period_2023_2024,Chicago,episode_vs_wind_only,2024,3.953443579091372,True
period_2023_2024,Chicago,episode_vs_heat_only,2023,5.047973706171431,True
period_2023_2024,Chicago,episode_vs_heat_only,2024,8.003563049407381,True
period_2023_2024,Dallas,episode_vs_reference,2023,0.901999756822364,True
period_2023_2024,Dallas,episode_vs_reference,2024,-0.9830239188970974,True
period_2023_2024,Dallas,heat_only_vs_reference,2023,-2.120387470660611,True
period_2023_2024,Dallas,heat_only_vs_reference,2024,-2.3581754886648003,True
period_2023_2024,Dallas,wind_only_vs_reference,2023,2.2759356467628398,True
period_2023_2024,Dallas,wind_only_vs_reference,2024,3.4031363222201554,True
period_2023_2024,Dallas,other_compound_vs_reference,2023,0.2471653607776458,True
period_2023_2024,Dallas,other_compound_vs_reference,2024,-0.535796671805729,True
period_2023_2024,Dallas,episode_vs_wind_only,2023,-1.3739358899404754,True
period_2023_2024,Dallas,episode_vs_wind_only,2024,-4.386160241117253,True
period_2023_2024,Dallas,episode_vs_heat_only,2023,3.022387227482975,True
period_2023_2024,Dallas,episode_vs_heat_only,2024,1.375151569767703,True
period_2023_2024,Denver,episode_vs_reference,2023,1.3904521522358642,True
period_2023_2024,Denver,episode_vs_reference,2024,,False
period_2023_2024,Denver,heat_only_vs_reference,2023,1.869425467141572,True
period_2023_2024,Denver,heat_only_vs_reference,2024,-0.6905735566668408,True
period_2023_2024,Denver,wind_only_vs_reference,2023,0.7910291087674641,True
period_2023_2024,Denver,wind_only_vs_reference,2024,1.8553815557999125,True
period_2023_2024,Denver,other_compound_vs_reference,2023,1.4125408133020727,True
period_2023_2024,Denver,other_compound_vs_reference,2024,2.6335682722695024,True
period_2023_2024,Denver,episode_vs_wind_only,2023,0.5994230434684,True
period_2023_2024,Denver,episode_vs_wind_only,2024,,False
period_2023_2024,Denver,episode_vs_heat_only,2023,-0.478973314905708,True
period_2023_2024,Denver,episode_vs_heat_only,2024,,False
period_2023_2024,Houston,episode_vs_reference,2023,1.155146278496533,True
period_2023_2024,Houston,episode_vs_reference,2024,1.1666124029604277,True
period_2023_2024,Houston,heat_only_vs_reference,2023,-1.2493330243528649,True
period_2023_2024,Houston,heat_only_vs_reference,2024,-3.149317988255459,True
period_2023_2024,Houston,wind_only_vs_reference,2023,4.24705598831415,True
period_2023_2024,Houston,wind_only_vs_reference,2024,4.206424200102402,True
period_2023_2024,Houston,other_compound_vs_reference,2023,-1.1737815610378148,True
period_2023_2024,Houston,other_compound_vs_reference,2024,-0.4540762147927212,True
period_2023_2024,Houston,episode_vs_wind_only,2023,-3.0919097098176174,True
period_2023_2024,Houston,episode_vs_wind_only,2024,-3.039811797141975,True
period_2023_2024,Houston,episode_vs_heat_only,2023,2.404479302849398,True
period_2023_2024,Houston,episode_vs_heat_only,2024,4.315930391215886,True
period_2023_2024,Los Angeles,episode_vs_reference,2023,1.6381833728552475,True
period_2023_2024,Los Angeles,episode_vs_reference,2024,4.8031532306343765,True
period_2023_2024,Los Angeles,heat_only_vs_reference,2023,-0.293570080020021,True
period_2023_2024,Los Angeles,heat_only_vs_reference,2024,0.8129253436135948,True
period_2023_2024,Los Angeles,wind_only_vs_reference,2023,2.4001026252488287,True
period_2023_2024,Los Angeles,wind_only_vs_reference,2024,2.03400782167544,True
period_2023_2024,Los Angeles,other_compound_vs_reference,2023,1.3386613000695096,True
period_2023_2024,Los Angeles,other_compound_vs_reference,2024,2.4271075650795844,True
period_2023_2024,Los Angeles,episode_vs_wind_only,2023,-0.7619192523935809,True
period_2023_2024,Los Angeles,episode_vs_wind_only,2024,2.769145408958937,True
period_2023_2024,Los Angeles,episode_vs_heat_only,2023,1.931753452875269,True
period_2023_2024,Los Angeles,episode_vs_heat_only,2024,3.9902278870207817,True
period_2023_2024,New York,episode_vs_reference,2023,6.425774715205316,True
period_2023_2024,New York,episode_vs_reference,2024,4.369802687017664,True
period_2023_2024,New York,heat_only_vs_reference,2023,0.9382538084810852,True
period_2023_2024,New York,heat_only_vs_reference,2024,0.8924945306788548,True
period_2023_2024,New York,wind_only_vs_reference,2023,5.006635573216379,True
period_2023_2024,New York,wind_only_vs_reference,2024,3.384207926788141,True
period_2023_2024,New York,other_compound_vs_reference,2023,5.02263847963631,True
period_2023_2024,New York,other_compound_vs_reference,2024,4.506927415602344,True
period_2023_2024,New York,episode_vs_wind_only,2023,1.4191391419889363,True
period_2023_2024,New York,episode_vs_wind_only,2024,0.9855947602295232,True
period_2023_2024,New York,episode_vs_heat_only,2023,5.487520906724231,True
period_2023_2024,New York,episode_vs_heat_only,2024,3.4773081563388093,True
period_2023_2024,Philadelphia,episode_vs_reference,2023,2.0738742229349563,True
period_2023_2024,Philadelphia,episode_vs_reference,2024,2.1140313026711945,True
period_2023_2024,Philadelphia,heat_only_vs_reference,2023,0.9713605436311804,True
period_2023_2024,Philadelphia,heat_only_vs_reference,2024,1.1237972644549443,True
period_2023_2024,Philadelphia,wind_only_vs_reference,2023,2.745013805961783,True
period_2023_2024,Philadelphia,wind_only_vs_reference,2024,2.204539243166691,True
period_2023_2024,Philadelphia,other_compound_vs_reference,2023,2.557916394802885,True
period_2023_2024,Philadelphia,other_compound_vs_reference,2024,1.8143512723460944,True
period_2023_2024,Philadelphia,episode_vs_wind_only,2023,-0.6711395830268265,True
period_2023_2024,Philadelphia,episode_vs_wind_only,2024,-0.0905079404954962,True
period_2023_2024,Philadelphia,episode_vs_heat_only,2023,1.1025136793037758,True
period_2023_2024,Philadelphia,episode_vs_heat_only,2024,0.9902340382162502,True
period_2023_2024,Phoenix,episode_vs_reference,2023,0.6358598933924382,True
period_2023_2024,Phoenix,episode_vs_reference,2024,2.772049186813564,True
period_2023_2024,Phoenix,heat_only_vs_reference,2023,-0.1138384468716574,True
period_2023_2024,Phoenix,heat_only_vs_reference,2024,-0.2896347202489643,True
period_2023_2024,Phoenix,wind_only_vs_reference,2023,2.943846015660255,True
period_2023_2024,Phoenix,wind_only_vs_reference,2024,3.00464755664406,True
period_2023_2024,Phoenix,other_compound_vs_reference,2023,1.8692171188191389,True
period_2023_2024,Phoenix,other_compound_vs_reference,2024,1.3000926757270768,True
period_2023_2024,Phoenix,episode_vs_wind_only,2023,-2.307986122267817,True
period_2023_2024,Phoenix,episode_vs_wind_only,2024,-0.2325983698304963,True
period_2023_2024,Phoenix,episode_vs_heat_only,2023,0.7496983402640957,True
period_2023_2024,Phoenix,episode_vs_heat_only,2024,3.061683907062528,True
period_2023_2024,San Diego,episode_vs_reference,2023,0.9500652991258458,True
period_2023_2024,San Diego,episode_vs_reference,2024,2.458830984908923,True
period_2023_2024,San Diego,heat_only_vs_reference,2023,-0.7089914950643184,True
period_2023_2024,San Diego,heat_only_vs_reference,2024,0.9936619295288248,True
period_2023_2024,San Diego,wind_only_vs_reference,2023,1.3658394680290065,True
period_2023_2024,San Diego,wind_only_vs_reference,2024,1.1186023291269025,True
period_2023_2024,San Diego,other_compound_vs_reference,2023,0.3035502015228246,True
period_2023_2024,San Diego,other_compound_vs_reference,2024,1.674187812024115,True
period_2023_2024,San Diego,episode_vs_wind_only,2023,-0.4157741689031606,True
period_2023_2024,San Diego,episode_vs_wind_only,2024,1.3402286557820209,True
period_2023_2024,San Diego,episode_vs_heat_only,2023,1.6590567941901642,True
period_2023_2024,San Diego,episode_vs_heat_only,2024,1.4651690553800982,True
period_2023_2024,Seattle,episode_vs_reference,2023,8.477807014342936,True
period_2023_2024,Seattle,episode_vs_reference,2024,4.534868341907966,True
period_2023_2024,Seattle,heat_only_vs_reference,2023,4.790728970274964,True
period_2023_2024,Seattle,heat_only_vs_reference,2024,6.238886967877088,True
period_2023_2024,Seattle,wind_only_vs_reference,2023,3.218518454871186,True
period_2023_2024,Seattle,wind_only_vs_reference,2024,3.533377503617693,True
period_2023_2024,Seattle,other_compound_vs_reference,2023,9.871732333123678,True
period_2023_2024,Seattle,other_compound_vs_reference,2024,6.1228658525337245,True
period_2023_2024,Seattle,episode_vs_wind_only,2023,5.2592885594717504,True
period_2023_2024,Seattle,episode_vs_wind_only,2024,1.0014908382902727,True
period_2023_2024,Seattle,episode_vs_heat_only,2023,3.687078044067972,True
period_2023_2024,Seattle,episode_vs_heat_only,2024,-1.7040186259691217,True
phase_calendar_secondary,Atlanta,episode_vs_reference,2019,3.0358459969571943,True
phase_calendar_secondary,Atlanta,episode_vs_reference,2020,3.3208311445011707,True
phase_calendar_secondary,Atlanta,episode_vs_reference,2021,3.0812043289441053,True
phase_calendar_secondary,Atlanta,episode_vs_reference,2022,3.5091714434499277,True
phase_calendar_secondary,Atlanta,episode_vs_reference,2023,3.425198831096255,True
phase_calendar_secondary,Atlanta,episode_vs_reference,2024,2.9190831683991973,True
phase_calendar_secondary,Atlanta,pre1_6_vs_reference,2019,1.2913986263501436,True
phase_calendar_secondary,Atlanta,pre1_6_vs_reference,2020,1.1617435139602132,True
phase_calendar_secondary,Atlanta,pre1_6_vs_reference,2021,1.1516694700656294,True
phase_calendar_secondary,Atlanta,pre1_6_vs_reference,2022,1.5015755118000853,True
phase_calendar_secondary,Atlanta,pre1_6_vs_reference,2023,1.5486941911088157,True
phase_calendar_secondary,Atlanta,pre1_6_vs_reference,2024,0.8361042453092816,True
phase_calendar_secondary,Atlanta,post1_2_vs_reference,2019,0.9854940747930254,True
phase_calendar_secondary,Atlanta,post1_2_vs_reference,2020,0.6762347064882877,True
phase_calendar_secondary,Atlanta,post1_2_vs_reference,2021,0.5227285513839215,True
phase_calendar_secondary,Atlanta,post1_2_vs_reference,2022,0.9106634725065096,True
phase_calendar_secondary,Atlanta,post1_2_vs_reference,2023,0.8401455152256292,True
phase_calendar_secondary,Atlanta,post1_2_vs_reference,2024,0.3137268479004386,True
phase_calendar_secondary,Atlanta,post3_6_vs_reference,2019,1.063159013852419,True
phase_calendar_secondary,Atlanta,post3_6_vs_reference,2020,0.8892633256739024,True
phase_calendar_secondary,Atlanta,post3_6_vs_reference,2021,0.8365110522685376,True
phase_calendar_secondary,Atlanta,post3_6_vs_reference,2022,0.9380417334265986,True
phase_calendar_secondary,Atlanta,post3_6_vs_reference,2023,1.063883684820627,True
phase_calendar_secondary,Atlanta,post3_6_vs_reference,2024,0.6192402876737136,True
phase_calendar_secondary,Atlanta,other_compound_vs_reference,2019,1.849359906985555,True
phase_calendar_secondary,Atlanta,other_compound_vs_reference,2020,1.4257249707484747,True
phase_calendar_secondary,Atlanta,other_compound_vs_reference,2021,1.310533911901516,True
phase_calendar_secondary,Atlanta,other_compound_vs_reference,2022,1.877977984932166,True
phase_calendar_secondary,Atlanta,other_compound_vs_reference,2023,2.087352918152254,True
phase_calendar_secondary,Atlanta,other_compound_vs_reference,2024,0.9980859096042802,True
phase_calendar_secondary,Chicago,episode_vs_reference,2019,4.275524327118217,True
phase_calendar_secondary,Chicago,episode_vs_reference,2020,4.394644161214615,True
phase_calendar_secondary,Chicago,episode_vs_reference,2021,4.806218107793341,True
phase_calendar_secondary,Chicago,episode_vs_reference,2022,3.456479432127073,True
phase_calendar_secondary,Chicago,episode_vs_reference,2023,3.4909665795091605,True
phase_calendar_secondary,Chicago,episode_vs_reference,2024,3.171574217814531,True
phase_calendar_secondary,Chicago,pre1_6_vs_reference,2019,0.6416541383274132,True
phase_calendar_secondary,Chicago,pre1_6_vs_reference,2020,0.562629037136832,True
phase_calendar_secondary,Chicago,pre1_6_vs_reference,2021,0.87710638227745,True
phase_calendar_secondary,Chicago,pre1_6_vs_reference,2022,0.5855441963182378,True
phase_calendar_secondary,Chicago,pre1_6_vs_reference,2023,0.5311253690085734,True
phase_calendar_secondary,Chicago,pre1_6_vs_reference,2024,1.0619619969409773,True
phase_calendar_secondary,Chicago,post1_2_vs_reference,2019,-0.8482352112786731,True
phase_calendar_secondary,Chicago,post1_2_vs_reference,2020,-1.1429885065399026,True
phase_calendar_secondary,Chicago,post1_2_vs_reference,2021,-0.6802728839250185,True
phase_calendar_secondary,Chicago,post1_2_vs_reference,2022,-1.1424544103167833,True
phase_calendar_secondary,Chicago,post1_2_vs_reference,2023,-0.7424096582055578,True
phase_calendar_secondary,Chicago,post1_2_vs_reference,2024,0.0044107801142675,True
phase_calendar_secondary,Chicago,post3_6_vs_reference,2019,-1.964844671230088,True
phase_calendar_secondary,Chicago,post3_6_vs_reference,2020,-1.8824077816483225,True
phase_calendar_secondary,Chicago,post3_6_vs_reference,2021,-2.4172490187009408,True
phase_calendar_secondary,Chicago,post3_6_vs_reference,2022,-2.600188971307967,True
phase_calendar_secondary,Chicago,post3_6_vs_reference,2023,-2.098668178343376,True
phase_calendar_secondary,Chicago,post3_6_vs_reference,2024,-0.3659870078868887,True
phase_calendar_secondary,Chicago,other_compound_vs_reference,2019,4.21310088196602,True
phase_calendar_secondary,Chicago,other_compound_vs_reference,2020,3.763612272794056,True
phase_calendar_secondary,Chicago,other_compound_vs_reference,2021,4.153342200711641,True
phase_calendar_secondary,Chicago,other_compound_vs_reference,2022,4.123014354824535,True
phase_calendar_secondary,Chicago,other_compound_vs_reference,2023,3.8096556138202944,True
phase_calendar_secondary,Chicago,other_compound_vs_reference,2024,4.5360643183818565,True
phase_calendar_secondary,Dallas,episode_vs_reference,2019,2.491014185280287,True
phase_calendar_secondary,Dallas,episode_vs_reference,2020,3.1937141113887595,True
phase_calendar_secondary,Dallas,episode_vs_reference,2021,3.476931899364944,True
phase_calendar_secondary,Dallas,episode_vs_reference,2022,3.4967654228953275,True
phase_calendar_secondary,Dallas,episode_vs_reference,2023,3.1640824705609494,True
phase_calendar_secondary,Dallas,episode_vs_reference,2024,3.293269199401925,True
phase_calendar_secondary,Dallas,pre1_6_vs_reference,2019,-0.1950439114997598,True
phase_calendar_secondary,Dallas,pre1_6_vs_reference,2020,0.3248305262063605,True
phase_calendar_secondary,Dallas,pre1_6_vs_reference,2021,0.476070499934357,True
phase_calendar_secondary,Dallas,pre1_6_vs_reference,2022,0.9514478700429267,True
phase_calendar_secondary,Dallas,pre1_6_vs_reference,2023,-0.0951414788485978,True
phase_calendar_secondary,Dallas,pre1_6_vs_reference,2024,0.5508671429475207,True
phase_calendar_secondary,Dallas,post1_2_vs_reference,2019,1.0600177115455338,True
phase_calendar_secondary,Dallas,post1_2_vs_reference,2020,1.3809084522402737,True
phase_calendar_secondary,Dallas,post1_2_vs_reference,2021,1.370018859829724,True
phase_calendar_secondary,Dallas,post1_2_vs_reference,2022,1.7233729463879095,True
phase_calendar_secondary,Dallas,post1_2_vs_reference,2023,1.1632474213488324,True
phase_calendar_secondary,Dallas,post1_2_vs_reference,2024,1.5886711589231992,True
phase_calendar_secondary,Dallas,post3_6_vs_reference,2019,0.7616697617167772,True
phase_calendar_secondary,Dallas,post3_6_vs_reference,2020,0.5685276969624491,True
phase_calendar_secondary,Dallas,post3_6_vs_reference,2021,0.416821550381618,True
phase_calendar_secondary,Dallas,post3_6_vs_reference,2022,0.4408504638774795,True
phase_calendar_secondary,Dallas,post3_6_vs_reference,2023,0.4869079412232368,True
phase_calendar_secondary,Dallas,post3_6_vs_reference,2024,0.7752094584523294,True
phase_calendar_secondary,Dallas,other_compound_vs_reference,2019,1.831489972320676,True
phase_calendar_secondary,Dallas,other_compound_vs_reference,2020,1.929448492684216,True
phase_calendar_secondary,Dallas,other_compound_vs_reference,2021,1.9768051811587104,True
phase_calendar_secondary,Dallas,other_compound_vs_reference,2022,1.9647475444005884,True
phase_calendar_secondary,Dallas,other_compound_vs_reference,2023,1.852395360809916,True
phase_calendar_secondary,Dallas,other_compound_vs_reference,2024,2.011377014152006,True
phase_calendar_secondary,Denver,episode_vs_reference,2019,0.0641335892046115,True
phase_calendar_secondary,Denver,episode_vs_reference,2020,1.4308481686908627,True
phase_calendar_secondary,Denver,episode_vs_reference,2021,1.787045369471255,True
phase_calendar_secondary,Denver,episode_vs_reference,2022,2.519798311506067,True
phase_calendar_secondary,Denver,episode_vs_reference,2023,1.4128104704261395,True
phase_calendar_secondary,Denver,episode_vs_reference,2024,1.3789359436616655,True
phase_calendar_secondary,Denver,pre1_6_vs_reference,2019,-0.5913115722621373,True
phase_calendar_secondary,Denver,pre1_6_vs_reference,2020,-0.2188590719051022,True
phase_calendar_secondary,Denver,pre1_6_vs_reference,2021,0.4301558404211803,True
phase_calendar_secondary,Denver,pre1_6_vs_reference,2022,0.2726066417979134,True
phase_calendar_secondary,Denver,pre1_6_vs_reference,2023,-0.244287867381975,True
phase_calendar_secondary,Denver,pre1_6_vs_reference,2024,-0.9902797901324184,True
phase_calendar_secondary,Denver,post1_2_vs_reference,2019,-0.8039645149039809,True
phase_calendar_secondary,Denver,post1_2_vs_reference,2020,-0.4977217574221184,True
phase_calendar_secondary,Denver,post1_2_vs_reference,2021,-0.2622619979332201,True
phase_calendar_secondary,Denver,post1_2_vs_reference,2022,-0.2906304721082812,True
phase_calendar_secondary,Denver,post1_2_vs_reference,2023,-0.5376614997736482,True
phase_calendar_secondary,Denver,post1_2_vs_reference,2024,-0.6115382235287679,True
phase_calendar_secondary,Denver,post3_6_vs_reference,2019,-0.2215774550445843,True
phase_calendar_secondary,Denver,post3_6_vs_reference,2020,0.2356356744084428,True
phase_calendar_secondary,Denver,post3_6_vs_reference,2021,0.5138773125117383,True
phase_calendar_secondary,Denver,post3_6_vs_reference,2022,0.4341452054875017,True
phase_calendar_secondary,Denver,post3_6_vs_reference,2023,0.2125735147880419,True
phase_calendar_secondary,Denver,post3_6_vs_reference,2024,0.1692376900672666,True
phase_calendar_secondary,Denver,other_compound_vs_reference,2019,1.7584194656414225,True
phase_calendar_secondary,Denver,other_compound_vs_reference,2020,1.7172575248360182,True
phase_calendar_secondary,Denver,other_compound_vs_reference,2021,1.4042554519652757,True
phase_calendar_secondary,Denver,other_compound_vs_reference,2022,2.2850743582741773,True
phase_calendar_secondary,Denver,other_compound_vs_reference,2023,1.4245528684655913,True
phase_calendar_secondary,Denver,other_compound_vs_reference,2024,1.5914709183756492,True
phase_calendar_secondary,Houston,episode_vs_reference,2019,1.7518558024972002,True
phase_calendar_secondary,Houston,episode_vs_reference,2020,1.1869938402772424,True
phase_calendar_secondary,Houston,episode_vs_reference,2021,1.8338061722282533,True
phase_calendar_secondary,Houston,episode_vs_reference,2022,1.543333124089694,True
phase_calendar_secondary,Houston,episode_vs_reference,2023,0.7371377105729011,True
phase_calendar_secondary,Houston,episode_vs_reference,2024,1.846917273209737,True
phase_calendar_secondary,Houston,pre1_6_vs_reference,2019,-0.8157545232467274,True
phase_calendar_secondary,Houston,pre1_6_vs_reference,2020,-0.8044469221094371,True
phase_calendar_secondary,Houston,pre1_6_vs_reference,2021,-0.0926298575351977,True
phase_calendar_secondary,Houston,pre1_6_vs_reference,2022,-0.367876615133395,True
phase_calendar_secondary,Houston,pre1_6_vs_reference,2023,-0.6874791408254619,True
phase_calendar_secondary,Houston,pre1_6_vs_reference,2024,-0.3625953873000317,True
phase_calendar_secondary,Houston,post1_2_vs_reference,2019,1.178597831791454,True
phase_calendar_secondary,Houston,post1_2_vs_reference,2020,0.4361536668737829,True
phase_calendar_secondary,Houston,post1_2_vs_reference,2021,0.5961469294126996,True
phase_calendar_secondary,Houston,post1_2_vs_reference,2022,0.9950767235797836,True
phase_calendar_secondary,Houston,post1_2_vs_reference,2023,0.9573743508569692,True
phase_calendar_secondary,Houston,post1_2_vs_reference,2024,0.801298299511854,True
phase_calendar_secondary,Houston,post3_6_vs_reference,2019,1.0670556863661291,True
phase_calendar_secondary,Houston,post3_6_vs_reference,2020,0.7904634496311339,True
phase_calendar_secondary,Houston,post3_6_vs_reference,2021,0.8711356423449146,True
phase_calendar_secondary,Houston,post3_6_vs_reference,2022,0.7100648576927032,True
phase_calendar_secondary,Houston,post3_6_vs_reference,2023,0.2531067054715209,True
phase_calendar_secondary,Houston,post3_6_vs_reference,2024,0.0630161056040233,True
phase_calendar_secondary,Houston,other_compound_vs_reference,2019,0.7415915801047015,True
phase_calendar_secondary,Houston,other_compound_vs_reference,2020,0.6241111016823235,True
phase_calendar_secondary,Houston,other_compound_vs_reference,2021,0.9882933783955428,True
phase_calendar_secondary,Houston,other_compound_vs_reference,2022,1.0805994767524074,True
phase_calendar_secondary,Houston,other_compound_vs_reference,2023,0.6802253574995021,True
phase_calendar_secondary,Houston,other_compound_vs_reference,2024,1.3250310951299282,True
phase_calendar_secondary,Los Angeles,episode_vs_reference,2019,5.241086678747359,True
phase_calendar_secondary,Los Angeles,episode_vs_reference,2020,5.431361604299361,True
phase_calendar_secondary,Los Angeles,episode_vs_reference,2021,5.689769876739243,True
phase_calendar_secondary,Los Angeles,episode_vs_reference,2022,4.90587861820412,True
phase_calendar_secondary,Los Angeles,episode_vs_reference,2023,5.204428488007257,True
phase_calendar_secondary,Los Angeles,episode_vs_reference,2024,5.500362369768165,True
phase_calendar_secondary,Los Angeles,pre1_6_vs_reference,2019,-0.0720910340664839,True
phase_calendar_secondary,Los Angeles,pre1_6_vs_reference,2020,0.5031782904217882,True
phase_calendar_secondary,Los Angeles,pre1_6_vs_reference,2021,0.0021219082257498,True
phase_calendar_secondary,Los Angeles,pre1_6_vs_reference,2022,-0.6009192273629163,True
phase_calendar_secondary,Los Angeles,pre1_6_vs_reference,2023,0.1718806446967796,True
phase_calendar_secondary,Los Angeles,pre1_6_vs_reference,2024,-0.4036937181576005,True
phase_calendar_secondary,Los Angeles,post1_2_vs_reference,2019,0.7754726034343549,True
phase_calendar_secondary,Los Angeles,post1_2_vs_reference,2020,0.6062506701503483,True
phase_calendar_secondary,Los Angeles,post1_2_vs_reference,2021,1.1990053155781886,True
phase_calendar_secondary,Los Angeles,post1_2_vs_reference,2022,0.8454788560632108,True
phase_calendar_secondary,Los Angeles,post1_2_vs_reference,2023,1.335147291812185,True
phase_calendar_secondary,Los Angeles,post1_2_vs_reference,2024,1.1315964135731935,True
phase_calendar_secondary,Los Angeles,post3_6_vs_reference,2019,-2.4811196722425395,True
phase_calendar_secondary,Los Angeles,post3_6_vs_reference,2020,-1.757479460638192,True
phase_calendar_secondary,Los Angeles,post3_6_vs_reference,2021,-1.8908993176459368,True
phase_calendar_secondary,Los Angeles,post3_6_vs_reference,2022,-1.978663146201706,True
phase_calendar_secondary,Los Angeles,post3_6_vs_reference,2023,-2.0152017598786425,True
phase_calendar_secondary,Los Angeles,post3_6_vs_reference,2024,-2.0889197213368385,True
phase_calendar_secondary,Los Angeles,other_compound_vs_reference,2019,5.711897741593079,True
phase_calendar_secondary,Los Angeles,other_compound_vs_reference,2020,5.898671000108172,True
phase_calendar_secondary,Los Angeles,other_compound_vs_reference,2021,5.26284394011372,True
phase_calendar_secondary,Los Angeles,other_compound_vs_reference,2022,5.469809540036646,True
phase_calendar_secondary,Los Angeles,other_compound_vs_reference,2023,5.905116027287455,True
phase_calendar_secondary,Los Angeles,other_compound_vs_reference,2024,5.53785608365065,True
phase_calendar_secondary,New York,episode_vs_reference,2019,4.158976869590185,True
phase_calendar_secondary,New York,episode_vs_reference,2020,3.904996468748796,True
phase_calendar_secondary,New York,episode_vs_reference,2021,3.38002348793033,True
phase_calendar_secondary,New York,episode_vs_reference,2022,4.478898612776091,True
phase_calendar_secondary,New York,episode_vs_reference,2023,3.749137395421807,True
phase_calendar_secondary,New York,episode_vs_reference,2024,3.768992826159879,True
phase_calendar_secondary,New York,pre1_6_vs_reference,2019,0.4324193913886573,True
phase_calendar_secondary,New York,pre1_6_vs_reference,2020,0.2289380945446372,True
phase_calendar_secondary,New York,pre1_6_vs_reference,2021,-0.1581450445331863,True
phase_calendar_secondary,New York,pre1_6_vs_reference,2022,0.5783216108767597,True
phase_calendar_secondary,New York,pre1_6_vs_reference,2023,0.2659729346433115,True
phase_calendar_secondary,New York,pre1_6_vs_reference,2024,0.4471767486718381,True
phase_calendar_secondary,New York,post1_2_vs_reference,2019,0.816681251395853,True
phase_calendar_secondary,New York,post1_2_vs_reference,2020,0.1781869626557981,True
phase_calendar_secondary,New York,post1_2_vs_reference,2021,0.9846052271092364,True
phase_calendar_secondary,New York,post1_2_vs_reference,2022,0.9827739790965372,True
phase_calendar_secondary,New York,post1_2_vs_reference,2023,0.3460005933873534,True
phase_calendar_secondary,New York,post1_2_vs_reference,2024,0.4488241854311426,True
phase_calendar_secondary,New York,post3_6_vs_reference,2019,0.383053382627035,True
phase_calendar_secondary,New York,post3_6_vs_reference,2020,0.4290864971222212,True
phase_calendar_secondary,New York,post3_6_vs_reference,2021,0.2511875702938277,True
phase_calendar_secondary,New York,post3_6_vs_reference,2022,0.0423489789731278,True
phase_calendar_secondary,New York,post3_6_vs_reference,2023,0.2969865335965035,True
phase_calendar_secondary,New York,post3_6_vs_reference,2024,0.4999855823043766,True
phase_calendar_secondary,New York,other_compound_vs_reference,2019,2.7633863250493125,True
phase_calendar_secondary,New York,other_compound_vs_reference,2020,2.6634966894013115,True
phase_calendar_secondary,New York,other_compound_vs_reference,2021,2.8466557380740136,True
phase_calendar_secondary,New York,other_compound_vs_reference,2022,3.422096257815221,True
phase_calendar_secondary,New York,other_compound_vs_reference,2023,2.588126681792145,True
phase_calendar_secondary,New York,other_compound_vs_reference,2024,2.7540892987602623,True
phase_calendar_secondary,Philadelphia,episode_vs_reference,2019,1.1979678144897272,True
phase_calendar_secondary,Philadelphia,episode_vs_reference,2020,0.9606416687246112,True
phase_calendar_secondary,Philadelphia,episode_vs_reference,2021,0.1896203098449019,True
phase_calendar_secondary,Philadelphia,episode_vs_reference,2022,1.2798473325958073,True
phase_calendar_secondary,Philadelphia,episode_vs_reference,2023,1.2438468588538931,True
phase_calendar_secondary,Philadelphia,episode_vs_reference,2024,1.0552451675356394,True
phase_calendar_secondary,Philadelphia,pre1_6_vs_reference,2019,-0.7764628165672243,True
phase_calendar_secondary,Philadelphia,pre1_6_vs_reference,2020,-0.7830489309620954,True
phase_calendar_secondary,Philadelphia,pre1_6_vs_reference,2021,-0.9887452478112294,True
phase_calendar_secondary,Philadelphia,pre1_6_vs_reference,2022,-0.6972594765506265,True
phase_calendar_secondary,Philadelphia,pre1_6_vs_reference,2023,-0.5422327807359426,True
phase_calendar_secondary,Philadelphia,pre1_6_vs_reference,2024,-0.6113705260153062,True
phase_calendar_secondary,Philadelphia,post1_2_vs_reference,2019,-0.6872338310994347,True
phase_calendar_secondary,Philadelphia,post1_2_vs_reference,2020,-1.2123373765999763,True
phase_calendar_secondary,Philadelphia,post1_2_vs_reference,2021,-1.0269946972020298,True
phase_calendar_secondary,Philadelphia,post1_2_vs_reference,2022,-0.635335606477773,True
phase_calendar_secondary,Philadelphia,post1_2_vs_reference,2023,-0.974852128010307,True
phase_calendar_secondary,Philadelphia,post1_2_vs_reference,2024,-0.7534940979493826,True
phase_calendar_secondary,Philadelphia,post3_6_vs_reference,2019,0.1856261881169925,True
phase_calendar_secondary,Philadelphia,post3_6_vs_reference,2020,-0.0341630651485125,True
phase_calendar_secondary,Philadelphia,post3_6_vs_reference,2021,-0.1312035116971485,True
phase_calendar_secondary,Philadelphia,post3_6_vs_reference,2022,0.0438505573058144,True
phase_calendar_secondary,Philadelphia,post3_6_vs_reference,2023,0.4067062110036165,True
phase_calendar_secondary,Philadelphia,post3_6_vs_reference,2024,0.0949388751339325,True
phase_calendar_secondary,Philadelphia,other_compound_vs_reference,2019,1.1992868729103583,True
phase_calendar_secondary,Philadelphia,other_compound_vs_reference,2020,0.9629484988636048,True
phase_calendar_secondary,Philadelphia,other_compound_vs_reference,2021,0.9679295194348624,True
phase_calendar_secondary,Philadelphia,other_compound_vs_reference,2022,0.998554366773862,True
phase_calendar_secondary,Philadelphia,other_compound_vs_reference,2023,0.8974390042346433,True
phase_calendar_secondary,Philadelphia,other_compound_vs_reference,2024,0.8749667892249524,True
phase_calendar_secondary,Phoenix,episode_vs_reference,2019,5.307765776666846,True
phase_calendar_secondary,Phoenix,episode_vs_reference,2020,4.344147786396965,True
phase_calendar_secondary,Phoenix,episode_vs_reference,2021,5.938919094087481,True
phase_calendar_secondary,Phoenix,episode_vs_reference,2022,5.31178768534839,True
phase_calendar_secondary,Phoenix,episode_vs_reference,2023,5.626394899144848,True
phase_calendar_secondary,Phoenix,episode_vs_reference,2024,5.575603540661385,True
phase_calendar_secondary,Phoenix,pre1_6_vs_reference,2019,1.3819685252566023,True
phase_calendar_secondary,Phoenix,pre1_6_vs_reference,2020,0.8499661705338536,True
phase_calendar_secondary,Phoenix,pre1_6_vs_reference,2021,2.0757487536385253,True
phase_calendar_secondary,Phoenix,pre1_6_vs_reference,2022,1.3945975211544004,True
phase_calendar_secondary,Phoenix,pre1_6_vs_reference,2023,1.4278316151781452,True
phase_calendar_secondary,Phoenix,pre1_6_vs_reference,2024,1.5004755548899449,True
phase_calendar_secondary,Phoenix,post1_2_vs_reference,2019,0.3412865281426182,True
phase_calendar_secondary,Phoenix,post1_2_vs_reference,2020,0.395652432522636,True
phase_calendar_secondary,Phoenix,post1_2_vs_reference,2021,0.4183218458341853,True
phase_calendar_secondary,Phoenix,post1_2_vs_reference,2022,0.3577484321091118,True
phase_calendar_secondary,Phoenix,post1_2_vs_reference,2023,0.298598007178392,True
phase_calendar_secondary,Phoenix,post1_2_vs_reference,2024,0.3206474312493025,True
phase_calendar_secondary,Phoenix,post3_6_vs_reference,2019,-0.0147490167023388,True
phase_calendar_secondary,Phoenix,post3_6_vs_reference,2020,-1.0321886115108423,True
phase_calendar_secondary,Phoenix,post3_6_vs_reference,2021,1.0337080706539392,True
phase_calendar_secondary,Phoenix,post3_6_vs_reference,2022,-0.0023231705682081,True
phase_calendar_secondary,Phoenix,post3_6_vs_reference,2023,-0.0553480411761698,True
phase_calendar_secondary,Phoenix,post3_6_vs_reference,2024,0.5337747720761806,True
phase_calendar_secondary,Phoenix,other_compound_vs_reference,2019,1.9841844173285053,True
phase_calendar_secondary,Phoenix,other_compound_vs_reference,2020,3.0166988310018104,True
phase_calendar_secondary,Phoenix,other_compound_vs_reference,2021,2.251511328184837,True
phase_calendar_secondary,Phoenix,other_compound_vs_reference,2022,2.254176976605354,True
phase_calendar_secondary,Phoenix,other_compound_vs_reference,2023,2.1751058530787284,True
phase_calendar_secondary,Phoenix,other_compound_vs_reference,2024,2.7303597264549424,True
phase_calendar_secondary,San Diego,episode_vs_reference,2019,3.039481217346449,True
phase_calendar_secondary,San Diego,episode_vs_reference,2020,2.8529806860305627,True
phase_calendar_secondary,San Diego,episode_vs_reference,2021,2.979373856854726,True
phase_calendar_secondary,San Diego,episode_vs_reference,2022,3.009650038151604,True
phase_calendar_secondary,San Diego,episode_vs_reference,2023,2.923244070576503,True
phase_calendar_secondary,San Diego,episode_vs_reference,2024,3.141614022248548,True
phase_calendar_secondary,San Diego,pre1_6_vs_reference,2019,0.2958948811276857,True
phase_calendar_secondary,San Diego,pre1_6_vs_reference,2020,0.1566256397762445,True
phase_calendar_secondary,San Diego,pre1_6_vs_reference,2021,0.1854230051561402,True
phase_calendar_secondary,San Diego,pre1_6_vs_reference,2022,-0.040578837197919,True
phase_calendar_secondary,San Diego,pre1_6_vs_reference,2023,0.1622548131876854,True
phase_calendar_secondary,San Diego,pre1_6_vs_reference,2024,0.2495108872043761,True
phase_calendar_secondary,San Diego,post1_2_vs_reference,2019,0.0992477422767322,True
phase_calendar_secondary,San Diego,post1_2_vs_reference,2020,0.1395831832111158,True
phase_calendar_secondary,San Diego,post1_2_vs_reference,2021,-0.3135373628838229,True
phase_calendar_secondary,San Diego,post1_2_vs_reference,2022,-0.0849612366093047,True
phase_calendar_secondary,San Diego,post1_2_vs_reference,2023,0.0210998185677815,True
phase_calendar_secondary,San Diego,post1_2_vs_reference,2024,-0.212839436034298,True
phase_calendar_secondary,San Diego,post3_6_vs_reference,2019,-1.5265888621582404,True
phase_calendar_secondary,San Diego,post3_6_vs_reference,2020,-1.5495687471427262,True
phase_calendar_secondary,San Diego,post3_6_vs_reference,2021,-1.0359245035846885,True
phase_calendar_secondary,San Diego,post3_6_vs_reference,2022,-1.48649770534983,True
phase_calendar_secondary,San Diego,post3_6_vs_reference,2023,-1.3589833782272775,True
phase_calendar_secondary,San Diego,post3_6_vs_reference,2024,-1.5656330030485643,True
phase_calendar_secondary,San Diego,other_compound_vs_reference,2019,2.0831155274471462,True
phase_calendar_secondary,San Diego,other_compound_vs_reference,2020,2.307118555270821,True
phase_calendar_secondary,San Diego,other_compound_vs_reference,2021,2.2631850377487366,True
phase_calendar_secondary,San Diego,other_compound_vs_reference,2022,2.2612220144336392,True
phase_calendar_secondary,San Diego,other_compound_vs_reference,2023,2.6270527335128357,True
phase_calendar_secondary,San Diego,other_compound_vs_reference,2024,2.771616028276988,True
phase_calendar_secondary,Seattle,episode_vs_reference,2019,4.120652615137836,True
phase_calendar_secondary,Seattle,episode_vs_reference,2020,5.024499317967227,True
phase_calendar_secondary,Seattle,episode_vs_reference,2021,4.262088915839434,True
phase_calendar_secondary,Seattle,episode_vs_reference,2022,3.264873727752556,True
phase_calendar_secondary,Seattle,episode_vs_reference,2023,6.27198696457674,True
phase_calendar_secondary,Seattle,episode_vs_reference,2024,3.777529739344704,True
phase_calendar_secondary,Seattle,pre1_6_vs_reference,2019,1.715982022443682,True
phase_calendar_secondary,Seattle,pre1_6_vs_reference,2020,2.415589069011505,True
phase_calendar_secondary,Seattle,pre1_6_vs_reference,2021,1.522833816233267,True
phase_calendar_secondary,Seattle,pre1_6_vs_reference,2022,1.0662934891457228,True
phase_calendar_secondary,Seattle,pre1_6_vs_reference,2023,1.8636030281758824,True
phase_calendar_secondary,Seattle,pre1_6_vs_reference,2024,0.9541808897573596,True
phase_calendar_secondary,Seattle,post1_2_vs_reference,2019,-0.0345102613865255,True
phase_calendar_secondary,Seattle,post1_2_vs_reference,2020,0.4287147861066167,True
phase_calendar_secondary,Seattle,post1_2_vs_reference,2021,-0.5485949039016965,True
phase_calendar_secondary,Seattle,post1_2_vs_reference,2022,0.2887103026878195,True
phase_calendar_secondary,Seattle,post1_2_vs_reference,2023,0.7898006941204585,True
phase_calendar_secondary,Seattle,post1_2_vs_reference,2024,-1.2522415329174768,True
phase_calendar_secondary,Seattle,post3_6_vs_reference,2019,0.0372038405204155,True
phase_calendar_secondary,Seattle,post3_6_vs_reference,2020,1.3230528965281207,True
phase_calendar_secondary,Seattle,post3_6_vs_reference,2021,0.887771733909673,True
phase_calendar_secondary,Seattle,post3_6_vs_reference,2022,0.850928884169141,True
phase_calendar_secondary,Seattle,post3_6_vs_reference,2023,0.9669812064750324,True
phase_calendar_secondary,Seattle,post3_6_vs_reference,2024,-0.508908973140848,True
phase_calendar_secondary,Seattle,other_compound_vs_reference,2019,6.068780103597836,True
phase_calendar_secondary,Seattle,other_compound_vs_reference,2020,6.719589466938104,True
phase_calendar_secondary,Seattle,other_compound_vs_reference,2021,5.695207486320461,True
phase_calendar_secondary,Seattle,other_compound_vs_reference,2022,6.021051915807166,True
phase_calendar_secondary,Seattle,other_compound_vs_reference,2023,7.208624218701062,True
phase_calendar_secondary,Seattle,other_compound_vs_reference,2024,5.695315430343109,True
phase_adjusted_secondary,Atlanta,episode_vs_reference,2019,2.0419648070591645,True
phase_adjusted_secondary,Atlanta,episode_vs_reference,2020,2.3431117390553675,True
phase_adjusted_secondary,Atlanta,episode_vs_reference,2021,2.1572629876004843,True
phase_adjusted_secondary,Atlanta,episode_vs_reference,2022,2.407696175836698,True
phase_adjusted_secondary,Atlanta,episode_vs_reference,2023,2.46453340750709,True
phase_adjusted_secondary,Atlanta,episode_vs_reference,2024,2.125516573234731,True
phase_adjusted_secondary,Atlanta,pre1_6_vs_reference,2019,0.7323295618630044,True
phase_adjusted_secondary,Atlanta,pre1_6_vs_reference,2020,0.5545520348055675,True
phase_adjusted_secondary,Atlanta,pre1_6_vs_reference,2021,0.3889783918774876,True
phase_adjusted_secondary,Atlanta,pre1_6_vs_reference,2022,0.5523475716170687,True
phase_adjusted_secondary,Atlanta,pre1_6_vs_reference,2023,0.6529026679676544,True
phase_adjusted_secondary,Atlanta,pre1_6_vs_reference,2024,0.6589722272207119,True
phase_adjusted_secondary,Atlanta,post1_2_vs_reference,2019,0.431977537104537,True
phase_adjusted_secondary,Atlanta,post1_2_vs_reference,2020,0.0026193424127265,True
phase_adjusted_secondary,Atlanta,post1_2_vs_reference,2021,0.0483942758032538,True
phase_adjusted_secondary,Atlanta,post1_2_vs_reference,2022,0.3138131909914542,True
phase_adjusted_secondary,Atlanta,post1_2_vs_reference,2023,0.3267224419110728,True
phase_adjusted_secondary,Atlanta,post1_2_vs_reference,2024,0.2737090603938588,True
phase_adjusted_secondary,Atlanta,post3_6_vs_reference,2019,0.3884926536623793,True
phase_adjusted_secondary,Atlanta,post3_6_vs_reference,2020,0.549888019036936,True
phase_adjusted_secondary,Atlanta,post3_6_vs_reference,2021,0.3763438078467451,True
phase_adjusted_secondary,Atlanta,post3_6_vs_reference,2022,0.4006086757330581,True
phase_adjusted_secondary,Atlanta,post3_6_vs_reference,2023,0.5541320728063975,True
phase_adjusted_secondary,Atlanta,post3_6_vs_reference,2024,0.3595909597483323,True
phase_adjusted_secondary,Atlanta,other_compound_vs_reference,2019,1.0117165490841245,True
phase_adjusted_secondary,Atlanta,other_compound_vs_reference,2020,0.9077906427803648,True
phase_adjusted_secondary,Atlanta,other_compound_vs_reference,2021,0.8053459858419312,True
phase_adjusted_secondary,Atlanta,other_compound_vs_reference,2022,1.3239830886813402,True
phase_adjusted_secondary,Atlanta,other_compound_vs_reference,2023,1.5719509420013371,True
phase_adjusted_secondary,Atlanta,other_compound_vs_reference,2024,0.831864025766357,True
phase_adjusted_secondary,Chicago,episode_vs_reference,2019,3.3947211172365703,True
phase_adjusted_secondary,Chicago,episode_vs_reference,2020,3.09650428256902,True
phase_adjusted_secondary,Chicago,episode_vs_reference,2021,3.3454710110688346,True
phase_adjusted_secondary,Chicago,episode_vs_reference,2022,2.8807272032721016,True
phase_adjusted_secondary,Chicago,episode_vs_reference,2023,2.6510272145338294,True
phase_adjusted_secondary,Chicago,episode_vs_reference,2024,2.931942943768822,True
phase_adjusted_secondary,Chicago,pre1_6_vs_reference,2019,0.4336365556517996,True
phase_adjusted_secondary,Chicago,pre1_6_vs_reference,2020,0.047652427345003,True
phase_adjusted_secondary,Chicago,pre1_6_vs_reference,2021,0.2825505791903587,True
phase_adjusted_secondary,Chicago,pre1_6_vs_reference,2022,0.2664757210517656,True
phase_adjusted_secondary,Chicago,pre1_6_vs_reference,2023,0.0283269339316262,True
phase_adjusted_secondary,Chicago,pre1_6_vs_reference,2024,0.915576828890344,True
phase_adjusted_secondary,Chicago,post1_2_vs_reference,2019,0.5368617074936305,True
phase_adjusted_secondary,Chicago,post1_2_vs_reference,2020,-0.0038575588016387,True
phase_adjusted_secondary,Chicago,post1_2_vs_reference,2021,0.6631979462773863,True
phase_adjusted_secondary,Chicago,post1_2_vs_reference,2022,0.3207492786384626,True
phase_adjusted_secondary,Chicago,post1_2_vs_reference,2023,0.4709403229058234,True
phase_adjusted_secondary,Chicago,post1_2_vs_reference,2024,1.0233574827615828,True
phase_adjusted_secondary,Chicago,post3_6_vs_reference,2019,-1.007929238723094,True
phase_adjusted_secondary,Chicago,post3_6_vs_reference,2020,-0.9641314065615458,True
phase_adjusted_secondary,Chicago,post3_6_vs_reference,2021,-1.4509452757331256,True
phase_adjusted_secondary,Chicago,post3_6_vs_reference,2022,-1.203248928226316,True
phase_adjusted_secondary,Chicago,post3_6_vs_reference,2023,-1.0312620467041498,True
phase_adjusted_secondary,Chicago,post3_6_vs_reference,2024,-0.0535042440965662,True
phase_adjusted_secondary,Chicago,other_compound_vs_reference,2019,3.000339784411799,True
phase_adjusted_secondary,Chicago,other_compound_vs_reference,2020,2.893119319165774,True
phase_adjusted_secondary,Chicago,other_compound_vs_reference,2021,3.123315392031467,True
phase_adjusted_secondary,Chicago,other_compound_vs_reference,2022,3.024298754962912,True
phase_adjusted_secondary,Chicago,other_compound_vs_reference,2023,2.8096883286204384,True
phase_adjusted_secondary,Chicago,other_compound_vs_reference,2024,3.2358287813346047,True
phase_adjusted_secondary,Dallas,episode_vs_reference,2019,1.9592058048593224,True
phase_adjusted_secondary,Dallas,episode_vs_reference,2020,2.250725293689744,True
phase_adjusted_secondary,Dallas,episode_vs_reference,2021,2.7349241340637747,True
phase_adjusted_secondary,Dallas,episode_vs_reference,2022,2.2754153371032637,True
phase_adjusted_secondary,Dallas,episode_vs_reference,2023,2.281358146183404,True
phase_adjusted_secondary,Dallas,episode_vs_reference,2024,2.3251365441417784,True
phase_adjusted_secondary,Dallas,pre1_6_vs_reference,2019,-0.1831552365801598,True
phase_adjusted_secondary,Dallas,pre1_6_vs_reference,2020,0.2755863895851411,True
phase_adjusted_secondary,Dallas,pre1_6_vs_reference,2021,0.2810115534814086,True
phase_adjusted_secondary,Dallas,pre1_6_vs_reference,2022,0.6361470363451787,True
phase_adjusted_secondary,Dallas,pre1_6_vs_reference,2023,0.0818814742399327,True
phase_adjusted_secondary,Dallas,pre1_6_vs_reference,2024,0.5375810122390172,True
phase_adjusted_secondary,Dallas,post1_2_vs_reference,2019,0.7396857788811929,True
phase_adjusted_secondary,Dallas,post1_2_vs_reference,2020,0.9900544296135596,True
phase_adjusted_secondary,Dallas,post1_2_vs_reference,2021,1.1881943122612144,True
phase_adjusted_secondary,Dallas,post1_2_vs_reference,2022,1.402449347743127,True
phase_adjusted_secondary,Dallas,post1_2_vs_reference,2023,0.7929291515084835,True
phase_adjusted_secondary,Dallas,post1_2_vs_reference,2024,1.1034763914936483,True
phase_adjusted_secondary,Dallas,post3_6_vs_reference,2019,0.329325736136703,True
phase_adjusted_secondary,Dallas,post3_6_vs_reference,2020,0.3304273550713823,True
phase_adjusted_secondary,Dallas,post3_6_vs_reference,2021,0.3160438513682351,True
phase_adjusted_secondary,Dallas,post3_6_vs_reference,2022,0.3252683486941912,True
phase_adjusted_secondary,Dallas,post3_6_vs_reference,2023,0.374094232266025,True
phase_adjusted_secondary,Dallas,post3_6_vs_reference,2024,0.229997993677252,True
phase_adjusted_secondary,Dallas,other_compound_vs_reference,2019,1.34973444838016,True
phase_adjusted_secondary,Dallas,other_compound_vs_reference,2020,1.4099383277479332,True
phase_adjusted_secondary,Dallas,other_compound_vs_reference,2021,1.25325632621895,True
phase_adjusted_secondary,Dallas,other_compound_vs_reference,2022,1.4748406895464954,True
phase_adjusted_secondary,Dallas,other_compound_vs_reference,2023,1.6183942403268436,True
phase_adjusted_secondary,Dallas,other_compound_vs_reference,2024,1.4315002936294512,True
phase_adjusted_secondary,Denver,episode_vs_reference,2019,-0.5216715045007065,True
phase_adjusted_secondary,Denver,episode_vs_reference,2020,0.9977413875939258,True
phase_adjusted_secondary,Denver,episode_vs_reference,2021,1.4804399681242288,True
phase_adjusted_secondary,Denver,episode_vs_reference,2022,1.7431644896120688,True
phase_adjusted_secondary,Denver,episode_vs_reference,2023,0.9234907368058684,True
phase_adjusted_secondary,Denver,episode_vs_reference,2024,1.4524121590647925,True
phase_adjusted_secondary,Denver,pre1_6_vs_reference,2019,-0.3343379682065417,True
phase_adjusted_secondary,Denver,pre1_6_vs_reference,2020,-0.0280393836412984,True
phase_adjusted_secondary,Denver,pre1_6_vs_reference,2021,0.6176705831688816,True
phase_adjusted_secondary,Denver,pre1_6_vs_reference,2022,0.3168817655384806,True
phase_adjusted_secondary,Denver,pre1_6_vs_reference,2023,-0.0696648185435286,True
phase_adjusted_secondary,Denver,pre1_6_vs_reference,2024,-0.4546857779584211,True
phase_adjusted_secondary,Denver,post1_2_vs_reference,2019,-0.2192394721589829,True
phase_adjusted_secondary,Denver,post1_2_vs_reference,2020,-0.3037604045036239,True
phase_adjusted_secondary,Denver,post1_2_vs_reference,2021,-0.0722866493882667,True
phase_adjusted_secondary,Denver,post1_2_vs_reference,2022,-0.3053650106784644,True
phase_adjusted_secondary,Denver,post1_2_vs_reference,2023,-0.1872089265477323,True
phase_adjusted_secondary,Denver,post1_2_vs_reference,2024,-0.2086364740584297,True
phase_adjusted_secondary,Denver,post3_6_vs_reference,2019,0.766643429426023,True
phase_adjusted_secondary,Denver,post3_6_vs_reference,2020,0.4317805711661232,True
phase_adjusted_secondary,Denver,post3_6_vs_reference,2021,0.7637765897292336,True
phase_adjusted_secondary,Denver,post3_6_vs_reference,2022,0.2394355569342351,True
phase_adjusted_secondary,Denver,post3_6_vs_reference,2023,0.4611455250744782,True
phase_adjusted_secondary,Denver,post3_6_vs_reference,2024,0.283979407065448,True
phase_adjusted_secondary,Denver,other_compound_vs_reference,2019,0.659563316327227,True
phase_adjusted_secondary,Denver,other_compound_vs_reference,2020,0.4578678392354863,True
phase_adjusted_secondary,Denver,other_compound_vs_reference,2021,0.497013836563712,True
phase_adjusted_secondary,Denver,other_compound_vs_reference,2022,0.898746073967108,True
phase_adjusted_secondary,Denver,other_compound_vs_reference,2023,0.2314567120375609,True
phase_adjusted_secondary,Denver,other_compound_vs_reference,2024,0.4202699455284271,True
phase_adjusted_secondary,Houston,episode_vs_reference,2019,1.8433085787986776,True
phase_adjusted_secondary,Houston,episode_vs_reference,2020,1.1917343303178465,True
phase_adjusted_secondary,Houston,episode_vs_reference,2021,1.7559473973625406,True
phase_adjusted_secondary,Houston,episode_vs_reference,2022,1.7015701142691586,True
phase_adjusted_secondary,Houston,episode_vs_reference,2023,1.031227581851102,True
phase_adjusted_secondary,Houston,episode_vs_reference,2024,1.5831724719094442,True
phase_adjusted_secondary,Houston,pre1_6_vs_reference,2019,-0.537109648226054,True
phase_adjusted_secondary,Houston,pre1_6_vs_reference,2020,-0.3656198290230343,True
phase_adjusted_secondary,Houston,pre1_6_vs_reference,2021,-0.0232538947080491,True
phase_adjusted_secondary,Houston,pre1_6_vs_reference,2022,0.0391772493736506,True
phase_adjusted_secondary,Houston,pre1_6_vs_reference,2023,-0.1415676078250229,True
phase_adjusted_secondary,Houston,pre1_6_vs_reference,2024,-0.3504425314941306,True
phase_adjusted_secondary,Houston,post1_2_vs_reference,2019,0.8977237519693373,True
phase_adjusted_secondary,Houston,post1_2_vs_reference,2020,0.0053727117079461,True
phase_adjusted_secondary,Houston,post1_2_vs_reference,2021,0.3744729878714599,True
phase_adjusted_secondary,Houston,post1_2_vs_reference,2022,0.7922833883023285,True
phase_adjusted_secondary,Houston,post1_2_vs_reference,2023,0.802992547228536,True
phase_adjusted_secondary,Houston,post1_2_vs_reference,2024,0.2050837242222739,True
phase_adjusted_secondary,Houston,post3_6_vs_reference,2019,0.4773835051705375,True
phase_adjusted_secondary,Houston,post3_6_vs_reference,2020,0.3116927269729517,True
phase_adjusted_secondary,Houston,post3_6_vs_reference,2021,0.2713667050374901,True
phase_adjusted_secondary,Houston,post3_6_vs_reference,2022,0.3696716250797348,True
phase_adjusted_secondary,Houston,post3_6_vs_reference,2023,-0.2252923311285506,True
phase_adjusted_secondary,Houston,post3_6_vs_reference,2024,-0.3659222117076286,True
phase_adjusted_secondary,Houston,other_compound_vs_reference,2019,0.6728653815942975,True
phase_adjusted_secondary,Houston,other_compound_vs_reference,2020,0.7118889629941554,True
phase_adjusted_secondary,Houston,other_compound_vs_reference,2021,0.7138736980496145,True
phase_adjusted_secondary,Houston,other_compound_vs_reference,2022,0.9089212583517676,True
phase_adjusted_secondary,Houston,other_compound_vs_reference,2023,0.6144225450855121,True
phase_adjusted_secondary,Houston,other_compound_vs_reference,2024,0.9618885560254414,True
phase_adjusted_secondary,Los Angeles,episode_vs_reference,2019,1.4436875996281158,True
phase_adjusted_secondary,Los Angeles,episode_vs_reference,2020,1.741588262686533,True
phase_adjusted_secondary,Los Angeles,episode_vs_reference,2021,1.668704304623315,True
phase_adjusted_secondary,Los Angeles,episode_vs_reference,2022,1.5084809548930096,True
phase_adjusted_secondary,Los Angeles,episode_vs_reference,2023,1.3284390308284433,True
phase_adjusted_secondary,Los Angeles,episode_vs_reference,2024,1.787987579903808,True
phase_adjusted_secondary,Los Angeles,pre1_6_vs_reference,2019,-0.2565377617150994,True
phase_adjusted_secondary,Los Angeles,pre1_6_vs_reference,2020,-0.0672330325999553,True
phase_adjusted_secondary,Los Angeles,pre1_6_vs_reference,2021,-0.2308379457697444,True
phase_adjusted_secondary,Los Angeles,pre1_6_vs_reference,2022,-0.1095646094223692,True
phase_adjusted_secondary,Los Angeles,pre1_6_vs_reference,2023,-0.1333939275399704,True
phase_adjusted_secondary,Los Angeles,pre1_6_vs_reference,2024,-0.3475918553973974,True
phase_adjusted_secondary,Los Angeles,post1_2_vs_reference,2019,-0.6051820035896234,True
phase_adjusted_secondary,Los Angeles,post1_2_vs_reference,2020,-0.5832057284814192,True
phase_adjusted_secondary,Los Angeles,post1_2_vs_reference,2021,-0.529901426067652,True
phase_adjusted_secondary,Los Angeles,post1_2_vs_reference,2022,-0.4668827657348742,True
phase_adjusted_secondary,Los Angeles,post1_2_vs_reference,2023,-0.5642877992469684,True
phase_adjusted_secondary,Los Angeles,post1_2_vs_reference,2024,-0.1331151257889367,True
phase_adjusted_secondary,Los Angeles,post3_6_vs_reference,2019,-1.2375321688158092,True
phase_adjusted_secondary,Los Angeles,post3_6_vs_reference,2020,-0.8645949101631523,True
phase_adjusted_secondary,Los Angeles,post3_6_vs_reference,2021,-0.7369264129136117,True
phase_adjusted_secondary,Los Angeles,post3_6_vs_reference,2022,-1.011239772821865,True
phase_adjusted_secondary,Los Angeles,post3_6_vs_reference,2023,-0.5524078221989501,True
phase_adjusted_secondary,Los Angeles,post3_6_vs_reference,2024,-0.7065807534784332,True
phase_adjusted_secondary,Los Angeles,other_compound_vs_reference,2019,1.4320350582190358,True
phase_adjusted_secondary,Los Angeles,other_compound_vs_reference,2020,2.29362661195173,True
phase_adjusted_secondary,Los Angeles,other_compound_vs_reference,2021,1.546961954714792,True
phase_adjusted_secondary,Los Angeles,other_compound_vs_reference,2022,1.953960302599846,True
phase_adjusted_secondary,Los Angeles,other_compound_vs_reference,2023,1.952567576378895,True
phase_adjusted_secondary,Los Angeles,other_compound_vs_reference,2024,1.978313168155004,True
phase_adjusted_secondary,New York,episode_vs_reference,2019,3.216627551271949,True
phase_adjusted_secondary,New York,episode_vs_reference,2020,2.6931279387000435,True
phase_adjusted_secondary,New York,episode_vs_reference,2021,2.251527782060255,True
phase_adjusted_secondary,New York,episode_vs_reference,2022,3.3865403504555758,True
phase_adjusted_secondary,New York,episode_vs_reference,2023,3.012625792876664,True
phase_adjusted_secondary,New York,episode_vs_reference,2024,2.8946822531500223,True
phase_adjusted_secondary,New York,pre1_6_vs_reference,2019,0.0720142361005311,True
phase_adjusted_secondary,New York,pre1_6_vs_reference,2020,-0.1187089437707215,True
phase_adjusted_secondary,New York,pre1_6_vs_reference,2021,-0.4913370060134587,True
phase_adjusted_secondary,New York,pre1_6_vs_reference,2022,0.3524361292600488,True
phase_adjusted_secondary,New York,pre1_6_vs_reference,2023,0.1104282894950612,True
phase_adjusted_secondary,New York,pre1_6_vs_reference,2024,0.0446892227604742,True
phase_adjusted_secondary,New York,post1_2_vs_reference,2019,0.6527645518423637,True
phase_adjusted_secondary,New York,post1_2_vs_reference,2020,-0.2490398824924165,True
phase_adjusted_secondary,New York,post1_2_vs_reference,2021,0.2308687825494336,True
phase_adjusted_secondary,New York,post1_2_vs_reference,2022,0.4434907254312973,True
phase_adjusted_secondary,New York,post1_2_vs_reference,2023,-0.0030266471934831,True
phase_adjusted_secondary,New York,post1_2_vs_reference,2024,0.0874812036499582,True
phase_adjusted_secondary,New York,post3_6_vs_reference,2019,0.2547013525309569,True
phase_adjusted_secondary,New York,post3_6_vs_reference,2020,0.4248465514855659,True
phase_adjusted_secondary,New York,post3_6_vs_reference,2021,-0.3666257592201063,True
phase_adjusted_secondary,New York,post3_6_vs_reference,2022,-0.0785059537919903,True
phase_adjusted_secondary,New York,post3_6_vs_reference,2023,0.3236262187178855,True
phase_adjusted_secondary,New York,post3_6_vs_reference,2024,0.3917024809114051,True
phase_adjusted_secondary,New York,other_compound_vs_reference,2019,2.170569569997388,True
phase_adjusted_secondary,New York,other_compound_vs_reference,2020,2.296417723743964,True
phase_adjusted_secondary,New York,other_compound_vs_reference,2021,2.3100031805307912,True
phase_adjusted_secondary,New York,other_compound_vs_reference,2022,2.730465864989608,True
phase_adjusted_secondary,New York,other_compound_vs_reference,2023,2.1632273013028094,True
phase_adjusted_secondary,New York,other_compound_vs_reference,2024,2.32588004170148,True
phase_adjusted_secondary,Philadelphia,episode_vs_reference,2019,1.1931817692775135,True
phase_adjusted_secondary,Philadelphia,episode_vs_reference,2020,0.9664000245066752,True
phase_adjusted_secondary,Philadelphia,episode_vs_reference,2021,0.2455548867134133,True
phase_adjusted_secondary,Philadelphia,episode_vs_reference,2022,1.1655609767815744,True
phase_adjusted_secondary,Philadelphia,episode_vs_reference,2023,1.1964436089871664,True
phase_adjusted_secondary,Philadelphia,episode_vs_reference,2024,1.0671993285839312,True
phase_adjusted_secondary,Philadelphia,pre1_6_vs_reference,2019,-0.8098041172644249,True
phase_adjusted_secondary,Philadelphia,pre1_6_vs_reference,2020,-0.7402361432949058,True
phase_adjusted_secondary,Philadelphia,pre1_6_vs_reference,2021,-1.0222496006955268,True
phase_adjusted_secondary,Philadelphia,pre1_6_vs_reference,2022,-0.7700354973589425,True
phase_adjusted_secondary,Philadelphia,pre1_6_vs_reference,2023,-0.5776960037643273,True
phase_adjusted_secondary,Philadelphia,pre1_6_vs_reference,2024,-0.6369599989015965,True
phase_adjusted_secondary,Philadelphia,post1_2_vs_reference,2019,-0.3728393685800085,True
phase_adjusted_secondary,Philadelphia,post1_2_vs_reference,2020,-0.8758269332025357,True
phase_adjusted_secondary,Philadelphia,post1_2_vs_reference,2021,-0.7238048984505079,True
phase_adjusted_secondary,Philadelphia,post1_2_vs_reference,2022,-0.4987657986714144,True
phase_adjusted_secondary,Philadelphia,post1_2_vs_reference,2023,-0.7594021613042647,True
phase_adjusted_secondary,Philadelphia,post1_2_vs_reference,2024,-0.5744239108557985,True
phase_adjusted_secondary,Philadelphia,post3_6_vs_reference,2019,0.420572264885469,True
phase_adjusted_secondary,Philadelphia,post3_6_vs_reference,2020,0.2333704552559982,True
phase_adjusted_secondary,Philadelphia,post3_6_vs_reference,2021,0.0179138119803539,True
phase_adjusted_secondary,Philadelphia,post3_6_vs_reference,2022,0.1966097101464742,True
phase_adjusted_secondary,Philadelphia,post3_6_vs_reference,2023,0.4786779854363167,True
phase_adjusted_secondary,Philadelphia,post3_6_vs_reference,2024,0.2494831975574199,True
phase_adjusted_secondary,Philadelphia,other_compound_vs_reference,2019,0.8761122366996901,True
phase_adjusted_secondary,Philadelphia,other_compound_vs_reference,2020,0.7614041893333666,True
phase_adjusted_secondary,Philadelphia,other_compound_vs_reference,2021,0.6515505524210726,True
phase_adjusted_secondary,Philadelphia,other_compound_vs_reference,2022,0.7493608009626186,True
phase_adjusted_secondary,Philadelphia,other_compound_vs_reference,2023,0.6289088919649112,True
phase_adjusted_secondary,Philadelphia,other_compound_vs_reference,2024,0.6544897757562262,True
phase_adjusted_secondary,Phoenix,episode_vs_reference,2019,2.576707783459538,True
phase_adjusted_secondary,Phoenix,episode_vs_reference,2020,1.8511559734149947,True
phase_adjusted_secondary,Phoenix,episode_vs_reference,2021,3.1567634890469933,True
phase_adjusted_secondary,Phoenix,episode_vs_reference,2022,2.3658717149094413,True
phase_adjusted_secondary,Phoenix,episode_vs_reference,2023,2.53467153926511,True
phase_adjusted_secondary,Phoenix,episode_vs_reference,2024,3.321555946011617,True
phase_adjusted_secondary,Phoenix,pre1_6_vs_reference,2019,1.0014239851031792,True
phase_adjusted_secondary,Phoenix,pre1_6_vs_reference,2020,0.516250582565695,True
phase_adjusted_secondary,Phoenix,pre1_6_vs_reference,2021,2.05221315128454,True
phase_adjusted_secondary,Phoenix,pre1_6_vs_reference,2022,0.8829980037830041,True
phase_adjusted_secondary,Phoenix,pre1_6_vs_reference,2023,0.7769659416623735,True
phase_adjusted_secondary,Phoenix,pre1_6_vs_reference,2024,0.8568954559624757,True
phase_adjusted_secondary,Phoenix,post1_2_vs_reference,2019,-0.3939490494583662,True
phase_adjusted_secondary,Phoenix,post1_2_vs_reference,2020,-0.1528818164971129,True
phase_adjusted_secondary,Phoenix,post1_2_vs_reference,2021,-0.5393974576554745,True
phase_adjusted_secondary,Phoenix,post1_2_vs_reference,2022,-0.3023194945775496,True
phase_adjusted_secondary,Phoenix,post1_2_vs_reference,2023,-0.564350592877813,True
phase_adjusted_secondary,Phoenix,post1_2_vs_reference,2024,0.1237754461363672,True
phase_adjusted_secondary,Phoenix,post3_6_vs_reference,2019,0.393833694077082,True
phase_adjusted_secondary,Phoenix,post3_6_vs_reference,2020,-0.1995111152217921,True
phase_adjusted_secondary,Phoenix,post3_6_vs_reference,2021,1.3720994462823333,True
phase_adjusted_secondary,Phoenix,post3_6_vs_reference,2022,0.7601108623655839,True
phase_adjusted_secondary,Phoenix,post3_6_vs_reference,2023,0.3973383948002148,True
phase_adjusted_secondary,Phoenix,post3_6_vs_reference,2024,1.4952078588174726,True
phase_adjusted_secondary,Phoenix,other_compound_vs_reference,2019,1.337337534874052,True
phase_adjusted_secondary,Phoenix,other_compound_vs_reference,2020,2.072092376593225,True
phase_adjusted_secondary,Phoenix,other_compound_vs_reference,2021,1.8951187990802367,True
phase_adjusted_secondary,Phoenix,other_compound_vs_reference,2022,1.758065113681839,True
phase_adjusted_secondary,Phoenix,other_compound_vs_reference,2023,1.9584863575300715,True
phase_adjusted_secondary,Phoenix,other_compound_vs_reference,2024,2.0213798396853475,True
phase_adjusted_secondary,San Diego,episode_vs_reference,2019,1.4175362726874263,True
phase_adjusted_secondary,San Diego,episode_vs_reference,2020,1.0565926424977752,True
phase_adjusted_secondary,San Diego,episode_vs_reference,2021,1.411769008298279,True
phase_adjusted_secondary,San Diego,episode_vs_reference,2022,1.4192283043019422,True
phase_adjusted_secondary,San Diego,episode_vs_reference,2023,1.3255424155085826,True
phase_adjusted_secondary,San Diego,episode_vs_reference,2024,1.5997019005338349,True
phase_adjusted_secondary,San Diego,pre1_6_vs_reference,2019,-0.0080935951913538,True
phase_adjusted_secondary,San Diego,pre1_6_vs_reference,2020,-0.00547782744803,True
phase_adjusted_secondary,San Diego,pre1_6_vs_reference,2021,-0.0837416942819508,True
phase_adjusted_secondary,San Diego,pre1_6_vs_reference,2022,0.1012559980336185,True
phase_adjusted_secondary,San Diego,pre1_6_vs_reference,2023,-0.0450934279100774,True
phase_adjusted_secondary,San Diego,pre1_6_vs_reference,2024,-0.0612741216963732,True
phase_adjusted_secondary,San Diego,post1_2_vs_reference,2019,-0.2120471698539788,True
phase_adjusted_secondary,San Diego,post1_2_vs_reference,2020,-0.1797022793821359,True
phase_adjusted_secondary,San Diego,post1_2_vs_reference,2021,-0.4083020305896979,True
phase_adjusted_secondary,San Diego,post1_2_vs_reference,2022,-0.1482579928264855,True
phase_adjusted_secondary,San Diego,post1_2_vs_reference,2023,-0.3812750330553651,True
phase_adjusted_secondary,San Diego,post1_2_vs_reference,2024,-0.2130692879994885,True
phase_adjusted_secondary,San Diego,post3_6_vs_reference,2019,-0.7554364776106822,True
phase_adjusted_secondary,San Diego,post3_6_vs_reference,2020,-1.002613717075676,True
phase_adjusted_secondary,San Diego,post3_6_vs_reference,2021,-0.7008379034221985,True
phase_adjusted_secondary,San Diego,post3_6_vs_reference,2022,-0.658497683411889,True
phase_adjusted_secondary,San Diego,post3_6_vs_reference,2023,-0.8578479418529532,True
phase_adjusted_secondary,San Diego,post3_6_vs_reference,2024,-0.7865851515484621,True
phase_adjusted_secondary,San Diego,other_compound_vs_reference,2019,1.1406235338893809,True
phase_adjusted_secondary,San Diego,other_compound_vs_reference,2020,1.3608179840059078,True
phase_adjusted_secondary,San Diego,other_compound_vs_reference,2021,1.2099491910434257,True
phase_adjusted_secondary,San Diego,other_compound_vs_reference,2022,1.210140907179179,True
phase_adjusted_secondary,San Diego,other_compound_vs_reference,2023,1.488006447143027,True
phase_adjusted_secondary,San Diego,other_compound_vs_reference,2024,1.6313852714828108,True
phase_adjusted_secondary,Seattle,episode_vs_reference,2019,4.118925717376676,True
phase_adjusted_secondary,Seattle,episode_vs_reference,2020,4.860489238825341,True
phase_adjusted_secondary,Seattle,episode_vs_reference,2021,4.160447788028334,True
phase_adjusted_secondary,Seattle,episode_vs_reference,2022,2.964990344220211,True
phase_adjusted_secondary,Seattle,episode_vs_reference,2023,5.644456377102336,True
phase_adjusted_secondary,Seattle,episode_vs_reference,2024,3.825977002611706,True
phase_adjusted_secondary,Seattle,pre1_6_vs_reference,2019,0.9323897802548538,True
phase_adjusted_secondary,Seattle,pre1_6_vs_reference,2020,1.3506033387648442,True
phase_adjusted_secondary,Seattle,pre1_6_vs_reference,2021,0.7781645402766653,True
phase_adjusted_secondary,Seattle,pre1_6_vs_reference,2022,0.145978217764344,True
phase_adjusted_secondary,Seattle,pre1_6_vs_reference,2023,1.0233070539508942,True
phase_adjusted_secondary,Seattle,pre1_6_vs_reference,2024,0.3759139378652738,True
phase_adjusted_secondary,Seattle,post1_2_vs_reference,2019,0.223905153238638,True
phase_adjusted_secondary,Seattle,post1_2_vs_reference,2020,0.1286371174016687,True
phase_adjusted_secondary,Seattle,post1_2_vs_reference,2021,-0.5416501034968122,True
phase_adjusted_secondary,Seattle,post1_2_vs_reference,2022,0.1799179382411422,True
phase_adjusted_secondary,Seattle,post1_2_vs_reference,2023,0.3532447233668684,True
phase_adjusted_secondary,Seattle,post1_2_vs_reference,2024,-1.0091265336455573,True
phase_adjusted_secondary,Seattle,post3_6_vs_reference,2019,-0.7356948560619259,True
phase_adjusted_secondary,Seattle,post3_6_vs_reference,2020,0.8818880828497462,True
phase_adjusted_secondary,Seattle,post3_6_vs_reference,2021,0.6386161840049341,True
phase_adjusted_secondary,Seattle,post3_6_vs_reference,2022,0.4650415372202246,True
phase_adjusted_secondary,Seattle,post3_6_vs_reference,2023,0.7791249685059438,True
phase_adjusted_secondary,Seattle,post3_6_vs_reference,2024,-0.3200003386588839,True
phase_adjusted_secondary,Seattle,other_compound_vs_reference,2019,5.490490636432359,True
phase_adjusted_secondary,Seattle,other_compound_vs_reference,2020,6.036377632793782,True
phase_adjusted_secondary,Seattle,other_compound_vs_reference,2021,5.077072585748794,True
phase_adjusted_secondary,Seattle,other_compound_vs_reference,2022,5.209115943568361,True
phase_adjusted_secondary,Seattle,other_compound_vs_reference,2023,6.525606491022069,True
phase_adjusted_secondary,Seattle,other_compound_vs_reference,2024,5.157318379164405,True
city_median,Atlanta,episode_vs_reference,2019,2.0933374427619773,True
city_median,Atlanta,episode_vs_reference,2020,2.010535636779025,True
city_median,Atlanta,episode_vs_reference,2021,2.00300046182442,True
city_median,Atlanta,episode_vs_reference,2022,2.2914120213503915,True
city_median,Atlanta,episode_vs_reference,2023,2.464623142660026,True
city_median,Atlanta,episode_vs_reference,2024,2.0752595766968565,True
city_median,Atlanta,heat_only_vs_reference,2019,-0.5640500262061143,True
city_median,Atlanta,heat_only_vs_reference,2020,-0.5097569558816629,True
city_median,Atlanta,heat_only_vs_reference,2021,-0.3893984285196041,True
city_median,Atlanta,heat_only_vs_reference,2022,-0.2175889533215983,True
city_median,Atlanta,heat_only_vs_reference,2023,-0.1615051280185914,True
city_median,Atlanta,heat_only_vs_reference,2024,-0.0325057046548254,True
city_median,Atlanta,wind_only_vs_reference,2019,1.377002194978489,True
city_median,Atlanta,wind_only_vs_reference,2020,1.4860554921757538,True
city_median,Atlanta,wind_only_vs_reference,2021,1.4727852250221445,True
city_median,Atlanta,wind_only_vs_reference,2022,1.4897428063144464,True
city_median,Atlanta,wind_only_vs_reference,2023,1.8891643174605348,True
city_median,Atlanta,wind_only_vs_reference,2024,1.5208478046773477,True
city_median,Atlanta,other_compound_vs_reference,2019,1.0193656795350028,True
city_median,Atlanta,other_compound_vs_reference,2020,0.952513115471733,True
city_median,Atlanta,other_compound_vs_reference,2021,0.9917450658482828,True
city_median,Atlanta,other_compound_vs_reference,2022,1.5010361594785029,True
city_median,Atlanta,other_compound_vs_reference,2023,1.8018670576264773,True
city_median,Atlanta,other_compound_vs_reference,2024,0.9648633392510082,True
city_median,Atlanta,episode_vs_wind_only,2019,0.7163352477834883,True
city_median,Atlanta,episode_vs_wind_only,2020,0.5244801446032712,True
city_median,Atlanta,episode_vs_wind_only,2021,0.5302152368022752,True
city_median,Atlanta,episode_vs_wind_only,2022,0.801669215035945,True
city_median,Atlanta,episode_vs_wind_only,2023,0.5754588251994912,True
city_median,Atlanta,episode_vs_wind_only,2024,0.554411772019509,True
city_median,Atlanta,episode_vs_heat_only,2019,2.657387468968092,True
city_median,Atlanta,episode_vs_heat_only,2020,2.520292592660688,True
city_median,Atlanta,episode_vs_heat_only,2021,2.392398890344024,True
city_median,Atlanta,episode_vs_heat_only,2022,2.5090009746719897,True
city_median,Atlanta,episode_vs_heat_only,2023,2.6261282706786173,True
city_median,Atlanta,episode_vs_heat_only,2024,2.107765281351682,True
city_median,Chicago,episode_vs_reference,2019,4.476376515540333,True
city_median,Chicago,episode_vs_reference,2020,4.539697007485853,True
city_median,Chicago,episode_vs_reference,2021,4.335310362522144,True
city_median,Chicago,episode_vs_reference,2022,4.298458182223367,True
city_median,Chicago,episode_vs_reference,2023,4.215889774207725,True
city_median,Chicago,episode_vs_reference,2024,4.256157407098874,True
city_median,Chicago,heat_only_vs_reference,2019,-0.3340092695332308,True
city_median,Chicago,heat_only_vs_reference,2020,0.2596513590961744,True
city_median,Chicago,heat_only_vs_reference,2021,0.000682223367368,True
city_median,Chicago,heat_only_vs_reference,2022,0.336561423214857,True
city_median,Chicago,heat_only_vs_reference,2023,0.2189788949252138,True
city_median,Chicago,heat_only_vs_reference,2024,0.4223665188517858,True
city_median,Chicago,wind_only_vs_reference,2019,4.133468587017971,True
city_median,Chicago,wind_only_vs_reference,2020,4.468693206503744,True
city_median,Chicago,wind_only_vs_reference,2021,4.52025470690197,True
city_median,Chicago,wind_only_vs_reference,2022,4.116775973717789,True
city_median,Chicago,wind_only_vs_reference,2023,4.404063037608426,True
city_median,Chicago,wind_only_vs_reference,2024,4.463411147522079,True
city_median,Chicago,other_compound_vs_reference,2019,4.24027059044019,True
city_median,Chicago,other_compound_vs_reference,2020,4.307500474378045,True
city_median,Chicago,other_compound_vs_reference,2021,4.375900348225761,True
city_median,Chicago,other_compound_vs_reference,2022,4.676147478864454,True
city_median,Chicago,other_compound_vs_reference,2023,4.200356496727919,True
city_median,Chicago,other_compound_vs_reference,2024,4.653818392810685,True
city_median,Chicago,episode_vs_wind_only,2019,0.3429079285223624,True
city_median,Chicago,episode_vs_wind_only,2020,0.0710038009821092,True
city_median,Chicago,episode_vs_wind_only,2021,-0.1849443443798266,True
city_median,Chicago,episode_vs_wind_only,2022,0.1816822085055784,True
city_median,Chicago,episode_vs_wind_only,2023,-0.1881732634007011,True
city_median,Chicago,episode_vs_wind_only,2024,-0.2072537404232051,True
city_median,Chicago,episode_vs_heat_only,2019,4.810385785073564,True
city_median,Chicago,episode_vs_heat_only,2020,4.280045648389679,True
city_median,Chicago,episode_vs_heat_only,2021,4.334628139154775,True
city_median,Chicago,episode_vs_heat_only,2022,3.96189675900851,True
city_median,Chicago,episode_vs_heat_only,2023,3.996910879282512,True
city_median,Chicago,episode_vs_heat_only,2024,3.833790888247088,True
city_median,Dallas,episode_vs_reference,2019,2.318363753167481,True
city_median,Dallas,episode_vs_reference,2020,2.4828262186085195,True
city_median,Dallas,episode_vs_reference,2021,2.954028162074257,True
city_median,Dallas,episode_vs_reference,2022,2.449622518205737,True
city_median,Dallas,episode_vs_reference,2023,2.962143027222361,True
city_median,Dallas,episode_vs_reference,2024,2.823723713990362,True
city_median,Dallas,heat_only_vs_reference,2019,-1.0685623050002686,True
city_median,Dallas,heat_only_vs_reference,2020,-1.2056325671996484,True
city_median,Dallas,heat_only_vs_reference,2021,-0.7350200073200044,True
city_median,Dallas,heat_only_vs_reference,2022,-1.3046407760523455,True
city_median,Dallas,heat_only_vs_reference,2023,-0.5613198988288657,True
city_median,Dallas,heat_only_vs_reference,2024,-0.7555350590257409,True
city_median,Dallas,wind_only_vs_reference,2019,3.3172116815821027,True
city_median,Dallas,wind_only_vs_reference,2020,3.374223195997427,True
city_median,Dallas,wind_only_vs_reference,2021,3.331316682466564,True
city_median,Dallas,wind_only_vs_reference,2022,3.1731111147916407,True
city_median,Dallas,wind_only_vs_reference,2023,3.3680516486250385,True
city_median,Dallas,wind_only_vs_reference,2024,3.4975993517338524,True
city_median,Dallas,other_compound_vs_reference,2019,1.5843372080885831,True
city_median,Dallas,other_compound_vs_reference,2020,1.5252232064711833,True
city_median,Dallas,other_compound_vs_reference,2021,1.7748242140405657,True
city_median,Dallas,other_compound_vs_reference,2022,1.8102528984208195,True
city_median,Dallas,other_compound_vs_reference,2023,2.0839583527273926,True
city_median,Dallas,other_compound_vs_reference,2024,1.9508493628797048,True
city_median,Dallas,episode_vs_wind_only,2019,-0.9988479284146216,True
city_median,Dallas,episode_vs_wind_only,2020,-0.8913969773889074,True
city_median,Dallas,episode_vs_wind_only,2021,-0.3772885203923071,True
city_median,Dallas,episode_vs_wind_only,2022,-0.7234885965859035,True
city_median,Dallas,episode_vs_wind_only,2023,-0.4059086214026779,True
city_median,Dallas,episode_vs_wind_only,2024,-0.6738756377434902,True
city_median,Dallas,episode_vs_heat_only,2019,3.3869260581677496,True
city_median,Dallas,episode_vs_heat_only,2020,3.688458785808168,True
city_median,Dallas,episode_vs_heat_only,2021,3.689048169394261,True
city_median,Dallas,episode_vs_heat_only,2022,3.7542632942580823,True
city_median,Dallas,episode_vs_heat_only,2023,3.5234629260512262,True
city_median,Dallas,episode_vs_heat_only,2024,3.579258773016103,True
city_median,Denver,episode_vs_reference,2019,-0.0413221738635105,True
city_median,Denver,episode_vs_reference,2020,1.2502951096741572,True
city_median,Denver,episode_vs_reference,2021,2.657493357717709,True
city_median,Denver,episode_vs_reference,2022,1.5397281449091318,True
city_median,Denver,episode_vs_reference,2023,1.4213668089039333,True
city_median,Denver,episode_vs_reference,2024,1.5045814531756396,True
city_median,Denver,heat_only_vs_reference,2019,0.6385338055845766,True
city_median,Denver,heat_only_vs_reference,2020,0.2277251582798474,True
city_median,Denver,heat_only_vs_reference,2021,0.5164041348478523,True
city_median,Denver,heat_only_vs_reference,2022,0.4829473632242196,True
city_median,Denver,heat_only_vs_reference,2023,0.6299557721356046,True
city_median,Denver,heat_only_vs_reference,2024,0.176622738631718,True
city_median,Denver,wind_only_vs_reference,2019,1.054308372238582,True
city_median,Denver,wind_only_vs_reference,2020,1.143715906065213,True
city_median,Denver,wind_only_vs_reference,2021,1.286979183805597,True
city_median,Denver,wind_only_vs_reference,2022,0.9259219607675752,True
city_median,Denver,wind_only_vs_reference,2023,1.1145934045721493,True
city_median,Denver,wind_only_vs_reference,2024,1.2038076085800289,True
city_median,Denver,other_compound_vs_reference,2019,0.5458560470082028,True
city_median,Denver,other_compound_vs_reference,2020,0.5120502156281235,True
city_median,Denver,other_compound_vs_reference,2021,0.4018768082496697,True
city_median,Denver,other_compound_vs_reference,2022,0.857202584020849,True
city_median,Denver,other_compound_vs_reference,2023,0.4298006620841383,True
city_median,Denver,other_compound_vs_reference,2024,0.3287939278844971,True
city_median,Denver,episode_vs_wind_only,2019,-1.0956305461020923,True
city_median,Denver,episode_vs_wind_only,2020,0.1065792036089443,True
city_median,Denver,episode_vs_wind_only,2021,1.3705141739121118,True
city_median,Denver,episode_vs_wind_only,2022,0.6138061841415565,True
city_median,Denver,episode_vs_wind_only,2023,0.306773404331784,True
city_median,Denver,episode_vs_wind_only,2024,0.3007738445956107,True
city_median,Denver,episode_vs_heat_only,2019,-0.6798559794480872,True
city_median,Denver,episode_vs_heat_only,2020,1.0225699513943098,True
city_median,Denver,episode_vs_heat_only,2021,2.141089222869857,True
city_median,Denver,episode_vs_heat_only,2022,1.0567807816849122,True
city_median,Denver,episode_vs_heat_only,2023,0.7914110367683287,True
city_median,Denver,episode_vs_heat_only,2024,1.3279587145439216,True
city_median,Houston,episode_vs_reference,2019,2.6204016614918046,True
city_median,Houston,episode_vs_reference,2020,2.3870789046758034,True
city_median,Houston,episode_vs_reference,2021,2.555574586845582,True
city_median,Houston,episode_vs_reference,2022,2.5700705088152787,True
city_median,Houston,episode_vs_reference,2023,2.290025541260189,True
city_median,Houston,episode_vs_reference,2024,2.3893615385669325,True
city_median,Houston,heat_only_vs_reference,2019,-1.3738901551220426,True
city_median,Houston,heat_only_vs_reference,2020,-0.9669419948504834,True
city_median,Houston,heat_only_vs_reference,2021,-1.0150742446901544,True
city_median,Houston,heat_only_vs_reference,2022,-1.0298141574163953,True
city_median,Houston,heat_only_vs_reference,2023,-0.5457069955204682,True
city_median,Houston,heat_only_vs_reference,2024,-0.8908273828082058,True
city_median,Houston,wind_only_vs_reference,2019,3.824348754395937,True
city_median,Houston,wind_only_vs_reference,2020,3.7963344483521695,True
city_median,Houston,wind_only_vs_reference,2021,3.8745414247363854,True
city_median,Houston,wind_only_vs_reference,2022,3.821587250535989,True
city_median,Houston,wind_only_vs_reference,2023,3.6130941973063537,True
city_median,Houston,wind_only_vs_reference,2024,3.530487415841935,True
city_median,Houston,other_compound_vs_reference,2019,0.9501243521070032,True
city_median,Houston,other_compound_vs_reference,2020,1.2711793895265306,True
city_median,Houston,other_compound_vs_reference,2021,0.9103148264402,True
city_median,Houston,other_compound_vs_reference,2022,1.2170088002912882,True
city_median,Houston,other_compound_vs_reference,2023,1.5676073569303768,True
city_median,Houston,other_compound_vs_reference,2024,1.3753870649216946,True
city_median,Houston,episode_vs_wind_only,2019,-1.2039470929041318,True
city_median,Houston,episode_vs_wind_only,2020,-1.409255543676366,True
city_median,Houston,episode_vs_wind_only,2021,-1.3189668378908035,True
city_median,Houston,episode_vs_wind_only,2022,-1.2515167417207105,True
city_median,Houston,episode_vs_wind_only,2023,-1.3230686560461642,True
city_median,Houston,episode_vs_wind_only,2024,-1.1411258772750026,True
city_median,Houston,episode_vs_heat_only,2019,3.9942918166138472,True
city_median,Houston,episode_vs_heat_only,2020,3.3540208995262866,True
city_median,Houston,episode_vs_heat_only,2021,3.5706488315357365,True
city_median,Houston,episode_vs_heat_only,2022,3.5998846662316737,True
city_median,Houston,episode_vs_heat_only,2023,2.835732536780658,True
city_median,Houston,episode_vs_heat_only,2024,3.2801889213751383,True
city_median,Los Angeles,episode_vs_reference,2019,3.0840605684296154,True
city_median,Los Angeles,episode_vs_reference,2020,3.1103460479819818,True
city_median,Los Angeles,episode_vs_reference,2021,3.0101331492052115,True
city_median,Los Angeles,episode_vs_reference,2022,3.044121889917734,True
city_median,Los Angeles,episode_vs_reference,2023,2.9685141549433043,True
city_median,Los Angeles,episode_vs_reference,2024,3.0434464260892806,True
city_median,Los Angeles,heat_only_vs_reference,2019,0.7448737766779217,True
city_median,Los Angeles,heat_only_vs_reference,2020,1.278633855616003,True
city_median,Los Angeles,heat_only_vs_reference,2021,1.0260726337939683,True
city_median,Los Angeles,heat_only_vs_reference,2022,0.9503571243140684,True
city_median,Los Angeles,heat_only_vs_reference,2023,1.217844925522424,True
city_median,Los Angeles,heat_only_vs_reference,2024,1.1652879198062316,True
city_median,Los Angeles,wind_only_vs_reference,2019,2.6200849917766837,True
city_median,Los Angeles,wind_only_vs_reference,2020,2.7604294816232704,True
city_median,Los Angeles,wind_only_vs_reference,2021,2.113712582010465,True
city_median,Los Angeles,wind_only_vs_reference,2022,2.4250121133909293,True
city_median,Los Angeles,wind_only_vs_reference,2023,2.603298846588881,True
city_median,Los Angeles,wind_only_vs_reference,2024,2.354494207256731,True
city_median,Los Angeles,other_compound_vs_reference,2019,2.6966776507637182,True
city_median,Los Angeles,other_compound_vs_reference,2020,3.533035935118944,True
city_median,Los Angeles,other_compound_vs_reference,2021,2.8982785040155017,True
city_median,Los Angeles,other_compound_vs_reference,2022,3.355339186739841,True
city_median,Los Angeles,other_compound_vs_reference,2023,3.308477056802403,True
city_median,Los Angeles,other_compound_vs_reference,2024,3.2223818667828468,True
city_median,Los Angeles,episode_vs_wind_only,2019,0.4639755766529321,True
city_median,Los Angeles,episode_vs_wind_only,2020,0.3499165663587114,True
city_median,Los Angeles,episode_vs_wind_only,2021,0.8964205671947463,True
city_median,Los Angeles,episode_vs_wind_only,2022,0.6191097765268045,True
city_median,Los Angeles,episode_vs_wind_only,2023,0.3652153083544234,True
city_median,Los Angeles,episode_vs_wind_only,2024,0.6889522188325494,True
city_median,Los Angeles,episode_vs_heat_only,2019,2.3391867917516938,True
city_median,Los Angeles,episode_vs_heat_only,2020,1.8317121923659787,True
city_median,Los Angeles,episode_vs_heat_only,2021,1.984060515411243,True
city_median,Los Angeles,episode_vs_heat_only,2022,2.093764765603665,True
city_median,Los Angeles,episode_vs_heat_only,2023,1.7506692294208803,True
city_median,Los Angeles,episode_vs_heat_only,2024,1.878158506283049,True
city_median,New York,episode_vs_reference,2019,5.088749349901121,True
city_median,New York,episode_vs_reference,2020,4.42703777289742,True
city_median,New York,episode_vs_reference,2021,4.204315116021701,True
city_median,New York,episode_vs_reference,2022,5.07234117147742,True
city_median,New York,episode_vs_reference,2023,4.889611701777717,True
city_median,New York,episode_vs_reference,2024,4.401170812919832,True
city_median,New York,heat_only_vs_reference,2019,1.2950892988848743,True
city_median,New York,heat_only_vs_reference,2020,1.3718561248664116,True
city_median,New York,heat_only_vs_reference,2021,1.3998323419508738,True
city_median,New York,heat_only_vs_reference,2022,1.267345537396043,True
city_median,New York,heat_only_vs_reference,2023,1.45990131921507,True
city_median,New York,heat_only_vs_reference,2024,1.3216259524731333,True
city_median,New York,wind_only_vs_reference,2019,4.408729783438203,True
city_median,New York,wind_only_vs_reference,2020,4.457247746696459,True
city_median,New York,wind_only_vs_reference,2021,4.477305374372942,True
city_median,New York,wind_only_vs_reference,2022,4.222330287986761,True
city_median,New York,wind_only_vs_reference,2023,4.479048121559876,True
city_median,New York,wind_only_vs_reference,2024,4.302806085529026,True
city_median,New York,other_compound_vs_reference,2019,4.004265054535723,True
city_median,New York,other_compound_vs_reference,2020,4.127194650087059,True
city_median,New York,other_compound_vs_reference,2021,4.411710978191625,True
city_median,New York,other_compound_vs_reference,2022,4.505794444419188,True
city_median,New York,other_compound_vs_reference,2023,4.056317426704823,True
city_median,New York,other_compound_vs_reference,2024,4.200399372114671,True
city_median,New York,episode_vs_wind_only,2019,0.6800195664629181,True
city_median,New York,episode_vs_wind_only,2020,-0.0302099737990388,True
city_median,New York,episode_vs_wind_only,2021,-0.2729902583512409,True
city_median,New York,episode_vs_wind_only,2022,0.8500108834906586,True
city_median,New York,episode_vs_wind_only,2023,0.4105635802178415,True
city_median,New York,episode_vs_wind_only,2024,0.0983647273908054,True
city_median,New York,episode_vs_heat_only,2019,3.7936600510162473,True
city_median,New York,episode_vs_heat_only,2020,3.055181648031009,True
city_median,New York,episode_vs_heat_only,2021,2.804482774070827,True
city_median,New York,episode_vs_heat_only,2022,3.8049956340813766,True
city_median,New York,episode_vs_heat_only,2023,3.429710382562648,True
city_median,New York,episode_vs_heat_only,2024,3.079544860446698,True
city_median,Philadelphia,episode_vs_reference,2019,2.7480419419983857,True
city_median,Philadelphia,episode_vs_reference,2020,2.322150916758688,True
city_median,Philadelphia,episode_vs_reference,2021,1.5922574995044143,True
city_median,Philadelphia,episode_vs_reference,2022,2.614433925542937,True
city_median,Philadelphia,episode_vs_reference,2023,2.503452702141658,True
city_median,Philadelphia,episode_vs_reference,2024,2.33299228215499,True
city_median,Philadelphia,heat_only_vs_reference,2019,0.7472251295789132,True
city_median,Philadelphia,heat_only_vs_reference,2020,0.6940898937214999,True
city_median,Philadelphia,heat_only_vs_reference,2021,0.9920507910839992,True
city_median,Philadelphia,heat_only_vs_reference,2022,0.8795057189205564,True
city_median,Philadelphia,heat_only_vs_reference,2023,0.824997792748741,True
city_median,Philadelphia,heat_only_vs_reference,2024,0.6595615317413381,True
city_median,Philadelphia,wind_only_vs_reference,2019,2.2336823671911192,True
city_median,Philadelphia,wind_only_vs_reference,2020,2.2202621610908757,True
city_median,Philadelphia,wind_only_vs_reference,2021,2.169474319888526,True
city_median,Philadelphia,wind_only_vs_reference,2022,2.1422068952316464,True
city_median,Philadelphia,wind_only_vs_reference,2023,2.18537156023685,True
city_median,Philadelphia,wind_only_vs_reference,2024,2.025967653910884,True
city_median,Philadelphia,other_compound_vs_reference,2019,1.9977480133817551,True
city_median,Philadelphia,other_compound_vs_reference,2020,1.8051729833166663,True
city_median,Philadelphia,other_compound_vs_reference,2021,1.8198486380014351,True
city_median,Philadelphia,other_compound_vs_reference,2022,1.933165932409017,True
city_median,Philadelphia,other_compound_vs_reference,2023,1.7150150510206983,True
city_median,Philadelphia,other_compound_vs_reference,2024,1.5226517972317413,True
city_median,Philadelphia,episode_vs_wind_only,2019,0.5143595748072665,True
city_median,Philadelphia,episode_vs_wind_only,2020,0.1018887556678129,True
city_median,Philadelphia,episode_vs_wind_only,2021,-0.5772168203841117,True
city_median,Philadelphia,episode_vs_wind_only,2022,0.4722270303112905,True
city_median,Philadelphia,episode_vs_wind_only,2023,0.3180811419048077,True
city_median,Philadelphia,episode_vs_wind_only,2024,0.3070246282441062,True
city_median,Philadelphia,episode_vs_heat_only,2019,2.0008168124194725,True
city_median,Philadelphia,episode_vs_heat_only,2020,1.6280610230371884,True
city_median,Philadelphia,episode_vs_heat_only,2021,0.6002067084204151,True
city_median,Philadelphia,episode_vs_heat_only,2022,1.7349282066223806,True
city_median,Philadelphia,episode_vs_heat_only,2023,1.6784549093929169,True
city_median,Philadelphia,episode_vs_heat_only,2024,1.673430750413652,True
city_median,Phoenix,episode_vs_reference,2019,3.471629360440081,True
city_median,Phoenix,episode_vs_reference,2020,3.1075276830347542,True
city_median,Phoenix,episode_vs_reference,2021,3.5234863954695177,True
city_median,Phoenix,episode_vs_reference,2022,3.628728002759594,True
city_median,Phoenix,episode_vs_reference,2023,3.541428645431573,True
city_median,Phoenix,episode_vs_reference,2024,4.5719061442885005,True
city_median,Phoenix,heat_only_vs_reference,2019,-0.2131615006100703,True
city_median,Phoenix,heat_only_vs_reference,2020,0.0397278455686646,True
city_median,Phoenix,heat_only_vs_reference,2021,-0.0912168792547736,True
city_median,Phoenix,heat_only_vs_reference,2022,0.2547800659171513,True
city_median,Phoenix,heat_only_vs_reference,2023,0.062333635574808,True
city_median,Phoenix,heat_only_vs_reference,2024,0.1707605189741189,True
city_median,Phoenix,wind_only_vs_reference,2019,3.0854427486809013,True
city_median,Phoenix,wind_only_vs_reference,2020,3.118305261307552,True
city_median,Phoenix,wind_only_vs_reference,2021,3.310745037947818,True
city_median,Phoenix,wind_only_vs_reference,2022,3.2587474989629728,True
city_median,Phoenix,wind_only_vs_reference,2023,3.189318098011689,True
city_median,Phoenix,wind_only_vs_reference,2024,3.303258114069175,True
city_median,Phoenix,other_compound_vs_reference,2019,1.4313538433729938,True
city_median,Phoenix,other_compound_vs_reference,2020,2.579184361878782,True
city_median,Phoenix,other_compound_vs_reference,2021,2.021698721195455,True
city_median,Phoenix,other_compound_vs_reference,2022,2.13823382187209,True
city_median,Phoenix,other_compound_vs_reference,2023,2.365951424731586,True
city_median,Phoenix,other_compound_vs_reference,2024,2.339827383809958,True
city_median,Phoenix,episode_vs_wind_only,2019,0.3861866117591797,True
city_median,Phoenix,episode_vs_wind_only,2020,-0.0107775782727976,True
city_median,Phoenix,episode_vs_wind_only,2021,0.2127413575216996,True
city_median,Phoenix,episode_vs_wind_only,2022,0.3699805037966213,True
city_median,Phoenix,episode_vs_wind_only,2023,0.3521105474198833,True
city_median,Phoenix,episode_vs_wind_only,2024,1.2686480302193257,True
city_median,Phoenix,episode_vs_heat_only,2019,3.684790861050151,True
city_median,Phoenix,episode_vs_heat_only,2020,3.0677998374660898,True
city_median,Phoenix,episode_vs_heat_only,2021,3.6147032747242913,True
city_median,Phoenix,episode_vs_heat_only,2022,3.373947936842443,True
city_median,Phoenix,episode_vs_heat_only,2023,3.479095009856765,True
city_median,Phoenix,episode_vs_heat_only,2024,4.401145625314381,True
city_median,San Diego,episode_vs_reference,2019,1.847628728240825,True
city_median,San Diego,episode_vs_reference,2020,1.4807755839874377,True
city_median,San Diego,episode_vs_reference,2021,1.932876779887188,True
city_median,San Diego,episode_vs_reference,2022,1.7716847920205123,True
city_median,San Diego,episode_vs_reference,2023,1.9248509162663816,True
city_median,San Diego,episode_vs_reference,2024,2.2501908101915253,True
city_median,San Diego,heat_only_vs_reference,2019,0.4388343388838776,True
city_median,San Diego,heat_only_vs_reference,2020,0.4301926042143341,True
city_median,San Diego,heat_only_vs_reference,2021,0.4704863642942445,True
city_median,San Diego,heat_only_vs_reference,2022,0.5888014757662402,True
city_median,San Diego,heat_only_vs_reference,2023,0.5314891403172067,True
city_median,San Diego,heat_only_vs_reference,2024,0.8597623580037916,True
city_median,San Diego,wind_only_vs_reference,2019,1.114742267119178,True
city_median,San Diego,wind_only_vs_reference,2020,1.2187534838655334,True
city_median,San Diego,wind_only_vs_reference,2021,1.1886549716169816,True
city_median,San Diego,wind_only_vs_reference,2022,1.016621703076808,True
city_median,San Diego,wind_only_vs_reference,2023,1.1767983794109702,True
city_median,San Diego,wind_only_vs_reference,2024,1.0792399663615724,True
city_median,San Diego,other_compound_vs_reference,2019,1.668790541009997,True
city_median,San Diego,other_compound_vs_reference,2020,1.938658935674825,True
city_median,San Diego,other_compound_vs_reference,2021,1.8177455001991936,True
city_median,San Diego,other_compound_vs_reference,2022,1.6917255825360598,True
city_median,San Diego,other_compound_vs_reference,2023,2.105302535003393,True
city_median,San Diego,other_compound_vs_reference,2024,2.3204591032884907,True
city_median,San Diego,episode_vs_wind_only,2019,0.732886461121647,True
city_median,San Diego,episode_vs_wind_only,2020,0.2620221001219041,True
city_median,San Diego,episode_vs_wind_only,2021,0.7442218082702061,True
city_median,San Diego,episode_vs_wind_only,2022,0.7550630889437042,True
city_median,San Diego,episode_vs_wind_only,2023,0.7480525368554114,True
city_median,San Diego,episode_vs_wind_only,2024,1.170950843829953,True
city_median,San Diego,episode_vs_heat_only,2019,1.4087943893569477,True
city_median,San Diego,episode_vs_heat_only,2020,1.0505829797731034,True
city_median,San Diego,episode_vs_heat_only,2021,1.4623904155929432,True
city_median,San Diego,episode_vs_heat_only,2022,1.182883316254272,True
city_median,San Diego,episode_vs_heat_only,2023,1.3933617759491748,True
city_median,San Diego,episode_vs_heat_only,2024,1.3904284521877337,True
city_median,Seattle,episode_vs_reference,2019,7.153807386541317,True
city_median,Seattle,episode_vs_reference,2020,7.238810241383467,True
city_median,Seattle,episode_vs_reference,2021,6.441038883834303,True
city_median,Seattle,episode_vs_reference,2022,5.232558842467168,True
city_median,Seattle,episode_vs_reference,2023,7.738418630691635,True
city_median,Seattle,episode_vs_reference,2024,6.618742792343533,True
city_median,Seattle,heat_only_vs_reference,2019,4.354738494837674,True
city_median,Seattle,heat_only_vs_reference,2020,4.127093654862467,True
city_median,Seattle,heat_only_vs_reference,2021,4.091938050860771,True
city_median,Seattle,heat_only_vs_reference,2022,3.3857669375729134,True
city_median,Seattle,heat_only_vs_reference,2023,3.333300516452454,True
city_median,Seattle,heat_only_vs_reference,2024,3.689635952433561,True
city_median,Seattle,wind_only_vs_reference,2019,3.838501003893678,True
city_median,Seattle,wind_only_vs_reference,2020,3.963262640629813,True
city_median,Seattle,wind_only_vs_reference,2021,3.708912968337936,True
city_median,Seattle,wind_only_vs_reference,2022,3.818960397285905,True
city_median,Seattle,wind_only_vs_reference,2023,3.787897203286168,True
city_median,Seattle,wind_only_vs_reference,2024,3.975947273632714,True
city_median,Seattle,other_compound_vs_reference,2019,7.820058670183376,True
city_median,Seattle,other_compound_vs_reference,2020,8.131977574828502,True
city_median,Seattle,other_compound_vs_reference,2021,7.332396431898295,True
city_median,Seattle,other_compound_vs_reference,2022,7.04631241608471,True
city_median,Seattle,other_compound_vs_reference,2023,8.495248612512265,True
city_median,Seattle,other_compound_vs_reference,2024,7.397822080643776,True
city_median,Seattle,episode_vs_wind_only,2019,3.3153063826476386,True
city_median,Seattle,episode_vs_wind_only,2020,3.275547600753654,True
city_median,Seattle,episode_vs_wind_only,2021,2.732125915496368,True
city_median,Seattle,episode_vs_wind_only,2022,1.4135984451812629,True
city_median,Seattle,episode_vs_wind_only,2023,3.9505214274054663,True
city_median,Seattle,episode_vs_wind_only,2024,2.642795518710819,True
city_median,Seattle,episode_vs_heat_only,2019,2.7990688917036426,True
city_median,Seattle,episode_vs_heat_only,2020,3.111716586521,True
city_median,Seattle,episode_vs_heat_only,2021,2.349100832973533,True
city_median,Seattle,episode_vs_heat_only,2022,1.8467919048942547,True
city_median,Seattle,episode_vs_heat_only,2023,4.4051181142391815,True
city_median,Seattle,episode_vs_heat_only,2024,2.9291068399099727,True
p85_p30_min2_sep7,Atlanta,episode_vs_reference,2019,2.419608508347764,True
p85_p30_min2_sep7,Atlanta,episode_vs_reference,2020,2.259329270816418,True
p85_p30_min2_sep7,Atlanta,episode_vs_reference,2021,2.1982810474937557,True
p85_p30_min2_sep7,Atlanta,episode_vs_reference,2022,2.516600211932845,True
p85_p30_min2_sep7,Atlanta,episode_vs_reference,2023,2.5395003666193867,True
p85_p30_min2_sep7,Atlanta,episode_vs_reference,2024,2.05533388418642,True
p85_p30_min2_sep7,Atlanta,heat_only_vs_reference,2019,-0.3067965285580407,True
p85_p30_min2_sep7,Atlanta,heat_only_vs_reference,2020,-0.3541270251810589,True
p85_p30_min2_sep7,Atlanta,heat_only_vs_reference,2021,-0.3697357821635046,True
p85_p30_min2_sep7,Atlanta,heat_only_vs_reference,2022,-0.2133135328947188,True
p85_p30_min2_sep7,Atlanta,heat_only_vs_reference,2023,-0.3218431462263361,True
p85_p30_min2_sep7,Atlanta,heat_only_vs_reference,2024,-0.2325340486716026,True
p85_p30_min2_sep7,Atlanta,wind_only_vs_reference,2019,1.7155702004531508,True
p85_p30_min2_sep7,Atlanta,wind_only_vs_reference,2020,1.8174157678412792,True
p85_p30_min2_sep7,Atlanta,wind_only_vs_reference,2021,1.7361538339369282,True
p85_p30_min2_sep7,Atlanta,wind_only_vs_reference,2022,1.8896682621098664,True
p85_p30_min2_sep7,Atlanta,wind_only_vs_reference,2023,2.0720260782039426,True
p85_p30_min2_sep7,Atlanta,wind_only_vs_reference,2024,1.916265171820017,True
p85_p30_min2_sep7,Atlanta,other_compound_vs_reference,2019,1.0872804442177944,True
p85_p30_min2_sep7,Atlanta,other_compound_vs_reference,2020,1.297855477470134,True
p85_p30_min2_sep7,Atlanta,other_compound_vs_reference,2021,1.0930142233313351,True
p85_p30_min2_sep7,Atlanta,other_compound_vs_reference,2022,1.502539987537846,True
p85_p30_min2_sep7,Atlanta,other_compound_vs_reference,2023,1.6089461000873926,True
p85_p30_min2_sep7,Atlanta,other_compound_vs_reference,2024,1.0686525891030327,True
p85_p30_min2_sep7,Atlanta,episode_vs_wind_only,2019,0.7040383078946133,True
p85_p30_min2_sep7,Atlanta,episode_vs_wind_only,2020,0.4419135029751386,True
p85_p30_min2_sep7,Atlanta,episode_vs_wind_only,2021,0.462127213556827,True
p85_p30_min2_sep7,Atlanta,episode_vs_wind_only,2022,0.626931949822978,True
p85_p30_min2_sep7,Atlanta,episode_vs_wind_only,2023,0.4674742884154441,True
p85_p30_min2_sep7,Atlanta,episode_vs_wind_only,2024,0.1390687123664027,True
p85_p30_min2_sep7,Atlanta,episode_vs_heat_only,2019,2.726405036905805,True
p85_p30_min2_sep7,Atlanta,episode_vs_heat_only,2020,2.6134562959974765,True
p85_p30_min2_sep7,Atlanta,episode_vs_heat_only,2021,2.56801682965726,True
p85_p30_min2_sep7,Atlanta,episode_vs_heat_only,2022,2.7299137448275634,True
p85_p30_min2_sep7,Atlanta,episode_vs_heat_only,2023,2.861343512845723,True
p85_p30_min2_sep7,Atlanta,episode_vs_heat_only,2024,2.2878679328580223,True
p85_p30_min2_sep7,Chicago,episode_vs_reference,2019,4.411184599847763,True
p85_p30_min2_sep7,Chicago,episode_vs_reference,2020,4.1932613385773845,True
p85_p30_min2_sep7,Chicago,episode_vs_reference,2021,3.835781417731584,True
p85_p30_min2_sep7,Chicago,episode_vs_reference,2022,3.930918395113287,True
p85_p30_min2_sep7,Chicago,episode_vs_reference,2023,4.661779430204851,True
p85_p30_min2_sep7,Chicago,episode_vs_reference,2024,3.258193923949799,True
p85_p30_min2_sep7,Chicago,heat_only_vs_reference,2019,-0.2597847691150905,True
p85_p30_min2_sep7,Chicago,heat_only_vs_reference,2020,0.199085007910408,True
p85_p30_min2_sep7,Chicago,heat_only_vs_reference,2021,-0.21948077572039,True
p85_p30_min2_sep7,Chicago,heat_only_vs_reference,2022,0.0956950291700953,True
p85_p30_min2_sep7,Chicago,heat_only_vs_reference,2023,0.436772309037833,True
p85_p30_min2_sep7,Chicago,heat_only_vs_reference,2024,0.2735024399283818,True
p85_p30_min2_sep7,Chicago,wind_only_vs_reference,2019,4.225101429117162,True
p85_p30_min2_sep7,Chicago,wind_only_vs_reference,2020,4.481142491598667,True
p85_p30_min2_sep7,Chicago,wind_only_vs_reference,2021,4.558997235178922,True
p85_p30_min2_sep7,Chicago,wind_only_vs_reference,2022,4.051640402114447,True
p85_p30_min2_sep7,Chicago,wind_only_vs_reference,2023,4.504259183946516,True
p85_p30_min2_sep7,Chicago,wind_only_vs_reference,2024,4.4965314611720535,True
p85_p30_min2_sep7,Chicago,other_compound_vs_reference,2019,4.013924493521169,True
p85_p30_min2_sep7,Chicago,other_compound_vs_reference,2020,4.106562141645313,True
p85_p30_min2_sep7,Chicago,other_compound_vs_reference,2021,4.072061943797463,True
p85_p30_min2_sep7,Chicago,other_compound_vs_reference,2022,4.135217158919323,True
p85_p30_min2_sep7,Chicago,other_compound_vs_reference,2023,3.7070137898262616,True
p85_p30_min2_sep7,Chicago,other_compound_vs_reference,2024,4.236177586344996,True
p85_p30_min2_sep7,Chicago,episode_vs_wind_only,2019,0.1860831707306012,True
p85_p30_min2_sep7,Chicago,episode_vs_wind_only,2020,-0.2878811530212823,True
p85_p30_min2_sep7,Chicago,episode_vs_wind_only,2021,-0.7232158174473384,True
p85_p30_min2_sep7,Chicago,episode_vs_wind_only,2022,-0.1207220070011603,True
p85_p30_min2_sep7,Chicago,episode_vs_wind_only,2023,0.1575202462583353,True
p85_p30_min2_sep7,Chicago,episode_vs_wind_only,2024,-1.2383375372222547,True
p85_p30_min2_sep7,Chicago,episode_vs_heat_only,2019,4.6709693689628535,True
p85_p30_min2_sep7,Chicago,episode_vs_heat_only,2020,3.994176330666976,True
p85_p30_min2_sep7,Chicago,episode_vs_heat_only,2021,4.0552621934519735,True
p85_p30_min2_sep7,Chicago,episode_vs_heat_only,2022,3.835223365943192,True
p85_p30_min2_sep7,Chicago,episode_vs_heat_only,2023,4.225007121167018,True
p85_p30_min2_sep7,Chicago,episode_vs_heat_only,2024,2.984691484021417,True
p85_p30_min2_sep7,Dallas,episode_vs_reference,2019,2.197170190424259,True
p85_p30_min2_sep7,Dallas,episode_vs_reference,2020,2.5266838587240112,True
p85_p30_min2_sep7,Dallas,episode_vs_reference,2021,3.116243947587337,True
p85_p30_min2_sep7,Dallas,episode_vs_reference,2022,2.2035010797672907,True
p85_p30_min2_sep7,Dallas,episode_vs_reference,2023,3.545682070679128,True
p85_p30_min2_sep7,Dallas,episode_vs_reference,2024,2.938361850779636,True
p85_p30_min2_sep7,Dallas,heat_only_vs_reference,2019,-0.85762556687905,True
p85_p30_min2_sep7,Dallas,heat_only_vs_reference,2020,-1.0417152144004689,True
p85_p30_min2_sep7,Dallas,heat_only_vs_reference,2021,-0.5270960217887315,True
p85_p30_min2_sep7,Dallas,heat_only_vs_reference,2022,-1.0083058196545334,True
p85_p30_min2_sep7,Dallas,heat_only_vs_reference,2023,-0.460937511677931,True
p85_p30_min2_sep7,Dallas,heat_only_vs_reference,2024,-0.5673673038118014,True
p85_p30_min2_sep7,Dallas,wind_only_vs_reference,2019,3.051504036120832,True
p85_p30_min2_sep7,Dallas,wind_only_vs_reference,2020,3.082065272986904,True
p85_p30_min2_sep7,Dallas,wind_only_vs_reference,2021,2.992323005121663,True
p85_p30_min2_sep7,Dallas,wind_only_vs_reference,2022,2.9406766792463443,True
p85_p30_min2_sep7,Dallas,wind_only_vs_reference,2023,3.012939261991787,True
p85_p30_min2_sep7,Dallas,wind_only_vs_reference,2024,3.1653659148193025,True
p85_p30_min2_sep7,Dallas,other_compound_vs_reference,2019,1.9816753562265144,True
p85_p30_min2_sep7,Dallas,other_compound_vs_reference,2020,1.7880308374987464,True
p85_p30_min2_sep7,Dallas,other_compound_vs_reference,2021,2.0652791888949915,True
p85_p30_min2_sep7,Dallas,other_compound_vs_reference,2022,1.724125195825885,True
p85_p30_min2_sep7,Dallas,other_compound_vs_reference,2023,2.3407002476461063,True
p85_p30_min2_sep7,Dallas,other_compound_vs_reference,2024,1.8037112398094757,True
p85_p30_min2_sep7,Dallas,episode_vs_wind_only,2019,-0.8543338456965728,True
p85_p30_min2_sep7,Dallas,episode_vs_wind_only,2020,-0.5553814142628921,True
p85_p30_min2_sep7,Dallas,episode_vs_wind_only,2021,0.1239209424656739,True
p85_p30_min2_sep7,Dallas,episode_vs_wind_only,2022,-0.7371755994790536,True
p85_p30_min2_sep7,Dallas,episode_vs_wind_only,2023,0.5327428086873405,True
p85_p30_min2_sep7,Dallas,episode_vs_wind_only,2024,-0.2270040640396669,True
p85_p30_min2_sep7,Dallas,episode_vs_heat_only,2019,3.054795757303309,True
p85_p30_min2_sep7,Dallas,episode_vs_heat_only,2020,3.56839907312448,True
p85_p30_min2_sep7,Dallas,episode_vs_heat_only,2021,3.643339969376069,True
p85_p30_min2_sep7,Dallas,episode_vs_heat_only,2022,3.2118068994218243,True
p85_p30_min2_sep7,Dallas,episode_vs_heat_only,2023,4.006619582357059,True
p85_p30_min2_sep7,Dallas,episode_vs_heat_only,2024,3.505729154591437,True
p85_p30_min2_sep7,Denver,episode_vs_reference,2019,0.5825147233292347,True
p85_p30_min2_sep7,Denver,episode_vs_reference,2020,2.341024402705401,True
p85_p30_min2_sep7,Denver,episode_vs_reference,2021,3.425538794740685,True
p85_p30_min2_sep7,Denver,episode_vs_reference,2022,2.406924190514318,True
p85_p30_min2_sep7,Denver,episode_vs_reference,2023,2.4503216627712194,True
p85_p30_min2_sep7,Denver,episode_vs_reference,2024,3.25203657991669,True
p85_p30_min2_sep7,Denver,heat_only_vs_reference,2019,0.8826885207040053,True
p85_p30_min2_sep7,Denver,heat_only_vs_reference,2020,0.7154812072132379,True
p85_p30_min2_sep7,Denver,heat_only_vs_reference,2021,0.786987858319633,True
p85_p30_min2_sep7,Denver,heat_only_vs_reference,2022,0.9554604128453018,True
p85_p30_min2_sep7,Denver,heat_only_vs_reference,2023,1.0735095771467034,True
p85_p30_min2_sep7,Denver,heat_only_vs_reference,2024,0.3940402551168839,True
p85_p30_min2_sep7,Denver,wind_only_vs_reference,2019,1.307984644810619,True
p85_p30_min2_sep7,Denver,wind_only_vs_reference,2020,1.3797305919596288,True
p85_p30_min2_sep7,Denver,wind_only_vs_reference,2021,1.4138322084301391,True
p85_p30_min2_sep7,Denver,wind_only_vs_reference,2022,1.1081444477365785,True
p85_p30_min2_sep7,Denver,wind_only_vs_reference,2023,1.114625160773257,True
p85_p30_min2_sep7,Denver,wind_only_vs_reference,2024,1.342106449142677,True
p85_p30_min2_sep7,Denver,other_compound_vs_reference,2019,1.2262873806991157,True
p85_p30_min2_sep7,Denver,other_compound_vs_reference,2020,0.8763550807265374,True
p85_p30_min2_sep7,Denver,other_compound_vs_reference,2021,0.9931633905401596,True
p85_p30_min2_sep7,Denver,other_compound_vs_reference,2022,1.5419803999318884,True
p85_p30_min2_sep7,Denver,other_compound_vs_reference,2023,1.100447535923352,True
p85_p30_min2_sep7,Denver,other_compound_vs_reference,2024,0.8091378374663083,True
p85_p30_min2_sep7,Denver,episode_vs_wind_only,2019,-0.7254699214813842,True
p85_p30_min2_sep7,Denver,episode_vs_wind_only,2020,0.9612938107457718,True
p85_p30_min2_sep7,Denver,episode_vs_wind_only,2021,2.011706586310546,True
p85_p30_min2_sep7,Denver,episode_vs_wind_only,2022,1.29877974277774,True
p85_p30_min2_sep7,Denver,episode_vs_wind_only,2023,1.3356965019979627,True
p85_p30_min2_sep7,Denver,episode_vs_wind_only,2024,1.909930130774013,True
p85_p30_min2_sep7,Denver,episode_vs_heat_only,2019,-0.3001737973747705,True
p85_p30_min2_sep7,Denver,episode_vs_heat_only,2020,1.6255431954921626,True
p85_p30_min2_sep7,Denver,episode_vs_heat_only,2021,2.638550936421052,True
p85_p30_min2_sep7,Denver,episode_vs_heat_only,2022,1.4514637776690162,True
p85_p30_min2_sep7,Denver,episode_vs_heat_only,2023,1.376812085624516,True
p85_p30_min2_sep7,Denver,episode_vs_heat_only,2024,2.857996324799806,True
p85_p30_min2_sep7,Houston,episode_vs_reference,2019,2.3301929343802184,True
p85_p30_min2_sep7,Houston,episode_vs_reference,2020,1.690990608379052,True
p85_p30_min2_sep7,Houston,episode_vs_reference,2021,1.910147378053341,True
p85_p30_min2_sep7,Houston,episode_vs_reference,2022,2.210910823546701,True
p85_p30_min2_sep7,Houston,episode_vs_reference,2023,1.936738241894058,True
p85_p30_min2_sep7,Houston,episode_vs_reference,2024,2.2385460612674266,True
p85_p30_min2_sep7,Houston,heat_only_vs_reference,2019,-2.0254833740699336,True
p85_p30_min2_sep7,Houston,heat_only_vs_reference,2020,-1.7688708423966837,True
p85_p30_min2_sep7,Houston,heat_only_vs_reference,2021,-1.7073001890085644,True
p85_p30_min2_sep7,Houston,heat_only_vs_reference,2022,-1.8240021214993272,True
p85_p30_min2_sep7,Houston,heat_only_vs_reference,2023,-1.120614949247812,True
p85_p30_min2_sep7,Houston,heat_only_vs_reference,2024,-1.423468256160534,True
p85_p30_min2_sep7,Houston,wind_only_vs_reference,2019,3.5544107051128497,True
p85_p30_min2_sep7,Houston,wind_only_vs_reference,2020,3.4664777091007446,True
p85_p30_min2_sep7,Houston,wind_only_vs_reference,2021,3.523357126946224,True
p85_p30_min2_sep7,Houston,wind_only_vs_reference,2022,3.5475956163107263,True
p85_p30_min2_sep7,Houston,wind_only_vs_reference,2023,3.3566443961429,True
p85_p30_min2_sep7,Houston,wind_only_vs_reference,2024,3.338602058437849,True
p85_p30_min2_sep7,Houston,other_compound_vs_reference,2019,0.8046495692267351,True
p85_p30_min2_sep7,Houston,other_compound_vs_reference,2020,0.8862333448352303,True
p85_p30_min2_sep7,Houston,other_compound_vs_reference,2021,0.9698103555300732,True
p85_p30_min2_sep7,Houston,other_compound_vs_reference,2022,0.847758364829147,True
p85_p30_min2_sep7,Houston,other_compound_vs_reference,2023,1.4007826999666633,True
p85_p30_min2_sep7,Houston,other_compound_vs_reference,2024,1.0534429394228249,True
p85_p30_min2_sep7,Houston,episode_vs_wind_only,2019,-1.2242177707326314,True
p85_p30_min2_sep7,Houston,episode_vs_wind_only,2020,-1.7754871007216926,True
p85_p30_min2_sep7,Houston,episode_vs_wind_only,2021,-1.6132097488928832,True
p85_p30_min2_sep7,Houston,episode_vs_wind_only,2022,-1.336684792764025,True
p85_p30_min2_sep7,Houston,episode_vs_wind_only,2023,-1.419906154248842,True
p85_p30_min2_sep7,Houston,episode_vs_wind_only,2024,-1.1000559971704225,True
p85_p30_min2_sep7,Houston,episode_vs_heat_only,2019,4.355676308450152,True
p85_p30_min2_sep7,Houston,episode_vs_heat_only,2020,3.459861450775736,True
p85_p30_min2_sep7,Houston,episode_vs_heat_only,2021,3.617447567061905,True
p85_p30_min2_sep7,Houston,episode_vs_heat_only,2022,4.034912945046028,True
p85_p30_min2_sep7,Houston,episode_vs_heat_only,2023,3.0573531911418703,True
p85_p30_min2_sep7,Houston,episode_vs_heat_only,2024,3.662014317427961,True
p85_p30_min2_sep7,Los Angeles,episode_vs_reference,2019,3.0526780586387003,True
p85_p30_min2_sep7,Los Angeles,episode_vs_reference,2020,2.983505331939381,True
p85_p30_min2_sep7,Los Angeles,episode_vs_reference,2021,2.998031462599809,True
p85_p30_min2_sep7,Los Angeles,episode_vs_reference,2022,2.8656555582219903,True
p85_p30_min2_sep7,Los Angeles,episode_vs_reference,2023,2.550894164639229,True
p85_p30_min2_sep7,Los Angeles,episode_vs_reference,2024,3.211850921662413,True
p85_p30_min2_sep7,Los Angeles,heat_only_vs_reference,2019,0.623061375590555,True
p85_p30_min2_sep7,Los Angeles,heat_only_vs_reference,2020,1.123491843689618,True
p85_p30_min2_sep7,Los Angeles,heat_only_vs_reference,2021,0.8056019247972508,True
p85_p30_min2_sep7,Los Angeles,heat_only_vs_reference,2022,0.6617239857890547,True
p85_p30_min2_sep7,Los Angeles,heat_only_vs_reference,2023,0.9700606533735588,True
p85_p30_min2_sep7,Los Angeles,heat_only_vs_reference,2024,1.2096293304175958,True
p85_p30_min2_sep7,Los Angeles,wind_only_vs_reference,2019,2.637977157224446,True
p85_p30_min2_sep7,Los Angeles,wind_only_vs_reference,2020,2.720930294945371,True
p85_p30_min2_sep7,Los Angeles,wind_only_vs_reference,2021,2.145015796556789,True
p85_p30_min2_sep7,Los Angeles,wind_only_vs_reference,2022,2.294468719698424,True
p85_p30_min2_sep7,Los Angeles,wind_only_vs_reference,2023,2.5383021420345555,True
p85_p30_min2_sep7,Los Angeles,wind_only_vs_reference,2024,2.420262613062436,True
p85_p30_min2_sep7,Los Angeles,other_compound_vs_reference,2019,2.228514447136982,True
p85_p30_min2_sep7,Los Angeles,other_compound_vs_reference,2020,3.074355907054096,True
p85_p30_min2_sep7,Los Angeles,other_compound_vs_reference,2021,2.330584045602773,True
p85_p30_min2_sep7,Los Angeles,other_compound_vs_reference,2022,3.18489543394092,True
p85_p30_min2_sep7,Los Angeles,other_compound_vs_reference,2023,2.8722677227239304,True
p85_p30_min2_sep7,Los Angeles,other_compound_vs_reference,2024,2.8795100733538064,True
p85_p30_min2_sep7,Los Angeles,episode_vs_wind_only,2019,0.4147009014142542,True
p85_p30_min2_sep7,Los Angeles,episode_vs_wind_only,2020,0.2625750369940101,True
p85_p30_min2_sep7,Los Angeles,episode_vs_wind_only,2021,0.8530156660430204,True
p85_p30_min2_sep7,Los Angeles,episode_vs_wind_only,2022,0.5711868385235661,True
p85_p30_min2_sep7,Los Angeles,episode_vs_wind_only,2023,0.0125920226046734,True
p85_p30_min2_sep7,Los Angeles,episode_vs_wind_only,2024,0.7915883085999775,True
p85_p30_min2_sep7,Los Angeles,episode_vs_heat_only,2019,2.4296166830481454,True
p85_p30_min2_sep7,Los Angeles,episode_vs_heat_only,2020,1.860013488249763,True
p85_p30_min2_sep7,Los Angeles,episode_vs_heat_only,2021,2.1924295378025587,True
p85_p30_min2_sep7,Los Angeles,episode_vs_heat_only,2022,2.203931572432936,True
p85_p30_min2_sep7,Los Angeles,episode_vs_heat_only,2023,1.5808335112656702,True
p85_p30_min2_sep7,Los Angeles,episode_vs_heat_only,2024,2.002221591244817,True
p85_p30_min2_sep7,New York,episode_vs_reference,2019,5.444209275816812,True
p85_p30_min2_sep7,New York,episode_vs_reference,2020,4.922532318588675,True
p85_p30_min2_sep7,New York,episode_vs_reference,2021,4.690757669562776,True
p85_p30_min2_sep7,New York,episode_vs_reference,2022,5.193029550121446,True
p85_p30_min2_sep7,New York,episode_vs_reference,2023,5.1245454930439,True
p85_p30_min2_sep7,New York,episode_vs_reference,2024,4.93875500003351,True
p85_p30_min2_sep7,New York,heat_only_vs_reference,2019,1.14919619916408,True
p85_p30_min2_sep7,New York,heat_only_vs_reference,2020,1.1240693172981826,True
p85_p30_min2_sep7,New York,heat_only_vs_reference,2021,1.0998924157805037,True
p85_p30_min2_sep7,New York,heat_only_vs_reference,2022,1.0225456756516582,True
p85_p30_min2_sep7,New York,heat_only_vs_reference,2023,1.2902149041927289,True
p85_p30_min2_sep7,New York,heat_only_vs_reference,2024,1.2606285614369008,True
p85_p30_min2_sep7,New York,wind_only_vs_reference,2019,4.20689454939378,True
p85_p30_min2_sep7,New York,wind_only_vs_reference,2020,4.307976905728708,True
p85_p30_min2_sep7,New York,wind_only_vs_reference,2021,4.266526776114676,True
p85_p30_min2_sep7,New York,wind_only_vs_reference,2022,4.1878459889625645,True
p85_p30_min2_sep7,New York,wind_only_vs_reference,2023,4.334035052676118,True
p85_p30_min2_sep7,New York,wind_only_vs_reference,2024,4.063258086096707,True
p85_p30_min2_sep7,New York,other_compound_vs_reference,2019,3.121238284875297,True
p85_p30_min2_sep7,New York,other_compound_vs_reference,2020,2.7221485399745284,True
p85_p30_min2_sep7,New York,other_compound_vs_reference,2021,3.307140156170137,True
p85_p30_min2_sep7,New York,other_compound_vs_reference,2022,3.3583714082296976,True
p85_p30_min2_sep7,New York,other_compound_vs_reference,2023,3.388432457386187,True
p85_p30_min2_sep7,New York,other_compound_vs_reference,2024,3.1261266145476467,True
p85_p30_min2_sep7,New York,episode_vs_wind_only,2019,1.2373147264230315,True
p85_p30_min2_sep7,New York,episode_vs_wind_only,2020,0.6145554128599668,True
p85_p30_min2_sep7,New York,episode_vs_wind_only,2021,0.4242308934481009,True
p85_p30_min2_sep7,New York,episode_vs_wind_only,2022,1.0051835611588815,True
p85_p30_min2_sep7,New York,episode_vs_wind_only,2023,0.7905104403677825,True
p85_p30_min2_sep7,New York,episode_vs_wind_only,2024,0.8754969139368027,True
p85_p30_min2_sep7,New York,episode_vs_heat_only,2019,4.295013076652732,True
p85_p30_min2_sep7,New York,episode_vs_heat_only,2020,3.798463001290492,True
p85_p30_min2_sep7,New York,episode_vs_heat_only,2021,3.590865253782273,True
p85_p30_min2_sep7,New York,episode_vs_heat_only,2022,4.170483874469788,True
p85_p30_min2_sep7,New York,episode_vs_heat_only,2023,3.834330588851172,True
p85_p30_min2_sep7,New York,episode_vs_heat_only,2024,3.6781264385966086,True
p85_p30_min2_sep7,Philadelphia,episode_vs_reference,2019,2.062405348230141,True
p85_p30_min2_sep7,Philadelphia,episode_vs_reference,2020,2.066041305108379,True
p85_p30_min2_sep7,Philadelphia,episode_vs_reference,2021,1.4339995200340798,True
p85_p30_min2_sep7,Philadelphia,episode_vs_reference,2022,2.314447316930492,True
p85_p30_min2_sep7,Philadelphia,episode_vs_reference,2023,2.4884560014681254,True
p85_p30_min2_sep7,Philadelphia,episode_vs_reference,2024,2.0757416440289056,True
p85_p30_min2_sep7,Philadelphia,heat_only_vs_reference,2019,0.8173535049081438,True
p85_p30_min2_sep7,Philadelphia,heat_only_vs_reference,2020,0.6673145929143027,True
p85_p30_min2_sep7,Philadelphia,heat_only_vs_reference,2021,0.7682032991426045,True
p85_p30_min2_sep7,Philadelphia,heat_only_vs_reference,2022,0.9244915585936372,True
p85_p30_min2_sep7,Philadelphia,heat_only_vs_reference,2023,0.937021705417559,True
p85_p30_min2_sep7,Philadelphia,heat_only_vs_reference,2024,0.794854615293459,True
p85_p30_min2_sep7,Philadelphia,wind_only_vs_reference,2019,2.0093420311550205,True
p85_p30_min2_sep7,Philadelphia,wind_only_vs_reference,2020,1.923771202677025,True
p85_p30_min2_sep7,Philadelphia,wind_only_vs_reference,2021,1.874459403463833,True
p85_p30_min2_sep7,Philadelphia,wind_only_vs_reference,2022,1.849614184889225,True
p85_p30_min2_sep7,Philadelphia,wind_only_vs_reference,2023,2.007809577679656,True
p85_p30_min2_sep7,Philadelphia,wind_only_vs_reference,2024,1.7435310944384297,True
p85_p30_min2_sep7,Philadelphia,other_compound_vs_reference,2019,1.8966556684001767,True
p85_p30_min2_sep7,Philadelphia,other_compound_vs_reference,2020,2.204201473334205,True
p85_p30_min2_sep7,Philadelphia,other_compound_vs_reference,2021,1.7602288354845568,True
p85_p30_min2_sep7,Philadelphia,other_compound_vs_reference,2022,2.044802535390201,True
p85_p30_min2_sep7,Philadelphia,other_compound_vs_reference,2023,1.5830676138341553,True
p85_p30_min2_sep7,Philadelphia,other_compound_vs_reference,2024,1.7267907012324524,True
p85_p30_min2_sep7,Philadelphia,episode_vs_wind_only,2019,0.0530633170751206,True
p85_p30_min2_sep7,Philadelphia,episode_vs_wind_only,2020,0.1422701024313537,True
p85_p30_min2_sep7,Philadelphia,episode_vs_wind_only,2021,-0.4404598834297535,True
p85_p30_min2_sep7,Philadelphia,episode_vs_wind_only,2022,0.4648331320412673,True
p85_p30_min2_sep7,Philadelphia,episode_vs_wind_only,2023,0.4806464237884698,True
p85_p30_min2_sep7,Philadelphia,episode_vs_wind_only,2024,0.3322105495904761,True
p85_p30_min2_sep7,Philadelphia,episode_vs_heat_only,2019,1.2450518433219973,True
p85_p30_min2_sep7,Philadelphia,episode_vs_heat_only,2020,1.398726712194076,True
p85_p30_min2_sep7,Philadelphia,episode_vs_heat_only,2021,0.6657962208914753,True
p85_p30_min2_sep7,Philadelphia,episode_vs_heat_only,2022,1.3899557583368547,True
p85_p30_min2_sep7,Philadelphia,episode_vs_heat_only,2023,1.5514342960505665,True
p85_p30_min2_sep7,Philadelphia,episode_vs_heat_only,2024,1.2808870287354466,True
p85_p30_min2_sep7,Phoenix,episode_vs_reference,2019,2.630430622395076,True
p85_p30_min2_sep7,Phoenix,episode_vs_reference,2020,2.81993951534885,True
p85_p30_min2_sep7,Phoenix,episode_vs_reference,2021,2.938792629860201,True
p85_p30_min2_sep7,Phoenix,episode_vs_reference,2022,2.636226168897306,True
p85_p30_min2_sep7,Phoenix,episode_vs_reference,2023,2.6746924873369693,True
p85_p30_min2_sep7,Phoenix,episode_vs_reference,2024,2.675351150621333,True
p85_p30_min2_sep7,Phoenix,heat_only_vs_reference,2019,-0.211186990798754,True
p85_p30_min2_sep7,Phoenix,heat_only_vs_reference,2020,0.1450149114089131,True
p85_p30_min2_sep7,Phoenix,heat_only_vs_reference,2021,-0.2630170327348837,True
p85_p30_min2_sep7,Phoenix,heat_only_vs_reference,2022,0.0718762279071466,True
p85_p30_min2_sep7,Phoenix,heat_only_vs_reference,2023,-0.0225497903366216,True
p85_p30_min2_sep7,Phoenix,heat_only_vs_reference,2024,0.0215907665087838,True
p85_p30_min2_sep7,Phoenix,wind_only_vs_reference,2019,3.045169544276554,True
p85_p30_min2_sep7,Phoenix,wind_only_vs_reference,2020,3.0922143533755184,True
p85_p30_min2_sep7,Phoenix,wind_only_vs_reference,2021,3.208015377857341,True
p85_p30_min2_sep7,Phoenix,wind_only_vs_reference,2022,3.182818379629029,True
p85_p30_min2_sep7,Phoenix,wind_only_vs_reference,2023,3.167963392558131,True
p85_p30_min2_sep7,Phoenix,wind_only_vs_reference,2024,3.226970176531172,True
p85_p30_min2_sep7,Phoenix,other_compound_vs_reference,2019,1.8011321642611196,True
p85_p30_min2_sep7,Phoenix,other_compound_vs_reference,2020,2.65082854866231,True
p85_p30_min2_sep7,Phoenix,other_compound_vs_reference,2021,1.9562975381742815,True
p85_p30_min2_sep7,Phoenix,other_compound_vs_reference,2022,2.121419186326949,True
p85_p30_min2_sep7,Phoenix,other_compound_vs_reference,2023,2.4840969458775515,True
p85_p30_min2_sep7,Phoenix,other_compound_vs_reference,2024,2.343700457636108,True
p85_p30_min2_sep7,Phoenix,episode_vs_wind_only,2019,-0.4147389218814781,True
p85_p30_min2_sep7,Phoenix,episode_vs_wind_only,2020,-0.2722748380266684,True
p85_p30_min2_sep7,Phoenix,episode_vs_wind_only,2021,-0.2692227479971403,True
p85_p30_min2_sep7,Phoenix,episode_vs_wind_only,2022,-0.5465922107317227,True
p85_p30_min2_sep7,Phoenix,episode_vs_wind_only,2023,-0.4932709052211619,True
p85_p30_min2_sep7,Phoenix,episode_vs_wind_only,2024,-0.5516190259098384,True
p85_p30_min2_sep7,Phoenix,episode_vs_heat_only,2019,2.8416176131938298,True
p85_p30_min2_sep7,Phoenix,episode_vs_heat_only,2020,2.674924603939937,True
p85_p30_min2_sep7,Phoenix,episode_vs_heat_only,2021,3.201809662595085,True
p85_p30_min2_sep7,Phoenix,episode_vs_heat_only,2022,2.56434994099016,True
p85_p30_min2_sep7,Phoenix,episode_vs_heat_only,2023,2.697242277673591,True
p85_p30_min2_sep7,Phoenix,episode_vs_heat_only,2024,2.653760384112549,True
p85_p30_min2_sep7,San Diego,episode_vs_reference,2019,2.8281301103381584,True
p85_p30_min2_sep7,San Diego,episode_vs_reference,2020,2.20107415346999,True
p85_p30_min2_sep7,San Diego,episode_vs_reference,2021,2.7757159252945147,True
p85_p30_min2_sep7,San Diego,episode_vs_reference,2022,2.703220368491857,True
p85_p30_min2_sep7,San Diego,episode_vs_reference,2023,2.867911395458423,True
p85_p30_min2_sep7,San Diego,episode_vs_reference,2024,2.785267634973362,True
p85_p30_min2_sep7,San Diego,heat_only_vs_reference,2019,0.4047298872805049,True
p85_p30_min2_sep7,San Diego,heat_only_vs_reference,2020,0.4325341373577385,True
p85_p30_min2_sep7,San Diego,heat_only_vs_reference,2021,0.5174806848761586,True
p85_p30_min2_sep7,San Diego,heat_only_vs_reference,2022,0.4528641640398524,True
p85_p30_min2_sep7,San Diego,heat_only_vs_reference,2023,0.5456533272985963,True
p85_p30_min2_sep7,San Diego,heat_only_vs_reference,2024,0.7304902916144715,True
p85_p30_min2_sep7,San Diego,wind_only_vs_reference,2019,1.1561402952177424,True
p85_p30_min2_sep7,San Diego,wind_only_vs_reference,2020,1.2048048952307868,True
p85_p30_min2_sep7,San Diego,wind_only_vs_reference,2021,1.1998813439340683,True
p85_p30_min2_sep7,San Diego,wind_only_vs_reference,2022,0.978547357746105,True
p85_p30_min2_sep7,San Diego,wind_only_vs_reference,2023,1.1932924909761218,True
p85_p30_min2_sep7,San Diego,wind_only_vs_reference,2024,1.1236442669081046,True
p85_p30_min2_sep7,San Diego,other_compound_vs_reference,2019,1.537524265980673,True
p85_p30_min2_sep7,San Diego,other_compound_vs_reference,2020,1.996504187267176,True
p85_p30_min2_sep7,San Diego,other_compound_vs_reference,2021,1.7919306812414302,True
p85_p30_min2_sep7,San Diego,other_compound_vs_reference,2022,1.7051735181330674,True
p85_p30_min2_sep7,San Diego,other_compound_vs_reference,2023,1.9081909807112647,True
p85_p30_min2_sep7,San Diego,other_compound_vs_reference,2024,2.2742436636385843,True
p85_p30_min2_sep7,San Diego,episode_vs_wind_only,2019,1.671989815120416,True
p85_p30_min2_sep7,San Diego,episode_vs_wind_only,2020,0.996269258239203,True
p85_p30_min2_sep7,San Diego,episode_vs_wind_only,2021,1.5758345813604464,True
p85_p30_min2_sep7,San Diego,episode_vs_wind_only,2022,1.724673010745752,True
p85_p30_min2_sep7,San Diego,episode_vs_wind_only,2023,1.6746189044823014,True
p85_p30_min2_sep7,San Diego,episode_vs_wind_only,2024,1.6616233680652577,True
p85_p30_min2_sep7,San Diego,episode_vs_heat_only,2019,2.4234002230576537,True
p85_p30_min2_sep7,San Diego,episode_vs_heat_only,2020,1.768540016112251,True
p85_p30_min2_sep7,San Diego,episode_vs_heat_only,2021,2.2582352404183563,True
p85_p30_min2_sep7,San Diego,episode_vs_heat_only,2022,2.2503562044520047,True
p85_p30_min2_sep7,San Diego,episode_vs_heat_only,2023,2.322258068159827,True
p85_p30_min2_sep7,San Diego,episode_vs_heat_only,2024,2.0547773433588903,True
p85_p30_min2_sep7,Seattle,episode_vs_reference,2019,7.362485101595606,True
p85_p30_min2_sep7,Seattle,episode_vs_reference,2020,7.589853915804993,True
p85_p30_min2_sep7,Seattle,episode_vs_reference,2021,7.32299974652666,True
p85_p30_min2_sep7,Seattle,episode_vs_reference,2022,5.275565964630889,True
p85_p30_min2_sep7,Seattle,episode_vs_reference,2023,9.218835656853816,True
p85_p30_min2_sep7,Seattle,episode_vs_reference,2024,7.099485717322025,True
p85_p30_min2_sep7,Seattle,heat_only_vs_reference,2019,4.8111498887306565,True
p85_p30_min2_sep7,Seattle,heat_only_vs_reference,2020,5.113048767997781,True
p85_p30_min2_sep7,Seattle,heat_only_vs_reference,2021,4.863207340160526,True
p85_p30_min2_sep7,Seattle,heat_only_vs_reference,2022,3.955525726936058,True
p85_p30_min2_sep7,Seattle,heat_only_vs_reference,2023,4.2862856374290494,True
p85_p30_min2_sep7,Seattle,heat_only_vs_reference,2024,4.187900441815216,True
p85_p30_min2_sep7,Seattle,wind_only_vs_reference,2019,3.558838862052577,True
p85_p30_min2_sep7,Seattle,wind_only_vs_reference,2020,3.720920071879766,True
p85_p30_min2_sep7,Seattle,wind_only_vs_reference,2021,3.4932660632560237,True
p85_p30_min2_sep7,Seattle,wind_only_vs_reference,2022,3.544884987219402,True
p85_p30_min2_sep7,Seattle,wind_only_vs_reference,2023,3.621698638430077,True
p85_p30_min2_sep7,Seattle,wind_only_vs_reference,2024,3.609057357906627,True
p85_p30_min2_sep7,Seattle,other_compound_vs_reference,2019,9.896814710053372,True
p85_p30_min2_sep7,Seattle,other_compound_vs_reference,2020,10.542533175301296,True
p85_p30_min2_sep7,Seattle,other_compound_vs_reference,2021,9.61214907265771,True
p85_p30_min2_sep7,Seattle,other_compound_vs_reference,2022,9.258008226040118,True
p85_p30_min2_sep7,Seattle,other_compound_vs_reference,2023,10.075000858650796,True
p85_p30_min2_sep7,Seattle,other_compound_vs_reference,2024,9.57003724280943,True
p85_p30_min2_sep7,Seattle,episode_vs_wind_only,2019,3.8036462395430286,True
p85_p30_min2_sep7,Seattle,episode_vs_wind_only,2020,3.868933843925227,True
p85_p30_min2_sep7,Seattle,episode_vs_wind_only,2021,3.829733683270637,True
p85_p30_min2_sep7,Seattle,episode_vs_wind_only,2022,1.7306809774114873,True
p85_p30_min2_sep7,Seattle,episode_vs_wind_only,2023,5.597137018423739,True
p85_p30_min2_sep7,Seattle,episode_vs_wind_only,2024,3.4904283594153984,True
p85_p30_min2_sep7,Seattle,episode_vs_heat_only,2019,2.5513352128649496,True
p85_p30_min2_sep7,Seattle,episode_vs_heat_only,2020,2.4768051478072124,True
p85_p30_min2_sep7,Seattle,episode_vs_heat_only,2021,2.4597924063661347,True
p85_p30_min2_sep7,Seattle,episode_vs_heat_only,2022,1.3200402376948306,True
p85_p30_min2_sep7,Seattle,episode_vs_heat_only,2023,4.932550019424767,True
p85_p30_min2_sep7,Seattle,episode_vs_heat_only,2024,2.91158527550681,True
p80_p20_min2_sep7,Atlanta,episode_vs_reference,2019,2.3126659009731694,True
p80_p20_min2_sep7,Atlanta,episode_vs_reference,2020,2.582936067646996,True
p80_p20_min2_sep7,Atlanta,episode_vs_reference,2021,2.460213403410127,True
p80_p20_min2_sep7,Atlanta,episode_vs_reference,2022,2.942570900046839,True
p80_p20_min2_sep7,Atlanta,episode_vs_reference,2023,2.794603308960726,True
p80_p20_min2_sep7,Atlanta,episode_vs_reference,2024,2.291426863294185,True
p80_p20_min2_sep7,Atlanta,heat_only_vs_reference,2019,-0.2284910235484243,True
p80_p20_min2_sep7,Atlanta,heat_only_vs_reference,2020,-0.2446361271025773,True
p80_p20_min2_sep7,Atlanta,heat_only_vs_reference,2021,-0.1939790678402588,True
p80_p20_min2_sep7,Atlanta,heat_only_vs_reference,2022,0.0856794327597296,True
p80_p20_min2_sep7,Atlanta,heat_only_vs_reference,2023,-0.1243986774379274,True
p80_p20_min2_sep7,Atlanta,heat_only_vs_reference,2024,-0.1520359324495017,True
p80_p20_min2_sep7,Atlanta,wind_only_vs_reference,2019,1.6642844684082263,True
p80_p20_min2_sep7,Atlanta,wind_only_vs_reference,2020,1.8199801298424951,True
p80_p20_min2_sep7,Atlanta,wind_only_vs_reference,2021,1.6572489767025458,True
p80_p20_min2_sep7,Atlanta,wind_only_vs_reference,2022,1.9346740457836704,True
p80_p20_min2_sep7,Atlanta,wind_only_vs_reference,2023,1.896073117613408,True
p80_p20_min2_sep7,Atlanta,wind_only_vs_reference,2024,1.731083142610998,True
p80_p20_min2_sep7,Atlanta,other_compound_vs_reference,2019,0.8735496578402301,True
p80_p20_min2_sep7,Atlanta,other_compound_vs_reference,2020,0.7484458996132326,True
p80_p20_min2_sep7,Atlanta,other_compound_vs_reference,2021,0.7902659142972357,True
p80_p20_min2_sep7,Atlanta,other_compound_vs_reference,2022,1.1416152650614335,True
p80_p20_min2_sep7,Atlanta,other_compound_vs_reference,2023,1.7315934961303754,True
p80_p20_min2_sep7,Atlanta,other_compound_vs_reference,2024,0.7359342962253885,True
p80_p20_min2_sep7,Atlanta,episode_vs_wind_only,2019,0.6483814325649431,True
p80_p20_min2_sep7,Atlanta,episode_vs_wind_only,2020,0.762955937804501,True
p80_p20_min2_sep7,Atlanta,episode_vs_wind_only,2021,0.8029644267075813,True
p80_p20_min2_sep7,Atlanta,episode_vs_wind_only,2022,1.0078968542631688,True
p80_p20_min2_sep7,Atlanta,episode_vs_wind_only,2023,0.8985301913473178,True
p80_p20_min2_sep7,Atlanta,episode_vs_wind_only,2024,0.5603437206831869,True
p80_p20_min2_sep7,Atlanta,episode_vs_heat_only,2019,2.541156924521594,True
p80_p20_min2_sep7,Atlanta,episode_vs_heat_only,2020,2.8275721947495733,True
p80_p20_min2_sep7,Atlanta,episode_vs_heat_only,2021,2.654192471250386,True
p80_p20_min2_sep7,Atlanta,episode_vs_heat_only,2022,2.856891467287109,True
p80_p20_min2_sep7,Atlanta,episode_vs_heat_only,2023,2.919001986398653,True
p80_p20_min2_sep7,Atlanta,episode_vs_heat_only,2024,2.4434627957436867,True
p80_p20_min2_sep7,Chicago,episode_vs_reference,2019,4.072850066540143,True
p80_p20_min2_sep7,Chicago,episode_vs_reference,2020,3.4127829421360927,True
p80_p20_min2_sep7,Chicago,episode_vs_reference,2021,4.267422601684466,True
p80_p20_min2_sep7,Chicago,episode_vs_reference,2022,3.5679256964679973,True
p80_p20_min2_sep7,Chicago,episode_vs_reference,2023,3.941918608630089,True
p80_p20_min2_sep7,Chicago,episode_vs_reference,2024,3.862215503081288,True
p80_p20_min2_sep7,Chicago,heat_only_vs_reference,2019,0.1981855553631653,True
p80_p20_min2_sep7,Chicago,heat_only_vs_reference,2020,0.7087514360844547,True
p80_p20_min2_sep7,Chicago,heat_only_vs_reference,2021,0.5233981640468559,True
p80_p20_min2_sep7,Chicago,heat_only_vs_reference,2022,0.8323128395054016,True
p80_p20_min2_sep7,Chicago,heat_only_vs_reference,2023,0.7412837026587598,True
p80_p20_min2_sep7,Chicago,heat_only_vs_reference,2024,0.5271952721173898,True
p80_p20_min2_sep7,Chicago,wind_only_vs_reference,2019,3.905666690661449,True
p80_p20_min2_sep7,Chicago,wind_only_vs_reference,2020,4.615601115863151,True
p80_p20_min2_sep7,Chicago,wind_only_vs_reference,2021,4.487399363525352,True
p80_p20_min2_sep7,Chicago,wind_only_vs_reference,2022,3.970971891428908,True
p80_p20_min2_sep7,Chicago,wind_only_vs_reference,2023,4.56401909280751,True
p80_p20_min2_sep7,Chicago,wind_only_vs_reference,2024,4.284639123283736,True
p80_p20_min2_sep7,Chicago,other_compound_vs_reference,2019,4.65143171919807,True
p80_p20_min2_sep7,Chicago,other_compound_vs_reference,2020,5.455517376858669,True
p80_p20_min2_sep7,Chicago,other_compound_vs_reference,2021,4.945662418598556,True
p80_p20_min2_sep7,Chicago,other_compound_vs_reference,2022,4.888734755120078,True
p80_p20_min2_sep7,Chicago,other_compound_vs_reference,2023,4.898324305461298,True
p80_p20_min2_sep7,Chicago,other_compound_vs_reference,2024,5.294900336237475,True
p80_p20_min2_sep7,Chicago,episode_vs_wind_only,2019,0.167183375878694,True
p80_p20_min2_sep7,Chicago,episode_vs_wind_only,2020,-1.2028181737270582,True
p80_p20_min2_sep7,Chicago,episode_vs_wind_only,2021,-0.2199767618408863,True
p80_p20_min2_sep7,Chicago,episode_vs_wind_only,2022,-0.4030461949609103,True
p80_p20_min2_sep7,Chicago,episode_vs_wind_only,2023,-0.6221004841774214,True
p80_p20_min2_sep7,Chicago,episode_vs_wind_only,2024,-0.4224236202024474,True
p80_p20_min2_sep7,Chicago,episode_vs_heat_only,2019,3.8746645111769777,True
p80_p20_min2_sep7,Chicago,episode_vs_heat_only,2020,2.704031506051638,True
p80_p20_min2_sep7,Chicago,episode_vs_heat_only,2021,3.7440244376376097,True
p80_p20_min2_sep7,Chicago,episode_vs_heat_only,2022,2.735612856962596,True
p80_p20_min2_sep7,Chicago,episode_vs_heat_only,2023,3.200634905971329,True
p80_p20_min2_sep7,Chicago,episode_vs_heat_only,2024,3.3350202309638983,True
p80_p20_min2_sep7,Dallas,episode_vs_reference,2019,1.687544800286238,True
p80_p20_min2_sep7,Dallas,episode_vs_reference,2020,1.9136180256818909,True
p80_p20_min2_sep7,Dallas,episode_vs_reference,2021,2.3726668100595543,True
p80_p20_min2_sep7,Dallas,episode_vs_reference,2022,1.8534645644140608,True
p80_p20_min2_sep7,Dallas,episode_vs_reference,2023,2.502199882523625,True
p80_p20_min2_sep7,Dallas,episode_vs_reference,2024,2.211549666381734,True
p80_p20_min2_sep7,Dallas,heat_only_vs_reference,2019,-1.15160607423408,True
p80_p20_min2_sep7,Dallas,heat_only_vs_reference,2020,-1.300674400909707,True
p80_p20_min2_sep7,Dallas,heat_only_vs_reference,2021,-0.8443738279283823,True
p80_p20_min2_sep7,Dallas,heat_only_vs_reference,2022,-1.2966518470355382,True
p80_p20_min2_sep7,Dallas,heat_only_vs_reference,2023,-0.8583985491409314,True
p80_p20_min2_sep7,Dallas,heat_only_vs_reference,2024,-0.8517940510889319,True
p80_p20_min2_sep7,Dallas,wind_only_vs_reference,2019,3.241614872635528,True
p80_p20_min2_sep7,Dallas,wind_only_vs_reference,2020,3.266972450796678,True
p80_p20_min2_sep7,Dallas,wind_only_vs_reference,2021,3.13496202262346,True
p80_p20_min2_sep7,Dallas,wind_only_vs_reference,2022,3.077462774258782,True
p80_p20_min2_sep7,Dallas,wind_only_vs_reference,2023,3.077518331838456,True
p80_p20_min2_sep7,Dallas,wind_only_vs_reference,2024,3.403237237391135,True
p80_p20_min2_sep7,Dallas,other_compound_vs_reference,2019,1.9444498806263049,True
p80_p20_min2_sep7,Dallas,other_compound_vs_reference,2020,1.6269172667638243,True
p80_p20_min2_sep7,Dallas,other_compound_vs_reference,2021,1.4924585799886196,True
p80_p20_min2_sep7,Dallas,other_compound_vs_reference,2022,1.622626749254811,True
p80_p20_min2_sep7,Dallas,other_compound_vs_reference,2023,2.3929823814440194,True
p80_p20_min2_sep7,Dallas,other_compound_vs_reference,2024,1.9914466730227551,True
p80_p20_min2_sep7,Dallas,episode_vs_wind_only,2019,-1.55407007234929,True
p80_p20_min2_sep7,Dallas,episode_vs_wind_only,2020,-1.3533544251147875,True
p80_p20_min2_sep7,Dallas,episode_vs_wind_only,2021,-0.762295212563906,True
p80_p20_min2_sep7,Dallas,episode_vs_wind_only,2022,-1.2239982098447215,True
p80_p20_min2_sep7,Dallas,episode_vs_wind_only,2023,-0.5753184493148309,True
p80_p20_min2_sep7,Dallas,episode_vs_wind_only,2024,-1.191687571009401,True
p80_p20_min2_sep7,Dallas,episode_vs_heat_only,2019,2.8391508745203184,True
p80_p20_min2_sep7,Dallas,episode_vs_heat_only,2020,3.214292426591598,True
p80_p20_min2_sep7,Dallas,episode_vs_heat_only,2021,3.2170406379879366,True
p80_p20_min2_sep7,Dallas,episode_vs_heat_only,2022,3.1501164114495985,True
p80_p20_min2_sep7,Dallas,episode_vs_heat_only,2023,3.360598431664556,True
p80_p20_min2_sep7,Dallas,episode_vs_heat_only,2024,3.0633437174706657,True
p80_p20_min2_sep7,Denver,episode_vs_reference,2019,-0.4973818509373269,True
p80_p20_min2_sep7,Denver,episode_vs_reference,2020,-0.5411234255585119,True
p80_p20_min2_sep7,Denver,episode_vs_reference,2021,-0.1847569636651972,True
p80_p20_min2_sep7,Denver,episode_vs_reference,2022,,False
p80_p20_min2_sep7,Denver,episode_vs_reference,2023,-0.6906083773308596,True
p80_p20_min2_sep7,Denver,episode_vs_reference,2024,-0.6452387105533286,True
p80_p20_min2_sep7,Denver,heat_only_vs_reference,2019,0.4844870964476113,True
p80_p20_min2_sep7,Denver,heat_only_vs_reference,2020,0.1380275239230863,True
p80_p20_min2_sep7,Denver,heat_only_vs_reference,2021,0.3606856018856212,True
p80_p20_min2_sep7,Denver,heat_only_vs_reference,2022,0.5688102593898466,True
p80_p20_min2_sep7,Denver,heat_only_vs_reference,2023,0.5697332052277518,True
p80_p20_min2_sep7,Denver,heat_only_vs_reference,2024,0.0964944598288846,True
p80_p20_min2_sep7,Denver,wind_only_vs_reference,2019,0.9434515882174206,True
p80_p20_min2_sep7,Denver,wind_only_vs_reference,2020,1.1026803944005528,True
p80_p20_min2_sep7,Denver,wind_only_vs_reference,2021,1.4807729165524075,True
p80_p20_min2_sep7,Denver,wind_only_vs_reference,2022,0.9234747577212356,True
p80_p20_min2_sep7,Denver,wind_only_vs_reference,2023,0.7232285652795818,True
p80_p20_min2_sep7,Denver,wind_only_vs_reference,2024,1.0489815288397804,True
p80_p20_min2_sep7,Denver,other_compound_vs_reference,2019,0.3978025261978444,True
p80_p20_min2_sep7,Denver,other_compound_vs_reference,2020,0.0830014161706282,True
p80_p20_min2_sep7,Denver,other_compound_vs_reference,2021,0.6534300239444237,True
p80_p20_min2_sep7,Denver,other_compound_vs_reference,2022,0.4830287903736121,True
p80_p20_min2_sep7,Denver,other_compound_vs_reference,2023,0.2489578869661108,True
p80_p20_min2_sep7,Denver,other_compound_vs_reference,2024,-0.0921917591567096,True
p80_p20_min2_sep7,Denver,episode_vs_wind_only,2019,-1.4408334391547477,True
p80_p20_min2_sep7,Denver,episode_vs_wind_only,2020,-1.6438038199590648,True
p80_p20_min2_sep7,Denver,episode_vs_wind_only,2021,-1.6655298802176048,True
p80_p20_min2_sep7,Denver,episode_vs_wind_only,2022,,False
p80_p20_min2_sep7,Denver,episode_vs_wind_only,2023,-1.4138369426104411,True
p80_p20_min2_sep7,Denver,episode_vs_wind_only,2024,-1.694220239393109,True
p80_p20_min2_sep7,Denver,episode_vs_heat_only,2019,-0.9818689473849382,True
p80_p20_min2_sep7,Denver,episode_vs_heat_only,2020,-0.6791509494815983,True
p80_p20_min2_sep7,Denver,episode_vs_heat_only,2021,-0.5454425655508185,True
p80_p20_min2_sep7,Denver,episode_vs_heat_only,2022,,False
p80_p20_min2_sep7,Denver,episode_vs_heat_only,2023,-1.2603415825586115,True
p80_p20_min2_sep7,Denver,episode_vs_heat_only,2024,-0.7417331703822132,True
p80_p20_min2_sep7,Houston,episode_vs_reference,2019,1.5200225440185875,True
p80_p20_min2_sep7,Houston,episode_vs_reference,2020,1.4434045871656578,True
p80_p20_min2_sep7,Houston,episode_vs_reference,2021,1.4210870528468662,True
p80_p20_min2_sep7,Houston,episode_vs_reference,2022,1.4256400040801602,True
p80_p20_min2_sep7,Houston,episode_vs_reference,2023,1.6499975906578623,True
p80_p20_min2_sep7,Houston,episode_vs_reference,2024,2.1657420476277767,True
p80_p20_min2_sep7,Houston,heat_only_vs_reference,2019,-1.7317134390215465,True
p80_p20_min2_sep7,Houston,heat_only_vs_reference,2020,-1.4828365839771993,True
p80_p20_min2_sep7,Houston,heat_only_vs_reference,2021,-1.6028384665153697,True
p80_p20_min2_sep7,Houston,heat_only_vs_reference,2022,-1.5837718846562234,True
p80_p20_min2_sep7,Houston,heat_only_vs_reference,2023,-0.91912908507616,True
p80_p20_min2_sep7,Houston,heat_only_vs_reference,2024,-1.2552377836880193,True
p80_p20_min2_sep7,Houston,wind_only_vs_reference,2019,3.650859442378349,True
p80_p20_min2_sep7,Houston,wind_only_vs_reference,2020,3.483911408799349,True
p80_p20_min2_sep7,Houston,wind_only_vs_reference,2021,3.7921350000108154,True
p80_p20_min2_sep7,Houston,wind_only_vs_reference,2022,3.5052347892906104,True
p80_p20_min2_sep7,Houston,wind_only_vs_reference,2023,3.467171287491641,True
p80_p20_min2_sep7,Houston,wind_only_vs_reference,2024,3.278068112692328,True
p80_p20_min2_sep7,Houston,other_compound_vs_reference,2019,1.2563343391220156,True
p80_p20_min2_sep7,Houston,other_compound_vs_reference,2020,1.2520635068468902,True
p80_p20_min2_sep7,Houston,other_compound_vs_reference,2021,1.372204966188157,True
p80_p20_min2_sep7,Houston,other_compound_vs_reference,2022,1.118692373097359,True
p80_p20_min2_sep7,Houston,other_compound_vs_reference,2023,0.7823472770503627,True
p80_p20_min2_sep7,Houston,other_compound_vs_reference,2024,1.7308365820938865,True
p80_p20_min2_sep7,Houston,episode_vs_wind_only,2019,-2.130836898359761,True
p80_p20_min2_sep7,Houston,episode_vs_wind_only,2020,-2.0405068216336915,True
p80_p20_min2_sep7,Houston,episode_vs_wind_only,2021,-2.371047947163948,True
p80_p20_min2_sep7,Houston,episode_vs_wind_only,2022,-2.07959478521045,True
p80_p20_min2_sep7,Houston,episode_vs_wind_only,2023,-1.8171736968337788,True
p80_p20_min2_sep7,Houston,episode_vs_wind_only,2024,-1.112326065064551,True
p80_p20_min2_sep7,Houston,episode_vs_heat_only,2019,3.2517359830401342,True
p80_p20_min2_sep7,Houston,episode_vs_heat_only,2020,2.9262411711428573,True
p80_p20_min2_sep7,Houston,episode_vs_heat_only,2021,3.023925519362236,True
p80_p20_min2_sep7,Houston,episode_vs_heat_only,2022,3.009411888736384,True
p80_p20_min2_sep7,Houston,episode_vs_heat_only,2023,2.5691266757340223,True
p80_p20_min2_sep7,Houston,episode_vs_heat_only,2024,3.420979831315796,True
p80_p20_min2_sep7,Los Angeles,episode_vs_reference,2019,4.077660639629291,True
p80_p20_min2_sep7,Los Angeles,episode_vs_reference,2020,3.743229708851409,True
p80_p20_min2_sep7,Los Angeles,episode_vs_reference,2021,4.329150425347737,True
p80_p20_min2_sep7,Los Angeles,episode_vs_reference,2022,3.906101262148302,True
p80_p20_min2_sep7,Los Angeles,episode_vs_reference,2023,3.524758232365492,True
p80_p20_min2_sep7,Los Angeles,episode_vs_reference,2024,4.498714292483143,True
p80_p20_min2_sep7,Los Angeles,heat_only_vs_reference,2019,0.6356535387907309,True
p80_p20_min2_sep7,Los Angeles,heat_only_vs_reference,2020,1.080869655518264,True
p80_p20_min2_sep7,Los Angeles,heat_only_vs_reference,2021,0.8150323059415161,True
p80_p20_min2_sep7,Los Angeles,heat_only_vs_reference,2022,0.7732032945664137,True
p80_p20_min2_sep7,Los Angeles,heat_only_vs_reference,2023,0.8673233134706524,True
p80_p20_min2_sep7,Los Angeles,heat_only_vs_reference,2024,1.138374322698701,True
p80_p20_min2_sep7,Los Angeles,wind_only_vs_reference,2019,2.665279930858236,True
p80_p20_min2_sep7,Los Angeles,wind_only_vs_reference,2020,2.6995996025777247,True
p80_p20_min2_sep7,Los Angeles,wind_only_vs_reference,2021,2.386330408189599,True
p80_p20_min2_sep7,Los Angeles,wind_only_vs_reference,2022,2.323476726528277,True
p80_p20_min2_sep7,Los Angeles,wind_only_vs_reference,2023,2.362260817053527,True
p80_p20_min2_sep7,Los Angeles,wind_only_vs_reference,2024,2.4705756925982345,True
p80_p20_min2_sep7,Los Angeles,other_compound_vs_reference,2019,2.513387325814489,True
p80_p20_min2_sep7,Los Angeles,other_compound_vs_reference,2020,3.9569304803736554,True
p80_p20_min2_sep7,Los Angeles,other_compound_vs_reference,2021,2.628892672469696,True
p80_p20_min2_sep7,Los Angeles,other_compound_vs_reference,2022,2.7770268464054304,True
p80_p20_min2_sep7,Los Angeles,other_compound_vs_reference,2023,2.7907581339385565,True
p80_p20_min2_sep7,Los Angeles,other_compound_vs_reference,2024,3.0508176008333354,True
p80_p20_min2_sep7,Los Angeles,episode_vs_wind_only,2019,1.4123807087710554,True
p80_p20_min2_sep7,Los Angeles,episode_vs_wind_only,2020,1.0436301062736844,True
p80_p20_min2_sep7,Los Angeles,episode_vs_wind_only,2021,1.9428200171581376,True
p80_p20_min2_sep7,Los Angeles,episode_vs_wind_only,2022,1.5826245356200248,True
p80_p20_min2_sep7,Los Angeles,episode_vs_wind_only,2023,1.1624974153119645,True
p80_p20_min2_sep7,Los Angeles,episode_vs_wind_only,2024,2.0281385998849086,True
p80_p20_min2_sep7,Los Angeles,episode_vs_heat_only,2019,3.44200710083856,True
p80_p20_min2_sep7,Los Angeles,episode_vs_heat_only,2020,2.662360053333145,True
p80_p20_min2_sep7,Los Angeles,episode_vs_heat_only,2021,3.5141181194062208,True
p80_p20_min2_sep7,Los Angeles,episode_vs_heat_only,2022,3.132897967581888,True
p80_p20_min2_sep7,Los Angeles,episode_vs_heat_only,2023,2.657434918894839,True
p80_p20_min2_sep7,Los Angeles,episode_vs_heat_only,2024,3.360339969784442,True
p80_p20_min2_sep7,New York,episode_vs_reference,2019,4.907453542592176,True
p80_p20_min2_sep7,New York,episode_vs_reference,2020,4.652938210344845,True
p80_p20_min2_sep7,New York,episode_vs_reference,2021,3.981794264465096,True
p80_p20_min2_sep7,New York,episode_vs_reference,2022,5.147321212043066,True
p80_p20_min2_sep7,New York,episode_vs_reference,2023,4.808631630854888,True
p80_p20_min2_sep7,New York,episode_vs_reference,2024,4.6390000252916685,True
p80_p20_min2_sep7,New York,heat_only_vs_reference,2019,1.103142258426014,True
p80_p20_min2_sep7,New York,heat_only_vs_reference,2020,1.2903997830308855,True
p80_p20_min2_sep7,New York,heat_only_vs_reference,2021,1.425507873801564,True
p80_p20_min2_sep7,New York,heat_only_vs_reference,2022,1.1344479155880376,True
p80_p20_min2_sep7,New York,heat_only_vs_reference,2023,1.374424566654174,True
p80_p20_min2_sep7,New York,heat_only_vs_reference,2024,1.1456488657885198,True
p80_p20_min2_sep7,New York,wind_only_vs_reference,2019,4.612217010156947,True
p80_p20_min2_sep7,New York,wind_only_vs_reference,2020,4.847409092570314,True
p80_p20_min2_sep7,New York,wind_only_vs_reference,2021,4.686291022895073,True
p80_p20_min2_sep7,New York,wind_only_vs_reference,2022,4.468097024528481,True
p80_p20_min2_sep7,New York,wind_only_vs_reference,2023,5.020495458510844,True
p80_p20_min2_sep7,New York,wind_only_vs_reference,2024,4.340066997194338,True
p80_p20_min2_sep7,New York,other_compound_vs_reference,2019,3.871421917988989,True
p80_p20_min2_sep7,New York,other_compound_vs_reference,2020,4.208650198026632,True
p80_p20_min2_sep7,New York,other_compound_vs_reference,2021,4.621150790540225,True
p80_p20_min2_sep7,New York,other_compound_vs_reference,2022,4.382691468039048,True
p80_p20_min2_sep7,New York,other_compound_vs_reference,2023,4.330273975973791,True
p80_p20_min2_sep7,New York,other_compound_vs_reference,2024,4.205845550325047,True
p80_p20_min2_sep7,New York,episode_vs_wind_only,2019,0.2952365324352293,True
p80_p20_min2_sep7,New York,episode_vs_wind_only,2020,-0.1944708822254686,True
p80_p20_min2_sep7,New York,episode_vs_wind_only,2021,-0.7044967584299773,True
p80_p20_min2_sep7,New York,episode_vs_wind_only,2022,0.6792241875145848,True
p80_p20_min2_sep7,New York,episode_vs_wind_only,2023,-0.2118638276559563,True
p80_p20_min2_sep7,New York,episode_vs_wind_only,2024,0.2989330280973306,True
p80_p20_min2_sep7,New York,episode_vs_heat_only,2019,3.804311284166162,True
p80_p20_min2_sep7,New York,episode_vs_heat_only,2020,3.36253842731396,True
p80_p20_min2_sep7,New York,episode_vs_heat_only,2021,2.556286390663532,True
p80_p20_min2_sep7,New York,episode_vs_heat_only,2022,4.012873296455028,True
p80_p20_min2_sep7,New York,episode_vs_heat_only,2023,3.4342070642007134,True
p80_p20_min2_sep7,New York,episode_vs_heat_only,2024,3.493351159503149,True
p80_p20_min2_sep7,Philadelphia,episode_vs_reference,2019,2.160427026170819,True
p80_p20_min2_sep7,Philadelphia,episode_vs_reference,2020,1.6274053731076004,True
p80_p20_min2_sep7,Philadelphia,episode_vs_reference,2021,0.5711300671262297,True
p80_p20_min2_sep7,Philadelphia,episode_vs_reference,2022,2.0395099905088587,True
p80_p20_min2_sep7,Philadelphia,episode_vs_reference,2023,1.954027710169577,True
p80_p20_min2_sep7,Philadelphia,episode_vs_reference,2024,1.711443681920423,True
p80_p20_min2_sep7,Philadelphia,heat_only_vs_reference,2019,0.7203326523678959,True
p80_p20_min2_sep7,Philadelphia,heat_only_vs_reference,2020,0.5791794770535352,True
p80_p20_min2_sep7,Philadelphia,heat_only_vs_reference,2021,0.9447830326745348,True
p80_p20_min2_sep7,Philadelphia,heat_only_vs_reference,2022,0.9726830115976376,True
p80_p20_min2_sep7,Philadelphia,heat_only_vs_reference,2023,0.8094939505277714,True
p80_p20_min2_sep7,Philadelphia,heat_only_vs_reference,2024,0.7542937766326459,True
p80_p20_min2_sep7,Philadelphia,wind_only_vs_reference,2019,2.119387881696874,True
p80_p20_min2_sep7,Philadelphia,wind_only_vs_reference,2020,2.078351235866346,True
p80_p20_min2_sep7,Philadelphia,wind_only_vs_reference,2021,2.05396574635844,True
p80_p20_min2_sep7,Philadelphia,wind_only_vs_reference,2022,2.1010574762459657,True
p80_p20_min2_sep7,Philadelphia,wind_only_vs_reference,2023,2.1404554311995354,True
p80_p20_min2_sep7,Philadelphia,wind_only_vs_reference,2024,1.928897870595312,True
p80_p20_min2_sep7,Philadelphia,other_compound_vs_reference,2019,1.9493405589343464,True
p80_p20_min2_sep7,Philadelphia,other_compound_vs_reference,2020,2.292378146513191,True
p80_p20_min2_sep7,Philadelphia,other_compound_vs_reference,2021,1.967697347336157,True
p80_p20_min2_sep7,Philadelphia,other_compound_vs_reference,2022,2.181539553723982,True
p80_p20_min2_sep7,Philadelphia,other_compound_vs_reference,2023,1.873883763976268,True
p80_p20_min2_sep7,Philadelphia,other_compound_vs_reference,2024,2.1547744593767173,True
p80_p20_min2_sep7,Philadelphia,episode_vs_wind_only,2019,0.0410391444739453,True
p80_p20_min2_sep7,Philadelphia,episode_vs_wind_only,2020,-0.4509458627587457,True
p80_p20_min2_sep7,Philadelphia,episode_vs_wind_only,2021,-1.4828356792322102,True
p80_p20_min2_sep7,Philadelphia,episode_vs_wind_only,2022,-0.061547485737107,True
p80_p20_min2_sep7,Philadelphia,episode_vs_wind_only,2023,-0.1864277210299583,True
p80_p20_min2_sep7,Philadelphia,episode_vs_wind_only,2024,-0.2174541886748886,True
p80_p20_min2_sep7,Philadelphia,episode_vs_heat_only,2019,1.4400943738029233,True
p80_p20_min2_sep7,Philadelphia,episode_vs_heat_only,2020,1.0482258960540651,True
p80_p20_min2_sep7,Philadelphia,episode_vs_heat_only,2021,-0.373652965548305,True
p80_p20_min2_sep7,Philadelphia,episode_vs_heat_only,2022,1.0668269789112212,True
p80_p20_min2_sep7,Philadelphia,episode_vs_heat_only,2023,1.1445337596418057,True
p80_p20_min2_sep7,Philadelphia,episode_vs_heat_only,2024,0.9571499052877772,True
p80_p20_min2_sep7,Phoenix,episode_vs_reference,2019,4.248526798053967,True
p80_p20_min2_sep7,Phoenix,episode_vs_reference,2020,4.4512367054237885,True
p80_p20_min2_sep7,Phoenix,episode_vs_reference,2021,,False
p80_p20_min2_sep7,Phoenix,episode_vs_reference,2022,4.022569150770326,True
p80_p20_min2_sep7,Phoenix,episode_vs_reference,2023,4.293307134956863,True
p80_p20_min2_sep7,Phoenix,episode_vs_reference,2024,4.412636815969985,True
p80_p20_min2_sep7,Phoenix,heat_only_vs_reference,2019,-0.499175082701379,True
p80_p20_min2_sep7,Phoenix,heat_only_vs_reference,2020,-0.2632392045045592,True
p80_p20_min2_sep7,Phoenix,heat_only_vs_reference,2021,-0.3901078860897836,True
p80_p20_min2_sep7,Phoenix,heat_only_vs_reference,2022,-0.0341642195198658,True
p80_p20_min2_sep7,Phoenix,heat_only_vs_reference,2023,-0.140415446398765,True
p80_p20_min2_sep7,Phoenix,heat_only_vs_reference,2024,-0.1643866556086546,True
p80_p20_min2_sep7,Phoenix,wind_only_vs_reference,2019,2.5934053857857693,True
p80_p20_min2_sep7,Phoenix,wind_only_vs_reference,2020,2.64763741908949,True
p80_p20_min2_sep7,Phoenix,wind_only_vs_reference,2021,2.8272061195638094,True
p80_p20_min2_sep7,Phoenix,wind_only_vs_reference,2022,2.655991153959481,True
p80_p20_min2_sep7,Phoenix,wind_only_vs_reference,2023,2.760048437563668,True
p80_p20_min2_sep7,Phoenix,wind_only_vs_reference,2024,2.6702191793475176,True
p80_p20_min2_sep7,Phoenix,other_compound_vs_reference,2019,2.03740873488139,True
p80_p20_min2_sep7,Phoenix,other_compound_vs_reference,2020,3.15505401977666,True
p80_p20_min2_sep7,Phoenix,other_compound_vs_reference,2021,3.0323280074310257,True
p80_p20_min2_sep7,Phoenix,other_compound_vs_reference,2022,2.754293768642336,True
p80_p20_min2_sep7,Phoenix,other_compound_vs_reference,2023,2.617158855157204,True
p80_p20_min2_sep7,Phoenix,other_compound_vs_reference,2024,2.149921547051708,True
p80_p20_min2_sep7,Phoenix,episode_vs_wind_only,2019,1.6551214122681976,True
p80_p20_min2_sep7,Phoenix,episode_vs_wind_only,2020,1.803599286334299,True
p80_p20_min2_sep7,Phoenix,episode_vs_wind_only,2021,,False
p80_p20_min2_sep7,Phoenix,episode_vs_wind_only,2022,1.366577996810845,True
p80_p20_min2_sep7,Phoenix,episode_vs_wind_only,2023,1.5332586973931948,True
p80_p20_min2_sep7,Phoenix,episode_vs_wind_only,2024,1.7424176366224673,True
p80_p20_min2_sep7,Phoenix,episode_vs_heat_only,2019,4.747701880755346,True
p80_p20_min2_sep7,Phoenix,episode_vs_heat_only,2020,4.714475909928348,True
p80_p20_min2_sep7,Phoenix,episode_vs_heat_only,2021,,False
p80_p20_min2_sep7,Phoenix,episode_vs_heat_only,2022,4.056733370290192,True
p80_p20_min2_sep7,Phoenix,episode_vs_heat_only,2023,4.433722581355628,True
p80_p20_min2_sep7,Phoenix,episode_vs_heat_only,2024,4.57702347157864,True
p80_p20_min2_sep7,San Diego,episode_vs_reference,2019,2.5903815804327417,True
p80_p20_min2_sep7,San Diego,episode_vs_reference,2020,2.1639507431735487,True
p80_p20_min2_sep7,San Diego,episode_vs_reference,2021,2.571528839405428,True
p80_p20_min2_sep7,San Diego,episode_vs_reference,2022,2.621605634170517,True
p80_p20_min2_sep7,San Diego,episode_vs_reference,2023,2.679424364359498,True
p80_p20_min2_sep7,San Diego,episode_vs_reference,2024,3.116251871509788,True
p80_p20_min2_sep7,San Diego,heat_only_vs_reference,2019,0.6860424621823864,True
p80_p20_min2_sep7,San Diego,heat_only_vs_reference,2020,0.8180599464645438,True
p80_p20_min2_sep7,San Diego,heat_only_vs_reference,2021,0.7393163711825685,True
p80_p20_min2_sep7,San Diego,heat_only_vs_reference,2022,0.8477989588739975,True
p80_p20_min2_sep7,San Diego,heat_only_vs_reference,2023,0.8256236485994615,True
p80_p20_min2_sep7,San Diego,heat_only_vs_reference,2024,1.1359687083343593,True
p80_p20_min2_sep7,San Diego,wind_only_vs_reference,2019,1.1724617104427515,True
p80_p20_min2_sep7,San Diego,wind_only_vs_reference,2020,1.2024714555994471,True
p80_p20_min2_sep7,San Diego,wind_only_vs_reference,2021,1.0880042013086335,True
p80_p20_min2_sep7,San Diego,wind_only_vs_reference,2022,1.0456565558652844,True
p80_p20_min2_sep7,San Diego,wind_only_vs_reference,2023,1.0858545716877277,True
p80_p20_min2_sep7,San Diego,wind_only_vs_reference,2024,1.1692483759148593,True
p80_p20_min2_sep7,San Diego,other_compound_vs_reference,2019,1.229020319775472,True
p80_p20_min2_sep7,San Diego,other_compound_vs_reference,2020,1.5056137963105265,True
p80_p20_min2_sep7,San Diego,other_compound_vs_reference,2021,1.4868310789655066,True
p80_p20_min2_sep7,San Diego,other_compound_vs_reference,2022,1.573445237966205,True
p80_p20_min2_sep7,San Diego,other_compound_vs_reference,2023,1.64375318719706,True
p80_p20_min2_sep7,San Diego,other_compound_vs_reference,2024,1.9736640338526656,True
p80_p20_min2_sep7,San Diego,episode_vs_wind_only,2019,1.4179198699899902,True
p80_p20_min2_sep7,San Diego,episode_vs_wind_only,2020,0.9614792875741016,True
p80_p20_min2_sep7,San Diego,episode_vs_wind_only,2021,1.483524638096794,True
p80_p20_min2_sep7,San Diego,episode_vs_wind_only,2022,1.5759490783052328,True
p80_p20_min2_sep7,San Diego,episode_vs_wind_only,2023,1.5935697926717705,True
p80_p20_min2_sep7,San Diego,episode_vs_wind_only,2024,1.9470034955949287,True
p80_p20_min2_sep7,San Diego,episode_vs_heat_only,2019,1.9043391182503555,True
p80_p20_min2_sep7,San Diego,episode_vs_heat_only,2020,1.3458907967090048,True
p80_p20_min2_sep7,San Diego,episode_vs_heat_only,2021,1.832212468222859,True
p80_p20_min2_sep7,San Diego,episode_vs_heat_only,2022,1.7738066752965196,True
p80_p20_min2_sep7,San Diego,episode_vs_heat_only,2023,1.853800715760037,True
p80_p20_min2_sep7,San Diego,episode_vs_heat_only,2024,1.9802831631754287,True
p80_p20_min2_sep7,Seattle,episode_vs_reference,2019,8.787226980335246,True
p80_p20_min2_sep7,Seattle,episode_vs_reference,2020,11.783732658049354,True
p80_p20_min2_sep7,Seattle,episode_vs_reference,2021,10.281174216240366,True
p80_p20_min2_sep7,Seattle,episode_vs_reference,2022,6.795978189306634,True
p80_p20_min2_sep7,Seattle,episode_vs_reference,2023,11.28429960609683,True
p80_p20_min2_sep7,Seattle,episode_vs_reference,2024,9.704312895758354,True
p80_p20_min2_sep7,Seattle,heat_only_vs_reference,2019,4.320737697209045,True
p80_p20_min2_sep7,Seattle,heat_only_vs_reference,2020,4.207831680716581,True
p80_p20_min2_sep7,Seattle,heat_only_vs_reference,2021,4.091996037557612,True
p80_p20_min2_sep7,Seattle,heat_only_vs_reference,2022,3.4313869530672023,True
p80_p20_min2_sep7,Seattle,heat_only_vs_reference,2023,3.643291169045276,True
p80_p20_min2_sep7,Seattle,heat_only_vs_reference,2024,3.631837247577932,True
p80_p20_min2_sep7,Seattle,wind_only_vs_reference,2019,3.915527610507076,True
p80_p20_min2_sep7,Seattle,wind_only_vs_reference,2020,3.9784029116356856,True
p80_p20_min2_sep7,Seattle,wind_only_vs_reference,2021,3.8500169409815626,True
p80_p20_min2_sep7,Seattle,wind_only_vs_reference,2022,4.111257295095423,True
p80_p20_min2_sep7,Seattle,wind_only_vs_reference,2023,4.01192642740499,True
p80_p20_min2_sep7,Seattle,wind_only_vs_reference,2024,3.981717389020599,True
p80_p20_min2_sep7,Seattle,other_compound_vs_reference,2019,7.945387266229829,True
p80_p20_min2_sep7,Seattle,other_compound_vs_reference,2020,7.831393338409386,True
p80_p20_min2_sep7,Seattle,other_compound_vs_reference,2021,6.564988554393387,True
p80_p20_min2_sep7,Seattle,other_compound_vs_reference,2022,7.046322664578005,True
p80_p20_min2_sep7,Seattle,other_compound_vs_reference,2023,8.394318490277268,True
p80_p20_min2_sep7,Seattle,other_compound_vs_reference,2024,7.196331955219055,True
p80_p20_min2_sep7,Seattle,episode_vs_wind_only,2019,4.871699369828171,True
p80_p20_min2_sep7,Seattle,episode_vs_wind_only,2020,7.805329746413669,True
p80_p20_min2_sep7,Seattle,episode_vs_wind_only,2021,6.431157275258803,True
p80_p20_min2_sep7,Seattle,episode_vs_wind_only,2022,2.6847208942112117,True
p80_p20_min2_sep7,Seattle,episode_vs_wind_only,2023,7.27237317869184,True
p80_p20_min2_sep7,Seattle,episode_vs_wind_only,2024,5.722595506737756,True
p80_p20_min2_sep7,Seattle,episode_vs_heat_only,2019,4.466489283126201,True
p80_p20_min2_sep7,Seattle,episode_vs_heat_only,2020,7.575900977332773,True
p80_p20_min2_sep7,Seattle,episode_vs_heat_only,2021,6.189178178682754,True
p80_p20_min2_sep7,Seattle,episode_vs_heat_only,2022,3.364591236239432,True
p80_p20_min2_sep7,Seattle,episode_vs_heat_only,2023,7.641008437051555,True
p80_p20_min2_sep7,Seattle,episode_vs_heat_only,2024,6.072475648180423,True
p80_p30_min3_sep7,Atlanta,episode_vs_reference,2019,2.3067954456474404,True
p80_p30_min3_sep7,Atlanta,episode_vs_reference,2020,2.712898197127665,True
p80_p30_min3_sep7,Atlanta,episode_vs_reference,2021,2.581742189381141,True
p80_p30_min3_sep7,Atlanta,episode_vs_reference,2022,2.9743696532036004,True
p80_p30_min3_sep7,Atlanta,episode_vs_reference,2023,2.859565088442382,True
p80_p30_min3_sep7,Atlanta,episode_vs_reference,2024,2.665079771107074,True
p80_p30_min3_sep7,Atlanta,heat_only_vs_reference,2019,-0.0960841812242251,True
p80_p30_min3_sep7,Atlanta,heat_only_vs_reference,2020,-0.1182499118509528,True
p80_p30_min3_sep7,Atlanta,heat_only_vs_reference,2021,-0.0908783072158277,True
p80_p30_min3_sep7,Atlanta,heat_only_vs_reference,2022,0.1583907697106445,True
p80_p30_min3_sep7,Atlanta,heat_only_vs_reference,2023,0.1015121726739924,True
p80_p30_min3_sep7,Atlanta,heat_only_vs_reference,2024,0.0231165672293963,True
p80_p30_min3_sep7,Atlanta,wind_only_vs_reference,2019,1.7560464444489512,True
p80_p30_min3_sep7,Atlanta,wind_only_vs_reference,2020,1.8347769869861164,True
p80_p30_min3_sep7,Atlanta,wind_only_vs_reference,2021,1.745940176791063,True
p80_p30_min3_sep7,Atlanta,wind_only_vs_reference,2022,1.898340335895871,True
p80_p30_min3_sep7,Atlanta,wind_only_vs_reference,2023,2.064706991709204,True
p80_p30_min3_sep7,Atlanta,wind_only_vs_reference,2024,1.9000384322964488,True
p80_p30_min3_sep7,Atlanta,other_compound_vs_reference,2019,1.4220255232071983,True
p80_p30_min3_sep7,Atlanta,other_compound_vs_reference,2020,1.2002165486246723,True
p80_p30_min3_sep7,Atlanta,other_compound_vs_reference,2021,1.208859321370204,True
p80_p30_min3_sep7,Atlanta,other_compound_vs_reference,2022,1.5090678347766835,True
p80_p30_min3_sep7,Atlanta,other_compound_vs_reference,2023,1.742208313472491,True
p80_p30_min3_sep7,Atlanta,other_compound_vs_reference,2024,1.0235701748474235,True
p80_p30_min3_sep7,Atlanta,episode_vs_wind_only,2019,0.5507490011984892,True
p80_p30_min3_sep7,Atlanta,episode_vs_wind_only,2020,0.8781212101415485,True
p80_p30_min3_sep7,Atlanta,episode_vs_wind_only,2021,0.8358020125900782,True
p80_p30_min3_sep7,Atlanta,episode_vs_wind_only,2022,1.076029317307729,True
p80_p30_min3_sep7,Atlanta,episode_vs_wind_only,2023,0.7948580967331784,True
p80_p30_min3_sep7,Atlanta,episode_vs_wind_only,2024,0.7650413388106254,True
p80_p30_min3_sep7,Atlanta,episode_vs_heat_only,2019,2.4028796268716657,True
p80_p30_min3_sep7,Atlanta,episode_vs_heat_only,2020,2.831148108978618,True
p80_p30_min3_sep7,Atlanta,episode_vs_heat_only,2021,2.672620496596969,True
p80_p30_min3_sep7,Atlanta,episode_vs_heat_only,2022,2.815978883492956,True
p80_p30_min3_sep7,Atlanta,episode_vs_heat_only,2023,2.7580529157683897,True
p80_p30_min3_sep7,Atlanta,episode_vs_heat_only,2024,2.641963203877678,True
p80_p30_min3_sep7,Chicago,episode_vs_reference,2019,5.022993288215642,True
p80_p30_min3_sep7,Chicago,episode_vs_reference,2020,5.025247046856955,True
p80_p30_min3_sep7,Chicago,episode_vs_reference,2021,6.260137937612457,True
p80_p30_min3_sep7,Chicago,episode_vs_reference,2022,5.17536877863636,True
p80_p30_min3_sep7,Chicago,episode_vs_reference,2023,5.355658032844653,True
p80_p30_min3_sep7,Chicago,episode_vs_reference,2024,4.801493332113646,True
p80_p30_min3_sep7,Chicago,heat_only_vs_reference,2019,0.1016503192257198,True
p80_p30_min3_sep7,Chicago,heat_only_vs_reference,2020,0.6449951169285302,True
p80_p30_min3_sep7,Chicago,heat_only_vs_reference,2021,0.3928840768533996,True
p80_p30_min3_sep7,Chicago,heat_only_vs_reference,2022,0.69086075116858,True
p80_p30_min3_sep7,Chicago,heat_only_vs_reference,2023,0.6613534640476524,True
p80_p30_min3_sep7,Chicago,heat_only_vs_reference,2024,0.5692868235186457,True
p80_p30_min3_sep7,Chicago,wind_only_vs_reference,2019,4.220075080586166,True
p80_p30_min3_sep7,Chicago,wind_only_vs_reference,2020,4.500220660499711,True
p80_p30_min3_sep7,Chicago,wind_only_vs_reference,2021,4.555715910547614,True
p80_p30_min3_sep7,Chicago,wind_only_vs_reference,2022,4.074683158828599,True
p80_p30_min3_sep7,Chicago,wind_only_vs_reference,2023,4.521886418931368,True
p80_p30_min3_sep7,Chicago,wind_only_vs_reference,2024,4.454870714601534,True
p80_p30_min3_sep7,Chicago,other_compound_vs_reference,2019,4.376402452985377,True
p80_p30_min3_sep7,Chicago,other_compound_vs_reference,2020,4.694074737686837,True
p80_p30_min3_sep7,Chicago,other_compound_vs_reference,2021,4.470278661032159,True
p80_p30_min3_sep7,Chicago,other_compound_vs_reference,2022,4.402067798398104,True
p80_p30_min3_sep7,Chicago,other_compound_vs_reference,2023,4.146871884953779,True
p80_p30_min3_sep7,Chicago,other_compound_vs_reference,2024,4.607084823280388,True
p80_p30_min3_sep7,Chicago,episode_vs_wind_only,2019,0.8029182076294763,True
p80_p30_min3_sep7,Chicago,episode_vs_wind_only,2020,0.5250263863572444,True
p80_p30_min3_sep7,Chicago,episode_vs_wind_only,2021,1.704422027064843,True
p80_p30_min3_sep7,Chicago,episode_vs_wind_only,2022,1.100685619807761,True
p80_p30_min3_sep7,Chicago,episode_vs_wind_only,2023,0.8337716139132851,True
p80_p30_min3_sep7,Chicago,episode_vs_wind_only,2024,0.3466226175121116,True
p80_p30_min3_sep7,Chicago,episode_vs_heat_only,2019,4.921342968989922,True
p80_p30_min3_sep7,Chicago,episode_vs_heat_only,2020,4.380251929928425,True
p80_p30_min3_sep7,Chicago,episode_vs_heat_only,2021,5.867253860759058,True
p80_p30_min3_sep7,Chicago,episode_vs_heat_only,2022,4.484508027467779,True
p80_p30_min3_sep7,Chicago,episode_vs_heat_only,2023,4.694304568797001,True
p80_p30_min3_sep7,Chicago,episode_vs_heat_only,2024,4.2322065085950005,True
p80_p30_min3_sep7,Dallas,episode_vs_reference,2019,1.5741512107180955,True
p80_p30_min3_sep7,Dallas,episode_vs_reference,2020,1.9110784735625517,True
p80_p30_min3_sep7,Dallas,episode_vs_reference,2021,2.418514104556264,True
p80_p30_min3_sep7,Dallas,episode_vs_reference,2022,1.8697499941131133,True
p80_p30_min3_sep7,Dallas,episode_vs_reference,2023,2.4200989653307485,True
p80_p30_min3_sep7,Dallas,episode_vs_reference,2024,2.405075736733388,True
p80_p30_min3_sep7,Dallas,heat_only_vs_reference,2019,-1.159882847247559,True
p80_p30_min3_sep7,Dallas,heat_only_vs_reference,2020,-1.360578046702163,True
p80_p30_min3_sep7,Dallas,heat_only_vs_reference,2021,-0.8380302714974037,True
p80_p30_min3_sep7,Dallas,heat_only_vs_reference,2022,-1.382397470325344,True
p80_p30_min3_sep7,Dallas,heat_only_vs_reference,2023,-0.7549698981647386,True
p80_p30_min3_sep7,Dallas,heat_only_vs_reference,2024,-0.8810248675140591,True
p80_p30_min3_sep7,Dallas,wind_only_vs_reference,2019,3.086059924291786,True
p80_p30_min3_sep7,Dallas,wind_only_vs_reference,2020,3.114146556222496,True
p80_p30_min3_sep7,Dallas,wind_only_vs_reference,2021,3.055736381069191,True
p80_p30_min3_sep7,Dallas,wind_only_vs_reference,2022,2.929299767612785,True
p80_p30_min3_sep7,Dallas,wind_only_vs_reference,2023,3.010520360218095,True
p80_p30_min3_sep7,Dallas,wind_only_vs_reference,2024,3.1900281590743638,True
p80_p30_min3_sep7,Dallas,other_compound_vs_reference,2019,1.918310451506833,True
p80_p30_min3_sep7,Dallas,other_compound_vs_reference,2020,1.7253426224007091,True
p80_p30_min3_sep7,Dallas,other_compound_vs_reference,2021,1.7371183035042064,True
p80_p30_min3_sep7,Dallas,other_compound_vs_reference,2022,1.7067250097320297,True
p80_p30_min3_sep7,Dallas,other_compound_vs_reference,2023,2.3919767735789392,True
p80_p30_min3_sep7,Dallas,other_compound_vs_reference,2024,1.926487490422247,True
p80_p30_min3_sep7,Dallas,episode_vs_wind_only,2019,-1.5119087135736904,True
p80_p30_min3_sep7,Dallas,episode_vs_wind_only,2020,-1.2030680826599445,True
p80_p30_min3_sep7,Dallas,episode_vs_wind_only,2021,-0.6372222765129267,True
p80_p30_min3_sep7,Dallas,episode_vs_wind_only,2022,-1.059549773499672,True
p80_p30_min3_sep7,Dallas,episode_vs_wind_only,2023,-0.5904213948873465,True
p80_p30_min3_sep7,Dallas,episode_vs_wind_only,2024,-0.7849524223409752,True
p80_p30_min3_sep7,Dallas,episode_vs_heat_only,2019,2.734034057965655,True
p80_p30_min3_sep7,Dallas,episode_vs_heat_only,2020,3.271656520264715,True
p80_p30_min3_sep7,Dallas,episode_vs_heat_only,2021,3.256544376053668,True
p80_p30_min3_sep7,Dallas,episode_vs_heat_only,2022,3.2521474644384574,True
p80_p30_min3_sep7,Dallas,episode_vs_heat_only,2023,3.175068863495487,True
p80_p30_min3_sep7,Dallas,episode_vs_heat_only,2024,3.286100604247447,True
p80_p30_min3_sep7,Denver,episode_vs_reference,2019,,False
p80_p30_min3_sep7,Denver,episode_vs_reference,2020,,False
p80_p30_min3_sep7,Denver,episode_vs_reference,2021,,False
p80_p30_min3_sep7,Denver,episode_vs_reference,2022,,False
p80_p30_min3_sep7,Denver,episode_vs_reference,2023,,False
p80_p30_min3_sep7,Denver,episode_vs_reference,2024,,False
p80_p30_min3_sep7,Denver,heat_only_vs_reference,2019,0.6224605367090287,True
p80_p30_min3_sep7,Denver,heat_only_vs_reference,2020,0.19243631252117,True
p80_p30_min3_sep7,Denver,heat_only_vs_reference,2021,0.4194187637646874,True
p80_p30_min3_sep7,Denver,heat_only_vs_reference,2022,0.6029078190813401,True
p80_p30_min3_sep7,Denver,heat_only_vs_reference,2023,0.6872501797253677,True
p80_p30_min3_sep7,Denver,heat_only_vs_reference,2024,0.1179520818081241,True
p80_p30_min3_sep7,Denver,wind_only_vs_reference,2019,1.3400631670925782,True
p80_p30_min3_sep7,Denver,wind_only_vs_reference,2020,1.358842932349514,True
p80_p30_min3_sep7,Denver,wind_only_vs_reference,2021,1.416890213246233,True
p80_p30_min3_sep7,Denver,wind_only_vs_reference,2022,1.1165901553975228,True
p80_p30_min3_sep7,Denver,wind_only_vs_reference,2023,1.1672742543072645,True
p80_p30_min3_sep7,Denver,wind_only_vs_reference,2024,1.345954890140414,True
p80_p30_min3_sep7,Denver,other_compound_vs_reference,2019,0.9938262932688372,True
p80_p30_min3_sep7,Denver,other_compound_vs_reference,2020,0.9982181580782256,True
p80_p30_min3_sep7,Denver,other_compound_vs_reference,2021,1.1167108468135474,True
p80_p30_min3_sep7,Denver,other_compound_vs_reference,2022,1.5235471605912123,True
p80_p30_min3_sep7,Denver,other_compound_vs_reference,2023,0.9689927200315612,True
p80_p30_min3_sep7,Denver,other_compound_vs_reference,2024,0.990483770431096,True
p80_p30_min3_sep7,Denver,episode_vs_wind_only,2019,,False
p80_p30_min3_sep7,Denver,episode_vs_wind_only,2020,,False
p80_p30_min3_sep7,Denver,episode_vs_wind_only,2021,,False
p80_p30_min3_sep7,Denver,episode_vs_wind_only,2022,,False
p80_p30_min3_sep7,Denver,episode_vs_wind_only,2023,,False
p80_p30_min3_sep7,Denver,episode_vs_wind_only,2024,,False
p80_p30_min3_sep7,Denver,episode_vs_heat_only,2019,,False
p80_p30_min3_sep7,Denver,episode_vs_heat_only,2020,,False
p80_p30_min3_sep7,Denver,episode_vs_heat_only,2021,,False
p80_p30_min3_sep7,Denver,episode_vs_heat_only,2022,,False
p80_p30_min3_sep7,Denver,episode_vs_heat_only,2023,,False
p80_p30_min3_sep7,Denver,episode_vs_heat_only,2024,,False
p80_p30_min3_sep7,Houston,episode_vs_reference,2019,1.7766948141498526,True
p80_p30_min3_sep7,Houston,episode_vs_reference,2020,1.76784076747382,True
p80_p30_min3_sep7,Houston,episode_vs_reference,2021,1.557783485233754,True
p80_p30_min3_sep7,Houston,episode_vs_reference,2022,2.0686770460806088,True
p80_p30_min3_sep7,Houston,episode_vs_reference,2023,1.7599787114701484,True
p80_p30_min3_sep7,Houston,episode_vs_reference,2024,2.529110248483552,True
p80_p30_min3_sep7,Houston,heat_only_vs_reference,2019,-1.7285042956883718,True
p80_p30_min3_sep7,Houston,heat_only_vs_reference,2020,-1.3308416342150418,True
p80_p30_min3_sep7,Houston,heat_only_vs_reference,2021,-1.3968809901837729,True
p80_p30_min3_sep7,Houston,heat_only_vs_reference,2022,-1.35474419591853,True
p80_p30_min3_sep7,Houston,heat_only_vs_reference,2023,-0.8071734593933353,True
p80_p30_min3_sep7,Houston,heat_only_vs_reference,2024,-1.1136734731951443,True
p80_p30_min3_sep7,Houston,wind_only_vs_reference,2019,3.718347772376817,True
p80_p30_min3_sep7,Houston,wind_only_vs_reference,2020,3.667074787798604,True
p80_p30_min3_sep7,Houston,wind_only_vs_reference,2021,3.7040776815788594,True
p80_p30_min3_sep7,Houston,wind_only_vs_reference,2022,3.749834335980043,True
p80_p30_min3_sep7,Houston,wind_only_vs_reference,2023,3.521533257392634,True
p80_p30_min3_sep7,Houston,wind_only_vs_reference,2024,3.4630319043130524,True
p80_p30_min3_sep7,Houston,other_compound_vs_reference,2019,1.5795226330601897,True
p80_p30_min3_sep7,Houston,other_compound_vs_reference,2020,1.401533741897264,True
p80_p30_min3_sep7,Houston,other_compound_vs_reference,2021,1.4941465341178473,True
p80_p30_min3_sep7,Houston,other_compound_vs_reference,2022,1.4228386815983756,True
p80_p30_min3_sep7,Houston,other_compound_vs_reference,2023,1.7565411390370254,True
p80_p30_min3_sep7,Houston,other_compound_vs_reference,2024,1.4889014936692266,True
p80_p30_min3_sep7,Houston,episode_vs_wind_only,2019,-1.941652958226964,True
p80_p30_min3_sep7,Houston,episode_vs_wind_only,2020,-1.8992340203247835,True
p80_p30_min3_sep7,Houston,episode_vs_wind_only,2021,-2.1462941963451057,True
p80_p30_min3_sep7,Houston,episode_vs_wind_only,2022,-1.681157289899434,True
p80_p30_min3_sep7,Houston,episode_vs_wind_only,2023,-1.7615545459224855,True
p80_p30_min3_sep7,Houston,episode_vs_wind_only,2024,-0.9339216558295004,True
p80_p30_min3_sep7,Houston,episode_vs_heat_only,2019,3.5051991098382245,True
p80_p30_min3_sep7,Houston,episode_vs_heat_only,2020,3.098682401688862,True
p80_p30_min3_sep7,Houston,episode_vs_heat_only,2021,2.954664475417527,True
p80_p30_min3_sep7,Houston,episode_vs_heat_only,2022,3.4234212419991388,True
p80_p30_min3_sep7,Houston,episode_vs_heat_only,2023,2.5671521708634835,True
p80_p30_min3_sep7,Houston,episode_vs_heat_only,2024,3.642783721678697,True
p80_p30_min3_sep7,Los Angeles,episode_vs_reference,2019,3.452083045592034,True
p80_p30_min3_sep7,Los Angeles,episode_vs_reference,2020,3.250009008370538,True
p80_p30_min3_sep7,Los Angeles,episode_vs_reference,2021,3.416415717439114,True
p80_p30_min3_sep7,Los Angeles,episode_vs_reference,2022,3.276338863139816,True
p80_p30_min3_sep7,Los Angeles,episode_vs_reference,2023,2.986267468977851,True
p80_p30_min3_sep7,Los Angeles,episode_vs_reference,2024,3.35938714414432,True
p80_p30_min3_sep7,Los Angeles,heat_only_vs_reference,2019,0.7051520083438605,True
p80_p30_min3_sep7,Los Angeles,heat_only_vs_reference,2020,1.1040704603067075,True
p80_p30_min3_sep7,Los Angeles,heat_only_vs_reference,2021,0.8448066431051526,True
p80_p30_min3_sep7,Los Angeles,heat_only_vs_reference,2022,0.7340762556843319,True
p80_p30_min3_sep7,Los Angeles,heat_only_vs_reference,2023,0.955968634468239,True
p80_p30_min3_sep7,Los Angeles,heat_only_vs_reference,2024,1.0753264473232045,True
p80_p30_min3_sep7,Los Angeles,wind_only_vs_reference,2019,2.58701440138165,True
p80_p30_min3_sep7,Los Angeles,wind_only_vs_reference,2020,2.6360010802835947,True
p80_p30_min3_sep7,Los Angeles,wind_only_vs_reference,2021,2.0725281333765992,True
p80_p30_min3_sep7,Los Angeles,wind_only_vs_reference,2022,2.261610219602422,True
p80_p30_min3_sep7,Los Angeles,wind_only_vs_reference,2023,2.460061952431964,True
p80_p30_min3_sep7,Los Angeles,wind_only_vs_reference,2024,2.302828151914881,True
p80_p30_min3_sep7,Los Angeles,other_compound_vs_reference,2019,2.5755397024323163,True
p80_p30_min3_sep7,Los Angeles,other_compound_vs_reference,2020,3.3411645693228325,True
p80_p30_min3_sep7,Los Angeles,other_compound_vs_reference,2021,2.471581584459339,True
p80_p30_min3_sep7,Los Angeles,other_compound_vs_reference,2022,2.8947280673477684,True
p80_p30_min3_sep7,Los Angeles,other_compound_vs_reference,2023,2.925838525565653,True
p80_p30_min3_sep7,Los Angeles,other_compound_vs_reference,2024,3.068842866941578,True
p80_p30_min3_sep7,Los Angeles,episode_vs_wind_only,2019,0.8650686442103841,True
p80_p30_min3_sep7,Los Angeles,episode_vs_wind_only,2020,0.6140079280869433,True
p80_p30_min3_sep7,Los Angeles,episode_vs_wind_only,2021,1.3438875840625149,True
p80_p30_min3_sep7,Los Angeles,episode_vs_wind_only,2022,1.0147286435373934,True
p80_p30_min3_sep7,Los Angeles,episode_vs_wind_only,2023,0.5262055165458874,True
p80_p30_min3_sep7,Los Angeles,episode_vs_wind_only,2024,1.0565589922294394,True
p80_p30_min3_sep7,Los Angeles,episode_vs_heat_only,2019,2.746931037248173,True
p80_p30_min3_sep7,Los Angeles,episode_vs_heat_only,2020,2.14593854806383,True
p80_p30_min3_sep7,Los Angeles,episode_vs_heat_only,2021,2.5716090743339617,True
p80_p30_min3_sep7,Los Angeles,episode_vs_heat_only,2022,2.542262607455484,True
p80_p30_min3_sep7,Los Angeles,episode_vs_heat_only,2023,2.030298834509612,True
p80_p30_min3_sep7,Los Angeles,episode_vs_heat_only,2024,2.284060696821116,True
p80_p30_min3_sep7,New York,episode_vs_reference,2019,5.75631622569709,True
p80_p30_min3_sep7,New York,episode_vs_reference,2020,5.161093712572019,True
p80_p30_min3_sep7,New York,episode_vs_reference,2021,5.097086800057681,True
p80_p30_min3_sep7,New York,episode_vs_reference,2022,5.384807629710369,True
p80_p30_min3_sep7,New York,episode_vs_reference,2023,5.961686773195703,True
p80_p30_min3_sep7,New York,episode_vs_reference,2024,4.864170732739545,True
p80_p30_min3_sep7,New York,heat_only_vs_reference,2019,1.04789395332183,True
p80_p30_min3_sep7,New York,heat_only_vs_reference,2020,1.111323195020367,True
p80_p30_min3_sep7,New York,heat_only_vs_reference,2021,1.1784207576966923,True
p80_p30_min3_sep7,New York,heat_only_vs_reference,2022,1.0412993788202982,True
p80_p30_min3_sep7,New York,heat_only_vs_reference,2023,1.2457579989422158,True
p80_p30_min3_sep7,New York,heat_only_vs_reference,2024,1.1674650194320235,True
p80_p30_min3_sep7,New York,wind_only_vs_reference,2019,4.349206273368423,True
p80_p30_min3_sep7,New York,wind_only_vs_reference,2020,4.420359887634922,True
p80_p30_min3_sep7,New York,wind_only_vs_reference,2021,4.410501989615516,True
p80_p30_min3_sep7,New York,wind_only_vs_reference,2022,4.216884542778352,True
p80_p30_min3_sep7,New York,wind_only_vs_reference,2023,4.499818629121998,True
p80_p30_min3_sep7,New York,wind_only_vs_reference,2024,4.162850182988017,True
p80_p30_min3_sep7,New York,other_compound_vs_reference,2019,3.5625073913419234,True
p80_p30_min3_sep7,New York,other_compound_vs_reference,2020,3.4942339798594744,True
p80_p30_min3_sep7,New York,other_compound_vs_reference,2021,3.646238561419757,True
p80_p30_min3_sep7,New York,other_compound_vs_reference,2022,4.179704353403571,True
p80_p30_min3_sep7,New York,other_compound_vs_reference,2023,3.605546646503499,True
p80_p30_min3_sep7,New York,other_compound_vs_reference,2024,3.819264540025109,True
p80_p30_min3_sep7,New York,episode_vs_wind_only,2019,1.4071099523286676,True
p80_p30_min3_sep7,New York,episode_vs_wind_only,2020,0.7407338249370969,True
p80_p30_min3_sep7,New York,episode_vs_wind_only,2021,0.6865848104421657,True
p80_p30_min3_sep7,New York,episode_vs_wind_only,2022,1.1679230869320163,True
p80_p30_min3_sep7,New York,episode_vs_wind_only,2023,1.461868144073705,True
p80_p30_min3_sep7,New York,episode_vs_wind_only,2024,0.7013205497515278,True
p80_p30_min3_sep7,New York,episode_vs_heat_only,2019,4.708422272375261,True
p80_p30_min3_sep7,New York,episode_vs_heat_only,2020,4.049770517551652,True
p80_p30_min3_sep7,New York,episode_vs_heat_only,2021,3.918666042360989,True
p80_p30_min3_sep7,New York,episode_vs_heat_only,2022,4.34350825089007,True
p80_p30_min3_sep7,New York,episode_vs_heat_only,2023,4.715928774253488,True
p80_p30_min3_sep7,New York,episode_vs_heat_only,2024,3.696705713307521,True
p80_p30_min3_sep7,Philadelphia,episode_vs_reference,2019,1.9550763802840887,True
p80_p30_min3_sep7,Philadelphia,episode_vs_reference,2020,1.448396013756989,True
p80_p30_min3_sep7,Philadelphia,episode_vs_reference,2021,0.7101843054117605,True
p80_p30_min3_sep7,Philadelphia,episode_vs_reference,2022,1.753728871893632,True
p80_p30_min3_sep7,Philadelphia,episode_vs_reference,2023,2.0844291588572297,True
p80_p30_min3_sep7,Philadelphia,episode_vs_reference,2024,1.5226261522829778,True
p80_p30_min3_sep7,Philadelphia,heat_only_vs_reference,2019,0.7927486505341219,True
p80_p30_min3_sep7,Philadelphia,heat_only_vs_reference,2020,0.6959910690876291,True
p80_p30_min3_sep7,Philadelphia,heat_only_vs_reference,2021,0.996678750307523,True
p80_p30_min3_sep7,Philadelphia,heat_only_vs_reference,2022,1.014837419798827,True
p80_p30_min3_sep7,Philadelphia,heat_only_vs_reference,2023,0.9395179238952756,True
p80_p30_min3_sep7,Philadelphia,heat_only_vs_reference,2024,0.8132976064500724,True
p80_p30_min3_sep7,Philadelphia,wind_only_vs_reference,2019,2.0410463037759574,True
p80_p30_min3_sep7,Philadelphia,wind_only_vs_reference,2020,2.0066872265174305,True
p80_p30_min3_sep7,Philadelphia,wind_only_vs_reference,2021,1.9692819448953407,True
p80_p30_min3_sep7,Philadelphia,wind_only_vs_reference,2022,1.937027150942784,True
p80_p30_min3_sep7,Philadelphia,wind_only_vs_reference,2023,2.07427519110291,True
p80_p30_min3_sep7,Philadelphia,wind_only_vs_reference,2024,1.806609647101868,True
p80_p30_min3_sep7,Philadelphia,other_compound_vs_reference,2019,2.15091006780314,True
p80_p30_min3_sep7,Philadelphia,other_compound_vs_reference,2020,2.1271001996122094,True
p80_p30_min3_sep7,Philadelphia,other_compound_vs_reference,2021,1.952592105775816,True
p80_p30_min3_sep7,Philadelphia,other_compound_vs_reference,2022,2.340665614681614,True
p80_p30_min3_sep7,Philadelphia,other_compound_vs_reference,2023,2.083878511079894,True
p80_p30_min3_sep7,Philadelphia,other_compound_vs_reference,2024,2.0100534700726,True
p80_p30_min3_sep7,Philadelphia,episode_vs_wind_only,2019,-0.0859699234918687,True
p80_p30_min3_sep7,Philadelphia,episode_vs_wind_only,2020,-0.5582912127604418,True
p80_p30_min3_sep7,Philadelphia,episode_vs_wind_only,2021,-1.2590976394835809,True
p80_p30_min3_sep7,Philadelphia,episode_vs_wind_only,2022,-0.1832982790491519,True
p80_p30_min3_sep7,Philadelphia,episode_vs_wind_only,2023,0.0101539677543196,True
p80_p30_min3_sep7,Philadelphia,episode_vs_wind_only,2024,-0.2839834948188904,True
p80_p30_min3_sep7,Philadelphia,episode_vs_heat_only,2019,1.1623277297499668,True
p80_p30_min3_sep7,Philadelphia,episode_vs_heat_only,2020,0.7524049446693596,True
p80_p30_min3_sep7,Philadelphia,episode_vs_heat_only,2021,-0.2864944448957625,True
p80_p30_min3_sep7,Philadelphia,episode_vs_heat_only,2022,0.7388914520948049,True
p80_p30_min3_sep7,Philadelphia,episode_vs_heat_only,2023,1.144911234961954,True
p80_p30_min3_sep7,Philadelphia,episode_vs_heat_only,2024,0.7093285458329054,True
p80_p30_min3_sep7,Phoenix,episode_vs_reference,2019,,False
p80_p30_min3_sep7,Phoenix,episode_vs_reference,2020,,False
p80_p30_min3_sep7,Phoenix,episode_vs_reference,2021,,False
p80_p30_min3_sep7,Phoenix,episode_vs_reference,2022,,False
p80_p30_min3_sep7,Phoenix,episode_vs_reference,2023,,False
p80_p30_min3_sep7,Phoenix,episode_vs_reference,2024,,False
p80_p30_min3_sep7,Phoenix,heat_only_vs_reference,2019,-0.409411361926679,True
p80_p30_min3_sep7,Phoenix,heat_only_vs_reference,2020,-0.0410377992897691,True
p80_p30_min3_sep7,Phoenix,heat_only_vs_reference,2021,-0.15125788196525,True
p80_p30_min3_sep7,Phoenix,heat_only_vs_reference,2022,0.1705503007795794,True
p80_p30_min3_sep7,Phoenix,heat_only_vs_reference,2023,-0.0641024942113361,True
p80_p30_min3_sep7,Phoenix,heat_only_vs_reference,2024,-0.0345794387214617,True
p80_p30_min3_sep7,Phoenix,wind_only_vs_reference,2019,3.0450711815500844,True
p80_p30_min3_sep7,Phoenix,wind_only_vs_reference,2020,3.108117309595156,True
p80_p30_min3_sep7,Phoenix,wind_only_vs_reference,2021,3.2421620987527904,True
p80_p30_min3_sep7,Phoenix,wind_only_vs_reference,2022,3.2298391143405345,True
p80_p30_min3_sep7,Phoenix,wind_only_vs_reference,2023,3.1884879128262598,True
p80_p30_min3_sep7,Phoenix,wind_only_vs_reference,2024,3.20839392782748,True
p80_p30_min3_sep7,Phoenix,other_compound_vs_reference,2019,1.9758294208806624,True
p80_p30_min3_sep7,Phoenix,other_compound_vs_reference,2020,2.5552795128177066,True
p80_p30_min3_sep7,Phoenix,other_compound_vs_reference,2021,2.3209831487189065,True
p80_p30_min3_sep7,Phoenix,other_compound_vs_reference,2022,2.4780833199161965,True
p80_p30_min3_sep7,Phoenix,other_compound_vs_reference,2023,2.590697343093562,True
p80_p30_min3_sep7,Phoenix,other_compound_vs_reference,2024,2.7191436300955183,True
p80_p30_min3_sep7,Phoenix,episode_vs_wind_only,2019,,False
p80_p30_min3_sep7,Phoenix,episode_vs_wind_only,2020,,False
p80_p30_min3_sep7,Phoenix,episode_vs_wind_only,2021,,False
p80_p30_min3_sep7,Phoenix,episode_vs_wind_only,2022,,False
p80_p30_min3_sep7,Phoenix,episode_vs_wind_only,2023,,False
p80_p30_min3_sep7,Phoenix,episode_vs_wind_only,2024,,False
p80_p30_min3_sep7,Phoenix,episode_vs_heat_only,2019,,False
p80_p30_min3_sep7,Phoenix,episode_vs_heat_only,2020,,False
p80_p30_min3_sep7,Phoenix,episode_vs_heat_only,2021,,False
p80_p30_min3_sep7,Phoenix,episode_vs_heat_only,2022,,False
p80_p30_min3_sep7,Phoenix,episode_vs_heat_only,2023,,False
p80_p30_min3_sep7,Phoenix,episode_vs_heat_only,2024,,False
p80_p30_min3_sep7,San Diego,episode_vs_reference,2019,2.984088685549265,True
p80_p30_min3_sep7,San Diego,episode_vs_reference,2020,2.2185049057262054,True
p80_p30_min3_sep7,San Diego,episode_vs_reference,2021,2.8907346440413493,True
p80_p30_min3_sep7,San Diego,episode_vs_reference,2022,2.9760343249294894,True
p80_p30_min3_sep7,San Diego,episode_vs_reference,2023,3.1626192499733987,True
p80_p30_min3_sep7,San Diego,episode_vs_reference,2024,3.203449450162382,True
p80_p30_min3_sep7,San Diego,heat_only_vs_reference,2019,0.645667493739075,True
p80_p30_min3_sep7,San Diego,heat_only_vs_reference,2020,0.6310295689362448,True
p80_p30_min3_sep7,San Diego,heat_only_vs_reference,2021,0.651797237602505,True
p80_p30_min3_sep7,San Diego,heat_only_vs_reference,2022,0.7698608637714756,True
p80_p30_min3_sep7,San Diego,heat_only_vs_reference,2023,0.6726861424246581,True
p80_p30_min3_sep7,San Diego,heat_only_vs_reference,2024,0.9832808163273308,True
p80_p30_min3_sep7,San Diego,wind_only_vs_reference,2019,1.1986636231137804,True
p80_p30_min3_sep7,San Diego,wind_only_vs_reference,2020,1.2356411428857073,True
p80_p30_min3_sep7,San Diego,wind_only_vs_reference,2021,1.2177341043754952,True
p80_p30_min3_sep7,San Diego,wind_only_vs_reference,2022,1.0384053700179816,True
p80_p30_min3_sep7,San Diego,wind_only_vs_reference,2023,1.2021093824764786,True
p80_p30_min3_sep7,San Diego,wind_only_vs_reference,2024,1.1354048571182953,True
p80_p30_min3_sep7,San Diego,other_compound_vs_reference,2019,1.4565319146191582,True
p80_p30_min3_sep7,San Diego,other_compound_vs_reference,2020,1.8184762385196085,True
p80_p30_min3_sep7,San Diego,other_compound_vs_reference,2021,1.6189580976925697,True
p80_p30_min3_sep7,San Diego,other_compound_vs_reference,2022,1.4768040536395948,True
p80_p30_min3_sep7,San Diego,other_compound_vs_reference,2023,1.645148501124812,True
p80_p30_min3_sep7,San Diego,other_compound_vs_reference,2024,2.016038091902292,True
p80_p30_min3_sep7,San Diego,episode_vs_wind_only,2019,1.7854250624354848,True
p80_p30_min3_sep7,San Diego,episode_vs_wind_only,2020,0.982863762840498,True
p80_p30_min3_sep7,San Diego,episode_vs_wind_only,2021,1.673000539665854,True
p80_p30_min3_sep7,San Diego,episode_vs_wind_only,2022,1.937628954911508,True
p80_p30_min3_sep7,San Diego,episode_vs_wind_only,2023,1.96050986749692,True
p80_p30_min3_sep7,San Diego,episode_vs_wind_only,2024,2.0680445930440867,True
p80_p30_min3_sep7,San Diego,episode_vs_heat_only,2019,2.3384211918101903,True
p80_p30_min3_sep7,San Diego,episode_vs_heat_only,2020,1.5874753367899606,True
p80_p30_min3_sep7,San Diego,episode_vs_heat_only,2021,2.2389374064388443,True
p80_p30_min3_sep7,San Diego,episode_vs_heat_only,2022,2.2061734611580137,True
p80_p30_min3_sep7,San Diego,episode_vs_heat_only,2023,2.4899331075487408,True
p80_p30_min3_sep7,San Diego,episode_vs_heat_only,2024,2.2201686338350517,True
p80_p30_min3_sep7,Seattle,episode_vs_reference,2019,5.629405828515298,True
p80_p30_min3_sep7,Seattle,episode_vs_reference,2020,4.874569752335124,True
p80_p30_min3_sep7,Seattle,episode_vs_reference,2021,4.0531858084289,True
p80_p30_min3_sep7,Seattle,episode_vs_reference,2022,2.200955801259811,True
p80_p30_min3_sep7,Seattle,episode_vs_reference,2023,8.396019016353339,True
p80_p30_min3_sep7,Seattle,episode_vs_reference,2024,4.599690143421691,True
p80_p30_min3_sep7,Seattle,heat_only_vs_reference,2019,4.302373550178843,True
p80_p30_min3_sep7,Seattle,heat_only_vs_reference,2020,3.998957739913046,True
p80_p30_min3_sep7,Seattle,heat_only_vs_reference,2021,3.889567860774149,True
p80_p30_min3_sep7,Seattle,heat_only_vs_reference,2022,3.263794319160773,True
p80_p30_min3_sep7,Seattle,heat_only_vs_reference,2023,3.3755823000528715,True
p80_p30_min3_sep7,Seattle,heat_only_vs_reference,2024,3.547980918863129,True
p80_p30_min3_sep7,Seattle,wind_only_vs_reference,2019,3.7064285788156752,True
p80_p30_min3_sep7,Seattle,wind_only_vs_reference,2020,3.807563321016055,True
p80_p30_min3_sep7,Seattle,wind_only_vs_reference,2021,3.5869274011941945,True
p80_p30_min3_sep7,Seattle,wind_only_vs_reference,2022,3.700385692992439,True
p80_p30_min3_sep7,Seattle,wind_only_vs_reference,2023,3.741138856324555,True
p80_p30_min3_sep7,Seattle,wind_only_vs_reference,2024,3.798079939498696,True
p80_p30_min3_sep7,Seattle,other_compound_vs_reference,2019,8.044719466789482,True
p80_p30_min3_sep7,Seattle,other_compound_vs_reference,2020,8.612735699572074,True
p80_p30_min3_sep7,Seattle,other_compound_vs_reference,2021,7.778265027955232,True
p80_p30_min3_sep7,Seattle,other_compound_vs_reference,2022,7.3894268547332285,True
p80_p30_min3_sep7,Seattle,other_compound_vs_reference,2023,8.20971912655401,True
p80_p30_min3_sep7,Seattle,other_compound_vs_reference,2024,7.716415779911518,True
p80_p30_min3_sep7,Seattle,episode_vs_wind_only,2019,1.9229772496996231,True
p80_p30_min3_sep7,Seattle,episode_vs_wind_only,2020,1.067006431319069,True
p80_p30_min3_sep7,Seattle,episode_vs_wind_only,2021,0.4662584072347053,True
p80_p30_min3_sep7,Seattle,episode_vs_wind_only,2022,-1.499429891732628,True
p80_p30_min3_sep7,Seattle,episode_vs_wind_only,2023,4.654880160028784,True
p80_p30_min3_sep7,Seattle,episode_vs_wind_only,2024,0.8016102039229955,True
p80_p30_min3_sep7,Seattle,episode_vs_heat_only,2019,1.3270322783364552,True
p80_p30_min3_sep7,Seattle,episode_vs_heat_only,2020,0.8756120124220783,True
p80_p30_min3_sep7,Seattle,episode_vs_heat_only,2021,0.1636179476547505,True
p80_p30_min3_sep7,Seattle,episode_vs_heat_only,2022,-1.0628385179009625,True
p80_p30_min3_sep7,Seattle,episode_vs_heat_only,2023,5.020436716300468,True
p80_p30_min3_sep7,Seattle,episode_vs_heat_only,2024,1.0517092245585618,True
p80_p30_min2_allruns,Atlanta,episode_vs_reference,2019,2.224335850580166,True
p80_p30_min2_allruns,Atlanta,episode_vs_reference,2020,2.368843117012464,True
p80_p30_min2_allruns,Atlanta,episode_vs_reference,2021,2.225873107862473,True
p80_p30_min2_allruns,Atlanta,episode_vs_reference,2022,2.5766065074084903,True
p80_p30_min2_allruns,Atlanta,episode_vs_reference,2023,2.60699109141773,True
p80_p30_min2_allruns,Atlanta,episode_vs_reference,2024,2.2675583447950625,True
p80_p30_min2_allruns,Atlanta,heat_only_vs_reference,2019,-0.1146511180496291,True
p80_p30_min2_allruns,Atlanta,heat_only_vs_reference,2020,-0.1139246619522028,True
p80_p30_min2_allruns,Atlanta,heat_only_vs_reference,2021,-0.0904780139266673,True
p80_p30_min2_allruns,Atlanta,heat_only_vs_reference,2022,0.1775347510409086,True
p80_p30_min2_allruns,Atlanta,heat_only_vs_reference,2023,0.1083697741192657,True
p80_p30_min2_allruns,Atlanta,heat_only_vs_reference,2024,0.0523678040966526,True
p80_p30_min2_allruns,Atlanta,wind_only_vs_reference,2019,1.7479830315763056,True
p80_p30_min2_allruns,Atlanta,wind_only_vs_reference,2020,1.8248644785630093,True
p80_p30_min2_allruns,Atlanta,wind_only_vs_reference,2021,1.7358511521394293,True
p80_p30_min2_allruns,Atlanta,wind_only_vs_reference,2022,1.884640490631792,True
p80_p30_min2_allruns,Atlanta,wind_only_vs_reference,2023,2.053798346698702,True
p80_p30_min2_allruns,Atlanta,wind_only_vs_reference,2024,1.8867069929339555,True
p80_p30_min2_allruns,Atlanta,other_compound_vs_reference,2019,0.8882732011333089,True
p80_p30_min2_allruns,Atlanta,other_compound_vs_reference,2020,0.9908006618021036,True
p80_p30_min2_allruns,Atlanta,other_compound_vs_reference,2021,1.1185368779613352,True
p80_p30_min2_allruns,Atlanta,other_compound_vs_reference,2022,1.5694715132904444,True
p80_p30_min2_allruns,Atlanta,other_compound_vs_reference,2023,1.7972587565909488,True
p80_p30_min2_allruns,Atlanta,other_compound_vs_reference,2024,1.002738183706135,True
p80_p30_min2_allruns,Atlanta,episode_vs_wind_only,2019,0.4763528190038602,True
p80_p30_min2_allruns,Atlanta,episode_vs_wind_only,2020,0.5439786384494547,True
p80_p30_min2_allruns,Atlanta,episode_vs_wind_only,2021,0.4900219557230438,True
p80_p30_min2_allruns,Atlanta,episode_vs_wind_only,2022,0.6919660167766981,True
p80_p30_min2_allruns,Atlanta,episode_vs_wind_only,2023,0.5531927447190275,True
p80_p30_min2_allruns,Atlanta,episode_vs_wind_only,2024,0.3808513518611069,True
p80_p30_min2_allruns,Atlanta,episode_vs_heat_only,2019,2.338986968629795,True
p80_p30_min2_allruns,Atlanta,episode_vs_heat_only,2020,2.482767778964667,True
p80_p30_min2_allruns,Atlanta,episode_vs_heat_only,2021,2.3163511217891406,True
p80_p30_min2_allruns,Atlanta,episode_vs_heat_only,2022,2.3990717563675816,True
p80_p30_min2_allruns,Atlanta,episode_vs_heat_only,2023,2.4986213172984644,True
p80_p30_min2_allruns,Atlanta,episode_vs_heat_only,2024,2.21519054069841,True
p80_p30_min2_allruns,Chicago,episode_vs_reference,2019,4.768082169318146,True
p80_p30_min2_allruns,Chicago,episode_vs_reference,2020,4.39610914722651,True
p80_p30_min2_allruns,Chicago,episode_vs_reference,2021,4.718293933808102,True
p80_p30_min2_allruns,Chicago,episode_vs_reference,2022,4.414945243597827,True
p80_p30_min2_allruns,Chicago,episode_vs_reference,2023,4.312570582859148,True
p80_p30_min2_allruns,Chicago,episode_vs_reference,2024,4.357442722216346,True
p80_p30_min2_allruns,Chicago,heat_only_vs_reference,2019,0.0897251769378937,True
p80_p30_min2_allruns,Chicago,heat_only_vs_reference,2020,0.6291004093164214,True
p80_p30_min2_allruns,Chicago,heat_only_vs_reference,2021,0.3541647282366202,True
p80_p30_min2_allruns,Chicago,heat_only_vs_reference,2022,0.6563349908027809,True
p80_p30_min2_allruns,Chicago,heat_only_vs_reference,2023,0.6220698238013713,True
p80_p30_min2_allruns,Chicago,heat_only_vs_reference,2024,0.5469885525917046,True
p80_p30_min2_allruns,Chicago,wind_only_vs_reference,2019,4.2195998108316015,True
p80_p30_min2_allruns,Chicago,wind_only_vs_reference,2020,4.499077051073,True
p80_p30_min2_allruns,Chicago,wind_only_vs_reference,2021,4.552495615131346,True
p80_p30_min2_allruns,Chicago,wind_only_vs_reference,2022,4.071042608097322,True
p80_p30_min2_allruns,Chicago,wind_only_vs_reference,2023,4.517565854790058,True
p80_p30_min2_allruns,Chicago,wind_only_vs_reference,2024,4.451571599921694,True
p80_p30_min2_allruns,Chicago,other_compound_vs_reference,2019,4.272920397881739,True
p80_p30_min2_allruns,Chicago,other_compound_vs_reference,2020,5.000598270620109,True
p80_p30_min2_allruns,Chicago,other_compound_vs_reference,2021,4.768828034231101,True
p80_p30_min2_allruns,Chicago,other_compound_vs_reference,2022,4.769102592752595,True
p80_p30_min2_allruns,Chicago,other_compound_vs_reference,2023,4.512152620002066,True
p80_p30_min2_allruns,Chicago,other_compound_vs_reference,2024,4.869579326685988,True
p80_p30_min2_allruns,Chicago,episode_vs_wind_only,2019,0.5484823584865444,True
p80_p30_min2_allruns,Chicago,episode_vs_wind_only,2020,-0.1029679038464896,True
p80_p30_min2_allruns,Chicago,episode_vs_wind_only,2021,0.1657983186767557,True
p80_p30_min2_allruns,Chicago,episode_vs_wind_only,2022,0.3439026355005046,True
p80_p30_min2_allruns,Chicago,episode_vs_wind_only,2023,-0.20499527193091,True
p80_p30_min2_allruns,Chicago,episode_vs_wind_only,2024,-0.0941288777053479,True
p80_p30_min2_allruns,Chicago,episode_vs_heat_only,2019,4.678356992380252,True
p80_p30_min2_allruns,Chicago,episode_vs_heat_only,2020,3.7670087379100887,True
p80_p30_min2_allruns,Chicago,episode_vs_heat_only,2021,4.364129205571482,True
p80_p30_min2_allruns,Chicago,episode_vs_heat_only,2022,3.758610252795046,True
p80_p30_min2_allruns,Chicago,episode_vs_heat_only,2023,3.690500759057776,True
p80_p30_min2_allruns,Chicago,episode_vs_heat_only,2024,3.8104541696246415,True
p80_p30_min2_allruns,Dallas,episode_vs_reference,2019,2.2024653994945025,True
p80_p30_min2_allruns,Dallas,episode_vs_reference,2020,2.2218438063257677,True
p80_p30_min2_allruns,Dallas,episode_vs_reference,2021,2.6211364040613483,True
p80_p30_min2_allruns,Dallas,episode_vs_reference,2022,2.1669107062495296,True
p80_p30_min2_allruns,Dallas,episode_vs_reference,2023,2.7345388246710938,True
p80_p30_min2_allruns,Dallas,episode_vs_reference,2024,2.644188800487177,True
p80_p30_min2_allruns,Dallas,heat_only_vs_reference,2019,-1.1695646733464928,True
p80_p30_min2_allruns,Dallas,heat_only_vs_reference,2020,-1.3858130597080245,True
p80_p30_min2_allruns,Dallas,heat_only_vs_reference,2021,-0.8276485330705508,True
p80_p30_min2_allruns,Dallas,heat_only_vs_reference,2022,-1.3888165440884188,True
p80_p30_min2_allruns,Dallas,heat_only_vs_reference,2023,-0.7714523832104436,True
p80_p30_min2_allruns,Dallas,heat_only_vs_reference,2024,-0.9116984882223876,True
p80_p30_min2_allruns,Dallas,wind_only_vs_reference,2019,3.092077731279549,True
p80_p30_min2_allruns,Dallas,wind_only_vs_reference,2020,3.124365792032499,True
p80_p30_min2_allruns,Dallas,wind_only_vs_reference,2021,3.063378774767896,True
p80_p30_min2_allruns,Dallas,wind_only_vs_reference,2022,2.932853604923406,True
p80_p30_min2_allruns,Dallas,wind_only_vs_reference,2023,3.0163224427822994,True
p80_p30_min2_allruns,Dallas,wind_only_vs_reference,2024,3.194205522233076,True
p80_p30_min2_allruns,Dallas,other_compound_vs_reference,2019,0.9803582564961912,True
p80_p30_min2_allruns,Dallas,other_compound_vs_reference,2020,0.6507571560753996,True
p80_p30_min2_allruns,Dallas,other_compound_vs_reference,2021,1.1462492420018295,True
p80_p30_min2_allruns,Dallas,other_compound_vs_reference,2022,0.9527939754515802,True
p80_p30_min2_allruns,Dallas,other_compound_vs_reference,2023,1.5340765299490733,True
p80_p30_min2_allruns,Dallas,other_compound_vs_reference,2024,1.189408536976512,True
p80_p30_min2_allruns,Dallas,episode_vs_wind_only,2019,-0.8896123317850466,True
p80_p30_min2_allruns,Dallas,episode_vs_wind_only,2020,-0.902521985706732,True
p80_p30_min2_allruns,Dallas,episode_vs_wind_only,2021,-0.4422423707065479,True
p80_p30_min2_allruns,Dallas,episode_vs_wind_only,2022,-0.7659428986738765,True
p80_p30_min2_allruns,Dallas,episode_vs_wind_only,2023,-0.2817836181112056,True
p80_p30_min2_allruns,Dallas,episode_vs_wind_only,2024,-0.5500167217458989,True
p80_p30_min2_allruns,Dallas,episode_vs_heat_only,2019,3.372030072840995,True
p80_p30_min2_allruns,Dallas,episode_vs_heat_only,2020,3.607656866033792,True
p80_p30_min2_allruns,Dallas,episode_vs_heat_only,2021,3.448784937131899,True
p80_p30_min2_allruns,Dallas,episode_vs_heat_only,2022,3.5557272503379487,True
p80_p30_min2_allruns,Dallas,episode_vs_heat_only,2023,3.5059912078815376,True
p80_p30_min2_allruns,Dallas,episode_vs_heat_only,2024,3.555887288709565,True
p80_p30_min2_allruns,Denver,episode_vs_reference,2019,0.2589624811535509,True
p80_p30_min2_allruns,Denver,episode_vs_reference,2020,1.4423849837183922,True
p80_p30_min2_allruns,Denver,episode_vs_reference,2021,2.061374672475909,True
p80_p30_min2_allruns,Denver,episode_vs_reference,2022,2.288349128818286,True
p80_p30_min2_allruns,Denver,episode_vs_reference,2023,1.6096657516823654,True
p80_p30_min2_allruns,Denver,episode_vs_reference,2024,1.8984891720801245,True
p80_p30_min2_allruns,Denver,heat_only_vs_reference,2019,0.6151608284039403,True
p80_p30_min2_allruns,Denver,heat_only_vs_reference,2020,0.2005048575479745,True
p80_p30_min2_allruns,Denver,heat_only_vs_reference,2021,0.4248608398365094,True
p80_p30_min2_allruns,Denver,heat_only_vs_reference,2022,0.6154443395408624,True
p80_p30_min2_allruns,Denver,heat_only_vs_reference,2023,0.6964857537013956,True
p80_p30_min2_allruns,Denver,heat_only_vs_reference,2024,0.1300231508815836,True
p80_p30_min2_allruns,Denver,wind_only_vs_reference,2019,1.334568314098639,True
p80_p30_min2_allruns,Denver,wind_only_vs_reference,2020,1.3606677626356265,True
p80_p30_min2_allruns,Denver,wind_only_vs_reference,2021,1.423500958856752,True
p80_p30_min2_allruns,Denver,wind_only_vs_reference,2022,1.1184550708755852,True
p80_p30_min2_allruns,Denver,wind_only_vs_reference,2023,1.1701733836846535,True
p80_p30_min2_allruns,Denver,wind_only_vs_reference,2024,1.348522286418798,True
p80_p30_min2_allruns,Denver,other_compound_vs_reference,2019,1.152610128554131,True
p80_p30_min2_allruns,Denver,other_compound_vs_reference,2020,0.8588715196581964,True
p80_p30_min2_allruns,Denver,other_compound_vs_reference,2021,0.9213981757898682,True
p80_p30_min2_allruns,Denver,other_compound_vs_reference,2022,1.3591855493488114,True
p80_p30_min2_allruns,Denver,other_compound_vs_reference,2023,0.7931359523063317,True
p80_p30_min2_allruns,Denver,other_compound_vs_reference,2024,0.7978944912191515,True
p80_p30_min2_allruns,Denver,episode_vs_wind_only,2019,-1.0756058329450882,True
p80_p30_min2_allruns,Denver,episode_vs_wind_only,2020,0.0817172210827659,True
p80_p30_min2_allruns,Denver,episode_vs_wind_only,2021,0.6378737136191575,True
p80_p30_min2_allruns,Denver,episode_vs_wind_only,2022,1.1698940579427008,True
p80_p30_min2_allruns,Denver,episode_vs_wind_only,2023,0.4394923679977118,True
p80_p30_min2_allruns,Denver,episode_vs_wind_only,2024,0.5499668856613265,True
p80_p30_min2_allruns,Denver,episode_vs_heat_only,2019,-0.3561983472503893,True
p80_p30_min2_allruns,Denver,episode_vs_heat_only,2020,1.2418801261704178,True
p80_p30_min2_allruns,Denver,episode_vs_heat_only,2021,1.6365138326394,True
p80_p30_min2_allruns,Denver,episode_vs_heat_only,2022,1.6729047892774236,True
p80_p30_min2_allruns,Denver,episode_vs_heat_only,2023,0.9131799979809696,True
p80_p30_min2_allruns,Denver,episode_vs_heat_only,2024,1.7684660211985408,True
p80_p30_min2_allruns,Houston,episode_vs_reference,2019,2.0337042461861268,True
p80_p30_min2_allruns,Houston,episode_vs_reference,2020,1.710037728405059,True
p80_p30_min2_allruns,Houston,episode_vs_reference,2021,1.7348431106320916,True
p80_p30_min2_allruns,Houston,episode_vs_reference,2022,1.920064942265889,True
p80_p30_min2_allruns,Houston,episode_vs_reference,2023,1.9812422849437976,True
p80_p30_min2_allruns,Houston,episode_vs_reference,2024,2.015249395123561,True
p80_p30_min2_allruns,Houston,heat_only_vs_reference,2019,-1.7168980939726906,True
p80_p30_min2_allruns,Houston,heat_only_vs_reference,2020,-1.3251820892684107,True
p80_p30_min2_allruns,Houston,heat_only_vs_reference,2021,-1.3827734473792703,True
p80_p30_min2_allruns,Houston,heat_only_vs_reference,2022,-1.3404638718169857,True
p80_p30_min2_allruns,Houston,heat_only_vs_reference,2023,-0.7945545444513715,True
p80_p30_min2_allruns,Houston,heat_only_vs_reference,2024,-1.1082179058409312,True
p80_p30_min2_allruns,Houston,wind_only_vs_reference,2019,3.7241512319804015,True
p80_p30_min2_allruns,Houston,wind_only_vs_reference,2020,3.6712285464567382,True
p80_p30_min2_allruns,Houston,wind_only_vs_reference,2021,3.7047562276861576,True
p80_p30_min2_allruns,Houston,wind_only_vs_reference,2022,3.754657848171136,True
p80_p30_min2_allruns,Houston,wind_only_vs_reference,2023,3.5236101518893364,True
p80_p30_min2_allruns,Houston,wind_only_vs_reference,2024,3.4738765792954203,True
p80_p30_min2_allruns,Houston,other_compound_vs_reference,2019,0.7969021567942263,True
p80_p30_min2_allruns,Houston,other_compound_vs_reference,2020,1.1446573345811029,True
p80_p30_min2_allruns,Houston,other_compound_vs_reference,2021,1.1131480844664288,True
p80_p30_min2_allruns,Houston,other_compound_vs_reference,2022,1.135953335970488,True
p80_p30_min2_allruns,Houston,other_compound_vs_reference,2023,1.2185503005930465,True
p80_p30_min2_allruns,Houston,other_compound_vs_reference,2024,1.4441480968460396,True
p80_p30_min2_allruns,Houston,episode_vs_wind_only,2019,-1.6904469857942748,True
p80_p30_min2_allruns,Houston,episode_vs_wind_only,2020,-1.96119081805168,True
p80_p30_min2_allruns,Houston,episode_vs_wind_only,2021,-1.969913117054066,True
p80_p30_min2_allruns,Houston,episode_vs_wind_only,2022,-1.8345929059052468,True
p80_p30_min2_allruns,Houston,episode_vs_wind_only,2023,-1.5423678669455383,True
p80_p30_min2_allruns,Houston,episode_vs_wind_only,2024,-1.4586271841718594,True
p80_p30_min2_allruns,Houston,episode_vs_heat_only,2019,3.750602340158817,True
p80_p30_min2_allruns,Houston,episode_vs_heat_only,2020,3.03521981767347,True
p80_p30_min2_allruns,Houston,episode_vs_heat_only,2021,3.117616558011362,True
p80_p30_min2_allruns,Houston,episode_vs_heat_only,2022,3.2605288140828748,True
p80_p30_min2_allruns,Houston,episode_vs_heat_only,2023,2.775796829395169,True
p80_p30_min2_allruns,Houston,episode_vs_heat_only,2024,3.123467300964492,True
p80_p30_min2_allruns,Los Angeles,episode_vs_reference,2019,3.208443795254348,True
p80_p30_min2_allruns,Los Angeles,episode_vs_reference,2020,3.071888074141695,True
p80_p30_min2_allruns,Los Angeles,episode_vs_reference,2021,2.985988564711059,True
p80_p30_min2_allruns,Los Angeles,episode_vs_reference,2022,2.967169259029682,True
p80_p30_min2_allruns,Los Angeles,episode_vs_reference,2023,2.7502239506809536,True
p80_p30_min2_allruns,Los Angeles,episode_vs_reference,2024,3.1768509506968967,True
p80_p30_min2_allruns,Los Angeles,heat_only_vs_reference,2019,0.6918305349458627,True
p80_p30_min2_allruns,Los Angeles,heat_only_vs_reference,2020,1.0947584192310766,True
p80_p30_min2_allruns,Los Angeles,heat_only_vs_reference,2021,0.815348409603698,True
p80_p30_min2_allruns,Los Angeles,heat_only_vs_reference,2022,0.7142792551586876,True
p80_p30_min2_allruns,Los Angeles,heat_only_vs_reference,2023,0.9308146200887588,True
p80_p30_min2_allruns,Los Angeles,heat_only_vs_reference,2024,1.060520120679864,True
p80_p30_min2_allruns,Los Angeles,wind_only_vs_reference,2019,2.5906776117945705,True
p80_p30_min2_allruns,Los Angeles,wind_only_vs_reference,2020,2.628831873880251,True
p80_p30_min2_allruns,Los Angeles,wind_only_vs_reference,2021,2.055518724298649,True
p80_p30_min2_allruns,Los Angeles,wind_only_vs_reference,2022,2.245996145279623,True
p80_p30_min2_allruns,Los Angeles,wind_only_vs_reference,2023,2.4454424609038194,True
p80_p30_min2_allruns,Los Angeles,wind_only_vs_reference,2024,2.2909623346306702,True
p80_p30_min2_allruns,Los Angeles,other_compound_vs_reference,2019,2.542468229709174,True
p80_p30_min2_allruns,Los Angeles,other_compound_vs_reference,2020,3.7087953435479872,True
p80_p30_min2_allruns,Los Angeles,other_compound_vs_reference,2021,2.6781432847434004,True
p80_p30_min2_allruns,Los Angeles,other_compound_vs_reference,2022,3.307983987294289,True
p80_p30_min2_allruns,Los Angeles,other_compound_vs_reference,2023,3.3560555192311914,True
p80_p30_min2_allruns,Los Angeles,other_compound_vs_reference,2024,3.31098952620053,True
p80_p30_min2_allruns,Los Angeles,episode_vs_wind_only,2019,0.6177661834597772,True
p80_p30_min2_allruns,Los Angeles,episode_vs_wind_only,2020,0.4430562002614437,True
p80_p30_min2_allruns,Los Angeles,episode_vs_wind_only,2021,0.9304698404124104,True
p80_p30_min2_allruns,Los Angeles,episode_vs_wind_only,2022,0.721173113750059,True
p80_p30_min2_allruns,Los Angeles,episode_vs_wind_only,2023,0.3047814897771341,True
p80_p30_min2_allruns,Los Angeles,episode_vs_wind_only,2024,0.8858886160662265,True
p80_p30_min2_allruns,Los Angeles,episode_vs_heat_only,2019,2.516613260308485,True
p80_p30_min2_allruns,Los Angeles,episode_vs_heat_only,2020,1.9771296549106183,True
p80_p30_min2_allruns,Los Angeles,episode_vs_heat_only,2021,2.1706401551073613,True
p80_p30_min2_allruns,Los Angeles,episode_vs_heat_only,2022,2.252890003870994,True
p80_p30_min2_allruns,Los Angeles,episode_vs_heat_only,2023,1.8194093305921948,True
p80_p30_min2_allruns,Los Angeles,episode_vs_heat_only,2024,2.1163308300170325,True
p80_p30_min2_allruns,New York,episode_vs_reference,2019,4.77854707726775,True
p80_p30_min2_allruns,New York,episode_vs_reference,2020,4.409488752245949,True
p80_p30_min2_allruns,New York,episode_vs_reference,2021,4.247881849403502,True
p80_p30_min2_allruns,New York,episode_vs_reference,2022,4.937455841902531,True
p80_p30_min2_allruns,New York,episode_vs_reference,2023,4.835214896579836,True
p80_p30_min2_allruns,New York,episode_vs_reference,2024,4.4368663867104265,True
p80_p30_min2_allruns,New York,heat_only_vs_reference,2019,1.070805247188067,True
p80_p30_min2_allruns,New York,heat_only_vs_reference,2020,1.1521839229466675,True
p80_p30_min2_allruns,New York,heat_only_vs_reference,2021,1.2478704432470258,True
p80_p30_min2_allruns,New York,heat_only_vs_reference,2022,1.064926914194732,True
p80_p30_min2_allruns,New York,heat_only_vs_reference,2023,1.2873314088700565,True
p80_p30_min2_allruns,New York,heat_only_vs_reference,2024,1.1789189163295704,True
p80_p30_min2_allruns,New York,wind_only_vs_reference,2019,4.329999850210313,True
p80_p30_min2_allruns,New York,wind_only_vs_reference,2020,4.412007866896602,True
p80_p30_min2_allruns,New York,wind_only_vs_reference,2021,4.409134694715469,True
p80_p30_min2_allruns,New York,wind_only_vs_reference,2022,4.209837146694223,True
p80_p30_min2_allruns,New York,wind_only_vs_reference,2023,4.486673931924719,True
p80_p30_min2_allruns,New York,wind_only_vs_reference,2024,4.156738950259896,True
p80_p30_min2_allruns,New York,other_compound_vs_reference,2019,3.4803509084126523,True
p80_p30_min2_allruns,New York,other_compound_vs_reference,2020,3.538690774864623,True
p80_p30_min2_allruns,New York,other_compound_vs_reference,2021,3.8222269629512113,True
p80_p30_min2_allruns,New York,other_compound_vs_reference,2022,3.8199218826593233,True
p80_p30_min2_allruns,New York,other_compound_vs_reference,2023,3.190125545771827,True
p80_p30_min2_allruns,New York,other_compound_vs_reference,2024,3.5229458419705746,True
p80_p30_min2_allruns,New York,episode_vs_wind_only,2019,0.4485472270574373,True
p80_p30_min2_allruns,New York,episode_vs_wind_only,2020,-0.0025191146506529,True
p80_p30_min2_allruns,New York,episode_vs_wind_only,2021,-0.1612528453119672,True
p80_p30_min2_allruns,New York,episode_vs_wind_only,2022,0.7276186952083075,True
p80_p30_min2_allruns,New York,episode_vs_wind_only,2023,0.3485409646551165,True
p80_p30_min2_allruns,New York,episode_vs_wind_only,2024,0.280127436450531,True
p80_p30_min2_allruns,New York,episode_vs_heat_only,2019,3.707741830079683,True
p80_p30_min2_allruns,New York,episode_vs_heat_only,2020,3.257304829299281,True
p80_p30_min2_allruns,New York,episode_vs_heat_only,2021,3.000011406156476,True
p80_p30_min2_allruns,New York,episode_vs_heat_only,2022,3.872528927707799,True
p80_p30_min2_allruns,New York,episode_vs_heat_only,2023,3.54788348770978,True
p80_p30_min2_allruns,New York,episode_vs_heat_only,2024,3.257947470380856,True
p80_p30_min2_allruns,Philadelphia,episode_vs_reference,2019,2.272644381441215,True
p80_p30_min2_allruns,Philadelphia,episode_vs_reference,2020,1.964189792920056,True
p80_p30_min2_allruns,Philadelphia,episode_vs_reference,2021,1.465887433318285,True
p80_p30_min2_allruns,Philadelphia,episode_vs_reference,2022,2.2155967422454035,True
p80_p30_min2_allruns,Philadelphia,episode_vs_reference,2023,2.142664412521844,True
p80_p30_min2_allruns,Philadelphia,episode_vs_reference,2024,1.9920363673571004,True
p80_p30_min2_allruns,Philadelphia,heat_only_vs_reference,2019,0.7953789234144065,True
p80_p30_min2_allruns,Philadelphia,heat_only_vs_reference,2020,0.7127556604486005,True
p80_p30_min2_allruns,Philadelphia,heat_only_vs_reference,2021,1.021965503622107,True
p80_p30_min2_allruns,Philadelphia,heat_only_vs_reference,2022,1.0273130240768584,True
p80_p30_min2_allruns,Philadelphia,heat_only_vs_reference,2023,0.9378147715068657,True
p80_p30_min2_allruns,Philadelphia,heat_only_vs_reference,2024,0.8196871774875891,True
p80_p30_min2_allruns,Philadelphia,wind_only_vs_reference,2019,2.044356890327278,True
p80_p30_min2_allruns,Philadelphia,wind_only_vs_reference,2020,2.019110793948959,True
p80_p30_min2_allruns,Philadelphia,wind_only_vs_reference,2021,1.9845894111708244,True
p80_p30_min2_allruns,Philadelphia,wind_only_vs_reference,2022,1.9482641803855687,True
p80_p30_min2_allruns,Philadelphia,wind_only_vs_reference,2023,2.0742594749463605,True
p80_p30_min2_allruns,Philadelphia,wind_only_vs_reference,2024,1.8168688206763588,True
p80_p30_min2_allruns,Philadelphia,other_compound_vs_reference,2019,1.9626872100496704,True
p80_p30_min2_allruns,Philadelphia,other_compound_vs_reference,2020,1.9221119482903115,True
p80_p30_min2_allruns,Philadelphia,other_compound_vs_reference,2021,2.017729136434585,True
p80_p30_min2_allruns,Philadelphia,other_compound_vs_reference,2022,2.1241450461204883,True
p80_p30_min2_allruns,Philadelphia,other_compound_vs_reference,2023,2.0246222048062257,True
p80_p30_min2_allruns,Philadelphia,other_compound_vs_reference,2024,1.7419221161213048,True
p80_p30_min2_allruns,Philadelphia,episode_vs_wind_only,2019,0.2282874911139369,True
p80_p30_min2_allruns,Philadelphia,episode_vs_wind_only,2020,-0.0549210010289027,True
p80_p30_min2_allruns,Philadelphia,episode_vs_wind_only,2021,-0.5187019778525395,True
p80_p30_min2_allruns,Philadelphia,episode_vs_wind_only,2022,0.2673325618598348,True
p80_p30_min2_allruns,Philadelphia,episode_vs_wind_only,2023,0.0684049375754836,True
p80_p30_min2_allruns,Philadelphia,episode_vs_wind_only,2024,0.1751675466807416,True
p80_p30_min2_allruns,Philadelphia,episode_vs_heat_only,2019,1.4772654580268083,True
p80_p30_min2_allruns,Philadelphia,episode_vs_heat_only,2020,1.2514341324714555,True
p80_p30_min2_allruns,Philadelphia,episode_vs_heat_only,2021,0.443921929696178,True
p80_p30_min2_allruns,Philadelphia,episode_vs_heat_only,2022,1.188283718168545,True
p80_p30_min2_allruns,Philadelphia,episode_vs_heat_only,2023,1.2048496410149785,True
p80_p30_min2_allruns,Philadelphia,episode_vs_heat_only,2024,1.1723491898695113,True
p80_p30_min2_allruns,Phoenix,episode_vs_reference,2019,3.0222165330117665,True
p80_p30_min2_allruns,Phoenix,episode_vs_reference,2020,2.751110256721532,True
p80_p30_min2_allruns,Phoenix,episode_vs_reference,2021,3.2354715157789897,True
p80_p30_min2_allruns,Phoenix,episode_vs_reference,2022,3.162274167751153,True
p80_p30_min2_allruns,Phoenix,episode_vs_reference,2023,3.2308986043551275,True
p80_p30_min2_allruns,Phoenix,episode_vs_reference,2024,3.8216585335396536,True
p80_p30_min2_allruns,Phoenix,heat_only_vs_reference,2019,-0.4225419870336076,True
p80_p30_min2_allruns,Phoenix,heat_only_vs_reference,2020,-0.0405784559853461,True
p80_p30_min2_allruns,Phoenix,heat_only_vs_reference,2021,-0.1502896016238025,True
p80_p30_min2_allruns,Phoenix,heat_only_vs_reference,2022,0.1619824535059689,True
p80_p30_min2_allruns,Phoenix,heat_only_vs_reference,2023,-0.0799223337083503,True
p80_p30_min2_allruns,Phoenix,heat_only_vs_reference,2024,-0.0535923071413141,True
p80_p30_min2_allruns,Phoenix,wind_only_vs_reference,2019,3.0583778016392404,True
p80_p30_min2_allruns,Phoenix,wind_only_vs_reference,2020,3.110793613867262,True
p80_p30_min2_allruns,Phoenix,wind_only_vs_reference,2021,3.2455090624944454,True
p80_p30_min2_allruns,Phoenix,wind_only_vs_reference,2022,3.240416836319058,True
p80_p30_min2_allruns,Phoenix,wind_only_vs_reference,2023,3.194355111925769,True
p80_p30_min2_allruns,Phoenix,wind_only_vs_reference,2024,3.2206473201339034,True
p80_p30_min2_allruns,Phoenix,other_compound_vs_reference,2019,1.4453877778114306,True
p80_p30_min2_allruns,Phoenix,other_compound_vs_reference,2020,2.4653165703405544,True
p80_p30_min2_allruns,Phoenix,other_compound_vs_reference,2021,2.084953973997911,True
p80_p30_min2_allruns,Phoenix,other_compound_vs_reference,2022,2.157763954594499,True
p80_p30_min2_allruns,Phoenix,other_compound_vs_reference,2023,2.2926840787283367,True
p80_p30_min2_allruns,Phoenix,other_compound_vs_reference,2024,2.232430519592189,True
p80_p30_min2_allruns,Phoenix,episode_vs_wind_only,2019,-0.0361612686274739,True
p80_p30_min2_allruns,Phoenix,episode_vs_wind_only,2020,-0.3596833571457298,True
p80_p30_min2_allruns,Phoenix,episode_vs_wind_only,2021,-0.0100375467154556,True
p80_p30_min2_allruns,Phoenix,episode_vs_wind_only,2022,-0.0781426685679047,True
p80_p30_min2_allruns,Phoenix,episode_vs_wind_only,2023,0.0365434924293586,True
p80_p30_min2_allruns,Phoenix,episode_vs_wind_only,2024,0.6010112134057501,True
p80_p30_min2_allruns,Phoenix,episode_vs_heat_only,2019,3.444758520045374,True
p80_p30_min2_allruns,Phoenix,episode_vs_heat_only,2020,2.7916887127068786,True
p80_p30_min2_allruns,Phoenix,episode_vs_heat_only,2021,3.3857611174027924,True
p80_p30_min2_allruns,Phoenix,episode_vs_heat_only,2022,3.0002917142451846,True
p80_p30_min2_allruns,Phoenix,episode_vs_heat_only,2023,3.310820938063478,True
p80_p30_min2_allruns,Phoenix,episode_vs_heat_only,2024,3.875250840680968,True
p80_p30_min2_allruns,San Diego,episode_vs_reference,2019,2.1436584607569653,True
p80_p30_min2_allruns,San Diego,episode_vs_reference,2020,1.843017742350872,True
p80_p30_min2_allruns,San Diego,episode_vs_reference,2021,2.2148371346299043,True
p80_p30_min2_allruns,San Diego,episode_vs_reference,2022,2.18810599433556,True
p80_p30_min2_allruns,San Diego,episode_vs_reference,2023,2.1396903211481906,True
p80_p30_min2_allruns,San Diego,episode_vs_reference,2024,2.5293483984304945,True
p80_p30_min2_allruns,San Diego,heat_only_vs_reference,2019,0.6169544439399862,True
p80_p30_min2_allruns,San Diego,heat_only_vs_reference,2020,0.6154408394562405,True
p80_p30_min2_allruns,San Diego,heat_only_vs_reference,2021,0.6116913486951766,True
p80_p30_min2_allruns,San Diego,heat_only_vs_reference,2022,0.7230812078008033,True
p80_p30_min2_allruns,San Diego,heat_only_vs_reference,2023,0.6687749202130172,True
p80_p30_min2_allruns,San Diego,heat_only_vs_reference,2024,0.9615864559584846,True
p80_p30_min2_allruns,San Diego,wind_only_vs_reference,2019,1.1789110205366145,True
p80_p30_min2_allruns,San Diego,wind_only_vs_reference,2020,1.235562988268172,True
p80_p30_min2_allruns,San Diego,wind_only_vs_reference,2021,1.210630918670489,True
p80_p30_min2_allruns,San Diego,wind_only_vs_reference,2022,1.029975540578676,True
p80_p30_min2_allruns,San Diego,wind_only_vs_reference,2023,1.1873013636117302,True
p80_p30_min2_allruns,San Diego,wind_only_vs_reference,2024,1.1255806489731004,True
p80_p30_min2_allruns,San Diego,other_compound_vs_reference,2019,1.838166568295087,True
p80_p30_min2_allruns,San Diego,other_compound_vs_reference,2020,2.1380662738268086,True
p80_p30_min2_allruns,San Diego,other_compound_vs_reference,2021,1.9896595997391109,True
p80_p30_min2_allruns,San Diego,other_compound_vs_reference,2022,1.9525735709436565,True
p80_p30_min2_allruns,San Diego,other_compound_vs_reference,2023,2.3097741692522327,True
p80_p30_min2_allruns,San Diego,other_compound_vs_reference,2024,2.404467709582176,True
p80_p30_min2_allruns,San Diego,episode_vs_wind_only,2019,0.9647474402203507,True
p80_p30_min2_allruns,San Diego,episode_vs_wind_only,2020,0.6074547540826996,True
p80_p30_min2_allruns,San Diego,episode_vs_wind_only,2021,1.0042062159594152,True
p80_p30_min2_allruns,San Diego,episode_vs_wind_only,2022,1.158130453756884,True
p80_p30_min2_allruns,San Diego,episode_vs_wind_only,2023,0.9523889575364604,True
p80_p30_min2_allruns,San Diego,episode_vs_wind_only,2024,1.403767749457394,True
p80_p30_min2_allruns,San Diego,episode_vs_heat_only,2019,1.526704016816979,True
p80_p30_min2_allruns,San Diego,episode_vs_heat_only,2020,1.227576902894631,True
p80_p30_min2_allruns,San Diego,episode_vs_heat_only,2021,1.6031457859347276,True
p80_p30_min2_allruns,San Diego,episode_vs_heat_only,2022,1.4650247865347563,True
p80_p30_min2_allruns,San Diego,episode_vs_heat_only,2023,1.4709154009351733,True
p80_p30_min2_allruns,San Diego,episode_vs_heat_only,2024,1.56776194247201,True
p80_p30_min2_allruns,Seattle,episode_vs_reference,2019,5.772890164339401,True
p80_p30_min2_allruns,Seattle,episode_vs_reference,2020,5.95741233355221,True
p80_p30_min2_allruns,Seattle,episode_vs_reference,2021,5.257230969262263,True
p80_p30_min2_allruns,Seattle,episode_vs_reference,2022,4.039914593933275,True
p80_p30_min2_allruns,Seattle,episode_vs_reference,2023,7.689675340873857,True
p80_p30_min2_allruns,Seattle,episode_vs_reference,2024,5.232337225512502,True
p80_p30_min2_allruns,Seattle,heat_only_vs_reference,2019,4.241794240121344,True
p80_p30_min2_allruns,Seattle,heat_only_vs_reference,2020,3.976776432764865,True
p80_p30_min2_allruns,Seattle,heat_only_vs_reference,2021,3.871459647991675,True
p80_p30_min2_allruns,Seattle,heat_only_vs_reference,2022,3.259754442549077,True
p80_p30_min2_allruns,Seattle,heat_only_vs_reference,2023,3.343859706590812,True
p80_p30_min2_allruns,Seattle,heat_only_vs_reference,2024,3.5550250821715377,True
p80_p30_min2_allruns,Seattle,wind_only_vs_reference,2019,3.7080166966677153,True
p80_p30_min2_allruns,Seattle,wind_only_vs_reference,2020,3.818532532265844,True
p80_p30_min2_allruns,Seattle,wind_only_vs_reference,2021,3.598507976461895,True
p80_p30_min2_allruns,Seattle,wind_only_vs_reference,2022,3.6940356049505594,True
p80_p30_min2_allruns,Seattle,wind_only_vs_reference,2023,3.742771987175207,True
p80_p30_min2_allruns,Seattle,wind_only_vs_reference,2024,3.801484299349647,True
p80_p30_min2_allruns,Seattle,other_compound_vs_reference,2019,8.81904610190767,True
p80_p30_min2_allruns,Seattle,other_compound_vs_reference,2020,9.162234749615155,True
p80_p30_min2_allruns,Seattle,other_compound_vs_reference,2021,8.25174360100554,True
p80_p30_min2_allruns,Seattle,other_compound_vs_reference,2022,8.024356139685594,True
p80_p30_min2_allruns,Seattle,other_compound_vs_reference,2023,8.503808496077628,True
p80_p30_min2_allruns,Seattle,other_compound_vs_reference,2024,8.293047183505001,True
p80_p30_min2_allruns,Seattle,episode_vs_wind_only,2019,2.064873467671686,True
p80_p30_min2_allruns,Seattle,episode_vs_wind_only,2020,2.1388798012863663,True
p80_p30_min2_allruns,Seattle,episode_vs_wind_only,2021,1.6587229928003682,True
p80_p30_min2_allruns,Seattle,episode_vs_wind_only,2022,0.3458789889827161,True
p80_p30_min2_allruns,Seattle,episode_vs_wind_only,2023,3.94690335369865,True
p80_p30_min2_allruns,Seattle,episode_vs_wind_only,2024,1.430852926162855,True
p80_p30_min2_allruns,Seattle,episode_vs_heat_only,2019,1.5310959242180573,True
p80_p30_min2_allruns,Seattle,episode_vs_heat_only,2020,1.9806359007873453,True
p80_p30_min2_allruns,Seattle,episode_vs_heat_only,2021,1.385771321270588,True
p80_p30_min2_allruns,Seattle,episode_vs_heat_only,2022,0.7801601513841971,True
p80_p30_min2_allruns,Seattle,episode_vs_heat_only,2023,4.345815634283046,True
p80_p30_min2_allruns,Seattle,episode_vs_heat_only,2024,1.6773121433409646,True
