model,city,contrast,estimate_ppb,estimable,diagnostic_reason,support_station_days,strata,unique_weather_days,episode_station_days,episode_city_days,observed_episodes,within_rank,parameters,condition_number,contrast_projection_max_error,jackknife_status,jackknife_se,jackknife_lower,jackknife_upper,delete_year_attempted,delete_year_unavailable,unavailable_when_omitting_years,city_year_bootstrap_attempted,city_year_bootstrap_valid,city_year_bootstrap_failed,note
calendar_only,Atlanta,episode_vs_reference,3.264497116382424,True,estimable,3701,868,1284,288,99,27,4,4,6.512561083213631,5.283505044357194e-16,delete_year_jackknife_diagnostic_t_df_5,0.4130621938363123,2.202686943918713,4.326307288846135,6,0,,5000,5000,0,Weather is common to sites within a city-date; additional stations are not independent weather replicates.
calendar_only,Atlanta,heat_only_vs_reference,0.8400401997964928,True,estimable,3701,868,1284,288,99,27,4,4,6.512561083213631,9.185874127808275e-16,delete_year_jackknife_diagnostic_t_df_5,0.258868405091795,0.1745977798473813,1.5054826197456044,6,0,,5000,5000,0,Weather is common to sites within a city-date; additional stations are not independent weather replicates.
calendar_only,Atlanta,wind_only_vs_reference,1.8052208121689144,True,estimable,3701,868,1284,288,99,27,4,4,6.512561083213631,5.551115123125783e-16,delete_year_jackknife_diagnostic_t_df_5,0.4821273068561906,0.5658731147001355,3.0445685096376938,6,0,,5000,5000,0,Weather is common to sites within a city-date; additional stations are not independent weather replicates.
calendar_only,Atlanta,other_compound_vs_reference,1.7152635370309413,True,estimable,3701,868,1284,288,99,27,4,4,6.512561083213631,3.166375610118921e-16,delete_year_jackknife_diagnostic_t_df_5,0.6450295814061672,0.0571622116201524,3.37336486244173,6,0,,5000,5000,0,Weather is common to sites within a city-date; additional stations are not independent weather replicates.
calendar_only,Atlanta,episode_vs_wind_only,1.4592763042135095,True,estimable,3701,868,1284,288,99,27,4,4,6.512561083213631,4.440892098500626e-16,delete_year_jackknife_diagnostic_t_df_5,0.3557671126268019,0.5447478267782736,2.373804781648745,6,0,,5000,5000,0,Weather is common to sites within a city-date; additional stations are not independent weather replicates.
calendar_only,Atlanta,episode_vs_heat_only,2.4244569165859318,True,estimable,3701,868,1284,288,99,27,4,4,6.512561083213631,5.551115123125783e-16,delete_year_jackknife_diagnostic_t_df_5,0.2493939436812073,1.7833693750413138,3.0655444581305487,6,0,,5000,5000,0,Weather is common to sites within a city-date; additional stations are not independent weather replicates.
calendar_only,Chicago,episode_vs_reference,6.378125305822681,True,estimable,4644,1108,1284,108,33,14,4,4,8.416815195725588,6.284872700652281e-16,delete_year_jackknife_diagnostic_t_df_5,1.4259319116976676,2.712650634758491,10.04359997688687,6,0,,5000,5000,0,Weather is common to sites within a city-date; additional stations are not independent weather replicates.
calendar_only,Chicago,heat_only_vs_reference,2.645538292344997,True,estimable,4644,1108,1284,108,33,14,4,4,8.416815195725588,2.2152775383872465e-16,delete_year_jackknife_diagnostic_t_df_5,0.1924244946798373,2.1508953815895104,3.140181203100483,6,0,,5000,5000,0,Weather is common to sites within a city-date; additional stations are not independent weather replicates.
calendar_only,Chicago,wind_only_vs_reference,5.098214429384191,True,estimable,4644,1108,1284,108,33,14,4,4,8.416815195725588,3.3306690738754696e-16,delete_year_jackknife_diagnostic_t_df_5,0.399784128710844,4.070536609944405,6.125892248823977,6,0,,5000,5000,0,Weather is common to sites within a city-date; additional stations are not independent weather replicates.
calendar_only,Chicago,other_compound_vs_reference,6.4070532986514745,True,estimable,4644,1108,1284,108,33,14,4,4,8.416815195725588,4.482917778583158e-16,delete_year_jackknife_diagnostic_t_df_5,0.4851729640327281,5.159876490167113,7.654230107135836,6,0,,5000,5000,0,Weather is common to sites within a city-date; additional stations are not independent weather replicates.
calendar_only,Chicago,episode_vs_wind_only,1.27991087643849,True,estimable,4644,1108,1284,108,33,14,4,4,8.416815195725588,3.3306690738754696e-16,delete_year_jackknife_diagnostic_t_df_5,1.3127619880479375,-2.094651244551355,4.654472997428335,6,0,,5000,5000,0,Weather is common to sites within a city-date; additional stations are not independent weather replicates.
calendar_only,Chicago,episode_vs_heat_only,3.732587013477684,True,estimable,4644,1108,1284,108,33,14,4,4,8.416815195725588,4.440892098500626e-16,delete_year_jackknife_diagnostic_t_df_5,1.5582019085141194,-0.2728985088025495,7.738072535757917,6,0,,5000,5000,0,Weather is common to sites within a city-date; additional stations are not independent weather replicates.
calendar_only,Dallas,episode_vs_reference,3.5950652424670926,True,estimable,4519,1109,1284,156,46,14,4,4,8.487844189004713,8.881784197001252e-16,delete_year_jackknife_diagnostic_t_df_5,0.5435883229825115,2.1977269733442424,4.992403511589943,6,0,,5000,5000,0,Weather is common to sites within a city-date; additional stations are not independent weather replicates.
calendar_only,Dallas,heat_only_vs_reference,-0.4817052078516997,True,estimable,4519,1109,1284,156,46,14,4,4,8.487844189004713,7.771561172376096e-16,delete_year_jackknife_diagnostic_t_df_5,0.4626276923929702,-1.6709275505794132,0.7075171348760139,6,0,,5000,5000,0,Weather is common to sites within a city-date; additional stations are not independent weather replicates.
calendar_only,Dallas,wind_only_vs_reference,3.550167540174442,True,estimable,4519,1109,1284,156,46,14,4,4,8.487844189004713,4.440892098500626e-16,delete_year_jackknife_diagnostic_t_df_5,0.2129733427599784,3.0027021338008946,4.097632946547989,6,0,,5000,5000,0,Weather is common to sites within a city-date; additional stations are not independent weather replicates.
calendar_only,Dallas,other_compound_vs_reference,2.1713306516858437,True,estimable,4519,1109,1284,156,46,14,4,4,8.487844189004713,9.992007221626409e-16,delete_year_jackknife_diagnostic_t_df_5,0.3850847287908801,1.1814388426750702,3.1612224606966164,6,0,,5000,5000,0,Weather is common to sites within a city-date; additional stations are not independent weather replicates.
calendar_only,Dallas,episode_vs_wind_only,0.0448977022926504,True,estimable,4519,1109,1284,156,46,14,4,4,8.487844189004713,8.881784197001252e-16,delete_year_jackknife_diagnostic_t_df_5,0.4321020257676698,-1.0658559162873764,1.1556513208726773,6,0,,5000,5000,0,Weather is common to sites within a city-date; additional stations are not independent weather replicates.
calendar_only,Dallas,episode_vs_heat_only,4.076770450318792,True,estimable,4519,1109,1284,156,46,14,4,4,8.487844189004713,1.2212453270876722e-15,delete_year_jackknife_diagnostic_t_df_5,0.4009526456458616,3.0460888624712164,5.107452038166367,6,0,,5000,5000,0,Weather is common to sites within a city-date; additional stations are not independent weather replicates.
calendar_only,Denver,episode_vs_reference,2.590457900363744,True,estimable,6040,1461,1284,37,8,4,4,4,34.44485196225905,1.6791138077212785e-15,delete_year_jackknife_diagnostic_t_df_5,1.4973381790485238,-1.2585724245031478,6.439488225230635,6,0,,5000,4990,10,Weather is common to sites within a city-date; additional stations are not independent weather replicates.
calendar_only,Denver,heat_only_vs_reference,1.8063651518686177,True,estimable,6040,1461,1284,37,8,4,4,4,34.44485196225905,5.945858743120278e-16,delete_year_jackknife_diagnostic_t_df_5,0.3005540822763194,1.0337662873427689,2.5789640163944667,6,0,,5000,5000,0,Weather is common to sites within a city-date; additional stations are not independent weather replicates.
calendar_only,Denver,wind_only_vs_reference,1.0799859255066986,True,estimable,6040,1461,1284,37,8,4,4,4,34.44485196225905,4.440892098500626e-16,delete_year_jackknife_diagnostic_t_df_5,0.3178231055117412,0.2629956235326928,1.8969762274807045,6,0,,5000,5000,0,Weather is common to sites within a city-date; additional stations are not independent weather replicates.
calendar_only,Denver,other_compound_vs_reference,2.498792149414996,True,estimable,6040,1461,1284,37,8,4,4,4,34.44485196225905,6.661338147750939e-16,delete_year_jackknife_diagnostic_t_df_5,0.6273586751395275,0.8861153346724628,4.111468964157529,6,0,,5000,5000,0,Weather is common to sites within a city-date; additional stations are not independent weather replicates.
calendar_only,Denver,episode_vs_wind_only,1.5104719748570448,True,estimable,6040,1461,1284,37,8,4,4,4,34.44485196225905,1.8165613758435335e-15,delete_year_jackknife_diagnostic_t_df_5,1.5223268399313696,-2.402793747772165,5.423737697486255,6,0,,5000,4990,10,Weather is common to sites within a city-date; additional stations are not independent weather replicates.
calendar_only,Denver,episode_vs_heat_only,0.7840927484951257,True,estimable,6040,1461,1284,37,8,4,4,4,34.44485196225905,1.7047754337156231e-15,delete_year_jackknife_diagnostic_t_df_5,1.3660235302174089,-2.72738252533354,4.295568022323791,6,0,,5000,4990,10,Weather is common to sites within a city-date; additional stations are not independent weather replicates.
calendar_only,Houston,episode_vs_reference,2.308342578234972,True,estimable,10963,2687,1284,649,76,22,4,4,7.155025869424365,5.325078204103977e-16,delete_year_jackknife_diagnostic_t_df_5,0.4315097033709077,1.199111572848902,3.417573583621041,6,0,,5000,5000,0,Weather is common to sites within a city-date; additional stations are not independent weather replicates.
calendar_only,Houston,heat_only_vs_reference,-1.0134144966165026,True,estimable,10963,2687,1284,649,76,22,4,4,7.155025869424365,5.551115123125783e-16,delete_year_jackknife_diagnostic_t_df_5,0.7159468331048835,-2.85381442107726,0.826985427844255,6,0,,5000,5000,0,Weather is common to sites within a city-date; additional stations are not independent weather replicates.
calendar_only,Houston,wind_only_vs_reference,3.895322308668405,True,estimable,10963,2687,1284,649,76,22,4,4,7.155025869424365,2.3881367298735537e-16,delete_year_jackknife_diagnostic_t_df_5,0.2661596484475209,3.2111371509898605,4.579507466346949,6,0,,5000,5000,0,Weather is common to sites within a city-date; additional stations are not independent weather replicates.
calendar_only,Houston,other_compound_vs_reference,1.6711879966103118,True,estimable,10963,2687,1284,649,76,22,4,4,7.155025869424365,6.270156036912576e-16,delete_year_jackknife_diagnostic_t_df_5,0.6330551563962099,0.0438679106223083,3.2985080825983157,6,0,,5000,5000,0,Weather is common to sites within a city-date; additional stations are not independent weather replicates.
calendar_only,Houston,episode_vs_wind_only,-1.5869797304334332,True,estimable,10963,2687,1284,649,76,22,4,4,7.155025869424365,2.220446049250313e-16,delete_year_jackknife_diagnostic_t_df_5,0.3577862365994777,-2.506698531276728,-0.667260929590139,6,0,,5000,5000,0,Weather is common to sites within a city-date; additional stations are not independent weather replicates.
calendar_only,Houston,episode_vs_heat_only,3.321757074851474,True,estimable,10963,2687,1284,649,76,22,4,4,7.155025869424365,6.661338147750939e-16,delete_year_jackknife_diagnostic_t_df_5,0.9670895596114198,0.8357742194808355,5.807739930222112,6,0,,5000,5000,0,Weather is common to sites within a city-date; additional stations are not independent weather replicates.
calendar_only,Los Angeles,episode_vs_reference,7.314066878236167,True,estimable,9253,2148,1284,556,76,24,4,4,4.6365391401514655,9.684376114750561e-16,delete_year_jackknife_diagnostic_t_df_5,0.4992265307184701,6.030764226503533,8.5973695299688,6,0,,5000,5000,0,Weather is common to sites within a city-date; additional stations are not independent weather replicates.
calendar_only,Los Angeles,heat_only_vs_reference,5.115301791206761,True,estimable,9253,2148,1284,556,76,24,4,4,4.6365391401514655,3.447406671208452e-16,delete_year_jackknife_diagnostic_t_df_5,0.4630230715525953,3.925063093993126,6.305540488420396,6,0,,5000,5000,0,Weather is common to sites within a city-date; additional stations are not independent weather replicates.
calendar_only,Los Angeles,wind_only_vs_reference,2.1376542182181497,True,estimable,9253,2148,1284,556,76,24,4,4,4.6365391401514655,2.220446049250313e-16,delete_year_jackknife_diagnostic_t_df_5,0.325775007479439,1.3002229014872193,2.97508553494908,6,0,,5000,5000,0,Weather is common to sites within a city-date; additional stations are not independent weather replicates.
calendar_only,Los Angeles,other_compound_vs_reference,6.917641391955577,True,estimable,9253,2148,1284,556,76,24,4,4,4.6365391401514655,3.378575174087211e-16,delete_year_jackknife_diagnostic_t_df_5,0.5914926109952036,5.39716123021821,8.438121553692945,6,0,,5000,5000,0,Weather is common to sites within a city-date; additional stations are not independent weather replicates.
calendar_only,Los Angeles,episode_vs_wind_only,5.176412660018017,True,estimable,9253,2148,1284,556,76,24,4,4,4.6365391401514655,9.992007221626409e-16,delete_year_jackknife_diagnostic_t_df_5,0.702466581348091,3.3706648258630745,6.98216049417296,6,0,,5000,5000,0,Weather is common to sites within a city-date; additional stations are not independent weather replicates.
calendar_only,Los Angeles,episode_vs_heat_only,2.1987650870294058,True,estimable,9253,2148,1284,556,76,24,4,4,4.6365391401514655,8.686242285452738e-16,delete_year_jackknife_diagnostic_t_df_5,0.5795278786484863,0.7090412489307605,3.688488925128051,6,0,,5000,5000,0,Weather is common to sites within a city-date; additional stations are not independent weather replicates.
calendar_only,New York,episode_vs_reference,5.532478447317665,True,estimable,10742,2527,1284,466,56,21,4,4,7.348101714813903,1.1102230246251565e-15,delete_year_jackknife_diagnostic_t_df_5,0.6721226340867034,3.804732212814352,7.2602246818209775,6,0,,5000,5000,0,Weather is common to sites within a city-date; additional stations are not independent weather replicates.
calendar_only,New York,heat_only_vs_reference,1.9673047983768,True,estimable,10742,2527,1284,466,56,21,4,4,7.348101714813903,8.726099042528773e-16,delete_year_jackknife_diagnostic_t_df_5,0.1844450045579032,1.493173819986397,2.4414357767672032,6,0,,5000,5000,0,Weather is common to sites within a city-date; additional stations are not independent weather replicates.
calendar_only,New York,wind_only_vs_reference,4.976135515266799,True,estimable,10742,2527,1284,466,56,21,4,4,7.348101714813903,2.220446049250313e-16,delete_year_jackknife_diagnostic_t_df_5,0.2973474729408407,4.211779502452714,5.740491528080884,6,0,,5000,5000,0,Weather is common to sites within a city-date; additional stations are not independent weather replicates.
calendar_only,New York,other_compound_vs_reference,4.650092516245784,True,estimable,10742,2527,1284,466,56,21,4,4,7.348101714813903,8.92682375527052e-16,delete_year_jackknife_diagnostic_t_df_5,0.5444354612476354,3.250576608886333,6.049608423605234,6,0,,5000,5000,0,Weather is common to sites within a city-date; additional stations are not independent weather replicates.
calendar_only,New York,episode_vs_wind_only,0.5563429320508657,True,estimable,10742,2527,1284,466,56,21,4,4,7.348101714813903,8.881784197001252e-16,delete_year_jackknife_diagnostic_t_df_5,0.7796642149030505,-1.447847736674564,2.5605336007762958,6,0,,5000,5000,0,Weather is common to sites within a city-date; additional stations are not independent weather replicates.
calendar_only,New York,episode_vs_heat_only,3.5651736489408647,True,estimable,10742,2527,1284,466,56,21,4,4,7.348101714813903,9.25192720332821e-16,delete_year_jackknife_diagnostic_t_df_5,0.7591165225983096,1.613802504818246,5.516544793063483,6,0,,5000,5000,0,Weather is common to sites within a city-date; additional stations are not independent weather replicates.
calendar_only,Philadelphia,episode_vs_reference,2.197655935904843,True,estimable,5975,1435,1284,145,33,13,4,4,9.659559829909716,5.261595567125645e-16,delete_year_jackknife_diagnostic_t_df_5,0.8391091505089019,0.0406571954904415,4.354654676319244,6,0,,5000,5000,0,Weather is common to sites within a city-date; additional stations are not independent weather replicates.
calendar_only,Philadelphia,heat_only_vs_reference,1.2275112004295925,True,estimable,5975,1435,1284,145,33,13,4,4,9.659559829909716,8.6266136591441655e-16,delete_year_jackknife_diagnostic_t_df_5,0.1818958690195276,0.7599329835507123,1.6950894173084723,6,0,,5000,5000,0,Weather is common to sites within a city-date; additional stations are not independent weather replicates.
calendar_only,Philadelphia,wind_only_vs_reference,1.9996988580970103,True,estimable,5975,1435,1284,145,33,13,4,4,9.659559829909716,4.440892098500626e-16,delete_year_jackknife_diagnostic_t_df_5,0.2990090135474803,1.2310717191803249,2.768325997013696,6,0,,5000,5000,0,Weather is common to sites within a city-date; additional stations are not independent weather replicates.
calendar_only,Philadelphia,other_compound_vs_reference,2.2259622294381884,True,estimable,5975,1435,1284,145,33,13,4,4,9.659559829909716,7.876999692806071e-16,delete_year_jackknife_diagnostic_t_df_5,0.2358216935215608,1.6197632676226703,2.8321611912537064,6,0,,5000,5000,0,Weather is common to sites within a city-date; additional stations are not independent weather replicates.
calendar_only,Philadelphia,episode_vs_wind_only,0.1979570778078327,True,estimable,5975,1435,1284,145,33,13,4,4,9.659559829909716,4.440892098500626e-16,delete_year_jackknife_diagnostic_t_df_5,0.8591696367966205,-2.0106087842718097,2.4065229398874752,6,0,,5000,5000,0,Weather is common to sites within a city-date; additional stations are not independent weather replicates.
calendar_only,Philadelphia,episode_vs_heat_only,0.9701447354752508,True,estimable,5975,1435,1284,145,33,13,4,4,9.659559829909716,8.867617837335136e-16,delete_year_jackknife_diagnostic_t_df_5,0.9674165151318952,-1.5166785858173832,3.456968056767885,6,0,,5000,5000,0,Weather is common to sites within a city-date; additional stations are not independent weather replicates.
calendar_only,Phoenix,episode_vs_reference,6.677128594986608,True,estimable,5991,1414,1284,72,16,8,4,4,16.131825871745054,3.27274388975693e-15,delete_year_jackknife_diagnostic_t_df_5,0.6877783546534851,4.909138049570528,8.445119140402689,6,0,,5000,4996,4,Weather is common to sites within a city-date; additional stations are not independent weather replicates.
calendar_only,Phoenix,heat_only_vs_reference,1.467266274539758,True,estimable,5991,1414,1284,72,16,8,4,4,16.131825871745054,2.220446049250313e-16,delete_year_jackknife_diagnostic_t_df_5,0.4834955687410432,0.224401347923383,2.710131201156133,6,0,,5000,5000,0,Weather is common to sites within a city-date; additional stations are not independent weather replicates.
calendar_only,Phoenix,wind_only_vs_reference,3.543754858491443,True,estimable,5991,1414,1284,72,16,8,4,4,16.131825871745054,7.600770113229786e-16,delete_year_jackknife_diagnostic_t_df_5,0.1929561681105039,3.0477452376725944,4.039764479310292,6,0,,5000,5000,0,Weather is common to sites within a city-date; additional stations are not independent weather replicates.
calendar_only,Phoenix,other_compound_vs_reference,3.460783995970477,True,estimable,5991,1414,1284,72,16,8,4,4,16.131825871745054,5.698697161669794e-16,delete_year_jackknife_diagnostic_t_df_5,0.9473309725353756,1.0255922056353564,5.8959757863055975,6,0,,5000,5000,0,Weather is common to sites within a city-date; additional stations are not independent weather replicates.
calendar_only,Phoenix,episode_vs_wind_only,3.133373736495165,True,estimable,5991,1414,1284,72,16,8,4,4,16.131825871745054,2.4991143512778826e-15,delete_year_jackknife_diagnostic_t_df_5,0.7007740492724611,1.3319766945500688,4.934770778440261,6,0,,5000,4996,4,Weather is common to sites within a city-date; additional stations are not independent weather replicates.
calendar_only,Phoenix,episode_vs_heat_only,5.209862320446851,True,estimable,5991,1414,1284,72,16,8,4,4,16.131825871745054,3.552713678800501e-15,delete_year_jackknife_diagnostic_t_df_5,0.8940647849306044,2.9115956244221506,7.508129016471551,6,0,,5000,4996,4,Weather is common to sites within a city-date; additional stations are not independent weather replicates.
calendar_only,San Diego,episode_vs_reference,4.381060787105348,True,estimable,5051,1198,1284,291,72,26,4,4,6.74428996442968,2.2704134489685633e-16,delete_year_jackknife_diagnostic_t_df_5,0.4665030844087035,3.18187643205602,5.580245142154675,6,0,,5000,5000,0,Weather is common to sites within a city-date; additional stations are not independent weather replicates.
calendar_only,San Diego,heat_only_vs_reference,4.0365145536634905,True,estimable,5051,1198,1284,291,72,26,4,4,6.74428996442968,1.1102230246251565e-15,delete_year_jackknife_diagnostic_t_df_5,0.3504292293679672,3.1357075419741625,4.937321565352819,6,0,,5000,5000,0,Weather is common to sites within a city-date; additional stations are not independent weather replicates.
calendar_only,San Diego,wind_only_vs_reference,0.8899926334058892,True,estimable,5051,1198,1284,291,72,26,4,4,6.74428996442968,4.440892098500626e-16,delete_year_jackknife_diagnostic_t_df_5,0.1562401661857248,0.4883645002120658,1.2916207665997126,6,0,,5000,5000,0,Weather is common to sites within a city-date; additional stations are not independent weather replicates.
calendar_only,San Diego,other_compound_vs_reference,3.4470640941925006,True,estimable,5051,1198,1284,291,72,26,4,4,6.74428996442968,2.892346997920376e-16,delete_year_jackknife_diagnostic_t_df_5,0.5498332761747708,2.0336726618292293,4.860455526555771,6,0,,5000,5000,0,Weather is common to sites within a city-date; additional stations are not independent weather replicates.
calendar_only,San Diego,episode_vs_wind_only,3.4910681536994588,True,estimable,5051,1198,1284,291,72,26,4,4,6.74428996442968,5.527453659129296e-16,delete_year_jackknife_diagnostic_t_df_5,0.5202287906923234,2.153777473970726,4.828358833428192,6,0,,5000,5000,0,Weather is common to sites within a city-date; additional stations are not independent weather replicates.
calendar_only,San Diego,episode_vs_heat_only,0.3445462334418572,True,estimable,5051,1198,1284,291,72,26,4,4,6.74428996442968,1.5543122344752192e-15,delete_year_jackknife_diagnostic_t_df_5,0.343357784790848,-0.5380830512658195,1.227175518149534,6,0,,5000,5000,0,Weather is common to sites within a city-date; additional stations are not independent weather replicates.
calendar_only,Seattle,episode_vs_reference,6.573276867555556,True,estimable,2447,587,1282,78,40,16,4,4,6.845839580621302,4.0622044976876203e-16,delete_year_jackknife_diagnostic_t_df_5,1.9927062804277127,1.4508622993296738,11.695691435781438,6,0,,5000,5000,0,Weather is common to sites within a city-date; additional stations are not independent weather replicates.
calendar_only,Seattle,heat_only_vs_reference,4.752488556586775,True,estimable,2447,587,1282,78,40,16,4,4,6.845839580621302,2.579896537218771e-16,delete_year_jackknife_diagnostic_t_df_5,0.7285855830859729,2.87959969099948,6.625377422174069,6,0,,5000,5000,0,Weather is common to sites within a city-date; additional stations are not independent weather replicates.
calendar_only,Seattle,wind_only_vs_reference,4.046489673557676,True,estimable,2447,587,1282,78,40,16,4,4,6.845839580621302,1.1102230246251565e-15,delete_year_jackknife_diagnostic_t_df_5,0.2460971470242322,3.413876817615265,4.679102529500087,6,0,,5000,5000,0,Weather is common to sites within a city-date; additional stations are not independent weather replicates.
calendar_only,Seattle,other_compound_vs_reference,8.078297581249194,True,estimable,2447,587,1282,78,40,16,4,4,6.845839580621302,4.440892098500626e-16,delete_year_jackknife_diagnostic_t_df_5,1.1976645827690473,4.999602759598135,11.156992402900253,6,0,,5000,5000,0,Weather is common to sites within a city-date; additional stations are not independent weather replicates.
calendar_only,Seattle,episode_vs_wind_only,2.5267871939978805,True,estimable,2447,587,1282,78,40,16,4,4,6.845839580621302,6.661338147750939e-16,delete_year_jackknife_diagnostic_t_df_5,1.871020936895562,-2.28282524048109,7.336399628476851,6,0,,5000,5000,0,Weather is common to sites within a city-date; additional stations are not independent weather replicates.
calendar_only,Seattle,episode_vs_heat_only,1.8207883109687817,True,estimable,2447,587,1282,78,40,16,4,4,6.845839580621302,6.481646471160256e-16,delete_year_jackknife_diagnostic_t_df_5,1.9597063353846416,-3.2167971979523857,6.858373819889949,6,0,,5000,5000,0,Weather is common to sites within a city-date; additional stations are not independent weather replicates.
weather_adjusted,Atlanta,episode_vs_reference,2.431055013961971,True,estimable,3701,868,1284,288,99,27,15,15,231.8284657321161,2.0757603075249623e-15,delete_year_jackknife_diagnostic_t_df_5,0.3803483727404953,1.4533383957814232,3.4087716321425185,6,0,,5000,5000,0,Weather is common to sites within a city-date; additional stations are not independent weather replicates.
weather_adjusted,Atlanta,heat_only_vs_reference,0.0089366689377942,True,estimable,3701,868,1284,288,99,27,15,15,231.8284657321161,2.6818824938601438e-15,delete_year_jackknife_diagnostic_t_df_5,0.2562623901123703,-0.649806776241812,0.6676801141174005,6,0,,5000,5000,0,Weather is common to sites within a city-date; additional stations are not independent weather replicates.
weather_adjusted,Atlanta,wind_only_vs_reference,1.8571619100780707,True,estimable,3701,868,1284,288,99,27,15,15,231.8284657321161,1.1102230246251565e-15,delete_year_jackknife_diagnostic_t_df_5,0.2382712625433053,1.2446661306301186,2.4696576895260227,6,0,,5000,5000,0,Weather is common to sites within a city-date; additional stations are not independent weather replicates.
weather_adjusted,Atlanta,other_compound_vs_reference,1.2771039255977528,True,estimable,3701,868,1284,288,99,27,15,15,231.8284657321161,4.3708975174873705e-15,delete_year_jackknife_diagnostic_t_df_5,0.6767913047337839,-0.4626435088675138,3.01685136006302,6,0,,5000,5000,0,Weather is common to sites within a city-date; additional stations are not independent weather replicates.
weather_adjusted,Atlanta,episode_vs_wind_only,0.5738931038839001,True,estimable,3701,868,1284,288,99,27,15,15,231.8284657321161,2.1673877881817067e-15,delete_year_jackknife_diagnostic_t_df_5,0.2343020102991362,-0.028399387844132,1.1761855956119325,6,0,,5000,5000,0,Weather is common to sites within a city-date; additional stations are not independent weather replicates.
weather_adjusted,Atlanta,episode_vs_heat_only,2.422118345024177,True,estimable,3701,868,1284,288,99,27,15,15,231.8284657321161,3.4833247397614286e-15,delete_year_jackknife_diagnostic_t_df_5,0.2367363678187348,1.81356813807482,3.030668551973533,6,0,,5000,5000,0,Weather is common to sites within a city-date; additional stations are not independent weather replicates.
weather_adjusted,Chicago,episode_vs_reference,4.650276859354266,True,estimable,4644,1108,1284,108,33,14,15,15,152.87300305578498,3.982925100842749e-15,delete_year_jackknife_diagnostic_t_df_5,0.6407390108466877,3.0032047966881907,6.2973489220203405,6,0,,5000,5000,0,Weather is common to sites within a city-date; additional stations are not independent weather replicates.
weather_adjusted,Chicago,heat_only_vs_reference,0.4932268698943542,True,estimable,4644,1108,1284,108,33,14,15,15,152.87300305578498,1.3322676295501878e-15,delete_year_jackknife_diagnostic_t_df_5,0.4664917903011866,-0.7059284527273406,1.6923821925160492,6,0,,5000,5000,0,Weather is common to sites within a city-date; additional stations are not independent weather replicates.
weather_adjusted,Chicago,wind_only_vs_reference,4.396163106609146,True,estimable,4644,1108,1284,108,33,14,15,15,152.87300305578498,3.497202527569243e-15,delete_year_jackknife_diagnostic_t_df_5,0.3974133991216867,3.374579441588453,5.417746771629838,6,0,,5000,5000,0,Weather is common to sites within a city-date; additional stations are not independent weather replicates.
weather_adjusted,Chicago,other_compound_vs_reference,4.58520294073803,True,estimable,4644,1108,1284,108,33,14,15,15,152.87300305578498,9.818534874028728e-16,delete_year_jackknife_diagnostic_t_df_5,0.2535442693130516,3.933446647512218,5.236959233963843,6,0,,5000,5000,0,Weather is common to sites within a city-date; additional stations are not independent weather replicates.
weather_adjusted,Chicago,episode_vs_wind_only,0.2541137527451198,True,estimable,4644,1108,1284,108,33,14,15,15,152.87300305578498,2.310651670001107e-15,delete_year_jackknife_diagnostic_t_df_5,0.6908361388689928,-1.5217370772326395,2.0299645827228794,6,0,,5000,5000,0,Weather is common to sites within a city-date; additional stations are not independent weather replicates.
weather_adjusted,Chicago,episode_vs_heat_only,4.157049989459912,True,estimable,4644,1108,1284,108,33,14,15,15,152.87300305578498,2.6645352591003757e-15,delete_year_jackknife_diagnostic_t_df_5,0.9387959682384724,1.7437981261374884,6.570301852782336,6,0,,5000,5000,0,Weather is common to sites within a city-date; additional stations are not independent weather replicates.
weather_adjusted,Dallas,episode_vs_reference,2.4526917347750365,True,estimable,4519,1109,1284,156,46,14,15,15,169.5572349287981,3.7181208854938975e-15,delete_year_jackknife_diagnostic_t_df_5,0.6305447511753798,0.8318248508477855,4.073558618702288,6,0,,5000,5000,0,Weather is common to sites within a city-date; additional stations are not independent weather replicates.
weather_adjusted,Dallas,heat_only_vs_reference,-1.0692533780980815,True,estimable,4519,1109,1284,156,46,14,15,15,169.5572349287981,2.5326962749261384e-15,delete_year_jackknife_diagnostic_t_df_5,0.5584663998599136,-2.5048369613911827,0.3663302051950192,6,0,,5000,5000,0,Weather is common to sites within a city-date; additional stations are not independent weather replicates.
weather_adjusted,Dallas,wind_only_vs_reference,3.0684627428705564,True,estimable,4519,1109,1284,156,46,14,15,15,169.5572349287981,6.106226635438361e-16,delete_year_jackknife_diagnostic_t_df_5,0.1852895115810401,2.59216089006641,3.5447645956747027,6,0,,5000,5000,0,Weather is common to sites within a city-date; additional stations are not independent weather replicates.
weather_adjusted,Dallas,other_compound_vs_reference,1.4326341396810631,True,estimable,4519,1109,1284,156,46,14,15,15,169.5572349287981,1.9736816347926123e-15,delete_year_jackknife_diagnostic_t_df_5,0.5293814857443525,0.0718157083044661,2.7934525710576605,6,0,,5000,5000,0,Weather is common to sites within a city-date; additional stations are not independent weather replicates.
weather_adjusted,Dallas,episode_vs_wind_only,-0.6157710080955199,True,estimable,4519,1109,1284,156,46,14,15,15,169.5572349287981,3.300262556622122e-15,delete_year_jackknife_diagnostic_t_df_5,0.6057568496553272,-2.1729185626317817,0.941376546440742,6,0,,5000,5000,0,Weather is common to sites within a city-date; additional stations are not independent weather replicates.
weather_adjusted,Dallas,episode_vs_heat_only,3.5219451128731185,True,estimable,4519,1109,1284,156,46,14,15,15,169.5572349287981,2.6199621115000447e-15,delete_year_jackknife_diagnostic_t_df_5,0.2045122970255924,2.996229516974872,4.047660708771365,6,0,,5000,5000,0,Weather is common to sites within a city-date; additional stations are not independent weather replicates.
weather_adjusted,Denver,episode_vs_reference,1.5699914297162878,True,estimable,6040,1461,1284,37,8,4,15,15,222.62629838889688,1.5414752807529908e-14,delete_year_jackknife_diagnostic_t_df_5,1.4716281687674515,-2.2129492097280563,5.352932069160632,6,0,,5000,4990,10,Weather is common to sites within a city-date; additional stations are not independent weather replicates.
weather_adjusted,Denver,heat_only_vs_reference,0.4470757102567877,True,estimable,6040,1461,1284,37,8,4,15,15,222.62629838889688,2.827216852349356e-15,delete_year_jackknife_diagnostic_t_df_5,0.4835795205305291,-0.7960050213047087,1.6901564418182842,6,0,,5000,5000,0,Weather is common to sites within a city-date; additional stations are not independent weather replicates.
weather_adjusted,Denver,wind_only_vs_reference,1.2942301041248,True,estimable,6040,1461,1284,37,8,4,15,15,222.62629838889688,1.0824674490095276e-15,delete_year_jackknife_diagnostic_t_df_5,0.2449007311919781,0.6646927329886492,1.9237674752609504,6,0,,5000,5000,0,Weather is common to sites within a city-date; additional stations are not independent weather replicates.
weather_adjusted,Denver,other_compound_vs_reference,0.9721395038651346,True,estimable,6040,1461,1284,37,8,4,15,15,222.62629838889688,2.4980018054066022e-15,delete_year_jackknife_diagnostic_t_df_5,0.4652608687310759,-0.2238516341273408,2.1681306418576103,6,0,,5000,5000,0,Weather is common to sites within a city-date; additional stations are not independent weather replicates.
weather_adjusted,Denver,episode_vs_wind_only,0.2757613255914879,True,estimable,6040,1461,1284,37,8,4,15,15,222.62629838889688,1.5720064139301826e-14,delete_year_jackknife_diagnostic_t_df_5,1.552619508218129,-3.715374179888623,4.266896831071598,6,0,,5000,4990,10,Weather is common to sites within a city-date; additional stations are not independent weather replicates.
weather_adjusted,Denver,episode_vs_heat_only,1.1229157194595,True,estimable,6040,1461,1284,37,8,4,15,15,222.62629838889688,1.554312234475219e-14,delete_year_jackknife_diagnostic_t_df_5,1.6395361026014037,-3.0916460047576253,5.337477443676625,6,0,,5000,4990,10,Weather is common to sites within a city-date; additional stations are not independent weather replicates.
weather_adjusted,Houston,episode_vs_reference,1.970963037175655,True,estimable,10963,2687,1284,649,76,22,15,15,478.7128282747042,2.4424906541753444e-15,delete_year_jackknife_diagnostic_t_df_5,0.2782575862144536,1.255679140424775,2.686246933926536,6,0,,5000,5000,0,Weather is common to sites within a city-date; additional stations are not independent weather replicates.
weather_adjusted,Houston,heat_only_vs_reference,-1.2726455892053363,True,estimable,10963,2687,1284,649,76,22,15,15,478.7128282747042,3.1502578323738817e-15,delete_year_jackknife_diagnostic_t_df_5,0.6253552099894153,-2.8801723328246607,0.3348811544139876,6,0,,5000,5000,0,Weather is common to sites within a city-date; additional stations are not independent weather replicates.
weather_adjusted,Houston,wind_only_vs_reference,3.6516691483971377,True,estimable,10963,2687,1284,649,76,22,15,15,478.7128282747042,6.290541004760897e-16,delete_year_jackknife_diagnostic_t_df_5,0.2374727478214245,3.041226016388741,4.262112280405535,6,0,,5000,5000,0,Weather is common to sites within a city-date; additional stations are not independent weather replicates.
weather_adjusted,Houston,other_compound_vs_reference,1.302990718463226,True,estimable,10963,2687,1284,649,76,22,15,15,478.7128282747042,1.858730260800021e-15,delete_year_jackknife_diagnostic_t_df_5,0.5334223702051782,-0.0682151371082746,2.6741965740347267,6,0,,5000,5000,0,Weather is common to sites within a city-date; additional stations are not independent weather replicates.
weather_adjusted,Houston,episode_vs_wind_only,-1.6807061112214827,True,estimable,10963,2687,1284,649,76,22,15,15,478.7128282747042,2.293304435241339e-15,delete_year_jackknife_diagnostic_t_df_5,0.3723601046897923,-2.637888232652699,-0.7235239897902661,6,0,,5000,5000,0,Weather is common to sites within a city-date; additional stations are not independent weather replicates.
weather_adjusted,Houston,episode_vs_heat_only,3.243608626380992,True,estimable,10963,2687,1284,649,76,22,15,15,478.7128282747042,2.2382269648790754e-15,delete_year_jackknife_diagnostic_t_df_5,0.7730006300518134,1.256547247834373,5.23067000492761,6,0,,5000,5000,0,Weather is common to sites within a city-date; additional stations are not independent weather replicates.
weather_adjusted,Los Angeles,episode_vs_reference,3.0736550723946645,True,estimable,9253,2148,1284,556,76,24,15,15,808.9937690308185,5.826936155806095e-15,delete_year_jackknife_diagnostic_t_df_5,0.3421860096120143,2.1940379316771472,3.953272213112182,6,0,,5000,5000,0,Weather is common to sites within a city-date; additional stations are not independent weather replicates.
weather_adjusted,Los Angeles,heat_only_vs_reference,0.8851013100364484,True,estimable,9253,2148,1284,556,76,24,15,15,808.9937690308185,1.9984014443252818e-15,delete_year_jackknife_diagnostic_t_df_5,0.3552857782106993,-0.0281898578918876,1.7983924779647844,6,0,,5000,5000,0,Weather is common to sites within a city-date; additional stations are not independent weather replicates.
weather_adjusted,Los Angeles,wind_only_vs_reference,2.370606169173412,True,estimable,9253,2148,1284,556,76,24,15,15,808.9937690308185,8.604228440844963e-16,delete_year_jackknife_diagnostic_t_df_5,0.4467536818570958,1.2221892695879166,3.519023068758908,6,0,,5000,5000,0,Weather is common to sites within a city-date; additional stations are not independent weather replicates.
weather_adjusted,Los Angeles,other_compound_vs_reference,3.101197112266538,True,estimable,9253,2148,1284,556,76,24,15,15,808.9937690308185,1.547373340571312e-15,delete_year_jackknife_diagnostic_t_df_5,0.6226064705394116,1.50073622834829,4.701657996184785,6,0,,5000,5000,0,Weather is common to sites within a city-date; additional stations are not independent weather replicates.
weather_adjusted,Los Angeles,episode_vs_wind_only,0.7030489032212524,True,estimable,9253,2148,1284,556,76,24,15,15,808.9937690308185,6.38378239159465e-15,delete_year_jackknife_diagnostic_t_df_5,0.5483584305239194,-0.706551317701573,2.112649124144077,6,0,,5000,5000,0,Weather is common to sites within a city-date; additional stations are not independent weather replicates.
weather_adjusted,Los Angeles,episode_vs_heat_only,2.1885537623582163,True,estimable,9253,2148,1284,556,76,24,15,15,808.9937690308185,7.993605777301127e-15,delete_year_jackknife_diagnostic_t_df_5,0.4250130821770052,1.0960228534062024,3.2810846713102304,6,0,,5000,5000,0,Weather is common to sites within a city-date; additional stations are not independent weather replicates.
weather_adjusted,New York,episode_vs_reference,4.52367019812234,True,estimable,10742,2527,1284,466,56,21,15,15,218.5192848082647,2.4390212072233908e-15,delete_year_jackknife_diagnostic_t_df_5,0.6633039877935889,2.8185930155950087,6.228747380649671,6,0,,5000,5000,0,Weather is common to sites within a city-date; additional stations are not independent weather replicates.
weather_adjusted,New York,heat_only_vs_reference,1.1704824493148456,True,estimable,10742,2527,1284,466,56,21,15,15,218.5192848082647,1.6514567491299204e-15,delete_year_jackknife_diagnostic_t_df_5,0.1989631911484054,0.6590312841885186,1.6819336144411725,6,0,,5000,5000,0,Weather is common to sites within a city-date; additional stations are not independent weather replicates.
weather_adjusted,New York,wind_only_vs_reference,4.333013844874474,True,estimable,10742,2527,1284,466,56,21,15,15,218.5192848082647,6.125526300989121e-16,delete_year_jackknife_diagnostic_t_df_5,0.2587061040383948,3.6679886330651374,4.99803905668381,6,0,,5000,5000,0,Weather is common to sites within a city-date; additional stations are not independent weather replicates.
weather_adjusted,New York,other_compound_vs_reference,3.8706809142478154,True,estimable,10742,2527,1284,466,56,21,15,15,218.5192848082647,2.123301534595612e-15,delete_year_jackknife_diagnostic_t_df_5,0.4768360781881999,2.6449347530811704,5.096427075414459,6,0,,5000,5000,0,Weather is common to sites within a city-date; additional stations are not independent weather replicates.
weather_adjusted,New York,episode_vs_wind_only,0.1906563532478662,True,estimable,10742,2527,1284,466,56,21,15,15,218.5192848082647,2.4424906541753444e-15,delete_year_jackknife_diagnostic_t_df_5,0.752800614201476,-1.7444792314743092,2.1257919379700416,6,0,,5000,5000,0,Weather is common to sites within a city-date; additional stations are not independent weather replicates.
weather_adjusted,New York,episode_vs_heat_only,3.3531877488074944,True,estimable,10742,2527,1284,466,56,21,15,15,218.5192848082647,4.052314039881821e-15,delete_year_jackknife_diagnostic_t_df_5,0.8062896375153363,1.2805542523487825,5.425821245266207,6,0,,5000,5000,0,Weather is common to sites within a city-date; additional stations are not independent weather replicates.
weather_adjusted,Philadelphia,episode_vs_reference,2.0993399560142123,True,estimable,5975,1435,1284,145,33,13,15,15,166.97000486410676,8.982398158607907e-15,delete_year_jackknife_diagnostic_t_df_5,0.7102943186477293,0.2734702825426869,3.925209629485738,6,0,,5000,5000,0,Weather is common to sites within a city-date; additional stations are not independent weather replicates.
weather_adjusted,Philadelphia,heat_only_vs_reference,0.8799273227185809,True,estimable,5975,1435,1284,145,33,13,15,15,166.97000486410676,4.053061767387415e-15,delete_year_jackknife_diagnostic_t_df_5,0.262752771530009,0.204499820960441,1.5553548244767206,6,0,,5000,5000,0,Weather is common to sites within a city-date; additional stations are not independent weather replicates.
weather_adjusted,Philadelphia,wind_only_vs_reference,1.975220284877229,True,estimable,5975,1435,1284,145,33,13,15,15,166.97000486410676,1.5604686050172748e-15,delete_year_jackknife_diagnostic_t_df_5,0.1877733476008933,1.4925335283177483,2.457907041436709,6,0,,5000,5000,0,Weather is common to sites within a city-date; additional stations are not independent weather replicates.
weather_adjusted,Philadelphia,other_compound_vs_reference,1.9102892732677768,True,estimable,5975,1435,1284,145,33,13,15,15,166.97000486410676,7.0915495697931874e-15,delete_year_jackknife_diagnostic_t_df_5,0.2315668091004569,1.3150278400578803,2.505550706477674,6,0,,5000,5000,0,Weather is common to sites within a city-date; additional stations are not independent weather replicates.
weather_adjusted,Philadelphia,episode_vs_wind_only,0.1241196711369836,True,estimable,5975,1435,1284,145,33,13,15,15,166.97000486410676,7.240735788727193e-15,delete_year_jackknife_diagnostic_t_df_5,0.7108466739734515,-1.70316987690166,1.9514092191756276,6,0,,5000,5000,0,Weather is common to sites within a city-date; additional stations are not independent weather replicates.
weather_adjusted,Philadelphia,episode_vs_heat_only,1.2194126332956314,True,estimable,5975,1435,1284,145,33,13,15,15,166.97000486410676,7.827072323607354e-15,delete_year_jackknife_diagnostic_t_df_5,0.8163125776353298,-0.8789856509752061,3.3178109175664687,6,0,,5000,5000,0,Weather is common to sites within a city-date; additional stations are not independent weather replicates.
weather_adjusted,Phoenix,episode_vs_reference,3.226334421512022,True,estimable,5991,1414,1284,72,16,8,15,15,414.2205410963679,1.4873519083025144e-14,delete_year_jackknife_diagnostic_t_df_5,0.7205966427929387,1.3739817807279842,5.07868706229606,6,0,,5000,4996,4,Weather is common to sites within a city-date; additional stations are not independent weather replicates.
weather_adjusted,Phoenix,heat_only_vs_reference,-0.0990975857087662,True,estimable,5991,1414,1284,72,16,8,15,15,414.2205410963679,9.992007221626409e-16,delete_year_jackknife_diagnostic_t_df_5,0.3886376852900053,-1.0981225601589966,0.899927388741464,6,0,,5000,5000,0,Weather is common to sites within a city-date; additional stations are not independent weather replicates.
weather_adjusted,Phoenix,wind_only_vs_reference,3.181136519823289,True,estimable,5991,1414,1284,72,16,8,15,15,414.2205410963679,9.079972080963403e-16,delete_year_jackknife_diagnostic_t_df_5,0.1564317008337136,2.7790160311424503,3.5832570085041278,6,0,,5000,5000,0,Weather is common to sites within a city-date; additional stations are not independent weather replicates.
weather_adjusted,Phoenix,other_compound_vs_reference,2.1059647954763023,True,estimable,5991,1414,1284,72,16,8,15,15,414.2205410963679,1.4851943459792682e-15,delete_year_jackknife_diagnostic_t_df_5,0.7183159734620685,0.2594748018472919,3.952454789105313,6,0,,5000,5000,0,Weather is common to sites within a city-date; additional stations are not independent weather replicates.
weather_adjusted,Phoenix,episode_vs_wind_only,0.0451979016887333,True,estimable,5991,1414,1284,72,16,8,15,15,414.2205410963679,1.455216155910044e-14,delete_year_jackknife_diagnostic_t_df_5,0.6425911863523402,-1.6066353296885825,1.6970311330660492,6,0,,5000,4996,4,Weather is common to sites within a city-date; additional stations are not independent weather replicates.
weather_adjusted,Phoenix,episode_vs_heat_only,3.325432007220789,True,estimable,5991,1414,1284,72,16,8,15,15,414.2205410963679,1.3766765505351941e-14,delete_year_jackknife_diagnostic_t_df_5,0.7678616390371781,1.3515808256298902,5.299283188811687,6,0,,5000,4996,4,Weather is common to sites within a city-date; additional stations are not independent weather replicates.
weather_adjusted,San Diego,episode_vs_reference,2.269172600801737,True,estimable,5051,1198,1284,291,72,26,15,15,655.8046341843332,3.83026943495679e-15,delete_year_jackknife_diagnostic_t_df_5,0.4369843753361597,1.145868503105724,3.392476698497751,6,0,,5000,5000,0,Weather is common to sites within a city-date; additional stations are not independent weather replicates.
weather_adjusted,San Diego,heat_only_vs_reference,0.7112501241813627,True,estimable,5051,1198,1284,291,72,26,15,15,655.8046341843332,3.5180192092809648e-15,delete_year_jackknife_diagnostic_t_df_5,0.2745245079232342,0.0055624106768993,1.416937837685826,6,0,,5000,5000,0,Weather is common to sites within a city-date; additional stations are not independent weather replicates.
weather_adjusted,San Diego,wind_only_vs_reference,1.1681062955663866,True,estimable,5051,1198,1284,291,72,26,15,15,655.8046341843332,7.632783294297951e-16,delete_year_jackknife_diagnostic_t_df_5,0.1521281559276188,0.7770484212500006,1.5591641698827725,6,0,,5000,5000,0,Weather is common to sites within a city-date; additional stations are not independent weather replicates.
weather_adjusted,San Diego,other_compound_vs_reference,1.993626631550402,True,estimable,5051,1198,1284,291,72,26,15,15,655.8046341843332,1.5959455978986625e-15,delete_year_jackknife_diagnostic_t_df_5,0.4374869256018139,0.8690306872700035,3.1182225758308006,6,0,,5000,5000,0,Weather is common to sites within a city-date; additional stations are not independent weather replicates.
weather_adjusted,San Diego,episode_vs_wind_only,1.1010663052353509,True,estimable,5051,1198,1284,291,72,26,15,15,655.8046341843332,3.5457747848965937e-15,delete_year_jackknife_diagnostic_t_df_5,0.5233953337411215,-0.2443642325363826,2.4464968430070844,6,0,,5000,5000,0,Weather is common to sites within a city-date; additional stations are not independent weather replicates.
weather_adjusted,San Diego,episode_vs_heat_only,1.5579224766203748,True,estimable,5051,1198,1284,291,72,26,15,15,655.8046341843332,1.5543122344752192e-15,delete_year_jackknife_diagnostic_t_df_5,0.2790546237343595,0.8405897296985038,2.2752552235422456,6,0,,5000,5000,0,Weather is common to sites within a city-date; additional stations are not independent weather replicates.
weather_adjusted,Seattle,episode_vs_reference,6.47313979844732,True,estimable,2447,587,1282,78,40,16,15,15,515.2008185515266,4.9682480351975755e-15,delete_year_jackknife_diagnostic_t_df_5,1.868406645662086,1.6702476135261852,11.276031983368457,6,0,,5000,5000,0,Weather is common to sites within a city-date; additional stations are not independent weather replicates.
weather_adjusted,Seattle,heat_only_vs_reference,3.768846636203703,True,estimable,2447,587,1282,78,40,16,15,15,515.2008185515266,2.6649106874260124e-15,delete_year_jackknife_diagnostic_t_df_5,0.8187603646987829,1.6641561149700477,5.873537157437358,6,0,,5000,5000,0,Weather is common to sites within a city-date; additional stations are not independent weather replicates.
weather_adjusted,Seattle,wind_only_vs_reference,3.71979177346451,True,estimable,2447,587,1282,78,40,16,15,15,515.2008185515266,1.1624699819405581e-15,delete_year_jackknife_diagnostic_t_df_5,0.1686936102850091,3.2861510430779544,4.153432503851066,6,0,,5000,5000,0,Weather is common to sites within a city-date; additional stations are not independent weather replicates.
weather_adjusted,Seattle,other_compound_vs_reference,7.723064597754309,True,estimable,2447,587,1282,78,40,16,15,15,515.2008185515266,3.076786478677757e-15,delete_year_jackknife_diagnostic_t_df_5,1.0939023936404857,4.911098974702991,10.535030220805629,6,0,,5000,5000,0,Weather is common to sites within a city-date; additional stations are not independent weather replicates.
weather_adjusted,Seattle,episode_vs_wind_only,2.753348024982809,True,estimable,2447,587,1282,78,40,16,15,15,515.2008185515266,4.6629367034256575e-15,delete_year_jackknife_diagnostic_t_df_5,1.821609820700288,-1.9292490917260752,7.435945141691694,6,0,,5000,5000,0,Weather is common to sites within a city-date; additional stations are not independent weather replicates.
weather_adjusted,Seattle,episode_vs_heat_only,2.7042931622436166,True,estimable,2447,587,1282,78,40,16,15,15,515.2008185515266,3.191891195797325e-15,delete_year_jackknife_diagnostic_t_df_5,1.8209008475043336,-1.976481480845794,7.385067805333027,6,0,,5000,5000,0,Weather is common to sites within a city-date; additional stations are not independent weather replicates.
direct_episode_neither,Atlanta,episode_vs_neither,2.083161120378472,True,estimable,516,165,177,218,75,26,12,12,329.0712116530988,1.3322676295501878e-15,delete_year_jackknife_diagnostic_t_df_5,0.3801899374742601,1.105851773015433,3.0604704677415118,6,0,,5000,5000,0,Weather is common to sites within a city-date; additional stations are not independent weather replicates.
direct_episode_neither,Chicago,episode_vs_neither,4.335753459031579,True,estimable,194,73,59,74,23,12,12,12,887.8015853885737,2.220446049250313e-15,delete_year_jackknife_diagnostic_t_df_5,0.9718617495919348,1.837503298780823,6.834003619282336,6,0,,5000,4829,171,Weather is common to sites within a city-date; additional stations are not independent weather replicates.
direct_episode_neither,Dallas,episode_vs_neither,2.7607506518166023,True,estimable,266,91,78,99,30,11,12,12,1057.9382834517005,1.2212453270876722e-15,delete_year_jackknife_diagnostic_t_df_5,0.2355314635623988,2.155297749862263,3.3662035537709416,6,0,,5000,4777,223,Weather is common to sites within a city-date; additional stations are not independent weather replicates.
direct_episode_neither,Denver,episode_vs_neither,,False,contrast_not_in_within_design_row_space_after_adjustment,50,23,11,23,5,4,6,12,2.2789938202349752e+19,0.15893539741046936,unavailable_fewer_than_3_blocks_or_nonidentifiable_deletion,,,,6,6,2019;2020;2021;2022;2023;2024,5000,0,5000,Weather is common to sites within a city-date; additional stations are not independent weather replicates.
direct_episode_neither,Houston,episode_vs_neither,1.910432421297954,True,estimable,677,252,82,318,37,16,12,12,4275.33213648301,4.440892098500626e-15,delete_year_jackknife_diagnostic_t_df_5,1.3698399887295156,-1.6108533714583926,5.4317182140543006,6,0,,5000,4931,69,Weather is common to sites within a city-date; additional stations are not independent weather replicates.
direct_episode_neither,Los Angeles,episode_vs_neither,3.1556284391484937,True,estimable,1116,378,157,436,61,22,12,12,1657.9827619027296,2.2412627309620348e-15,delete_year_jackknife_diagnostic_t_df_5,1.5384059288700342,-0.7989698974400286,7.110226775737016,6,0,,5000,5000,0,Weather is common to sites within a city-date; additional stations are not independent weather replicates.
direct_episode_neither,New York,episode_vs_neither,4.760269061112231,True,estimable,968,324,119,381,46,20,12,12,2743.9439650961226,1.0269562977782698e-15,delete_year_jackknife_diagnostic_t_df_5,1.0968204645795716,1.9408022979098003,7.579735824314661,6,0,,5000,4993,7,Weather is common to sites within a city-date; additional stations are not independent weather replicates.
direct_episode_neither,Philadelphia,episode_vs_neither,2.670353737186454,True,estimable,251,83,61,90,22,12,12,12,800.3541232562958,2.4841240175987878e-15,delete_year_jackknife_diagnostic_t_df_5,0.9857673112093336,0.1363581928276915,5.204349281545216,6,0,,5000,4914,86,Weather is common to sites within a city-date; additional stations are not independent weather replicates.
direct_episode_neither,Phoenix,episode_vs_neither,4.442781522439034,True,estimable,131,44,30,49,11,7,12,12,11086.213188380128,1.0436096431476471e-14,delete_year_jackknife_diagnostic_t_df_5,6.375215060103113,-11.9452305093371,20.83079355421517,6,0,,5000,3806,1194,Weather is common to sites within a city-date; additional stations are not independent weather replicates.
direct_episode_neither,San Diego,episode_vs_neither,2.245466885972716,True,estimable,631,226,161,229,58,26,12,12,2467.043859589627,3.9968028886505635e-15,delete_year_jackknife_diagnostic_t_df_5,0.2565958466234094,1.585866263542858,2.905067508402574,6,0,,5000,5000,0,Weather is common to sites within a city-date; additional stations are not independent weather replicates.
direct_episode_neither,Seattle,episode_vs_neither,4.791948967097726,True,estimable,136,50,71,56,29,15,12,12,2969.785562800095,1.5543122344752192e-15,delete_year_jackknife_diagnostic_t_df_5,1.3355909595731537,1.358703106578902,8.22519482761655,6,0,,5000,4897,103,Weather is common to sites within a city-date; additional stations are not independent weather replicates.
direct_episode_wind,Atlanta,episode_vs_wind_only,0.8250925217542551,True,estimable,276,101,95,137,47,20,12,12,1852.158260983511,1.1379786002407855e-15,delete_year_jackknife_diagnostic_t_df_5,0.4677648330194777,-0.3773352613550682,2.0275203048635784,6,0,,5000,4999,1,Weather is common to sites within a city-date; additional stations are not independent weather replicates.
direct_episode_wind,Chicago,episode_vs_wind_only,0.8557152766069649,True,estimable,133,61,43,65,21,12,12,12,5818.392321059319,3.1086244689504383e-15,delete_year_jackknife_diagnostic_t_df_5,2.2626042286467483,-4.960494054786281,6.671924608000211,6,0,,5000,3983,1017,Weather is common to sites within a city-date; additional stations are not independent weather replicates.
direct_episode_wind,Dallas,episode_vs_wind_only,0.9830796572904046,True,estimable,168,67,57,67,22,10,12,12,1137.4667314402348,1.9984014443252818e-15,delete_year_jackknife_diagnostic_t_df_5,0.3895573615629524,-0.0183094202817291,1.9844687348625385,6,0,,5000,4552,448,Weather is common to sites within a city-date; additional stations are not independent weather replicates.
direct_episode_wind,Denver,episode_vs_wind_only,,False,contrast_not_in_within_design_row_space_after_adjustment,64,26,15,26,6,4,9,12,4.991353616549349e+17,0.16089959999539657,unavailable_fewer_than_3_blocks_or_nonidentifiable_deletion,,,,6,6,2019;2020;2021;2022;2023;2024,5000,0,5000,Weather is common to sites within a city-date; additional stations are not independent weather replicates.
direct_episode_wind,Houston,episode_vs_wind_only,-1.3161655372689485,True,estimable,792,288,100,374,46,18,12,12,5420.281925359631,3.885780586188048e-15,delete_year_jackknife_diagnostic_t_df_5,0.6219267674186599,-2.9148791886913665,0.2825481141534696,6,0,,5000,4986,14,Weather is common to sites within a city-date; additional stations are not independent weather replicates.
direct_episode_wind,Los Angeles,episode_vs_wind_only,-1.4821826531103124,True,estimable,886,314,124,360,50,18,12,12,177294.74328448757,2.886579864025407e-15,delete_year_jackknife_diagnostic_t_df_5,2.545578019064768,-8.025799270113277,5.061433963892652,6,0,,5000,4998,2,Weather is common to sites within a city-date; additional stations are not independent weather replicates.
direct_episode_wind,New York,episode_vs_wind_only,2.235670040266544,True,estimable,607,251,75,276,34,19,12,12,13176.848977989295,2.4424906541753444e-15,delete_year_jackknife_diagnostic_t_df_5,1.402854831427527,-1.3704831074357018,5.841823187968789,6,0,,5000,4989,11,Weather is common to sites within a city-date; additional stations are not independent weather replicates.
direct_episode_wind,Philadelphia,episode_vs_wind_only,-0.946636941694567,True,estimable,256,110,59,113,26,12,12,12,5072.189938951689,1.3322676295501878e-15,delete_year_jackknife_diagnostic_t_df_5,1.25392218921229,-4.169946544585002,2.276672661195868,6,0,,5000,4657,343,Weather is common to sites within a city-date; additional stations are not independent weather replicates.
direct_episode_wind,Phoenix,episode_vs_wind_only,-3.540907325342083,True,estimable,118,42,25,52,11,7,12,12,7469.822084110689,5.329070518200751e-15,unavailable_fewer_than_3_blocks_or_nonidentifiable_deletion,,,,6,1,2021,5000,3324,1676,Weather is common to sites within a city-date; additional stations are not independent weather replicates.
direct_episode_wind,San Diego,episode_vs_wind_only,0.4115646725783941,True,estimable_but_ill_conditioned_no_sample_or_model_change,473,182,119,190,48,21,12,12,77973003391.13947,7.008282842946301e-14,delete_year_jackknife_diagnostic_t_df_5,0.8117658961781336,-1.6751459949261505,2.4982753400829387,6,0,,5000,5000,0,Weather is common to sites within a city-date; additional stations are not independent weather replicates.
direct_episode_wind,Seattle,episode_vs_wind_only,-9.327293738744627,True,estimable_but_ill_conditioned_no_sample_or_model_change,52,22,26,22,11,8,12,12,19309323207.24713,8.221689995480119e-11,unavailable_fewer_than_3_blocks_or_nonidentifiable_deletion,,,,6,2,2019;2022,5000,1749,3251,Weather is common to sites within a city-date; additional stations are not independent weather replicates.
persistent_wind_comparator,Atlanta,episode_vs_persistent_wind_only,1.1130815084840568,True,estimable,181,70,62,94,32,11,12,12,4723.381356593765,1.9984014443252818e-15,delete_year_jackknife_diagnostic_t_df_5,1.4834059247562374,-2.7001348165696166,4.92629783353773,6,0,,5000,4949,51,Weather is common to sites within a city-date; additional stations are not independent weather replicates.
persistent_wind_comparator,Chicago,episode_vs_persistent_wind_only,3.1043800125408865,True,estimable,90,42,29,46,15,10,12,12,8939.798501444597,5.329070518200751e-15,unavailable_fewer_than_3_blocks_or_nonidentifiable_deletion,,,,6,2,2023;2024,5000,1847,3153,Weather is common to sites within a city-date; additional stations are not independent weather replicates.
persistent_wind_comparator,Dallas,episode_vs_persistent_wind_only,-0.9955054800646854,True,estimable,137,55,48,55,19,8,12,12,2050.469730649308,5.051514762044462e-15,delete_year_jackknife_diagnostic_t_df_5,1.597922923585526,-5.103097122180513,3.112086162051142,6,0,,5000,4127,873,Weather is common to sites within a city-date; additional stations are not independent weather replicates.
persistent_wind_comparator,Denver,episode_vs_persistent_wind_only,,False,contrast_not_in_within_design_row_space_after_adjustment,52,22,12,22,5,3,7,12,2.0664372723474253e+17,0.3707395859804501,unavailable_fewer_than_3_blocks_or_nonidentifiable_deletion,,,,6,6,2019;2020;2021;2022;2023;2024,5000,0,5000,Weather is common to sites within a city-date; additional stations are not independent weather replicates.
persistent_wind_comparator,Houston,episode_vs_persistent_wind_only,-1.1920032897483372,True,estimable,656,240,82,326,40,14,12,12,4868.036389508772,2.886579864025407e-15,delete_year_jackknife_diagnostic_t_df_5,1.7872162195743309,-5.786188840140715,3.4021822606440413,6,0,,5000,4874,126,Weather is common to sites within a city-date; additional stations are not independent weather replicates.
persistent_wind_comparator,Los Angeles,episode_vs_persistent_wind_only,-1.859409506870275,True,estimable_but_ill_conditioned_no_sample_or_model_change,775,276,109,322,45,16,12,12,13459651.544445105,9.18709552877317e-15,delete_year_jackknife_diagnostic_t_df_5,2.812351923017671,-9.08879027559636,5.369971261855809,6,0,,5000,4984,16,Weather is common to sites within a city-date; additional stations are not independent weather replicates.
persistent_wind_comparator,New York,episode_vs_persistent_wind_only,1.7111416490899298,True,estimable,333,155,41,164,20,10,12,12,24033.986844391187,3.1086244689504383e-15,delete_year_jackknife_diagnostic_t_df_5,5.551915545307831,-12.560511604665264,15.982794902845123,6,0,,5000,3926,1074,Weather is common to sites within a city-date; additional stations are not independent weather replicates.
persistent_wind_comparator,Philadelphia,episode_vs_persistent_wind_only,-1.3646304605069544,True,estimable,193,85,44,85,19,8,12,12,6029.216429033956,3.1086244689504383e-15,delete_year_jackknife_diagnostic_t_df_5,2.1524181891978684,-6.897597560352203,4.168336639338294,6,0,,5000,4009,991,Weather is common to sites within a city-date; additional stations are not independent weather replicates.
persistent_wind_comparator,Phoenix,episode_vs_persistent_wind_only,63.56700048351195,True,estimable_but_ill_conditioned_no_sample_or_model_change,97,34,20,44,9,5,12,12,48615455.354937226,2.944489096989855e-11,unavailable_fewer_than_3_blocks_or_nonidentifiable_deletion,,,,6,1,2021,5000,3324,1676,Weather is common to sites within a city-date; additional stations are not independent weather replicates.
persistent_wind_comparator,San Diego,episode_vs_persistent_wind_only,0.6857195927827799,True,estimable_but_ill_conditioned_no_sample_or_model_change,377,146,97,154,40,17,11,12,3.1929152841012454e+18,1.7763568394002505e-15,delete_year_jackknife_diagnostic_t_df_5,0.9999429209210768,-1.88471551641006,3.25615470197562,6,0,,5000,4996,4,Weather is common to sites within a city-date; additional stations are not independent weather replicates.
persistent_wind_comparator,Seattle,episode_vs_persistent_wind_only,,False,contrast_not_in_within_design_row_space_after_adjustment,32,14,16,14,7,5,9,12,1.0597651236654196e+18,0.016823807866739315,unavailable_fewer_than_3_blocks_or_nonidentifiable_deletion,,,,6,6,2019;2020;2021;2022;2023;2024,5000,0,5000,Weather is common to sites within a city-date; additional stations are not independent weather replicates.
direct_wind_spline,Atlanta,episode_vs_wind_only,0.2718246846483119,True,estimable,276,101,95,137,47,20,15,15,2047.6032073328893,1.2663481374630692e-15,delete_year_jackknife_diagnostic_t_df_5,0.5894458102153819,-1.2433940081832793,1.787043377479903,6,0,,5000,4999,1,Weather is common to sites within a city-date; additional stations are not independent weather replicates.
direct_wind_spline,Chicago,episode_vs_wind_only,-0.1341717371532387,True,estimable,133,61,43,65,21,12,15,15,12627.850711535986,3.1437272731821616e-15,delete_year_jackknife_diagnostic_t_df_5,1.325375290334656,-3.5411573838887125,3.272813909582235,6,0,,5000,3510,1490,Weather is common to sites within a city-date; additional stations are not independent weather replicates.
direct_wind_spline,Dallas,episode_vs_wind_only,0.4165451277072237,True,estimable,168,67,57,67,22,10,15,15,1249.615845720631,5.7289242794134054e-15,delete_year_jackknife_diagnostic_t_df_5,1.640257144960951,-3.7998700949020794,4.632960350316526,6,0,,5000,4058,942,Weather is common to sites within a city-date; additional stations are not independent weather replicates.
direct_wind_spline,Denver,episode_vs_wind_only,,False,contrast_not_in_within_design_row_space_after_adjustment,64,26,15,26,6,4,9,15,2.714255902290694e+18,0.171688473066123,unavailable_fewer_than_3_blocks_or_nonidentifiable_deletion,,,,6,6,2019;2020;2021;2022;2023;2024,5000,0,5000,Weather is common to sites within a city-date; additional stations are not independent weather replicates.
direct_wind_spline,Houston,episode_vs_wind_only,-1.269550332891068,True,estimable,792,288,100,374,46,18,15,15,5702.537614557151,2.0747292772682613e-15,delete_year_jackknife_diagnostic_t_df_5,0.5273279208049749,-2.6250899075362017,0.0859892417540655,6,0,,5000,4978,22,Weather is common to sites within a city-date; additional stations are not independent weather replicates.
direct_wind_spline,Los Angeles,episode_vs_wind_only,-1.859402693530188,True,estimable,886,314,124,360,50,18,15,15,201401.34703658536,3.0574600912306922e-15,delete_year_jackknife_diagnostic_t_df_5,2.3704275722773245,-7.952780753517766,4.23397536645739,6,0,,5000,4984,16,Weather is common to sites within a city-date; additional stations are not independent weather replicates.
direct_wind_spline,New York,episode_vs_wind_only,2.53465622401382,True,estimable,607,251,75,276,34,19,15,15,16484.45357367524,6.079344171355184e-15,delete_year_jackknife_diagnostic_t_df_5,0.6457959665187823,0.8745848429534404,4.194727605074199,6,0,,5000,4892,108,Weather is common to sites within a city-date; additional stations are not independent weather replicates.
direct_wind_spline,Philadelphia,episode_vs_wind_only,-0.8400771738479402,True,estimable,256,110,59,113,26,12,15,15,5537.26591036204,3.3792413312028202e-15,delete_year_jackknife_diagnostic_t_df_5,1.1749634352625338,-3.8604168380706554,2.1802624903747736,6,0,,5000,4184,816,Weather is common to sites within a city-date; additional stations are not independent weather replicates.
direct_wind_spline,Phoenix,episode_vs_wind_only,-8.14366704849331,True,estimable,118,42,25,52,11,7,15,15,42216.36050356261,1.9622814421077162e-14,unavailable_fewer_than_3_blocks_or_nonidentifiable_deletion,,,,6,1,2021,5000,2353,2647,Weather is common to sites within a city-date; additional stations are not independent weather replicates.
direct_wind_spline,San Diego,episode_vs_wind_only,0.3711932875071759,True,estimable_but_ill_conditioned_no_sample_or_model_change,473,182,119,190,48,21,15,15,79140881122.03026,2.0373633335957209e-13,delete_year_jackknife_diagnostic_t_df_5,0.7972220872035838,-1.6781313288264263,2.4205179038407785,6,0,,5000,4996,4,Weather is common to sites within a city-date; additional stations are not independent weather replicates.
direct_wind_spline,Seattle,episode_vs_wind_only,-9.824615965017845,True,estimable_but_ill_conditioned_no_sample_or_model_change,52,22,26,22,11,8,15,15,82908036143.53073,5.5241522385422475e-11,unavailable_fewer_than_3_blocks_or_nonidentifiable_deletion,,,,6,5,2019;2020;2021;2022;2023,5000,262,4738,Weather is common to sites within a city-date; additional stations are not independent weather replicates.
four_weather_regimes,Atlanta,compound_vs_reference,2.12922348281917,True,estimable,3701,868,1284,288,99,27,14,14,231.88509070484852,3.039235529911366e-15,delete_year_jackknife_diagnostic_t_df_5,0.4885008845586855,0.8734919822803409,3.384954983357999,6,0,,5000,5000,0,Weather is common to sites within a city-date; additional stations are not independent weather replicates.
four_weather_regimes,Atlanta,heat_only_vs_reference,0.0212664994181299,True,estimable,3701,868,1284,288,99,27,14,14,231.88509070484852,1.6792123247455493e-15,delete_year_jackknife_diagnostic_t_df_5,0.2611944170899782,-0.6501551247229835,0.6926881235592433,6,0,,5000,5000,0,Weather is common to sites within a city-date; additional stations are not independent weather replicates.
four_weather_regimes,Atlanta,wind_only_vs_reference,1.858393782763505,True,estimable,3701,868,1284,288,99,27,14,14,231.88509070484852,9.992007221626409e-16,delete_year_jackknife_diagnostic_t_df_5,0.2358904646997249,1.252018039006583,2.4647695265204272,6,0,,5000,5000,0,Weather is common to sites within a city-date; additional stations are not independent weather replicates.
four_weather_regimes,Atlanta,compound_vs_wind_only,0.270829700055665,True,estimable,3701,868,1284,288,99,27,14,14,231.88509070484852,3.524958103184872e-15,delete_year_jackknife_diagnostic_t_df_5,0.3296153166198709,-0.5764734455948879,1.1181328457062178,6,0,,5000,5000,0,Weather is common to sites within a city-date; additional stations are not independent weather replicates.
four_weather_regimes,Atlanta,compound_vs_heat_only,2.1079569834010403,True,estimable,3701,868,1284,288,99,27,14,14,231.88509070484852,1.5508427875232655e-15,delete_year_jackknife_diagnostic_t_df_5,0.3273930121003779,1.2663664533815489,2.949547513420532,6,0,,5000,5000,0,Weather is common to sites within a city-date; additional stations are not independent weather replicates.
four_weather_regimes,Atlanta,compound_additive_interaction,0.249563200637535,True,estimable,3701,868,1284,288,99,27,14,14,231.88509070484852,1.880440247958859e-15,delete_year_jackknife_diagnostic_t_df_5,0.2563436434221827,-0.4093891128243603,0.9085155140994304,6,0,,5000,5000,0,Weather is common to sites within a city-date; additional stations are not independent weather replicates.
four_weather_regimes,Chicago,compound_vs_reference,4.606695265913948,True,estimable,4644,1108,1284,108,33,14,14,14,152.37269486142029,2.6467601737748146e-15,delete_year_jackknife_diagnostic_t_df_5,0.2661042592491153,3.922652490702715,5.290738041125181,6,0,,5000,5000,0,Weather is common to sites within a city-date; additional stations are not independent weather replicates.
four_weather_regimes,Chicago,heat_only_vs_reference,0.4926816553054531,True,estimable,4644,1108,1284,108,33,14,14,14,152.37269486142029,2.8104391670063207e-15,delete_year_jackknife_diagnostic_t_df_5,0.4669242283858192,-0.707585284801636,1.6929485954125425,6,0,,5000,5000,0,Weather is common to sites within a city-date; additional stations are not independent weather replicates.
four_weather_regimes,Chicago,wind_only_vs_reference,4.396085137549521,True,estimable,4644,1108,1284,108,33,14,14,14,152.37269486142029,1.317312908949043e-15,delete_year_jackknife_diagnostic_t_df_5,0.3969808144917692,3.37561346672087,5.416556808378173,6,0,,5000,5000,0,Weather is common to sites within a city-date; additional stations are not independent weather replicates.
four_weather_regimes,Chicago,compound_vs_wind_only,0.2106101283644266,True,estimable,4644,1108,1284,108,33,14,14,14,152.37269486142029,2.220446049250313e-15,delete_year_jackknife_diagnostic_t_df_5,0.4026774908338345,-0.8245053151926369,1.24572557192149,6,0,,5000,5000,0,Weather is common to sites within a city-date; additional stations are not independent weather replicates.
four_weather_regimes,Chicago,compound_vs_heat_only,4.114013610608495,True,estimable,4644,1108,1284,108,33,14,14,14,152.37269486142029,2.6786597761723925e-15,delete_year_jackknife_diagnostic_t_df_5,0.5214334840540576,2.773626168006577,5.454401053210414,6,0,,5000,5000,0,Weather is common to sites within a city-date; additional stations are not independent weather replicates.
four_weather_regimes,Chicago,compound_additive_interaction,-0.2820715269410265,True,estimable,4644,1108,1284,108,33,14,14,14,152.37269486142029,2.603653130079763e-15,delete_year_jackknife_diagnostic_t_df_5,0.6435635465362756,-1.9364042897448623,1.3722612358628097,6,0,,5000,5000,0,Weather is common to sites within a city-date; additional stations are not independent weather replicates.
four_weather_regimes,Dallas,compound_vs_reference,1.996179376806419,True,estimable,4519,1109,1284,156,46,14,14,14,169.54195401594853,2.1161578186794118e-15,delete_year_jackknife_diagnostic_t_df_5,0.5065792289856493,0.6939760124652596,3.2983827411475786,6,0,,5000,5000,0,Weather is common to sites within a city-date; additional stations are not independent weather replicates.
four_weather_regimes,Dallas,heat_only_vs_reference,-1.0655904270189522,True,estimable,4519,1109,1284,156,46,14,14,14,169.54195401594853,1.2490009027033011e-15,delete_year_jackknife_diagnostic_t_df_5,0.5645902735448679,-2.516915928770328,0.3857350747324233,6,0,,5000,5000,0,Weather is common to sites within a city-date; additional stations are not independent weather replicates.
four_weather_regimes,Dallas,wind_only_vs_reference,3.0620277529942057,True,estimable,4519,1109,1284,156,46,14,14,14,169.54195401594853,1.1198134350329234e-15,delete_year_jackknife_diagnostic_t_df_5,0.1843559794640907,2.588125620892873,3.5359298850955385,6,0,,5000,5000,0,Weather is common to sites within a city-date; additional stations are not independent weather replicates.
four_weather_regimes,Dallas,compound_vs_wind_only,-1.0658483761877866,True,estimable,4519,1109,1284,156,46,14,14,14,169.54195401594853,1.56472057533108e-15,delete_year_jackknife_diagnostic_t_df_5,0.5239343555722589,-2.4126645136876537,0.2809677613120802,6,0,,5000,5000,0,Weather is common to sites within a city-date; additional stations are not independent weather replicates.
four_weather_regimes,Dallas,compound_vs_heat_only,3.061769803825372,True,estimable,4519,1109,1284,156,46,14,14,14,169.54195401594853,1.609823385706477e-15,delete_year_jackknife_diagnostic_t_df_5,0.2880242626868166,2.3213798659400986,3.802159741710645,6,0,,5000,5000,0,Weather is common to sites within a city-date; additional stations are not independent weather replicates.
four_weather_regimes,Dallas,compound_additive_interaction,-0.0002579491688343,True,estimable,4519,1109,1284,156,46,14,14,14,169.54195401594853,1.1249681741709594e-15,delete_year_jackknife_diagnostic_t_df_5,0.3948918450362205,-1.0153597530598533,1.0148438547221843,6,0,,5000,5000,0,Weather is common to sites within a city-date; additional stations are not independent weather replicates.
four_weather_regimes,Denver,compound_vs_reference,1.087353115775982,True,estimable,6040,1461,1284,37,8,4,14,14,218.74206175879445,3.802513859341161e-15,delete_year_jackknife_diagnostic_t_df_5,0.4382249200434817,-0.0391399036109683,2.2138461351629326,6,0,,5000,5000,0,Weather is common to sites within a city-date; additional stations are not independent weather replicates.
four_weather_regimes,Denver,heat_only_vs_reference,0.4408833240263304,True,estimable,6040,1461,1284,37,8,4,14,14,218.74206175879445,1.0269562977782698e-15,delete_year_jackknife_diagnostic_t_df_5,0.4885255912250228,-0.8149116870202047,1.6966783350728654,6,0,,5000,5000,0,Weather is common to sites within a city-date; additional stations are not independent weather replicates.
four_weather_regimes,Denver,wind_only_vs_reference,1.291898769716787,True,estimable,6040,1461,1284,37,8,4,14,14,218.74206175879445,4.996003610813204e-16,delete_year_jackknife_diagnostic_t_df_5,0.2442762660601146,0.6639666373055926,1.9198309021279811,6,0,,5000,5000,0,Weather is common to sites within a city-date; additional stations are not independent weather replicates.
four_weather_regimes,Denver,compound_vs_wind_only,-0.2045456539408048,True,estimable,6040,1461,1284,37,8,4,14,14,218.74206175879445,4.538036613155327e-15,delete_year_jackknife_diagnostic_t_df_5,0.6119894467821212,-1.777714609440043,1.368623301558433,6,0,,5000,5000,0,Weather is common to sites within a city-date; additional stations are not independent weather replicates.
four_weather_regimes,Denver,compound_vs_heat_only,0.6464697917496518,True,estimable,6040,1461,1284,37,8,4,14,14,218.74206175879445,4.954370247389761e-15,delete_year_jackknife_diagnostic_t_df_5,0.5493292660673517,-0.7656260413865106,2.058565624885814,6,0,,5000,5000,0,Weather is common to sites within a city-date; additional stations are not independent weather replicates.
four_weather_regimes,Denver,compound_additive_interaction,-0.6454289779671352,True,estimable,6040,1461,1284,37,8,4,14,14,218.74206175879445,5.415806691999592e-15,delete_year_jackknife_diagnostic_t_df_5,0.5822590535110729,-2.142173524557492,0.8513155686232217,6,0,,5000,5000,0,Weather is common to sites within a city-date; additional stations are not independent weather replicates.
four_weather_regimes,Houston,compound_vs_reference,1.6882731742174455,True,estimable,10963,2687,1284,649,76,22,14,14,478.1827575194577,4.236194728335363e-15,delete_year_jackknife_diagnostic_t_df_5,0.2438517198467183,1.061432372590796,2.315113975844095,6,0,,5000,5000,0,Weather is common to sites within a city-date; additional stations are not independent weather replicates.
four_weather_regimes,Houston,heat_only_vs_reference,-1.2843620316862725,True,estimable,10963,2687,1284,649,76,22,14,14,478.1827575194577,2.2065682614424986e-15,delete_year_jackknife_diagnostic_t_df_5,0.6279745496417892,-2.8986220022373512,0.329897938864806,6,0,,5000,5000,0,Weather is common to sites within a city-date; additional stations are not independent weather replicates.
four_weather_regimes,Houston,wind_only_vs_reference,3.648726424933769,True,estimable,10963,2687,1284,649,76,22,14,14,478.1827575194577,1.5265566588595902e-15,delete_year_jackknife_diagnostic_t_df_5,0.2356651168718404,3.042929956209907,4.254522893657631,6,0,,5000,5000,0,Weather is common to sites within a city-date; additional stations are not independent weather replicates.
four_weather_regimes,Houston,compound_vs_wind_only,-1.9604532507163237,True,estimable,10963,2687,1284,649,76,22,14,14,478.1827575194577,3.2335245592207684e-15,delete_year_jackknife_diagnostic_t_df_5,0.4369749781924713,-3.083733192285465,-0.837173309147182,6,0,,5000,5000,0,Weather is common to sites within a city-date; additional stations are not independent weather replicates.
four_weather_regimes,Houston,compound_vs_heat_only,2.972635205903718,True,estimable,10963,2687,1284,649,76,22,14,14,478.1827575194577,2.7755575615628914e-15,delete_year_jackknife_diagnostic_t_df_5,0.551721579301745,1.5543897358220715,4.390880675985365,6,0,,5000,5000,0,Weather is common to sites within a city-date; additional stations are not independent weather replicates.
four_weather_regimes,Houston,compound_additive_interaction,-0.676091219030051,True,estimable,10963,2687,1284,649,76,22,14,14,478.1827575194577,1.887379141862766e-15,delete_year_jackknife_diagnostic_t_df_5,0.4562994239553922,-1.849046229861096,0.4968637918009941,6,0,,5000,5000,0,Weather is common to sites within a city-date; additional stations are not independent weather replicates.
four_weather_regimes,Los Angeles,compound_vs_reference,3.0849997044306985,True,estimable,9253,2148,1284,556,76,24,14,14,813.6160902657716,4.9404924595819466e-15,delete_year_jackknife_diagnostic_t_df_5,0.3286020119476015,2.240301341364647,3.92969806749675,6,0,,5000,5000,0,Weather is common to sites within a city-date; additional stations are not independent weather replicates.
four_weather_regimes,Los Angeles,heat_only_vs_reference,0.8860603644415442,True,estimable,9253,2148,1284,556,76,24,14,14,813.6160902657716,2.3869795029440866e-15,delete_year_jackknife_diagnostic_t_df_5,0.3658739165282264,-0.0544484795190317,1.82656920840212,6,0,,5000,5000,0,Weather is common to sites within a city-date; additional stations are not independent weather replicates.
four_weather_regimes,Los Angeles,wind_only_vs_reference,2.370887614408905,True,estimable,9253,2148,1284,556,76,24,14,14,813.6160902657716,1.3806230464430413e-15,delete_year_jackknife_diagnostic_t_df_5,0.4509167277508956,1.2117692646678873,3.530005964149922,6,0,,5000,5000,0,Weather is common to sites within a city-date; additional stations are not independent weather replicates.
four_weather_regimes,Los Angeles,compound_vs_wind_only,0.7141120900217937,True,estimable,9253,2148,1284,556,76,24,14,14,813.6160902657716,4.08006961549745e-15,delete_year_jackknife_diagnostic_t_df_5,0.410686360659638,-0.341590808833456,1.7698149888770434,6,0,,5000,5000,0,Weather is common to sites within a city-date; additional stations are not independent weather replicates.
four_weather_regimes,Los Angeles,compound_vs_heat_only,2.1989393399891544,True,estimable,9253,2148,1284,556,76,24,14,14,813.6160902657716,2.886579864025407e-15,delete_year_jackknife_diagnostic_t_df_5,0.2763886505153141,1.4884596953984546,2.909418984579854,6,0,,5000,5000,0,Weather is common to sites within a city-date; additional stations are not independent weather replicates.
four_weather_regimes,Los Angeles,compound_additive_interaction,-0.1719482744197505,True,estimable,9253,2148,1284,556,76,24,14,14,813.6160902657716,3.552713678800501e-15,delete_year_jackknife_diagnostic_t_df_5,0.4758494930434723,-1.3951583377340495,1.051261788894548,6,0,,5000,5000,0,Weather is common to sites within a city-date; additional stations are not independent weather replicates.
four_weather_regimes,New York,compound_vs_reference,4.261647145856577,True,estimable,10742,2527,1284,466,56,21,14,14,218.2297992075336,1.915134717478395e-15,delete_year_jackknife_diagnostic_t_df_5,0.4304574227224066,3.155121113991536,5.3681731777216175,6,0,,5000,5000,0,Weather is common to sites within a city-date; additional stations are not independent weather replicates.
four_weather_regimes,New York,heat_only_vs_reference,1.2070851669664897,True,estimable,10742,2527,1284,466,56,21,14,14,218.2297992075336,2.8799075838797756e-15,delete_year_jackknife_diagnostic_t_df_5,0.1763595334718957,0.75373855368234,1.6604317802506394,6,0,,5000,5000,0,Weather is common to sites within a city-date; additional stations are not independent weather replicates.
four_weather_regimes,New York,wind_only_vs_reference,4.333698059186252,True,estimable,10742,2527,1284,466,56,21,14,14,218.2297992075336,1.0316453154968729e-15,delete_year_jackknife_diagnostic_t_df_5,0.2550023492857023,3.678193652067839,4.989202466304666,6,0,,5000,5000,0,Weather is common to sites within a city-date; additional stations are not independent weather replicates.
four_weather_regimes,New York,compound_vs_wind_only,-0.0720509133296758,True,estimable,10742,2527,1284,466,56,21,14,14,218.2297992075336,2.1662161258847456e-15,delete_year_jackknife_diagnostic_t_df_5,0.5727059804057993,-1.5442385037211108,1.4001366770617591,6,0,,5000,5000,0,Weather is common to sites within a city-date; additional stations are not independent weather replicates.
four_weather_regimes,New York,compound_vs_heat_only,3.054561978890087,True,estimable,10742,2527,1284,466,56,21,14,14,218.2297992075336,1.7449996342144803e-15,delete_year_jackknife_diagnostic_t_df_5,0.5460232673960573,1.6509644858869916,4.458159471893183,6,0,,5000,5000,0,Weather is common to sites within a city-date; additional stations are not independent weather replicates.
four_weather_regimes,New York,compound_additive_interaction,-1.2791360802961655,True,estimable,10742,2527,1284,466,56,21,14,14,218.2297992075336,1.9509022077625363e-15,delete_year_jackknife_diagnostic_t_df_5,0.7045772190957621,-3.0903094815068792,0.5320373209145484,6,0,,5000,5000,0,Weather is common to sites within a city-date; additional stations are not independent weather replicates.
four_weather_regimes,Philadelphia,compound_vs_reference,1.996977206557657,True,estimable,5975,1435,1284,145,33,13,14,14,166.3281286709905,2.0747292772682613e-15,delete_year_jackknife_diagnostic_t_df_5,0.3332647050690733,1.1402930092484036,2.8536614038669104,6,0,,5000,5000,0,Weather is common to sites within a city-date; additional stations are not independent weather replicates.
four_weather_regimes,Philadelphia,heat_only_vs_reference,0.8828641163916154,True,estimable,5975,1435,1284,145,33,13,14,14,166.3281286709905,1.1657341758564144e-15,delete_year_jackknife_diagnostic_t_df_5,0.2584881491423631,0.2183991754790062,1.5473290573042249,6,0,,5000,5000,0,Weather is common to sites within a city-date; additional stations are not independent weather replicates.
four_weather_regimes,Philadelphia,wind_only_vs_reference,1.9764709607430044,True,estimable,5975,1435,1284,145,33,13,14,14,166.3281286709905,7.230950158341083e-16,delete_year_jackknife_diagnostic_t_df_5,0.1875100719357658,1.494460975826066,2.458480945659943,6,0,,5000,5000,0,Weather is common to sites within a city-date; additional stations are not independent weather replicates.
four_weather_regimes,Philadelphia,compound_vs_wind_only,0.0205062458146525,True,estimable,5975,1435,1284,145,33,13,14,14,166.3281286709905,2.4216739724636227e-15,delete_year_jackknife_diagnostic_t_df_5,0.3226389138390522,-0.808863485569445,0.8498759771987501,6,0,,5000,5000,0,Weather is common to sites within a city-date; additional stations are not independent weather replicates.
four_weather_regimes,Philadelphia,compound_vs_heat_only,1.1141130901660414,True,estimable,5975,1435,1284,145,33,13,14,14,166.3281286709905,1.5994150448506161e-15,delete_year_jackknife_diagnostic_t_df_5,0.4115709586354156,0.0561362598224168,2.172089920509666,6,0,,5000,5000,0,Weather is common to sites within a city-date; additional stations are not independent weather replicates.
four_weather_regimes,Philadelphia,compound_additive_interaction,-0.8623578705769629,True,estimable,5975,1435,1284,145,33,13,14,14,166.3281286709905,2.1571286423771596e-15,delete_year_jackknife_diagnostic_t_df_5,0.4009938587426707,-1.8931454000625865,0.1684296589086605,6,0,,5000,5000,0,Weather is common to sites within a city-date; additional stations are not independent weather replicates.
four_weather_regimes,Phoenix,compound_vs_reference,2.4437816951404514,True,estimable,5991,1414,1284,72,16,8,14,14,409.6472853708688,3.603020659603828e-15,delete_year_jackknife_diagnostic_t_df_5,0.5361824146483991,1.065480919457658,3.822082470823245,6,0,,5000,5000,0,Weather is common to sites within a city-date; additional stations are not independent weather replicates.
four_weather_regimes,Phoenix,heat_only_vs_reference,-0.0906888107529418,True,estimable,5991,1414,1284,72,16,8,14,14,409.6472853708688,1.7694179454963432e-15,delete_year_jackknife_diagnostic_t_df_5,0.387066761285857,-1.0856755964929432,0.9042979749870595,6,0,,5000,5000,0,Weather is common to sites within a city-date; additional stations are not independent weather replicates.
four_weather_regimes,Phoenix,wind_only_vs_reference,3.1722478153979634,True,estimable,5991,1414,1284,72,16,8,14,14,409.6472853708688,8.881784197001252e-16,delete_year_jackknife_diagnostic_t_df_5,0.1582191163935357,2.7655326287463127,3.578963002049614,6,0,,5000,5000,0,Weather is common to sites within a city-date; additional stations are not independent weather replicates.
four_weather_regimes,Phoenix,compound_vs_wind_only,-0.728466120257512,True,estimable,5991,1414,1284,72,16,8,14,14,409.6472853708688,3.656797087359109e-15,delete_year_jackknife_diagnostic_t_df_5,0.4645187228017669,-1.9225495114047144,0.4656172708896904,6,0,,5000,5000,0,Weather is common to sites within a city-date; additional stations are not independent weather replicates.
four_weather_regimes,Phoenix,compound_vs_heat_only,2.534470505893393,True,estimable,5991,1414,1284,72,16,8,14,14,409.6472853708688,1.820158607168665e-15,delete_year_jackknife_diagnostic_t_df_5,0.3461583579547542,1.6446421186812086,3.424298893105578,6,0,,5000,5000,0,Weather is common to sites within a city-date; additional stations are not independent weather replicates.
four_weather_regimes,Phoenix,compound_additive_interaction,-0.6377773095045701,True,estimable,5991,1414,1284,72,16,8,14,14,409.6472853708688,1.8457457784393227e-15,delete_year_jackknife_diagnostic_t_df_5,0.3640386228070921,-1.573568380762541,0.2980137617534008,6,0,,5000,5000,0,Weather is common to sites within a city-date; additional stations are not independent weather replicates.
four_weather_regimes,San Diego,compound_vs_reference,2.168798844101313,True,estimable,5051,1198,1284,291,72,26,14,14,656.8379743008678,3.774758283725532e-15,delete_year_jackknife_diagnostic_t_df_5,0.3740936503658179,1.2071605016440596,3.1304371865585674,6,0,,5000,5000,0,Weather is common to sites within a city-date; additional stations are not independent weather replicates.
four_weather_regimes,San Diego,heat_only_vs_reference,0.7032858086030165,True,estimable,5051,1198,1284,291,72,26,14,14,656.8379743008678,1.4432899320127035e-15,delete_year_jackknife_diagnostic_t_df_5,0.2739205926592329,-0.0008494912935416,1.4074211084995745,6,0,,5000,5000,0,Weather is common to sites within a city-date; additional stations are not independent weather replicates.
four_weather_regimes,San Diego,wind_only_vs_reference,1.1649695429481612,True,estimable,5051,1198,1284,291,72,26,14,14,656.8379743008678,3.712308238590367e-16,delete_year_jackknife_diagnostic_t_df_5,0.1526019698262633,0.7726936912304476,1.5572453946658749,6,0,,5000,5000,0,Weather is common to sites within a city-date; additional stations are not independent weather replicates.
four_weather_regimes,San Diego,compound_vs_wind_only,1.0038293011531525,True,estimable,5051,1198,1284,291,72,26,14,14,656.8379743008678,3.726186026398182e-15,delete_year_jackknife_diagnostic_t_df_5,0.4511277139679243,-0.1558314059249288,2.1634900082312334,6,0,,5000,5000,0,Weather is common to sites within a city-date; additional stations are not independent weather replicates.
four_weather_regimes,San Diego,compound_vs_heat_only,1.465513035498297,True,estimable,5051,1198,1284,291,72,26,14,14,656.8379743008678,2.886579864025407e-15,delete_year_jackknife_diagnostic_t_df_5,0.1772978321037595,1.0097544487946757,1.9212716222019184,6,0,,5000,5000,0,Weather is common to sites within a city-date; additional stations are not independent weather replicates.
four_weather_regimes,San Diego,compound_additive_interaction,0.3005434925501358,True,estimable,5051,1198,1284,291,72,26,14,14,656.8379743008678,2.886579864025407e-15,delete_year_jackknife_diagnostic_t_df_5,0.2329631137488695,-0.2983072560259847,0.8993942411262563,6,0,,5000,5000,0,Weather is common to sites within a city-date; additional stations are not independent weather replicates.
four_weather_regimes,Seattle,compound_vs_reference,7.255919906156607,True,estimable,2447,587,1282,78,40,16,14,14,515.4859509582458,1.8145207558717402e-15,delete_year_jackknife_diagnostic_t_df_5,1.3681597687731564,3.738953256299951,10.772886556013264,6,0,,5000,5000,0,Weather is common to sites within a city-date; additional stations are not independent weather replicates.
four_weather_regimes,Seattle,heat_only_vs_reference,3.7966057895188223,True,estimable,2447,587,1282,78,40,16,14,14,515.4859509582458,1.2116665666382247e-15,delete_year_jackknife_diagnostic_t_df_5,0.8080778639032721,1.719375510789277,5.873836068248368,6,0,,5000,5000,0,Weather is common to sites within a city-date; additional stations are not independent weather replicates.
four_weather_regimes,Seattle,wind_only_vs_reference,3.7196311607410775,True,estimable,2447,587,1282,78,40,16,14,14,515.4859509582458,7.216449660063518e-16,delete_year_jackknife_diagnostic_t_df_5,0.1709547276820041,3.280178043045565,4.15908427843659,6,0,,5000,5000,0,Weather is common to sites within a city-date; additional stations are not independent weather replicates.
four_weather_regimes,Seattle,compound_vs_wind_only,3.5362887454155296,True,estimable,2447,587,1282,78,40,16,14,14,515.4859509582458,2.2343238370581275e-15,delete_year_jackknife_diagnostic_t_df_5,1.3096557230050134,0.1697115329216973,6.902865957909362,6,0,,5000,5000,0,Weather is common to sites within a city-date; additional stations are not independent weather replicates.
four_weather_regimes,Seattle,compound_vs_heat_only,3.4593141166377848,True,estimable,2447,587,1282,78,40,16,14,14,515.4859509582458,1.887379141862766e-15,delete_year_jackknife_diagnostic_t_df_5,1.458905119791612,-0.2909208842153541,7.209549117490924,6,0,,5000,5000,0,Weather is common to sites within a city-date; additional stations are not independent weather replicates.
four_weather_regimes,Seattle,compound_additive_interaction,-0.2603170441032927,True,estimable,2447,587,1282,78,40,16,14,14,515.4859509582458,2.4424906541753444e-15,delete_year_jackknife_diagnostic_t_df_5,1.398013563715172,-3.8540253169627054,3.33339122875612,6,0,,5000,5000,0,Weather is common to sites within a city-date; additional stations are not independent weather replicates.
core_monitors,Atlanta,episode_vs_reference,2.431055013961971,True,estimable,3701,868,1284,288,99,27,15,15,231.8284657321161,2.0757603075249623e-15,delete_year_jackknife_diagnostic_t_df_5,0.3803483727404953,1.4533383957814232,3.4087716321425185,6,0,,5000,5000,0,Weather is common to sites within a city-date; additional stations are not independent weather replicates.
core_monitors,Atlanta,heat_only_vs_reference,0.0089366689377942,True,estimable,3701,868,1284,288,99,27,15,15,231.8284657321161,2.6818824938601438e-15,delete_year_jackknife_diagnostic_t_df_5,0.2562623901123703,-0.649806776241812,0.6676801141174005,6,0,,5000,5000,0,Weather is common to sites within a city-date; additional stations are not independent weather replicates.
core_monitors,Atlanta,wind_only_vs_reference,1.8571619100780707,True,estimable,3701,868,1284,288,99,27,15,15,231.8284657321161,1.1102230246251565e-15,delete_year_jackknife_diagnostic_t_df_5,0.2382712625433053,1.2446661306301186,2.4696576895260227,6,0,,5000,5000,0,Weather is common to sites within a city-date; additional stations are not independent weather replicates.
core_monitors,Atlanta,other_compound_vs_reference,1.2771039255977528,True,estimable,3701,868,1284,288,99,27,15,15,231.8284657321161,4.3708975174873705e-15,delete_year_jackknife_diagnostic_t_df_5,0.6767913047337839,-0.4626435088675138,3.01685136006302,6,0,,5000,5000,0,Weather is common to sites within a city-date; additional stations are not independent weather replicates.
core_monitors,Atlanta,episode_vs_wind_only,0.5738931038839001,True,estimable,3701,868,1284,288,99,27,15,15,231.8284657321161,2.1673877881817067e-15,delete_year_jackknife_diagnostic_t_df_5,0.2343020102991362,-0.028399387844132,1.1761855956119325,6,0,,5000,5000,0,Weather is common to sites within a city-date; additional stations are not independent weather replicates.
core_monitors,Atlanta,episode_vs_heat_only,2.422118345024177,True,estimable,3701,868,1284,288,99,27,15,15,231.8284657321161,3.4833247397614286e-15,delete_year_jackknife_diagnostic_t_df_5,0.2367363678187348,1.81356813807482,3.030668551973533,6,0,,5000,5000,0,Weather is common to sites within a city-date; additional stations are not independent weather replicates.
core_monitors,Chicago,episode_vs_reference,4.665406447079128,True,estimable,4153,973,1284,103,33,14,15,15,153.2172496634058,1.7763568394002505e-15,delete_year_jackknife_diagnostic_t_df_5,0.7233436387950828,2.805992428269413,6.524820465888844,6,0,,5000,5000,0,Weather is common to sites within a city-date; additional stations are not independent weather replicates.
core_monitors,Chicago,heat_only_vs_reference,0.4335906403512517,True,estimable,4153,973,1284,103,33,14,15,15,153.2172496634058,2.220446049250313e-15,delete_year_jackknife_diagnostic_t_df_5,0.5291757376213336,-0.9266988986375968,1.7938801793401002,6,0,,5000,5000,0,Weather is common to sites within a city-date; additional stations are not independent weather replicates.
core_monitors,Chicago,wind_only_vs_reference,4.5441587329286985,True,estimable,4153,973,1284,103,33,14,15,15,153.2172496634058,4.066191827689636e-15,delete_year_jackknife_diagnostic_t_df_5,0.4139534699692747,3.4800574622270584,5.608260003630338,6,0,,5000,5000,0,Weather is common to sites within a city-date; additional stations are not independent weather replicates.
core_monitors,Chicago,other_compound_vs_reference,4.74517576153087,True,estimable,4153,973,1284,103,33,14,15,15,153.2172496634058,2.220446049250313e-15,delete_year_jackknife_diagnostic_t_df_5,0.3584959324625368,3.82363262939317,5.66671889366857,6,0,,5000,5000,0,Weather is common to sites within a city-date; additional stations are not independent weather replicates.
core_monitors,Chicago,episode_vs_wind_only,0.1212477141504297,True,estimable,4153,973,1284,103,33,14,15,15,153.2172496634058,3.5457747848965937e-15,delete_year_jackknife_diagnostic_t_df_5,0.643950442185459,-1.534079595581484,1.7765750238823437,6,0,,5000,5000,0,Weather is common to sites within a city-date; additional stations are not independent weather replicates.
core_monitors,Chicago,episode_vs_heat_only,4.231815806727877,True,estimable,4153,973,1284,103,33,14,15,15,153.2172496634058,2.220446049250313e-15,delete_year_jackknife_diagnostic_t_df_5,1.0292142245206068,1.5861364161966889,6.877495197259064,6,0,,5000,5000,0,Weather is common to sites within a city-date; additional stations are not independent weather replicates.
core_monitors,Dallas,episode_vs_reference,2.7102022803604315,True,estimable,3465,827,1284,116,46,14,15,15,170.21062256326434,2.501471252358556e-15,delete_year_jackknife_diagnostic_t_df_5,0.7573817574172427,0.7632904921013579,4.657114068619505,6,0,,5000,5000,0,Weather is common to sites within a city-date; additional stations are not independent weather replicates.
core_monitors,Dallas,heat_only_vs_reference,-1.0703392143351649,True,estimable,3465,827,1284,116,46,14,15,15,170.21062256326434,1.77115266897232e-15,delete_year_jackknife_diagnostic_t_df_5,0.607961762564146,-2.6331546779439963,0.4924762492736672,6,0,,5000,5000,0,Weather is common to sites within a city-date; additional stations are not independent weather replicates.
core_monitors,Dallas,wind_only_vs_reference,3.007099934311392,True,estimable,3465,827,1284,116,46,14,15,15,170.21062256326434,9.992007221626409e-16,delete_year_jackknife_diagnostic_t_df_5,0.2135178323745401,2.45823487282496,3.555964995797824,6,0,,5000,5000,0,Weather is common to sites within a city-date; additional stations are not independent weather replicates.
core_monitors,Dallas,other_compound_vs_reference,1.2561178690512655,True,estimable,3465,827,1284,116,46,14,15,15,170.21062256326434,2.099882767669925e-15,delete_year_jackknife_diagnostic_t_df_5,0.5341433868602624,-0.1169414188369859,2.629177156939517,6,0,,5000,5000,0,Weather is common to sites within a city-date; additional stations are not independent weather replicates.
core_monitors,Dallas,episode_vs_wind_only,-0.2968976539509604,True,estimable,3465,827,1284,116,46,14,15,15,170.21062256326434,2.693158196453993e-15,delete_year_jackknife_diagnostic_t_df_5,0.7253759037041585,-2.1615357760211467,1.567740468119226,6,0,,5000,5000,0,Weather is common to sites within a city-date; additional stations are not independent weather replicates.
core_monitors,Dallas,episode_vs_heat_only,3.780541494695596,True,estimable,3465,827,1284,116,46,14,15,15,170.21062256326434,2.768618667658984e-15,delete_year_jackknife_diagnostic_t_df_5,0.3507294122839156,2.878962838255162,4.682120151136029,6,0,,5000,5000,0,Weather is common to sites within a city-date; additional stations are not independent weather replicates.
core_monitors,Denver,episode_vs_reference,1.5204483256468715,True,estimable,5709,1369,1284,35,8,4,15,15,222.1408820239529,1.619537837171947e-14,delete_year_jackknife_diagnostic_t_df_5,1.377690467389426,-2.021017764953692,5.0619144162474345,6,0,,5000,4990,10,Weather is common to sites within a city-date; additional stations are not independent weather replicates.
core_monitors,Denver,heat_only_vs_reference,0.4442240406565169,True,estimable,5709,1369,1284,35,8,4,15,15,222.1408820239529,1.3981871216373065e-15,delete_year_jackknife_diagnostic_t_df_5,0.4829192973359763,-0.7971595331535964,1.68560761446663,6,0,,5000,5000,0,Weather is common to sites within a city-date; additional stations are not independent weather replicates.
core_monitors,Denver,wind_only_vs_reference,1.3011584850690543,True,estimable,5709,1369,1284,35,8,4,15,15,222.1408820239529,9.43689570931383e-16,delete_year_jackknife_diagnostic_t_df_5,0.2514046647476452,0.6549022204745202,1.9474147496635883,6,0,,5000,5000,0,Weather is common to sites within a city-date; additional stations are not independent weather replicates.
core_monitors,Denver,other_compound_vs_reference,0.9995562401998116,True,estimable,5709,1369,1284,35,8,4,15,15,222.1408820239529,3.5388358909926865e-15,delete_year_jackknife_diagnostic_t_df_5,0.443231483242608,-0.1398065596057782,2.138919040005401,6,0,,5000,5000,0,Weather is common to sites within a city-date; additional stations are not independent weather replicates.
core_monitors,Denver,episode_vs_wind_only,0.2192898405778174,True,estimable,5709,1369,1284,35,8,4,15,15,222.1408820239529,1.517536096784511e-14,delete_year_jackknife_diagnostic_t_df_5,1.4640663762618404,-3.544212592406752,3.9827922735623855,6,0,,5000,4990,10,Weather is common to sites within a city-date; additional stations are not independent weather replicates.
core_monitors,Denver,episode_vs_heat_only,1.0762242849903547,True,estimable,5709,1369,1284,35,8,4,15,15,222.1408820239529,1.5654144647214707e-14,delete_year_jackknife_diagnostic_t_df_5,1.5689689344032498,-2.956938758464304,5.109387328445013,6,0,,5000,4990,10,Weather is common to sites within a city-date; additional stations are not independent weather replicates.
core_monitors,Houston,episode_vs_reference,1.8634837204194807,True,estimable,9483,2283,1284,545,76,22,15,15,475.9038323295677,8.715250743307479e-15,delete_year_jackknife_diagnostic_t_df_5,0.3355516426423044,1.0009207629252452,2.7260466779137165,6,0,,5000,5000,0,Weather is common to sites within a city-date; additional stations are not independent weather replicates.
core_monitors,Houston,heat_only_vs_reference,-1.359837141420956,True,estimable,9483,2283,1284,545,76,22,15,15,475.9038323295677,2.095545958979983e-15,delete_year_jackknife_diagnostic_t_df_5,0.6364056468734319,-2.995769937370179,0.2760956545282669,6,0,,5000,5000,0,Weather is common to sites within a city-date; additional stations are not independent weather replicates.
core_monitors,Houston,wind_only_vs_reference,3.6552200947689135,True,estimable,9483,2283,1284,545,76,22,15,15,475.9038323295677,1.5144135945277526e-15,delete_year_jackknife_diagnostic_t_df_5,0.2380175508261379,3.0433765020526007,4.267063687485228,6,0,,5000,5000,0,Weather is common to sites within a city-date; additional stations are not independent weather replicates.
core_monitors,Houston,other_compound_vs_reference,1.2213493053129527,True,estimable,9483,2283,1284,545,76,22,15,15,475.9038323295677,2.3175905639050143e-15,delete_year_jackknife_diagnostic_t_df_5,0.5428859840974304,-0.174183544229447,2.6168821548553525,6,0,,5000,5000,0,Weather is common to sites within a city-date; additional stations are not independent weather replicates.
core_monitors,Houston,episode_vs_wind_only,-1.7917363743494337,True,estimable,9483,2283,1284,545,76,22,15,15,475.9038323295677,6.904199434387692e-15,delete_year_jackknife_diagnostic_t_df_5,0.4066833223450256,-2.8371491356257845,-0.7463236130730828,6,0,,5000,5000,0,Weather is common to sites within a city-date; additional stations are not independent weather replicates.
core_monitors,Houston,episode_vs_heat_only,3.2233208618404365,True,estimable,9483,2283,1284,545,76,22,15,15,475.9038323295677,1.0690233420707074e-14,delete_year_jackknife_diagnostic_t_df_5,0.8103557786580304,1.1402350168191815,5.306406706861692,6,0,,5000,5000,0,Weather is common to sites within a city-date; additional stations are not independent weather replicates.
core_monitors,Los Angeles,episode_vs_reference,3.131075633360914,True,estimable,9088,2107,1284,548,76,24,15,15,810.0110479167068,3.882311139236094e-15,delete_year_jackknife_diagnostic_t_df_5,0.3452547732882458,2.2435699844794152,4.018581282242413,6,0,,5000,5000,0,Weather is common to sites within a city-date; additional stations are not independent weather replicates.
core_monitors,Los Angeles,heat_only_vs_reference,0.9163095350132208,True,estimable,9088,2107,1284,548,76,24,15,15,810.0110479167068,2.220446049250313e-15,delete_year_jackknife_diagnostic_t_df_5,0.3629028328866255,-0.0165618953060998,1.849180965332541,6,0,,5000,5000,0,Weather is common to sites within a city-date; additional stations are not independent weather replicates.
core_monitors,Los Angeles,wind_only_vs_reference,2.3998827313233764,True,estimable,9088,2107,1284,548,76,24,15,15,810.0110479167068,1.4710455076283324e-15,delete_year_jackknife_diagnostic_t_df_5,0.4677280036888973,1.1975496210222618,3.602215841624491,6,0,,5000,5000,0,Weather is common to sites within a city-date; additional stations are not independent weather replicates.
core_monitors,Los Angeles,other_compound_vs_reference,3.105118100422418,True,estimable,9088,2107,1284,548,76,24,15,15,810.0110479167068,1.9489618252599428e-15,delete_year_jackknife_diagnostic_t_df_5,0.6253853917251623,1.497513772181415,4.7127224286634215,6,0,,5000,5000,0,Weather is common to sites within a city-date; additional stations are not independent weather replicates.
core_monitors,Los Angeles,episode_vs_wind_only,0.7311929020375376,True,estimable,9088,2107,1284,548,76,24,15,15,810.0110479167068,4.524158825347513e-15,delete_year_jackknife_diagnostic_t_df_5,0.5278838389951813,-0.6257757058094404,2.0881615098845154,6,0,,5000,5000,0,Weather is common to sites within a city-date; additional stations are not independent weather replicates.
core_monitors,Los Angeles,episode_vs_heat_only,2.2147660983476936,True,estimable,9088,2107,1284,548,76,24,15,15,810.0110479167068,5.995204332975845e-15,delete_year_jackknife_diagnostic_t_df_5,0.4169949165042804,1.1428465404291088,3.286685656266278,6,0,,5000,5000,0,Weather is common to sites within a city-date; additional stations are not independent weather replicates.
core_monitors,New York,episode_vs_reference,4.52367019812234,True,estimable,10742,2527,1284,466,56,21,15,15,218.5192848082647,2.4390212072233908e-15,delete_year_jackknife_diagnostic_t_df_5,0.6633039877935889,2.8185930155950087,6.228747380649671,6,0,,5000,5000,0,Weather is common to sites within a city-date; additional stations are not independent weather replicates.
core_monitors,New York,heat_only_vs_reference,1.1704824493148456,True,estimable,10742,2527,1284,466,56,21,15,15,218.5192848082647,1.6514567491299204e-15,delete_year_jackknife_diagnostic_t_df_5,0.1989631911484054,0.6590312841885186,1.6819336144411725,6,0,,5000,5000,0,Weather is common to sites within a city-date; additional stations are not independent weather replicates.
core_monitors,New York,wind_only_vs_reference,4.333013844874474,True,estimable,10742,2527,1284,466,56,21,15,15,218.5192848082647,6.125526300989121e-16,delete_year_jackknife_diagnostic_t_df_5,0.2587061040383948,3.6679886330651374,4.99803905668381,6,0,,5000,5000,0,Weather is common to sites within a city-date; additional stations are not independent weather replicates.
core_monitors,New York,other_compound_vs_reference,3.8706809142478154,True,estimable,10742,2527,1284,466,56,21,15,15,218.5192848082647,2.123301534595612e-15,delete_year_jackknife_diagnostic_t_df_5,0.4768360781881999,2.6449347530811704,5.096427075414459,6,0,,5000,5000,0,Weather is common to sites within a city-date; additional stations are not independent weather replicates.
core_monitors,New York,episode_vs_wind_only,0.1906563532478662,True,estimable,10742,2527,1284,466,56,21,15,15,218.5192848082647,2.4424906541753444e-15,delete_year_jackknife_diagnostic_t_df_5,0.752800614201476,-1.7444792314743092,2.1257919379700416,6,0,,5000,5000,0,Weather is common to sites within a city-date; additional stations are not independent weather replicates.
core_monitors,New York,episode_vs_heat_only,3.3531877488074944,True,estimable,10742,2527,1284,466,56,21,15,15,218.5192848082647,4.052314039881821e-15,delete_year_jackknife_diagnostic_t_df_5,0.8062896375153363,1.2805542523487825,5.425821245266207,6,0,,5000,5000,0,Weather is common to sites within a city-date; additional stations are not independent weather replicates.
core_monitors,Philadelphia,episode_vs_reference,1.999363112284201,True,estimable,5572,1320,1284,140,33,13,15,15,166.9564740828348,4.057498608043395e-15,delete_year_jackknife_diagnostic_t_df_5,0.7398889864689292,0.0974179232798087,3.9013083012885934,6,0,,5000,5000,0,Weather is common to sites within a city-date; additional stations are not independent weather replicates.
core_monitors,Philadelphia,heat_only_vs_reference,0.8907261073998144,True,estimable,5572,1320,1284,140,33,13,15,15,166.9564740828348,2.1498222375321767e-15,delete_year_jackknife_diagnostic_t_df_5,0.2664939811669447,0.2056815201056602,1.5757706946939685,6,0,,5000,5000,0,Weather is common to sites within a city-date; additional stations are not independent weather replicates.
core_monitors,Philadelphia,wind_only_vs_reference,1.882859702272476,True,estimable,5572,1320,1284,140,33,13,15,15,166.9564740828348,1.026143059488669e-15,delete_year_jackknife_diagnostic_t_df_5,0.1669905085642109,1.4535969342336448,2.312122470311307,6,0,,5000,5000,0,Weather is common to sites within a city-date; additional stations are not independent weather replicates.
core_monitors,Philadelphia,other_compound_vs_reference,1.827026527219452,True,estimable,5572,1320,1284,140,33,13,15,15,166.9564740828348,2.2178492470226138e-15,delete_year_jackknife_diagnostic_t_df_5,0.2377455094386244,1.215882239152422,2.438170815286482,6,0,,5000,5000,0,Weather is common to sites within a city-date; additional stations are not independent weather replicates.
core_monitors,Philadelphia,episode_vs_wind_only,0.1165034100117252,True,estimable,5572,1320,1284,140,33,13,15,15,166.9564740828348,2.8834703722277036e-15,delete_year_jackknife_diagnostic_t_df_5,0.7127769397922378,-1.71574804427864,1.9487548643020909,6,0,,5000,5000,0,Weather is common to sites within a city-date; additional stations are not independent weather replicates.
core_monitors,Philadelphia,episode_vs_heat_only,1.1086370048843863,True,estimable,5572,1320,1284,140,33,13,15,15,166.9564740828348,2.2950391587173158e-15,delete_year_jackknife_diagnostic_t_df_5,0.8556501987217162,-1.09088185360826,3.308155863377033,6,0,,5000,5000,0,Weather is common to sites within a city-date; additional stations are not independent weather replicates.
core_monitors,Phoenix,episode_vs_reference,3.2729026479433143,True,estimable,5828,1372,1284,72,16,8,15,15,414.3508241256016,8.856197025730594e-15,delete_year_jackknife_diagnostic_t_df_5,0.7444921695723506,1.3591246000671589,5.1866806958194696,6,0,,5000,4996,4,Weather is common to sites within a city-date; additional stations are not independent weather replicates.
core_monitors,Phoenix,heat_only_vs_reference,-0.0889246689623311,True,estimable,5828,1372,1284,72,16,8,15,15,414.3508241256016,1.5265566588595902e-15,delete_year_jackknife_diagnostic_t_df_5,0.3965927597727784,-1.1083988133791118,0.9305494754544495,6,0,,5000,5000,0,Weather is common to sites within a city-date; additional stations are not independent weather replicates.
core_monitors,Phoenix,wind_only_vs_reference,3.101599225297142,True,estimable,5828,1372,1284,72,16,8,15,15,414.3508241256016,9.992007221626409e-16,delete_year_jackknife_diagnostic_t_df_5,0.1088867360165895,2.8216969595511703,3.381501491043114,6,0,,5000,5000,0,Weather is common to sites within a city-date; additional stations are not independent weather replicates.
core_monitors,Phoenix,other_compound_vs_reference,2.058706277570709,True,estimable,5828,1372,1284,72,16,8,15,15,414.3508241256016,2.1094237467877974e-15,delete_year_jackknife_diagnostic_t_df_5,0.6692076577104524,0.3384532283914956,3.778959326749922,6,0,,5000,5000,0,Weather is common to sites within a city-date; additional stations are not independent weather replicates.
core_monitors,Phoenix,episode_vs_wind_only,0.1713034226461722,True,estimable,5828,1372,1284,72,16,8,15,15,414.3508241256016,8.802745858627059e-15,delete_year_jackknife_diagnostic_t_df_5,0.6785493625449404,-1.5729632432944516,1.915570088586796,6,0,,5000,4996,4,Weather is common to sites within a city-date; additional stations are not independent weather replicates.
core_monitors,Phoenix,episode_vs_heat_only,3.3618273169056456,True,estimable,5828,1372,1284,72,16,8,15,15,414.3508241256016,8.659739592076221e-15,delete_year_jackknife_diagnostic_t_df_5,0.7708212372375144,1.3803682459401807,5.34328638787111,6,0,,5000,4996,4,Weather is common to sites within a city-date; additional stations are not independent weather replicates.
core_monitors,San Diego,episode_vs_reference,2.1662484322369053,True,estimable,4953,1173,1284,278,72,26,15,15,655.8079236730701,9.159339953157541e-16,delete_year_jackknife_diagnostic_t_df_5,0.4548458297404965,0.9970300042910574,3.3354668601827533,6,0,,5000,5000,0,Weather is common to sites within a city-date; additional stations are not independent weather replicates.
core_monitors,San Diego,heat_only_vs_reference,0.6941207160872664,True,estimable,4953,1173,1284,278,72,26,15,15,655.8079236730701,6.661338147750939e-16,delete_year_jackknife_diagnostic_t_df_5,0.271668112913048,-0.00422440028861,1.392465832463143,6,0,,5000,5000,0,Weather is common to sites within a city-date; additional stations are not independent weather replicates.
core_monitors,San Diego,wind_only_vs_reference,1.152048070311363,True,estimable,4953,1173,1284,278,72,26,15,15,655.8079236730701,4.58680196919665e-16,delete_year_jackknife_diagnostic_t_df_5,0.161292497597329,0.737432505763255,1.566663634859471,6,0,,5000,5000,0,Weather is common to sites within a city-date; additional stations are not independent weather replicates.
core_monitors,San Diego,other_compound_vs_reference,1.926790466614315,True,estimable,4953,1173,1284,278,72,26,15,15,655.8079236730701,1.4784180824012338e-15,delete_year_jackknife_diagnostic_t_df_5,0.4097760897743826,0.8734274935622113,2.9801534396664184,6,0,,5000,5000,0,Weather is common to sites within a city-date; additional stations are not independent weather replicates.
core_monitors,San Diego,episode_vs_wind_only,1.0142003619255424,True,estimable,4953,1173,1284,278,72,26,15,15,655.8079236730701,1.1102230246251565e-15,delete_year_jackknife_diagnostic_t_df_5,0.5367658555364803,-0.3656001963063198,2.3940009201574046,6,0,,5000,5000,0,Weather is common to sites within a city-date; additional stations are not independent weather replicates.
core_monitors,San Diego,episode_vs_heat_only,1.4721277161496389,True,estimable,4953,1173,1284,278,72,26,15,15,655.8079236730701,1.0269562977782698e-15,delete_year_jackknife_diagnostic_t_df_5,0.3139991565329289,0.664967187960968,2.27928824433831,6,0,,5000,5000,0,Weather is common to sites within a city-date; additional stations are not independent weather replicates.
core_monitors,Seattle,episode_vs_reference,6.47313979844732,True,estimable,2447,587,1282,78,40,16,15,15,515.2008185515266,4.9682480351975755e-15,delete_year_jackknife_diagnostic_t_df_5,1.868406645662086,1.6702476135261852,11.276031983368457,6,0,,5000,5000,0,Weather is common to sites within a city-date; additional stations are not independent weather replicates.
core_monitors,Seattle,heat_only_vs_reference,3.768846636203703,True,estimable,2447,587,1282,78,40,16,15,15,515.2008185515266,2.6649106874260124e-15,delete_year_jackknife_diagnostic_t_df_5,0.8187603646987829,1.6641561149700477,5.873537157437358,6,0,,5000,5000,0,Weather is common to sites within a city-date; additional stations are not independent weather replicates.
core_monitors,Seattle,wind_only_vs_reference,3.71979177346451,True,estimable,2447,587,1282,78,40,16,15,15,515.2008185515266,1.1624699819405581e-15,delete_year_jackknife_diagnostic_t_df_5,0.1686936102850091,3.2861510430779544,4.153432503851066,6,0,,5000,5000,0,Weather is common to sites within a city-date; additional stations are not independent weather replicates.
core_monitors,Seattle,other_compound_vs_reference,7.723064597754309,True,estimable,2447,587,1282,78,40,16,15,15,515.2008185515266,3.076786478677757e-15,delete_year_jackknife_diagnostic_t_df_5,1.0939023936404857,4.911098974702991,10.535030220805629,6,0,,5000,5000,0,Weather is common to sites within a city-date; additional stations are not independent weather replicates.
core_monitors,Seattle,episode_vs_wind_only,2.753348024982809,True,estimable,2447,587,1282,78,40,16,15,15,515.2008185515266,4.6629367034256575e-15,delete_year_jackknife_diagnostic_t_df_5,1.821609820700288,-1.9292490917260752,7.435945141691694,6,0,,5000,5000,0,Weather is common to sites within a city-date; additional stations are not independent weather replicates.
core_monitors,Seattle,episode_vs_heat_only,2.7042931622436166,True,estimable,2447,587,1282,78,40,16,15,15,515.2008185515266,3.191891195797325e-15,delete_year_jackknife_diagnostic_t_df_5,1.8209008475043336,-1.976481480845794,7.385067805333027,6,0,,5000,5000,0,Weather is common to sites within a city-date; additional stations are not independent weather replicates.
equal_station_weights,Atlanta,episode_vs_reference,2.455805172317417,True,estimable,3701,868,1284,288,99,27,15,15,232.24709527512093,1.4823212102221817e-15,delete_year_jackknife_diagnostic_t_df_5,0.4052799630308211,1.4139998610030318,3.497610483631803,6,0,,5000,5000,0,Weather is common to sites within a city-date; additional stations are not independent weather replicates.
equal_station_weights,Atlanta,heat_only_vs_reference,0.0755928232136851,True,estimable,3701,868,1284,288,99,27,15,15,232.24709527512093,1.19522447494802e-15,delete_year_jackknife_diagnostic_t_df_5,0.266121569032493,-0.608494448212277,0.7596800946396473,6,0,,5000,5000,0,Weather is common to sites within a city-date; additional stations are not independent weather replicates.
equal_station_weights,Atlanta,wind_only_vs_reference,1.8612272415187023,True,estimable,3701,868,1284,288,99,27,15,15,232.24709527512093,8.922983879555701e-16,delete_year_jackknife_diagnostic_t_df_5,0.2357215754012267,1.255285641524733,2.467168841512672,6,0,,5000,5000,0,Weather is common to sites within a city-date; additional stations are not independent weather replicates.
equal_station_weights,Atlanta,other_compound_vs_reference,1.3595995509811811,True,estimable,3701,868,1284,288,99,27,15,15,232.24709527512093,1.929186110619845e-15,delete_year_jackknife_diagnostic_t_df_5,0.7163106744426075,-0.4817356574133835,3.2009347593757456,6,0,,5000,5000,0,Weather is common to sites within a city-date; additional stations are not independent weather replicates.
equal_station_weights,Atlanta,episode_vs_wind_only,0.5945779307987149,True,estimable,3701,868,1284,288,99,27,15,15,232.24709527512093,1.3322676295501878e-15,delete_year_jackknife_diagnostic_t_df_5,0.2532074071657656,-0.0563124307101705,1.2454682923076004,6,0,,5000,5000,0,Weather is common to sites within a city-date; additional stations are not independent weather replicates.
equal_station_weights,Atlanta,episode_vs_heat_only,2.3802123491037324,True,estimable,3701,868,1284,288,99,27,15,15,232.24709527512093,2.095545958979983e-15,delete_year_jackknife_diagnostic_t_df_5,0.2351646768393279,1.775702302437272,2.9847223957701927,6,0,,5000,5000,0,Weather is common to sites within a city-date; additional stations are not independent weather replicates.
equal_station_weights,Chicago,episode_vs_reference,4.630881777035389,True,estimable,4644,1108,1284,108,33,14,15,15,146.84382852919032,4.24313362223927e-15,delete_year_jackknife_diagnostic_t_df_5,0.5510150117591838,3.2144525966443016,6.047310957426477,6,0,,5000,5000,0,Weather is common to sites within a city-date; additional stations are not independent weather replicates.
equal_station_weights,Chicago,heat_only_vs_reference,0.4639136600066438,True,estimable,4644,1108,1284,108,33,14,15,15,146.84382852919032,1.6237551105688678e-15,delete_year_jackknife_diagnostic_t_df_5,0.4689295370419679,-0.7415080901067854,1.669335410120073,6,0,,5000,5000,0,Weather is common to sites within a city-date; additional stations are not independent weather replicates.
equal_station_weights,Chicago,wind_only_vs_reference,4.393150754255888,True,estimable,4644,1108,1284,108,33,14,15,15,146.84382852919032,1.0977647119999818e-15,delete_year_jackknife_diagnostic_t_df_5,0.4381043842687124,3.266967581942104,5.519333926569672,6,0,,5000,5000,0,Weather is common to sites within a city-date; additional stations are not independent weather replicates.
equal_station_weights,Chicago,other_compound_vs_reference,4.442219832249992,True,estimable,4644,1108,1284,108,33,14,15,15,146.84382852919032,5.768824469193229e-15,delete_year_jackknife_diagnostic_t_df_5,0.2777074737236278,3.728350044675585,5.156089619824399,6,0,,5000,5000,0,Weather is common to sites within a city-date; additional stations are not independent weather replicates.
equal_station_weights,Chicago,episode_vs_wind_only,0.2377310227795011,True,estimable,4644,1108,1284,108,33,14,15,15,146.84382852919032,3.9968028886505635e-15,delete_year_jackknife_diagnostic_t_df_5,0.5963136708512574,-1.2951420678523533,1.7706041134113557,6,0,,5000,5000,0,Weather is common to sites within a city-date; additional stations are not independent weather replicates.
equal_station_weights,Chicago,episode_vs_heat_only,4.166968117028746,True,estimable,4644,1108,1284,108,33,14,15,15,146.84382852919032,3.00454106039183e-15,delete_year_jackknife_diagnostic_t_df_5,0.8129339340825769,2.0772549125037045,6.256681321553787,6,0,,5000,5000,0,Weather is common to sites within a city-date; additional stations are not independent weather replicates.
equal_station_weights,Dallas,episode_vs_reference,2.4390985346972776,True,estimable,4519,1109,1284,156,46,14,15,15,165.74691955228153,2.4702462297909733e-15,delete_year_jackknife_diagnostic_t_df_5,0.6164016288049776,0.854587704234564,4.023609365159992,6,0,,5000,5000,0,Weather is common to sites within a city-date; additional stations are not independent weather replicates.
equal_station_weights,Dallas,heat_only_vs_reference,-1.0703227291368365,True,estimable,4519,1109,1284,156,46,14,15,15,165.74691955228153,2.248201624865942e-15,delete_year_jackknife_diagnostic_t_df_5,0.5666839752408963,-2.527030262437264,0.3863848041635906,6,0,,5000,5000,0,Weather is common to sites within a city-date; additional stations are not independent weather replicates.
equal_station_weights,Dallas,wind_only_vs_reference,3.1138650156227223,True,estimable,4519,1109,1284,156,46,14,15,15,165.74691955228153,8.550622216207113e-16,delete_year_jackknife_diagnostic_t_df_5,0.2096283486164993,2.5749981904347123,3.652731840810732,6,0,,5000,5000,0,Weather is common to sites within a city-date; additional stations are not independent weather replicates.
equal_station_weights,Dallas,other_compound_vs_reference,1.5641812720699724,True,estimable,4519,1109,1284,156,46,14,15,15,165.74691955228153,4.18328566231807e-15,delete_year_jackknife_diagnostic_t_df_5,0.5395598902263365,0.1771984190162276,2.951164125123717,6,0,,5000,5000,0,Weather is common to sites within a city-date; additional stations are not independent weather replicates.
equal_station_weights,Dallas,episode_vs_wind_only,-0.6747664809254448,True,estimable,4519,1109,1284,156,46,14,15,15,165.74691955228153,3.0383681681733776e-15,delete_year_jackknife_diagnostic_t_df_5,0.6130042183488066,-2.250543989781324,0.9010110279304346,6,0,,5000,5000,0,Weather is common to sites within a city-date; additional stations are not independent weather replicates.
equal_station_weights,Dallas,episode_vs_heat_only,3.5094212638341142,True,estimable,4519,1109,1284,156,46,14,15,15,165.74691955228153,3.552713678800501e-15,delete_year_jackknife_diagnostic_t_df_5,0.2376782204407826,2.898449947642675,4.120392580025554,6,0,,5000,5000,0,Weather is common to sites within a city-date; additional stations are not independent weather replicates.
equal_station_weights,Denver,episode_vs_reference,1.7242796195865773,True,estimable,6040,1461,1284,37,8,4,15,15,224.8473264341305,2.596534098842085e-14,delete_year_jackknife_diagnostic_t_df_5,1.5211552336907994,-2.185974393322105,5.634533632495259,6,0,,5000,4990,10,Weather is common to sites within a city-date; additional stations are not independent weather replicates.
equal_station_weights,Denver,heat_only_vs_reference,0.4977153668865872,True,estimable,6040,1461,1284,37,8,4,15,15,224.8473264341305,2.9837243786801082e-15,delete_year_jackknife_diagnostic_t_df_5,0.5003369226546782,-0.7884416381877002,1.783872371960875,6,0,,5000,5000,0,Weather is common to sites within a city-date; additional stations are not independent weather replicates.
equal_station_weights,Denver,wind_only_vs_reference,1.3142927895183667,True,estimable,6040,1461,1284,37,8,4,15,15,224.8473264341305,6.320920876343306e-16,delete_year_jackknife_diagnostic_t_df_5,0.2699635636749612,0.6203293564518638,2.008256222584869,6,0,,5000,5000,0,Weather is common to sites within a city-date; additional stations are not independent weather replicates.
equal_station_weights,Denver,other_compound_vs_reference,1.017246833574294,True,estimable,6040,1461,1284,37,8,4,15,15,224.8473264341305,3.3980711664780163e-15,delete_year_jackknife_diagnostic_t_df_5,0.4600196752264877,-0.1652713875982319,2.19976505474682,6,0,,5000,5000,0,Weather is common to sites within a city-date; additional stations are not independent weather replicates.
equal_station_weights,Denver,episode_vs_wind_only,0.4099868300682106,True,estimable,6040,1461,1284,37,8,4,15,15,224.8473264341305,2.5715540807880188e-14,delete_year_jackknife_diagnostic_t_df_5,1.607073268278466,-3.7211265219051,4.541100182041521,6,0,,5000,4990,10,Weather is common to sites within a city-date; additional stations are not independent weather replicates.
equal_station_weights,Denver,episode_vs_heat_only,1.22656425269999,True,estimable,6040,1461,1284,37,8,4,15,15,224.8473264341305,2.2939983246317297e-14,delete_year_jackknife_diagnostic_t_df_5,1.703978372878175,-3.1536516009377693,5.60678010633775,6,0,,5000,4990,10,Weather is common to sites within a city-date; additional stations are not independent weather replicates.
equal_station_weights,Houston,episode_vs_reference,1.7933275367396386,True,estimable,10963,2687,1284,649,76,22,15,15,515.4795170689518,5.072331443756184e-15,delete_year_jackknife_diagnostic_t_df_5,0.2845147394410764,1.0619591155616086,2.5246959579176687,6,0,,5000,5000,0,Weather is common to sites within a city-date; additional stations are not independent weather replicates.
equal_station_weights,Houston,heat_only_vs_reference,-1.240418277953515,True,estimable,10963,2687,1284,649,76,22,15,15,515.4795170689518,2.0816681711721685e-15,delete_year_jackknife_diagnostic_t_df_5,0.5994152187862638,-2.7812641513694523,0.3004275954624222,6,0,,5000,5000,0,Weather is common to sites within a city-date; additional stations are not independent weather replicates.
equal_station_weights,Houston,wind_only_vs_reference,3.6228685314242446,True,estimable,10963,2687,1284,649,76,22,15,15,515.4795170689518,1.2589331178689534e-15,delete_year_jackknife_diagnostic_t_df_5,0.2647044172116322,2.942424164727326,4.303312898121163,6,0,,5000,5000,0,Weather is common to sites within a city-date; additional stations are not independent weather replicates.
equal_station_weights,Houston,other_compound_vs_reference,1.338239004822144,True,estimable,10963,2687,1284,649,76,22,15,15,515.4795170689518,3.4659775050016606e-15,delete_year_jackknife_diagnostic_t_df_5,0.497998712386476,0.0580925605911955,2.6183854490530925,6,0,,5000,5000,0,Weather is common to sites within a city-date; additional stations are not independent weather replicates.
equal_station_weights,Houston,episode_vs_wind_only,-1.829540994684606,True,estimable,10963,2687,1284,649,76,22,15,15,515.4795170689518,4.850286838831153e-15,delete_year_jackknife_diagnostic_t_df_5,0.446134362663582,-2.976365883600794,-0.6827161057684179,6,0,,5000,5000,0,Weather is common to sites within a city-date; additional stations are not independent weather replicates.
equal_station_weights,Houston,episode_vs_heat_only,3.033745814693153,True,estimable,10963,2687,1284,649,76,22,15,15,515.4795170689518,5.218048215738236e-15,delete_year_jackknife_diagnostic_t_df_5,0.7092494428956296,1.2105620798504724,4.856929549535835,6,0,,5000,5000,0,Weather is common to sites within a city-date; additional stations are not independent weather replicates.
equal_station_weights,Los Angeles,episode_vs_reference,3.020935880844484,True,estimable,9253,2148,1284,556,76,24,15,15,805.3031159335249,6.689093723366568e-15,delete_year_jackknife_diagnostic_t_df_5,0.3344658334636912,2.161164084701759,3.8807076769872095,6,0,,5000,5000,0,Weather is common to sites within a city-date; additional stations are not independent weather replicates.
equal_station_weights,Los Angeles,heat_only_vs_reference,0.8348241880298404,True,estimable,9253,2148,1284,556,76,24,15,15,805.3031159335249,2.248201624865942e-15,delete_year_jackknife_diagnostic_t_df_5,0.3542877459174607,-0.075901456214118,1.7455498322737988,6,0,,5000,5000,0,Weather is common to sites within a city-date; additional stations are not independent weather replicates.
equal_station_weights,Los Angeles,wind_only_vs_reference,2.3334395150088234,True,estimable,9253,2148,1284,556,76,24,15,15,805.3031159335249,1.3478801408339791e-15,delete_year_jackknife_diagnostic_t_df_5,0.4584466645939451,1.1549648463955742,3.5119141836220726,6,0,,5000,5000,0,Weather is common to sites within a city-date; additional stations are not independent weather replicates.
equal_station_weights,Los Angeles,other_compound_vs_reference,3.011477510037173,True,estimable,9253,2148,1284,556,76,24,15,15,805.3031159335249,1.4432899320127035e-15,delete_year_jackknife_diagnostic_t_df_5,0.6324345648272613,1.3857527054636578,4.637202314610688,6,0,,5000,5000,0,Weather is common to sites within a city-date; additional stations are not independent weather replicates.
equal_station_weights,Los Angeles,episode_vs_wind_only,0.6874963658356608,True,estimable,9253,2148,1284,556,76,24,15,15,805.3031159335249,8.007483565108942e-15,delete_year_jackknife_diagnostic_t_df_5,0.5315327461002236,-0.6788520563354632,2.053844788006785,6,0,,5000,5000,0,Weather is common to sites within a city-date; additional stations are not independent weather replicates.
equal_station_weights,Los Angeles,episode_vs_heat_only,2.186111692814644,True,estimable,9253,2148,1284,556,76,24,15,15,805.3031159335249,8.43769498715119e-15,delete_year_jackknife_diagnostic_t_df_5,0.4109926319094126,1.1296214986479458,3.2426018869813418,6,0,,5000,5000,0,Weather is common to sites within a city-date; additional stations are not independent weather replicates.
equal_station_weights,New York,episode_vs_reference,4.547110359416104,True,estimable,10742,2527,1284,466,56,21,15,15,217.44079969680487,1.78064527439723e-15,delete_year_jackknife_diagnostic_t_df_5,0.6944568620506026,2.761952164195831,6.332268554636377,6,0,,5000,5000,0,Weather is common to sites within a city-date; additional stations are not independent weather replicates.
equal_station_weights,New York,heat_only_vs_reference,1.1736878449152148,True,estimable,10742,2527,1284,466,56,21,15,15,217.44079969680487,1.304512053934559e-15,delete_year_jackknife_diagnostic_t_df_5,0.1964075445167001,0.6688061785986548,1.678569511231775,6,0,,5000,5000,0,Weather is common to sites within a city-date; additional stations are not independent weather replicates.
equal_station_weights,New York,wind_only_vs_reference,4.32327445752128,True,estimable,10742,2527,1284,466,56,21,15,15,217.44079969680487,8.881784197001252e-16,delete_year_jackknife_diagnostic_t_df_5,0.2380224349879901,3.711418309667227,4.935130605375333,6,0,,5000,5000,0,Weather is common to sites within a city-date; additional stations are not independent weather replicates.
equal_station_weights,New York,other_compound_vs_reference,3.8310734267456414,True,estimable,10742,2527,1284,466,56,21,15,15,217.44079969680487,1.7763568394002505e-15,delete_year_jackknife_diagnostic_t_df_5,0.485940049658667,2.5819247618848635,5.080222091606419,6,0,,5000,5000,0,Weather is common to sites within a city-date; additional stations are not independent weather replicates.
equal_station_weights,New York,episode_vs_wind_only,0.2238359018948239,True,estimable,10742,2527,1284,466,56,21,15,15,217.44079969680487,2.4825573628955163e-15,delete_year_jackknife_diagnostic_t_df_5,0.7875990057177888,-1.8007517959685455,2.2484235997581936,6,0,,5000,5000,0,Weather is common to sites within a city-date; additional stations are not independent weather replicates.
equal_station_weights,New York,episode_vs_heat_only,3.373422514500889,True,estimable,10742,2527,1284,466,56,21,15,15,217.44079969680487,2.9232816804589125e-15,delete_year_jackknife_diagnostic_t_df_5,0.8468550371602965,1.1965123385595149,5.550332690442263,6,0,,5000,5000,0,Weather is common to sites within a city-date; additional stations are not independent weather replicates.
equal_station_weights,Philadelphia,episode_vs_reference,2.112389373062912,True,estimable,5975,1435,1284,145,33,13,15,15,167.09231028531363,3.4312830354821244e-15,delete_year_jackknife_diagnostic_t_df_5,0.771122295626359,0.1301564068716172,4.094622339254206,6,0,,5000,5000,0,Weather is common to sites within a city-date; additional stations are not independent weather replicates.
equal_station_weights,Philadelphia,heat_only_vs_reference,0.8573587080470222,True,estimable,5975,1435,1284,145,33,13,15,15,167.09231028531363,1.1934897514720433e-15,delete_year_jackknife_diagnostic_t_df_5,0.2626419232256382,0.1822161509266092,1.532501265167435,6,0,,5000,5000,0,Weather is common to sites within a city-date; additional stations are not independent weather replicates.
equal_station_weights,Philadelphia,wind_only_vs_reference,1.9853757511387948,True,estimable,5975,1435,1284,145,33,13,15,15,167.09231028531363,7.164407955784213e-16,delete_year_jackknife_diagnostic_t_df_5,0.1887617898396966,1.5001481229146711,2.4706033793629185,6,0,,5000,5000,0,Weather is common to sites within a city-date; additional stations are not independent weather replicates.
equal_station_weights,Philadelphia,other_compound_vs_reference,1.8916763767870184,True,estimable,5975,1435,1284,145,33,13,15,15,167.09231028531363,2.71657696337968e-15,delete_year_jackknife_diagnostic_t_df_5,0.2494078022685845,1.2505532106094217,2.532799542964616,6,0,,5000,5000,0,Weather is common to sites within a city-date; additional stations are not independent weather replicates.
equal_station_weights,Philadelphia,episode_vs_wind_only,0.1270136219241171,True,estimable,5975,1435,1284,145,33,13,15,15,167.09231028531363,3.1676050671336498e-15,delete_year_jackknife_diagnostic_t_df_5,0.7762953940053872,-1.868517216994267,2.122544460842501,6,0,,5000,5000,0,Weather is common to sites within a city-date; additional stations are not independent weather replicates.
equal_station_weights,Philadelphia,episode_vs_heat_only,1.2550306650158898,True,estimable,5975,1435,1284,145,33,13,15,15,167.09231028531363,2.55351295663786e-15,delete_year_jackknife_diagnostic_t_df_5,0.8734568696949734,-0.9902616984337642,3.500323028465544,6,0,,5000,5000,0,Weather is common to sites within a city-date; additional stations are not independent weather replicates.
equal_station_weights,Phoenix,episode_vs_reference,3.1908232983074174,True,estimable,5991,1414,1284,72,16,8,15,15,407.38401771630095,1.0968222857732357e-14,delete_year_jackknife_diagnostic_t_df_5,0.6363208692201691,1.55510843025374,4.826538166361095,6,0,,5000,4996,4,Weather is common to sites within a city-date; additional stations are not independent weather replicates.
equal_station_weights,Phoenix,heat_only_vs_reference,-0.1014594261356987,True,estimable,5991,1414,1284,72,16,8,15,15,407.38401771630095,1.0720591081536668e-15,delete_year_jackknife_diagnostic_t_df_5,0.4023878751071223,-1.1358303887663612,0.9329115364949636,6,0,,5000,5000,0,Weather is common to sites within a city-date; additional stations are not independent weather replicates.
equal_station_weights,Phoenix,wind_only_vs_reference,3.1386416273697773,True,estimable,5991,1414,1284,72,16,8,15,15,407.38401771630095,6.774095173689432e-16,delete_year_jackknife_diagnostic_t_df_5,0.1600288269277465,2.7272744316911246,3.55000882304843,6,0,,5000,5000,0,Weather is common to sites within a city-date; additional stations are not independent weather replicates.
equal_station_weights,Phoenix,other_compound_vs_reference,2.1409497856769826,True,estimable,5991,1414,1284,72,16,8,15,15,407.38401771630095,3.289767546918454e-15,delete_year_jackknife_diagnostic_t_df_5,0.7314314303036362,0.2607454369249662,4.021154134428999,6,0,,5000,5000,0,Weather is common to sites within a city-date; additional stations are not independent weather replicates.
equal_station_weights,Phoenix,episode_vs_wind_only,0.0521816709376401,True,estimable,5991,1414,1284,72,16,8,15,15,407.38401771630095,1.1751775767787631e-14,delete_year_jackknife_diagnostic_t_df_5,0.5544577507440898,-1.3730973517528844,1.477460693628165,6,0,,5000,4996,4,Weather is common to sites within a city-date; additional stations are not independent weather replicates.
equal_station_weights,Phoenix,episode_vs_heat_only,3.2922827244431163,True,estimable,5991,1414,1284,72,16,8,15,15,407.38401771630095,1.176836406102666e-14,delete_year_jackknife_diagnostic_t_df_5,0.702066345289559,1.487563729830203,5.0970017190560295,6,0,,5000,4996,4,Weather is common to sites within a city-date; additional stations are not independent weather replicates.
equal_station_weights,San Diego,episode_vs_reference,2.2117425310908563,True,estimable,5051,1198,1284,291,72,26,15,15,679.4301651584875,3.941291737419306e-15,delete_year_jackknife_diagnostic_t_df_5,0.458350041038376,1.0335162412344474,3.3899688209472654,6,0,,5000,5000,0,Weather is common to sites within a city-date; additional stations are not independent weather replicates.
equal_station_weights,San Diego,heat_only_vs_reference,0.6704504770986702,True,estimable,5051,1198,1284,291,72,26,15,15,679.4301651584875,3.462508058049707e-15,delete_year_jackknife_diagnostic_t_df_5,0.3118596969649638,-0.1312103951865112,1.4721113493838516,6,0,,5000,5000,0,Weather is common to sites within a city-date; additional stations are not independent weather replicates.
equal_station_weights,San Diego,wind_only_vs_reference,1.153369834708906,True,estimable,5051,1198,1284,291,72,26,15,15,679.4301651584875,1.3183898417423734e-15,delete_year_jackknife_diagnostic_t_df_5,0.1521566712612224,0.7622386593939213,1.5445010100238905,6,0,,5000,5000,0,Weather is common to sites within a city-date; additional stations are not independent weather replicates.
equal_station_weights,San Diego,other_compound_vs_reference,1.8986898892787312,True,estimable,5051,1198,1284,291,72,26,15,15,679.4301651584875,1.6653345369377348e-15,delete_year_jackknife_diagnostic_t_df_5,0.4818655610746888,0.6600150307614348,3.137364747796028,6,0,,5000,5000,0,Weather is common to sites within a city-date; additional stations are not independent weather replicates.
equal_station_weights,San Diego,episode_vs_wind_only,1.0583726963819504,True,estimable,5051,1198,1284,291,72,26,15,15,679.4301651584875,2.525757381022231e-15,delete_year_jackknife_diagnostic_t_df_5,0.5510576622165813,-0.3581661205002051,2.474911513264106,6,0,,5000,5000,0,Weather is common to sites within a city-date; additional stations are not independent weather replicates.
equal_station_weights,San Diego,episode_vs_heat_only,1.5412920539921862,True,estimable,5051,1198,1284,291,72,26,15,15,679.4301651584875,1.1518563880486e-15,delete_year_jackknife_diagnostic_t_df_5,0.2777491766908599,0.8273150655277203,2.255269042456652,6,0,,5000,5000,0,Weather is common to sites within a city-date; additional stations are not independent weather replicates.
equal_station_weights,Seattle,episode_vs_reference,6.362938447111094,True,estimable,2447,587,1282,78,40,16,15,15,510.2591354892344,4.649058915617843e-15,delete_year_jackknife_diagnostic_t_df_5,1.971090243872224,1.2960896698132007,11.429787224408988,6,0,,5000,5000,0,Weather is common to sites within a city-date; additional stations are not independent weather replicates.
equal_station_weights,Seattle,heat_only_vs_reference,3.563152940485003,True,estimable,2447,587,1282,78,40,16,15,15,510.2591354892344,7.91033905045424e-16,delete_year_jackknife_diagnostic_t_df_5,0.813673182189404,1.4715394382045233,5.6547664427654825,6,0,,5000,5000,0,Weather is common to sites within a city-date; additional stations are not independent weather replicates.
equal_station_weights,Seattle,wind_only_vs_reference,3.679079558697044,True,estimable,2447,587,1282,78,40,16,15,15,510.2591354892344,1.040463047942304e-15,delete_year_jackknife_diagnostic_t_df_5,0.195541191610211,3.176424923425156,4.181734193968933,6,0,,5000,5000,0,Weather is common to sites within a city-date; additional stations are not independent weather replicates.
equal_station_weights,Seattle,other_compound_vs_reference,7.663806493336215,True,estimable,2447,587,1282,78,40,16,15,15,510.2591354892344,9.992007221626409e-16,delete_year_jackknife_diagnostic_t_df_5,1.0732530160981384,4.904921785112451,10.422691201559978,6,0,,5000,5000,0,Weather is common to sites within a city-date; additional stations are not independent weather replicates.
equal_station_weights,Seattle,episode_vs_wind_only,2.6838588884140497,True,estimable,2447,587,1282,78,40,16,15,15,510.2591354892344,4.638650574761982e-15,delete_year_jackknife_diagnostic_t_df_5,1.8724429637007929,-2.129408982340236,7.497126759168335,6,0,,5000,5000,0,Weather is common to sites within a city-date; additional stations are not independent weather replicates.
equal_station_weights,Seattle,episode_vs_heat_only,2.799785506626091,True,estimable,2447,587,1282,78,40,16,15,15,510.2591354892344,4.218847493575595e-15,delete_year_jackknife_diagnostic_t_df_5,1.8539757614585983,-1.9660109094893872,7.565581922741568,6,0,,5000,5000,0,Weather is common to sites within a city-date; additional stations are not independent weather replicates.
exclude_2020,Atlanta,episode_vs_reference,2.434248414217599,True,estimable,3063,721,1070,231,80,23,15,15,251.0207585003219,2.521420572332289e-15,delete_year_jackknife_diagnostic_t_df_4,0.4227858841794211,1.260406615540924,3.608090212894274,5,0,,5000,5000,0,Weather is common to sites within a city-date; additional stations are not independent weather replicates.
exclude_2020,Atlanta,heat_only_vs_reference,-0.1068578928437641,True,estimable,3063,721,1070,231,80,23,15,15,251.0207585003219,6.522560269672795e-16,delete_year_jackknife_diagnostic_t_df_4,0.2495152668985673,-0.7996233342964124,0.5859075486088842,5,0,,5000,5000,0,Weather is common to sites within a city-date; additional stations are not independent weather replicates.
exclude_2020,Atlanta,wind_only_vs_reference,1.8218699109726075,True,estimable,3063,721,1070,231,80,23,15,15,251.0207585003219,7.051921980388842e-16,delete_year_jackknife_diagnostic_t_df_4,0.2856556463507271,1.0287626898900193,2.614977132055196,5,0,,5000,5000,0,Weather is common to sites within a city-date; additional stations are not independent weather replicates.
exclude_2020,Atlanta,other_compound_vs_reference,1.0660384547721449,True,estimable,3063,721,1070,231,80,23,15,15,251.0207585003219,7.598088824778415e-16,delete_year_jackknife_diagnostic_t_df_4,0.6984944059211848,-0.8732929195557693,3.005369829100059,5,0,,5000,5000,0,Weather is common to sites within a city-date; additional stations are not independent weather replicates.
exclude_2020,Atlanta,episode_vs_wind_only,0.6123785032449915,True,estimable,3063,721,1070,231,80,23,15,15,251.0207585003219,2.665402620838364e-15,delete_year_jackknife_diagnostic_t_df_4,0.2575051662761322,-0.1025704552255196,1.3273274617155026,5,0,,5000,5000,0,Weather is common to sites within a city-date; additional stations are not independent weather replicates.
exclude_2020,Atlanta,episode_vs_heat_only,2.541106307061363,True,estimable,3063,721,1070,231,80,23,15,15,251.0207585003219,3.1086244689504383e-15,delete_year_jackknife_diagnostic_t_df_4,0.2462434872239682,1.857424782271541,3.2247878318511853,5,0,,5000,5000,0,Weather is common to sites within a city-date; additional stations are not independent weather replicates.
exclude_2020,Chicago,episode_vs_reference,4.914269832110824,True,estimable,3833,919,1070,94,29,12,15,15,161.7558557279087,4.288236432614667e-15,delete_year_jackknife_diagnostic_t_df_4,0.7893416448028064,2.7227060860692966,7.105833578152351,5,0,,5000,5000,0,Weather is common to sites within a city-date; additional stations are not independent weather replicates.
exclude_2020,Chicago,heat_only_vs_reference,0.6456690754961127,True,estimable,3833,919,1070,94,29,12,15,15,161.7558557279087,1.9562088525598912e-15,delete_year_jackknife_diagnostic_t_df_4,0.4976469703671061,-0.7360204194961504,2.027358570488376,5,0,,5000,5000,0,Weather is common to sites within a city-date; additional stations are not independent weather replicates.
exclude_2020,Chicago,wind_only_vs_reference,4.500761106995228,True,estimable,3833,919,1070,94,29,12,15,15,161.7558557279087,1.2906342661267445e-15,delete_year_jackknife_diagnostic_t_df_4,0.4417615940979809,3.274234291397514,5.727287922592941,5,0,,5000,5000,0,Weather is common to sites within a city-date; additional stations are not independent weather replicates.
exclude_2020,Chicago,other_compound_vs_reference,4.657076473972059,True,estimable,3833,919,1070,94,29,12,15,15,161.7558557279087,1.8596235662471372e-15,delete_year_jackknife_diagnostic_t_df_4,0.2980855406766545,3.829458333630124,5.4846946143139945,5,0,,5000,5000,0,Weather is common to sites within a city-date; additional stations are not independent weather replicates.
exclude_2020,Chicago,episode_vs_wind_only,0.4135087251155962,True,estimable,3833,919,1070,94,29,12,15,15,161.7558557279087,3.740331459606737e-15,delete_year_jackknife_diagnostic_t_df_4,0.7871611995838997,-1.7720011344707456,2.599018584701938,5,0,,5000,5000,0,Weather is common to sites within a city-date; additional stations are not independent weather replicates.
exclude_2020,Chicago,episode_vs_heat_only,4.268600756614712,True,estimable,3833,919,1070,94,29,12,15,15,161.7558557279087,4.989064716909297e-15,delete_year_jackknife_diagnostic_t_df_4,1.174160655416524,1.0086081521676702,7.528593361061753,5,0,,5000,5000,0,Weather is common to sites within a city-date; additional stations are not independent weather replicates.
exclude_2020,Dallas,episode_vs_reference,2.227111467543619,True,estimable,3681,913,1070,156,46,14,15,15,186.53302727438464,2.078198724220215e-15,delete_year_jackknife_diagnostic_t_df_4,0.6744150734765492,0.354635037918044,4.099587897169195,5,0,,5000,5000,0,Weather is common to sites within a city-date; additional stations are not independent weather replicates.
exclude_2020,Dallas,heat_only_vs_reference,-1.366021064891641,True,estimable,3681,913,1070,156,46,14,15,15,186.53302727438464,2.1267709815475655e-15,delete_year_jackknife_diagnostic_t_df_4,0.5904685152552566,-3.005424483845507,0.2733823540622246,5,0,,5000,5000,0,Weather is common to sites within a city-date; additional stations are not independent weather replicates.
exclude_2020,Dallas,wind_only_vs_reference,3.123514758660048,True,estimable,3681,913,1070,156,46,14,15,15,186.53302727438464,1.2011896269680624e-15,delete_year_jackknife_diagnostic_t_df_4,0.2421820970699992,2.4511094606835115,3.795920056636584,5,0,,5000,5000,0,Weather is common to sites within a city-date; additional stations are not independent weather replicates.
exclude_2020,Dallas,other_compound_vs_reference,1.180002030595714,True,estimable,3681,913,1070,156,46,14,15,15,186.53302727438464,2.946644664381104e-15,delete_year_jackknife_diagnostic_t_df_4,0.6240321531290566,-0.5525889864454951,2.912593047636923,5,0,,5000,5000,0,Weather is common to sites within a city-date; additional stations are not independent weather replicates.
exclude_2020,Dallas,episode_vs_wind_only,-0.8964032911164286,True,estimable,3681,913,1070,156,46,14,15,15,186.53302727438464,1.6254358969902682e-15,delete_year_jackknife_diagnostic_t_df_4,0.5839977015161331,-2.517840850937658,0.725034268704801,5,0,,5000,5000,0,Weather is common to sites within a city-date; additional stations are not independent weather replicates.
exclude_2020,Dallas,episode_vs_heat_only,3.59313253243526,True,estimable,3681,913,1070,156,46,14,15,15,186.53302727438464,3.982925100842749e-15,delete_year_jackknife_diagnostic_t_df_4,0.1742080497997068,3.109453445282811,4.076811619587709,5,0,,5000,5000,0,Weather is common to sites within a city-date; additional stations are not independent weather replicates.
exclude_2020,Denver,episode_vs_reference,1.4423849837183922,True,estimable,5004,1216,1070,37,8,4,15,15,220.06003973344693,8.125444761475364e-15,delete_year_jackknife_diagnostic_t_df_4,1.3893742970621936,-2.41513648264756,5.299906450084345,5,0,,5000,4997,3,Weather is common to sites within a city-date; additional stations are not independent weather replicates.
exclude_2020,Denver,heat_only_vs_reference,0.2005048575479745,True,estimable,5004,1216,1070,37,8,4,15,15,220.06003973344693,3.995054801381778e-15,delete_year_jackknife_diagnostic_t_df_4,0.5001431973650573,-1.1881152746742123,1.5891249897701618,5,0,,5000,5000,0,Weather is common to sites within a city-date; additional stations are not independent weather replicates.
exclude_2020,Denver,wind_only_vs_reference,1.3606677626356265,True,estimable,5004,1216,1070,37,8,4,15,15,220.06003973344693,1.1518563880486e-15,delete_year_jackknife_diagnostic_t_df_4,0.276208460242859,0.5937901351801209,2.1275453900911314,5,0,,5000,5000,0,Weather is common to sites within a city-date; additional stations are not independent weather replicates.
exclude_2020,Denver,other_compound_vs_reference,0.8588715196581964,True,estimable,5004,1216,1070,37,8,4,15,15,220.06003973344693,2.374836438612249e-15,delete_year_jackknife_diagnostic_t_df_4,0.5751047700457602,-0.7378753041112571,2.45561834342765,5,0,,5000,5000,0,Weather is common to sites within a city-date; additional stations are not independent weather replicates.
exclude_2020,Denver,episode_vs_wind_only,0.0817172210827659,True,estimable,5004,1216,1070,37,8,4,15,15,220.06003973344693,8.201772594418344e-15,delete_year_jackknife_diagnostic_t_df_4,1.4872250143200514,-4.047481390253859,4.21091583241939,5,0,,5000,4997,3,Weather is common to sites within a city-date; additional stations are not independent weather replicates.
exclude_2020,Denver,episode_vs_heat_only,1.2418801261704178,True,estimable,5004,1216,1070,37,8,4,15,15,220.06003973344693,7.771561172376096e-15,delete_year_jackknife_diagnostic_t_df_4,1.6120663104085344,-3.2339334906176247,5.71769374295846,5,0,,5000,4997,3,Weather is common to sites within a city-date; additional stations are not independent weather replicates.
exclude_2020,Houston,episode_vs_reference,1.7442080024227318,True,estimable,9186,2259,1070,609,71,20,15,15,436.01113422008217,2.6645352591003757e-15,delete_year_jackknife_diagnostic_t_df_4,0.1789431997748764,1.247382031299345,2.241033973546118,5,0,,5000,5000,0,Weather is common to sites within a city-date; additional stations are not independent weather replicates.
exclude_2020,Houston,heat_only_vs_reference,-1.323544671304883,True,estimable,9186,2259,1070,609,71,20,15,15,436.01113422008217,4.440892098500626e-15,delete_year_jackknife_diagnostic_t_df_4,0.8111684181136277,-3.575709255267502,0.9286199126577356,5,0,,5000,5000,0,Weather is common to sites within a city-date; additional stations are not independent weather replicates.
exclude_2020,Houston,wind_only_vs_reference,3.672885409938334,True,estimable,9186,2259,1070,609,71,20,15,15,436.01113422008217,2.224566017505758e-15,delete_year_jackknife_diagnostic_t_df_4,0.302008226785873,2.834376146949232,4.511394672927437,5,0,,5000,5000,0,Weather is common to sites within a city-date; additional stations are not independent weather replicates.
exclude_2020,Houston,other_compound_vs_reference,1.2805243610292372,True,estimable,9186,2259,1070,609,71,20,15,15,436.01113422008217,2.6575963651964685e-15,delete_year_jackknife_diagnostic_t_df_4,0.629124161541153,-0.4662043378433631,3.027253059901837,5,0,,5000,5000,0,Weather is common to sites within a city-date; additional stations are not independent weather replicates.
exclude_2020,Houston,episode_vs_wind_only,-1.928677407515602,True,estimable,9186,2259,1070,609,71,20,15,15,436.01113422008217,1.915134717478395e-15,delete_year_jackknife_diagnostic_t_df_4,0.2648075344529008,-2.6639009903668547,-1.1934538246643496,5,0,,5000,5000,0,Weather is common to sites within a city-date; additional stations are not independent weather replicates.
exclude_2020,Houston,episode_vs_heat_only,3.0677526737276146,True,estimable,9186,2259,1070,609,71,20,15,15,436.01113422008217,1.7225804116449694e-15,delete_year_jackknife_diagnostic_t_df_4,0.9786806770246094,0.3504994984509753,5.7850058490042535,5,0,,5000,5000,0,Weather is common to sites within a city-date; additional stations are not independent weather replicates.
exclude_2020,Los Angeles,episode_vs_reference,3.174893089380584,True,estimable,7562,1756,1070,366,52,17,15,15,912.6930932018608,3.802513859341161e-15,delete_year_jackknife_diagnostic_t_df_4,0.5154558560423067,1.7437582009263832,4.606027977834785,5,0,,5000,5000,0,Weather is common to sites within a city-date; additional stations are not independent weather replicates.
exclude_2020,Los Angeles,heat_only_vs_reference,1.0967895432238466,True,estimable,7562,1756,1070,366,52,17,15,15,912.6930932018608,4.690692279041286e-15,delete_year_jackknife_diagnostic_t_df_4,0.3289882288366064,0.1833717856027592,2.010207300844934,5,0,,5000,5000,0,Weather is common to sites within a city-date; additional stations are not independent weather replicates.
exclude_2020,Los Angeles,wind_only_vs_reference,2.633425741301719,True,estimable,7562,1756,1070,366,52,17,15,15,912.6930932018608,1.5543122344752192e-15,delete_year_jackknife_diagnostic_t_df_4,0.5107720374221704,1.21529521812903,4.051556264474408,5,0,,5000,5000,0,Weather is common to sites within a city-date; additional stations are not independent weather replicates.
exclude_2020,Los Angeles,other_compound_vs_reference,3.4717640839904105,True,estimable,7562,1756,1070,366,52,17,15,15,912.6930932018608,3.164135620181696e-15,delete_year_jackknife_diagnostic_t_df_4,0.6148691913517832,1.764613527324827,5.178914640655995,5,0,,5000,5000,0,Weather is common to sites within a city-date; additional stations are not independent weather replicates.
exclude_2020,Los Angeles,episode_vs_wind_only,0.5414673480788652,True,estimable,7562,1756,1070,366,52,17,15,15,912.6930932018608,3.497202527569243e-15,delete_year_jackknife_diagnostic_t_df_4,0.8740702757482443,-1.8853407906212327,2.968275486778964,5,0,,5000,5000,0,Weather is common to sites within a city-date; additional stations are not independent weather replicates.
exclude_2020,Los Angeles,episode_vs_heat_only,2.0781035461567376,True,estimable,7562,1756,1070,366,52,17,15,15,912.6930932018608,4.3125225612783424e-15,delete_year_jackknife_diagnostic_t_df_4,0.635474294895791,0.3137440506142996,3.842463041699176,5,0,,5000,5000,0,Weather is common to sites within a city-date; additional stations are not independent weather replicates.
exclude_2020,New York,episode_vs_reference,4.321870394135799,True,estimable,8852,2086,1070,412,50,18,15,15,207.23640878902305,4.288236432614667e-15,delete_year_jackknife_diagnostic_t_df_4,0.7236588593731533,2.3126712961961893,6.331069492075409,5,0,,5000,5000,0,Weather is common to sites within a city-date; additional stations are not independent weather replicates.
exclude_2020,New York,heat_only_vs_reference,1.1613648550974125,True,estimable,8852,2086,1070,412,50,18,15,15,207.23640878902305,1.4882971221988317e-15,delete_year_jackknife_diagnostic_t_df_4,0.2429140643371771,0.4869272901847549,1.835802420010069,5,0,,5000,5000,0,Weather is common to sites within a city-date; additional stations are not independent weather replicates.
exclude_2020,New York,wind_only_vs_reference,4.409339127586456,True,estimable,8852,2086,1070,412,50,18,15,15,207.23640878902305,9.653736143810931e-16,delete_year_jackknife_diagnostic_t_df_4,0.2981236568876144,3.581615159677173,5.237063095495739,5,0,,5000,5000,0,Weather is common to sites within a city-date; additional stations are not independent weather replicates.
exclude_2020,New York,other_compound_vs_reference,3.8198282909200425,True,estimable,8852,2086,1070,412,50,18,15,15,207.23640878902305,1.3461454173580023e-15,delete_year_jackknife_diagnostic_t_df_4,0.6173512254055229,2.105786502955019,5.533870078885066,5,0,,5000,5000,0,Weather is common to sites within a city-date; additional stations are not independent weather replicates.
exclude_2020,New York,episode_vs_wind_only,-0.0874687334506569,True,estimable,8852,2086,1070,412,50,18,15,15,207.23640878902305,3.982925100842749e-15,delete_year_jackknife_diagnostic_t_df_4,0.8433203645399981,-2.428901431691353,2.25396396479004,5,0,,5000,5000,0,Weather is common to sites within a city-date; additional stations are not independent weather replicates.
exclude_2020,New York,episode_vs_heat_only,3.160505539038387,True,estimable,8852,2086,1070,412,50,18,15,15,207.23640878902305,4.85722573273506e-15,delete_year_jackknife_diagnostic_t_df_4,0.910683518190399,0.632042742574348,5.688968335502426,5,0,,5000,5000,0,Weather is common to sites within a city-date; additional stations are not independent weather replicates.
exclude_2020,Philadelphia,episode_vs_reference,2.019311596722256,True,estimable,4946,1190,1070,137,31,12,15,15,166.3286239505783,2.8727020762175925e-15,delete_year_jackknife_diagnostic_t_df_4,0.7613386211063635,-0.0945032912465446,4.133126484691056,5,0,,5000,5000,0,Weather is common to sites within a city-date; additional stations are not independent weather replicates.
exclude_2020,Philadelphia,heat_only_vs_reference,0.7115138285782207,True,estimable,4946,1190,1070,137,31,12,15,15,166.3286239505783,1.8561541192951836e-15,delete_year_jackknife_diagnostic_t_df_4,0.2673230555636774,-0.0306939605480692,1.4537216177045105,5,0,,5000,5000,0,Weather is common to sites within a city-date; additional stations are not independent weather replicates.
exclude_2020,Philadelphia,wind_only_vs_reference,2.01806706277282,True,estimable,4946,1190,1070,137,31,12,15,15,166.3286239505783,1.099647976006288e-15,delete_year_jackknife_diagnostic_t_df_4,0.1840655486700103,1.5070191711324237,2.529114954413216,5,0,,5000,5000,0,Weather is common to sites within a city-date; additional stations are not independent weather replicates.
exclude_2020,Philadelphia,other_compound_vs_reference,1.877093475805692,True,estimable,4946,1190,1070,137,31,12,15,15,166.3286239505783,1.2825845263149633e-15,delete_year_jackknife_diagnostic_t_df_4,0.273347420324345,1.1181593686277205,2.636027582983664,5,0,,5000,5000,0,Weather is common to sites within a city-date; additional stations are not independent weather replicates.
exclude_2020,Philadelphia,episode_vs_wind_only,0.001244533949436,True,estimable,4946,1190,1070,137,31,12,15,15,166.3286239505783,3.181660690518898e-15,delete_year_jackknife_diagnostic_t_df_4,0.7805058788576138,-2.165787192982888,2.16827626088176,5,0,,5000,5000,0,Weather is common to sites within a city-date; additional stations are not independent weather replicates.
exclude_2020,Philadelphia,episode_vs_heat_only,1.307797768144035,True,estimable,4946,1190,1070,137,31,12,15,15,166.3286239505783,3.552713678800501e-15,delete_year_jackknife_diagnostic_t_df_4,0.9026882039115346,-1.1984664771259328,3.814062013414002,5,0,,5000,5000,0,Weather is common to sites within a city-date; additional stations are not independent weather replicates.
exclude_2020,Phoenix,episode_vs_reference,2.751110256721532,True,estimable,5146,1218,1070,64,14,7,15,15,386.13779767268034,6.1900354633714905e-15,delete_year_jackknife_diagnostic_t_df_4,0.6146719580000161,1.044507307630044,4.45771320581302,5,0,,5000,4957,43,Weather is common to sites within a city-date; additional stations are not independent weather replicates.
exclude_2020,Phoenix,heat_only_vs_reference,-0.0405784559853461,True,estimable,5146,1218,1070,64,14,7,15,15,386.13779767268034,2.7755575615628914e-15,delete_year_jackknife_diagnostic_t_df_4,0.5189864676457688,-1.481515893744334,1.4003589817736417,5,0,,5000,5000,0,Weather is common to sites within a city-date; additional stations are not independent weather replicates.
exclude_2020,Phoenix,wind_only_vs_reference,3.110793613867262,True,estimable,5146,1218,1070,64,14,7,15,15,386.13779767268034,1.0564465968698755e-15,delete_year_jackknife_diagnostic_t_df_4,0.1747418881505147,2.6256323538387454,3.5959548738957787,5,0,,5000,5000,0,Weather is common to sites within a city-date; additional stations are not independent weather replicates.
exclude_2020,Phoenix,other_compound_vs_reference,2.4653165703405544,True,estimable,5146,1218,1070,64,14,7,15,15,386.13779767268034,4.810213300187075e-15,delete_year_jackknife_diagnostic_t_df_4,0.863854922790205,0.0668707983586718,4.8637623423224365,5,0,,5000,5000,0,Weather is common to sites within a city-date; additional stations are not independent weather replicates.
exclude_2020,Phoenix,episode_vs_wind_only,-0.3596833571457298,True,estimable,5146,1218,1070,64,14,7,15,15,386.13779767268034,5.837344496661956e-15,delete_year_jackknife_diagnostic_t_df_4,0.5936519483633875,-2.0079254033703906,1.288558689078931,5,0,,5000,4957,43,Weather is common to sites within a city-date; additional stations are not independent weather replicates.
exclude_2020,Phoenix,episode_vs_heat_only,2.7916887127068786,True,estimable,5146,1218,1070,64,14,7,15,15,386.13779767268034,3.68888947166468e-15,delete_year_jackknife_diagnostic_t_df_4,0.578783614459694,1.1847277793715745,4.398649646042182,5,0,,5000,4957,43,Weather is common to sites within a city-date; additional stations are not independent weather replicates.
exclude_2020,San Diego,episode_vs_reference,1.9008759966407676,True,estimable,4230,1003,1070,202,49,19,15,15,853.35786296309,2.0539125955565396e-15,delete_year_jackknife_diagnostic_t_df_4,0.3988644653758005,0.7934507041107912,3.008301289170744,5,0,,5000,5000,0,Weather is common to sites within a city-date; additional stations are not independent weather replicates.
exclude_2020,San Diego,heat_only_vs_reference,0.6178335377344026,True,estimable,4230,1003,1070,202,49,19,15,15,853.35786296309,4.524158825347513e-15,delete_year_jackknife_diagnostic_t_df_4,0.3406057625887546,-0.3278396646073067,1.563506740076112,5,0,,5000,5000,0,Weather is common to sites within a city-date; additional stations are not independent weather replicates.
exclude_2020,San Diego,wind_only_vs_reference,1.236190459633862,True,estimable,4230,1003,1070,202,49,19,15,15,853.35786296309,9.992007221626409e-16,delete_year_jackknife_diagnostic_t_df_4,0.1360839645681416,0.8583608023127354,1.6140201169549886,5,0,,5000,5000,0,Weather is common to sites within a city-date; additional stations are not independent weather replicates.
exclude_2020,San Diego,other_compound_vs_reference,2.0056487483683614,True,estimable,4230,1003,1070,202,49,19,15,15,853.35786296309,1.7763568394002505e-15,delete_year_jackknife_diagnostic_t_df_4,0.5019086265217878,0.6121269990053961,3.399170497731326,5,0,,5000,5000,0,Weather is common to sites within a city-date; additional stations are not independent weather replicates.
exclude_2020,San Diego,episode_vs_wind_only,0.6646855370069054,True,estimable,4230,1003,1070,202,49,19,15,15,853.35786296309,1.7486012637846216e-15,delete_year_jackknife_diagnostic_t_df_4,0.4738681258914601,-0.650983301633691,1.9803543756475015,5,0,,5000,5000,0,Weather is common to sites within a city-date; additional stations are not independent weather replicates.
exclude_2020,San Diego,episode_vs_heat_only,1.2830424589063647,True,estimable,4230,1003,1070,202,49,19,15,15,853.35786296309,2.6645352591003757e-15,delete_year_jackknife_diagnostic_t_df_4,0.2109166250524583,0.6974440276746285,1.8686408901381009,5,0,,5000,5000,0,Weather is common to sites within a city-date; additional stations are not independent weather replicates.
exclude_2020,Seattle,episode_vs_reference,7.000344627169943,True,estimable,2020,489,1068,74,38,15,15,15,778.1608905482625,5.169475958410885e-15,delete_year_jackknife_diagnostic_t_df_4,2.1044679495766663,1.1574048895221711,12.843284364817714,5,0,,5000,5000,0,Weather is common to sites within a city-date; additional stations are not independent weather replicates.
exclude_2020,Seattle,heat_only_vs_reference,4.0596521478155285,True,estimable,2020,489,1068,74,38,15,15,15,778.1608905482625,1.8457457784393227e-15,delete_year_jackknife_diagnostic_t_df_4,0.9282182194790464,1.4825052157875196,6.636799079843538,5,0,,5000,5000,0,Weather is common to sites within a city-date; additional stations are not independent weather replicates.
exclude_2020,Seattle,wind_only_vs_reference,3.806755905981667,True,estimable,2020,489,1068,74,38,15,15,15,778.1608905482625,1.1499855785275053e-15,delete_year_jackknife_diagnostic_t_df_4,0.2250573159737205,3.1818966226574776,4.431615189305856,5,0,,5000,5000,0,Weather is common to sites within a city-date; additional stations are not independent weather replicates.
exclude_2020,Seattle,other_compound_vs_reference,8.197046384195504,True,estimable,2020,489,1068,74,38,15,15,15,778.1608905482625,3.3460816742807788e-15,delete_year_jackknife_diagnostic_t_df_4,1.348614023086667,4.452693580995424,11.941399187395584,5,0,,5000,5000,0,Weather is common to sites within a city-date; additional stations are not independent weather replicates.
exclude_2020,Seattle,episode_vs_wind_only,3.193588721188276,True,estimable,2020,489,1068,74,38,15,15,15,778.1608905482625,4.801714581503802e-15,delete_year_jackknife_diagnostic_t_df_4,2.0500913668656007,-2.4983774195539747,8.885554861930526,5,0,,5000,5000,0,Weather is common to sites within a city-date; additional stations are not independent weather replicates.
exclude_2020,Seattle,episode_vs_heat_only,2.9406924793544142,True,estimable,2020,489,1068,74,38,15,15,15,778.1608905482625,3.49300760795889e-15,delete_year_jackknife_diagnostic_t_df_4,2.0636774434621734,-2.788994657253233,8.670379615962062,5,0,,5000,5000,0,Weather is common to sites within a city-date; additional stations are not independent weather replicates.
period_2019_2022,Atlanta,episode_vs_reference,2.6152319094681578,True,estimable,2451,574,856,193,67,17,15,15,231.57580192752548,1.6427831317500363e-15,delete_year_jackknife_diagnostic_t_df_3,0.4105537433339202,1.3086666658747277,3.921797153061588,4,0,,5000,5000,0,Weather is common to sites within a city-date; additional stations are not independent weather replicates.
period_2019_2022,Atlanta,heat_only_vs_reference,0.2267489703875785,True,estimable,2451,574,856,193,67,17,15,15,231.57580192752548,3.0253577421035516e-15,delete_year_jackknife_diagnostic_t_df_3,0.3948844588838615,-1.029949616801323,1.4834475575764796,4,0,,5000,5000,0,Weather is common to sites within a city-date; additional stations are not independent weather replicates.
period_2019_2022,Atlanta,wind_only_vs_reference,2.1388249532888897,True,estimable,2451,574,856,193,67,17,15,15,231.57580192752548,8.903468240450962e-16,delete_year_jackknife_diagnostic_t_df_3,0.149357414914224,1.6635030000283917,2.614146906549388,4,0,,5000,5000,0,Weather is common to sites within a city-date; additional stations are not independent weather replicates.
period_2019_2022,Atlanta,other_compound_vs_reference,1.6326430358926336,True,estimable,2451,574,856,193,67,17,15,15,231.57580192752548,1.8487090448850012e-15,delete_year_jackknife_diagnostic_t_df_3,0.633380842391921,-0.383057485815018,3.648343557600285,4,0,,5000,5000,0,Weather is common to sites within a city-date; additional stations are not independent weather replicates.
period_2019_2022,Atlanta,episode_vs_wind_only,0.4764069561792681,True,estimable,2451,574,856,193,67,17,15,15,231.57580192752548,1.3877787807814457e-15,delete_year_jackknife_diagnostic_t_df_3,0.265687062377691,-0.3691278538462966,1.3219417662048327,4,0,,5000,5000,0,Weather is common to sites within a city-date; additional stations are not independent weather replicates.
period_2019_2022,Atlanta,episode_vs_heat_only,2.3884829390805797,True,estimable,2451,574,856,193,67,17,15,15,231.57580192752548,2.204833537966522e-15,delete_year_jackknife_diagnostic_t_df_3,0.2012880140250751,1.747894642548584,3.029071235612575,4,0,,5000,5000,0,Weather is common to sites within a city-date; additional stations are not independent weather replicates.
period_2019_2022,Chicago,episode_vs_reference,3.732192072387474,True,estimable,3149,742,856,62,19,8,15,15,147.80683359735556,8.278654445372215e-15,delete_year_jackknife_diagnostic_t_df_3,0.2765653589672855,2.852037667572574,4.612346477202374,4,0,,5000,5000,0,Weather is common to sites within a city-date; additional stations are not independent weather replicates.
period_2019_2022,Chicago,heat_only_vs_reference,0.7274137440031745,True,estimable,3149,742,856,62,19,8,15,15,147.80683359735556,3.977101484472688e-15,delete_year_jackknife_diagnostic_t_df_3,0.6754028282342721,-1.4220194912891513,2.8768469792955003,4,0,,5000,5000,0,Weather is common to sites within a city-date; additional stations are not independent weather replicates.
period_2019_2022,Chicago,wind_only_vs_reference,4.601424662710649,True,estimable,3149,742,856,62,19,8,15,15,147.80683359735556,1.1102230246251565e-15,delete_year_jackknife_diagnostic_t_df_3,0.5036838473344979,2.998477863729893,6.204371461691405,4,0,,5000,5000,0,Weather is common to sites within a city-date; additional stations are not independent weather replicates.
period_2019_2022,Chicago,other_compound_vs_reference,4.666027449095301,True,estimable,3149,742,856,62,19,8,15,15,147.80683359735556,2.370234153154931e-15,delete_year_jackknife_diagnostic_t_df_3,0.2409497809361704,3.899217708996067,5.432837189194535,4,0,,5000,5000,0,Weather is common to sites within a city-date; additional stations are not independent weather replicates.
period_2019_2022,Chicago,episode_vs_wind_only,-0.8692325903231746,True,estimable,3149,742,856,62,19,8,15,15,147.80683359735556,7.960467308570219e-15,delete_year_jackknife_diagnostic_t_df_3,0.5361057700972751,-2.5753604176105247,0.8368952369641756,4,0,,5000,5000,0,Weather is common to sites within a city-date; additional stations are not independent weather replicates.
period_2019_2022,Chicago,episode_vs_heat_only,3.0047783283843,True,estimable,3149,742,856,62,19,8,15,15,147.80683359735556,4.3021142204224816e-15,delete_year_jackknife_diagnostic_t_df_3,0.7942519863007452,0.4771140291172471,5.532442627651353,4,0,,5000,5000,0,Weather is common to sites within a city-date; additional stations are not independent weather replicates.
period_2019_2022,Dallas,episode_vs_reference,3.1913907843558897,True,estimable,2997,735,856,97,28,9,15,15,168.13724224635283,2.902517635960944e-15,delete_year_jackknife_diagnostic_t_df_3,0.7460603089712425,0.8170939105515376,5.5656876581602415,4,0,,5000,4981,19,Weather is common to sites within a city-date; additional stations are not independent weather replicates.
period_2019_2022,Dallas,heat_only_vs_reference,-0.4853430343467471,True,estimable,2997,735,856,97,28,9,15,15,168.13724224635283,8.257283745649602e-16,delete_year_jackknife_diagnostic_t_df_3,0.7061828336236351,-2.732731984067064,1.76204591537357,4,0,,5000,5000,0,Weather is common to sites within a city-date; additional stations are not independent weather replicates.
period_2019_2022,Dallas,wind_only_vs_reference,3.163151616949288,True,estimable,2997,735,856,97,28,9,15,15,168.13724224635283,7.216449660063518e-16,delete_year_jackknife_diagnostic_t_df_3,0.2083689401765712,2.500028653148477,3.8262745807500993,4,0,,5000,5000,0,Weather is common to sites within a city-date; additional stations are not independent weather replicates.
period_2019_2022,Dallas,other_compound_vs_reference,2.090804026657922,True,estimable,2997,735,856,97,28,9,15,15,168.13724224635283,1.5543122344752192e-15,delete_year_jackknife_diagnostic_t_df_3,0.1662412670847939,1.5617501204382376,2.6198579328776064,4,0,,5000,5000,0,Weather is common to sites within a city-date; additional stations are not independent weather replicates.
period_2019_2022,Dallas,episode_vs_wind_only,0.0282391674066015,True,estimable,2997,735,856,97,28,9,15,15,168.13724224635283,2.71543855109857e-15,delete_year_jackknife_diagnostic_t_df_3,0.7333903512358014,-2.3057362462144955,2.3622145810276987,4,0,,5000,4981,19,Weather is common to sites within a city-date; additional stations are not independent weather replicates.
period_2019_2022,Dallas,episode_vs_heat_only,3.676733818702637,True,estimable,2997,735,856,97,28,9,15,15,168.13724224635283,3.3582078090566014e-15,delete_year_jackknife_diagnostic_t_df_3,0.3166513244302356,2.6690079812064407,4.6844596561988325,4,0,,5000,4981,19,Weather is common to sites within a city-date; additional stations are not independent weather replicates.
period_2019_2022,Denver,episode_vs_reference,1.9295950346568824,True,estimable,3989,973,856,28,6,3,15,15,223.2070556578042,1.4127587988355117e-14,delete_year_jackknife_diagnostic_t_df_3,2.104788729610133,-4.768782081293674,8.62797215060744,4,0,,5000,4979,21,Weather is common to sites within a city-date; additional stations are not independent weather replicates.
period_2019_2022,Denver,heat_only_vs_reference,0.378021699234945,True,estimable,3989,973,856,28,6,3,15,15,223.2070556578042,2.0263984570622507e-15,delete_year_jackknife_diagnostic_t_df_3,0.5048055869368391,-1.228494975798772,1.984538374268662,4,0,,5000,5000,0,Weather is common to sites within a city-date; additional stations are not independent weather replicates.
period_2019_2022,Denver,wind_only_vs_reference,1.231047190909646,True,estimable,3989,973,856,28,6,3,15,15,223.2070556578042,2.1024848528838902e-15,delete_year_jackknife_diagnostic_t_df_3,0.3620622940522397,0.0788033809205521,2.38329100089874,4,0,,5000,5000,0,Weather is common to sites within a city-date; additional stations are not independent weather replicates.
period_2019_2022,Denver,other_compound_vs_reference,0.5411993378602566,True,estimable,3989,973,856,28,6,3,15,15,223.2070556578042,3.0915479602281318e-15,delete_year_jackknife_diagnostic_t_df_3,0.4892929111274184,-1.0159490793587058,2.098347755079219,4,0,,5000,5000,0,Weather is common to sites within a city-date; additional stations are not independent weather replicates.
period_2019_2022,Denver,episode_vs_wind_only,0.6985478437472368,True,estimable,3989,973,856,28,6,3,15,15,223.2070556578042,1.379452108096757e-14,delete_year_jackknife_diagnostic_t_df_3,2.3087032568582075,-6.648776306037629,8.045871993532103,4,0,,5000,4979,21,Weather is common to sites within a city-date; additional stations are not independent weather replicates.
period_2019_2022,Denver,episode_vs_heat_only,1.5515733354219376,True,estimable,3989,973,856,28,6,3,15,15,223.2070556578042,1.3183898417423734e-14,delete_year_jackknife_diagnostic_t_df_3,2.106359672679231,-5.151803222494681,8.254949893338555,4,0,,5000,4979,21,Weather is common to sites within a city-date; additional stations are not independent weather replicates.
period_2019_2022,Houston,episode_vs_reference,1.9412774166314937,True,estimable,7342,1777,856,282,32,13,15,15,674.4182162293126,8.61116733474887e-15,delete_year_jackknife_diagnostic_t_df_3,0.6149877179586724,-0.0158879741809421,3.8984428074439297,4,0,,5000,5000,0,Weather is common to sites within a city-date; additional stations are not independent weather replicates.
period_2019_2022,Houston,heat_only_vs_reference,-0.5453918833081419,True,estimable,7342,1777,856,282,32,13,15,15,674.4182162293126,1.3328429934717177e-15,delete_year_jackknife_diagnostic_t_df_3,0.3332624844178777,-1.6059818455334862,0.5151980789172024,4,0,,5000,5000,0,Weather is common to sites within a city-date; additional stations are not independent weather replicates.
period_2019_2022,Houston,wind_only_vs_reference,3.2402717189845847,True,estimable,7342,1777,856,282,32,13,15,15,674.4182162293126,1.6878859421254333e-15,delete_year_jackknife_diagnostic_t_df_3,0.1618743133059652,2.725115408683678,3.755428029285491,4,0,,5000,5000,0,Weather is common to sites within a city-date; additional stations are not independent weather replicates.
period_2019_2022,Houston,other_compound_vs_reference,1.993019571383697,True,estimable,7342,1777,856,282,32,13,15,15,674.4182162293126,2.525757381022231e-15,delete_year_jackknife_diagnostic_t_df_3,0.3930064958447974,0.7422975007299244,3.243741642037469,4,0,,5000,5000,0,Weather is common to sites within a city-date; additional stations are not independent weather replicates.
period_2019_2022,Houston,episode_vs_wind_only,-1.298994302353091,True,estimable,7342,1777,856,282,32,13,15,15,674.4182162293126,6.647460359943125e-15,delete_year_jackknife_diagnostic_t_df_3,0.5191166507175933,-2.951055169440549,0.3530665647343667,4,0,,5000,5000,0,Weather is common to sites within a city-date; additional stations are not independent weather replicates.
period_2019_2022,Houston,episode_vs_heat_only,2.486669299939636,True,estimable,7342,1777,856,282,32,13,15,15,674.4182162293126,8.384718158498117e-15,delete_year_jackknife_diagnostic_t_df_3,0.9077412025742764,-0.4021683363466599,5.375506936225932,4,0,,5000,5000,0,Weather is common to sites within a city-date; additional stations are not independent weather replicates.
period_2019_2022,Los Angeles,episode_vs_reference,2.8656554183110874,True,estimable,6299,1462,856,414,55,16,15,15,1025.2564897486325,3.608224830031759e-15,delete_year_jackknife_diagnostic_t_df_3,0.2827068680932618,1.9659559904693575,3.765354846152817,4,0,,5000,5000,0,Weather is common to sites within a city-date; additional stations are not independent weather replicates.
period_2019_2022,Los Angeles,heat_only_vs_reference,1.1372224166089857,True,estimable,6299,1462,856,414,55,16,15,15,1025.2564897486325,9.506284648352903e-16,delete_year_jackknife_diagnostic_t_df_3,0.4455684046195614,-0.2807751064236938,2.555219939641665,4,0,,5000,5000,0,Weather is common to sites within a city-date; additional stations are not independent weather replicates.
period_2019_2022,Los Angeles,wind_only_vs_reference,2.31751485578883,True,estimable,6299,1462,856,414,55,16,15,15,1025.2564897486325,1.2004286453759505e-15,delete_year_jackknife_diagnostic_t_df_3,0.9365726960754392,-0.6630774604660523,5.2981071720437125,4,0,,5000,5000,0,Weather is common to sites within a city-date; additional stations are not independent weather replicates.
period_2019_2022,Los Angeles,other_compound_vs_reference,3.315941850874524,True,estimable,6299,1462,856,414,55,16,15,15,1025.2564897486325,2.3071822230491534e-15,delete_year_jackknife_diagnostic_t_df_3,0.8663332767344337,0.5588827151866971,6.07300098656235,4,0,,5000,5000,0,Weather is common to sites within a city-date; additional stations are not independent weather replicates.
period_2019_2022,Los Angeles,episode_vs_wind_only,0.5481405625222573,True,estimable,6299,1462,856,414,55,16,15,15,1025.2564897486325,3.2751579226442118e-15,delete_year_jackknife_diagnostic_t_df_3,0.8038528191047231,-2.0100778716294614,3.106358996673976,4,0,,5000,5000,0,Weather is common to sites within a city-date; additional stations are not independent weather replicates.
period_2019_2022,Los Angeles,episode_vs_heat_only,1.728433001702102,True,estimable,6299,1462,856,414,55,16,15,15,1025.2564897486325,3.101685575046531e-15,delete_year_jackknife_diagnostic_t_df_3,0.4133270177550752,0.4130419611735292,3.043824042230675,4,0,,5000,5000,0,Weather is common to sites within a city-date; additional stations are not independent weather replicates.
period_2019_2022,New York,episode_vs_reference,4.475838018104402,True,estimable,7442,1743,856,302,35,15,15,15,187.63725155309717,3.5219346560191136e-15,delete_year_jackknife_diagnostic_t_df_3,0.9527269537960668,1.4438356440519071,7.507840392156897,4,0,,5000,5000,0,Weather is common to sites within a city-date; additional stations are not independent weather replicates.
period_2019_2022,New York,heat_only_vs_reference,1.329734930852796,True,estimable,7442,1743,856,302,35,15,15,15,187.63725155309717,2.1178709911320044e-15,delete_year_jackknife_diagnostic_t_df_3,0.2604922859878973,0.500732217755705,2.1587376439498867,4,0,,5000,5000,0,Weather is common to sites within a city-date; additional stations are not independent weather replicates.
period_2019_2022,New York,wind_only_vs_reference,4.301992645528492,True,estimable,7442,1743,856,302,35,15,15,15,187.63725155309717,1.0894063429134349e-15,delete_year_jackknife_diagnostic_t_df_3,0.2296396016569822,3.571176943688407,5.032808347368578,4,0,,5000,5000,0,Weather is common to sites within a city-date; additional stations are not independent weather replicates.
period_2019_2022,New York,other_compound_vs_reference,3.6653771050155872,True,estimable,7442,1743,856,302,35,15,15,15,187.63725155309717,1.7208456881689926e-15,delete_year_jackknife_diagnostic_t_df_3,0.6510935846626426,1.5933067321120356,5.737447477919138,4,0,,5000,5000,0,Weather is common to sites within a city-date; additional stations are not independent weather replicates.
period_2019_2022,New York,episode_vs_wind_only,0.1738453725759097,True,estimable,7442,1743,856,302,35,15,15,15,187.63725155309717,2.949029909160572e-15,delete_year_jackknife_diagnostic_t_df_3,1.135563920603072,-3.440025830960818,3.787716576112637,4,0,,5000,5000,0,Weather is common to sites within a city-date; additional stations are not independent weather replicates.
period_2019_2022,New York,episode_vs_heat_only,3.146103087251606,True,estimable,7442,1743,856,302,35,15,15,15,187.63725155309717,3.3306690738754696e-15,delete_year_jackknife_diagnostic_t_df_3,1.2103483547849745,-0.7057655625400505,6.997971737043263,4,0,,5000,5000,0,Weather is common to sites within a city-date; additional stations are not independent weather replicates.
period_2019_2022,Philadelphia,episode_vs_reference,2.291604306496601,True,estimable,3940,955,856,105,24,9,15,15,166.63314873399204,2.5951463200613034e-15,delete_year_jackknife_diagnostic_t_df_3,1.0362116522804894,-1.0060836377953688,5.589292250788571,4,0,,5000,5000,0,Weather is common to sites within a city-date; additional stations are not independent weather replicates.
period_2019_2022,Philadelphia,heat_only_vs_reference,0.8572035550781613,True,estimable,3940,955,856,105,24,9,15,15,166.63314873399204,2.9586444002499875e-15,delete_year_jackknife_diagnostic_t_df_3,0.2822736232167352,-0.0411170942069831,1.7555242043633057,4,0,,5000,5000,0,Weather is common to sites within a city-date; additional stations are not independent weather replicates.
period_2019_2022,Philadelphia,wind_only_vs_reference,1.8747840698348028,True,estimable,3940,955,856,105,24,9,15,15,166.63314873399204,1.3003441464462851e-15,delete_year_jackknife_diagnostic_t_df_3,0.1645063015566016,1.3512515982501083,2.398316541419497,4,0,,5000,5000,0,Weather is common to sites within a city-date; additional stations are not independent weather replicates.
period_2019_2022,Philadelphia,other_compound_vs_reference,1.6600921066195016,True,estimable,3940,955,856,105,24,9,15,15,166.63314873399204,2.644789291833459e-15,delete_year_jackknife_diagnostic_t_df_3,0.2029706840543788,1.014148803069737,2.306035410169266,4,0,,5000,5000,0,Weather is common to sites within a city-date; additional stations are not independent weather replicates.
period_2019_2022,Philadelphia,episode_vs_wind_only,0.4168202366617981,True,estimable,3940,955,856,105,24,9,15,15,166.63314873399204,2.3592239273284576e-15,delete_year_jackknife_diagnostic_t_df_3,1.0106864927254584,-2.799635257912486,3.633275731236082,4,0,,5000,5000,0,Weather is common to sites within a city-date; additional stations are not independent weather replicates.
period_2019_2022,Philadelphia,episode_vs_heat_only,1.4344007514184396,True,estimable,3940,955,856,105,24,9,15,15,166.63314873399204,2.26554885962571e-15,delete_year_jackknife_diagnostic_t_df_3,1.1893081509192194,-2.3505085793182285,5.219310082155108,4,0,,5000,5000,0,Weather is common to sites within a city-date; additional stations are not independent weather replicates.
period_2019_2022,Phoenix,episode_vs_reference,3.962821989211621,True,estimable,3949,924,856,48,10,5,15,15,331.2243436535848,2.0913826226376386e-14,delete_year_jackknife_diagnostic_t_df_3,1.8908795254723916,-2.0548005703646006,9.980444548787844,4,0,,5000,4699,301,Weather is common to sites within a city-date; additional stations are not independent weather replicates.
period_2019_2022,Phoenix,heat_only_vs_reference,-0.0291314184718204,True,estimable,3949,924,856,48,10,5,15,15,331.2243436535848,1.3079815008865125e-15,delete_year_jackknife_diagnostic_t_df_3,0.6363040342641351,-2.054134841352835,1.9958720044091944,4,0,,5000,5000,0,Weather is common to sites within a city-date; additional stations are not independent weather replicates.
period_2019_2022,Phoenix,wind_only_vs_reference,3.235763271808628,True,estimable,3949,924,856,48,10,5,15,15,331.2243436535848,7.771561172376096e-16,delete_year_jackknife_diagnostic_t_df_3,0.208038799739768,2.573690962221145,3.8978355813961096,4,0,,5000,5000,0,Weather is common to sites within a city-date; additional stations are not independent weather replicates.
period_2019_2022,Phoenix,other_compound_vs_reference,2.5477350140378867,True,estimable,3949,924,856,48,10,5,15,15,331.2243436535848,4.428841074520133e-15,delete_year_jackknife_diagnostic_t_df_3,1.469724251536593,-2.1295835000506065,7.22505352812638,4,0,,5000,5000,0,Weather is common to sites within a city-date; additional stations are not independent weather replicates.
period_2019_2022,Phoenix,episode_vs_wind_only,0.7270587174029939,True,estimable,3949,924,856,48,10,5,15,15,331.2243436535848,2.0775048348298242e-14,delete_year_jackknife_diagnostic_t_df_3,1.798348857519547,-4.996089959821266,6.4502073946272525,4,0,,5000,4699,301,Weather is common to sites within a city-date; additional stations are not independent weather replicates.
period_2019_2022,Phoenix,episode_vs_heat_only,3.9919534076834418,True,estimable,3949,924,856,48,10,5,15,15,331.2243436535848,1.9720336474904343e-14,delete_year_jackknife_diagnostic_t_df_3,2.1908706396283155,-2.980374764756245,10.964281580123128,4,0,,5000,4699,301,Weather is common to sites within a city-date; additional stations are not independent weather replicates.
period_2019_2022,San Diego,episode_vs_reference,2.602398063361884,True,estimable,3162,753,856,190,49,18,15,15,652.9424102869365,1.4932499681208355e-14,delete_year_jackknife_diagnostic_t_df_3,0.35063291635051,1.4865276342113518,3.718268492512416,4,0,,5000,5000,0,Weather is common to sites within a city-date; additional stations are not independent weather replicates.
period_2019_2022,San Diego,heat_only_vs_reference,0.9905461702015086,True,estimable,3162,753,856,190,49,18,15,15,652.9424102869365,2.8033131371785203e-15,delete_year_jackknife_diagnostic_t_df_3,0.1100633705359628,0.6402754032922617,1.3408169371107554,4,0,,5000,5000,0,Weather is common to sites within a city-date; additional stations are not independent weather replicates.
period_2019_2022,San Diego,wind_only_vs_reference,1.1596520903748326,True,estimable,3162,753,856,190,49,18,15,15,652.9424102869365,6.938893903907228e-16,delete_year_jackknife_diagnostic_t_df_3,0.2861056271885904,0.249136294207625,2.0701678865420403,4,0,,5000,5000,0,Weather is common to sites within a city-date; additional stations are not independent weather replicates.
period_2019_2022,San Diego,other_compound_vs_reference,2.6047620231406943,True,estimable,3162,753,856,190,49,18,15,15,652.9424102869365,1.3600232051658168e-15,delete_year_jackknife_diagnostic_t_df_3,0.1948622299007349,1.984623439553756,3.2249006067276325,4,0,,5000,5000,0,Weather is common to sites within a city-date; additional stations are not independent weather replicates.
period_2019_2022,San Diego,episode_vs_wind_only,1.442745972987051,True,estimable,3162,753,856,190,49,18,15,15,652.9424102869365,1.4654943925052066e-14,delete_year_jackknife_diagnostic_t_df_3,0.4898493641099538,-0.1161733259702451,3.001665271944347,4,0,,5000,5000,0,Weather is common to sites within a city-date; additional stations are not independent weather replicates.
period_2019_2022,San Diego,episode_vs_heat_only,1.6118518931603751,True,estimable,3162,753,856,190,49,18,15,15,652.9424102869365,1.7763568394002505e-14,delete_year_jackknife_diagnostic_t_df_3,0.3825489853209037,0.3944102882358336,2.8292934980849167,4,0,,5000,5000,0,Weather is common to sites within a city-date; additional stations are not independent weather replicates.
period_2019_2022,Seattle,episode_vs_reference,7.612751073196807,True,estimable,1672,391,856,44,23,9,15,15,453.2867496330024,1.1247947018233617e-14,delete_year_jackknife_diagnostic_t_df_3,2.6595133065840657,-0.85100722319451,16.076509369588123,4,0,,5000,5000,0,Weather is common to sites within a city-date; additional stations are not independent weather replicates.
period_2019_2022,Seattle,heat_only_vs_reference,3.060807566644863,True,estimable,1672,391,856,44,23,9,15,15,453.2867496330024,4.8433479449272454e-15,delete_year_jackknife_diagnostic_t_df_3,1.0397839487322904,-0.2482490192915185,6.369864152581245,4,0,,5000,5000,0,Weather is common to sites within a city-date; additional stations are not independent weather replicates.
period_2019_2022,Seattle,wind_only_vs_reference,3.8315396632311103,True,estimable,1672,391,856,44,23,9,15,15,453.2867496330024,8.439958593319361e-16,delete_year_jackknife_diagnostic_t_df_3,0.2594292186023964,3.0059201050072746,4.657159221454946,4,0,,5000,5000,0,Weather is common to sites within a city-date; additional stations are not independent weather replicates.
period_2019_2022,Seattle,other_compound_vs_reference,8.251883758390779,True,estimable,1672,391,856,44,23,9,15,15,453.2867496330024,2.5118795932144167e-15,delete_year_jackknife_diagnostic_t_df_3,1.3342515773083794,4.005699755866767,12.49806776091479,4,0,,5000,5000,0,Weather is common to sites within a city-date; additional stations are not independent weather replicates.
period_2019_2022,Seattle,episode_vs_wind_only,3.781211409965697,True,estimable,1672,391,856,44,23,9,15,15,453.2867496330024,1.0807327255335508e-14,delete_year_jackknife_diagnostic_t_df_3,2.574776389693068,-4.412876198344731,11.975299018276123,4,0,,5000,5000,0,Weather is common to sites within a city-date; additional stations are not independent weather replicates.
period_2019_2022,Seattle,episode_vs_heat_only,4.551943506551944,True,estimable,1672,391,856,44,23,9,15,15,453.2867496330024,1.0436096431476471e-14,delete_year_jackknife_diagnostic_t_df_3,1.6467393573283848,-0.6887160769430416,9.79260309004693,4,0,,5000,5000,0,Weather is common to sites within a city-date; additional stations are not independent weather replicates.
period_2023_2024,Atlanta,episode_vs_reference,2.207178669340733,True,estimable,1250,294,428,95,32,10,15,15,249.76852355491596,1.5140205712402266e-15,unavailable_fewer_than_3_blocks_or_nonidentifiable_deletion,,,,2,0,,5000,5000,0,Weather is common to sites within a city-date; additional stations are not independent weather replicates.
period_2023_2024,Atlanta,heat_only_vs_reference,-0.3148744720964588,True,estimable,1250,294,428,95,32,10,15,15,249.76852355491596,1.7728873924482969e-15,unavailable_fewer_than_3_blocks_or_nonidentifiable_deletion,,,,2,0,,5000,5000,0,Weather is common to sites within a city-date; additional stations are not independent weather replicates.
period_2023_2024,Atlanta,wind_only_vs_reference,1.2167308700055703,True,estimable,1250,294,428,95,32,10,15,15,249.76852355491596,7.446300520630444e-16,unavailable_fewer_than_3_blocks_or_nonidentifiable_deletion,,,,2,0,,5000,5000,0,Weather is common to sites within a city-date; additional stations are not independent weather replicates.
period_2023_2024,Atlanta,other_compound_vs_reference,0.4842884953668038,True,estimable,1250,294,428,95,32,10,15,15,249.76852355491596,4.285994015384039e-15,unavailable_fewer_than_3_blocks_or_nonidentifiable_deletion,,,,2,0,,5000,5000,0,Weather is common to sites within a city-date; additional stations are not independent weather replicates.
period_2023_2024,Atlanta,episode_vs_wind_only,0.9904477993351626,True,estimable,1250,294,428,95,32,10,15,15,249.76852355491596,1.867050351128663e-15,unavailable_fewer_than_3_blocks_or_nonidentifiable_deletion,,,,2,0,,5000,5000,0,Weather is common to sites within a city-date; additional stations are not independent weather replicates.
period_2023_2024,Atlanta,episode_vs_heat_only,2.522053141437192,True,estimable,1250,294,428,95,32,10,15,15,249.76852355491596,3.3215617756265914e-15,unavailable_fewer_than_3_blocks_or_nonidentifiable_deletion,,,,2,0,,5000,5000,0,Weather is common to sites within a city-date; additional stations are not independent weather replicates.
period_2023_2024,Chicago,episode_vs_reference,5.788378293525348,True,estimable,1495,366,428,46,14,6,15,15,211.87303681497167,4.933553565678039e-15,unavailable_fewer_than_3_blocks_or_nonidentifiable_deletion,,,,2,0,,5000,5000,0,Weather is common to sites within a city-date; additional stations are not independent weather replicates.
period_2023_2024,Chicago,heat_only_vs_reference,-0.0481932778284468,True,estimable,1495,366,428,46,14,6,15,15,211.87303681497167,1.1982602410309795e-15,unavailable_fewer_than_3_blocks_or_nonidentifiable_deletion,,,,2,0,,5000,5000,0,Weather is common to sites within a city-date; additional stations are not independent weather replicates.
period_2023_2024,Chicago,wind_only_vs_reference,3.803397058704788,True,estimable,1495,366,428,46,14,6,15,15,211.87303681497167,9.992007221626409e-16,unavailable_fewer_than_3_blocks_or_nonidentifiable_deletion,,,,2,0,,5000,5000,0,Weather is common to sites within a city-date; additional stations are not independent weather replicates.
period_2023_2024,Chicago,other_compound_vs_reference,4.667833083176837,True,estimable,1495,366,428,46,14,6,15,15,211.87303681497167,1.7312540290248535e-15,unavailable_fewer_than_3_blocks_or_nonidentifiable_deletion,,,,2,0,,5000,5000,0,Weather is common to sites within a city-date; additional stations are not independent weather replicates.
period_2023_2024,Chicago,episode_vs_wind_only,1.98498123482056,True,estimable,1495,366,428,46,14,6,15,15,211.87303681497167,4.218847493575595e-15,unavailable_fewer_than_3_blocks_or_nonidentifiable_deletion,,,,2,0,,5000,5000,0,Weather is common to sites within a city-date; additional stations are not independent weather replicates.
period_2023_2024,Chicago,episode_vs_heat_only,5.836571571353795,True,estimable,1495,366,428,46,14,6,15,15,211.87303681497167,4.487729632352e-15,unavailable_fewer_than_3_blocks_or_nonidentifiable_deletion,,,,2,0,,5000,5000,0,Weather is common to sites within a city-date; additional stations are not independent weather replicates.
period_2023_2024,Dallas,episode_vs_reference,0.6476819530143658,True,estimable,1522,374,428,59,18,5,15,15,188.29195824728257,2.0782267211323783e-15,unavailable_fewer_than_3_blocks_or_nonidentifiable_deletion,,,,2,0,,5000,5000,0,Weather is common to sites within a city-date; additional stations are not independent weather replicates.
period_2023_2024,Dallas,heat_only_vs_reference,-2.288734945123536,True,estimable,1522,374,428,59,18,5,15,15,188.29195824728257,1.2741806147701425e-15,unavailable_fewer_than_3_blocks_or_nonidentifiable_deletion,,,,2,0,,5000,5000,0,Weather is common to sites within a city-date; additional stations are not independent weather replicates.
period_2023_2024,Dallas,wind_only_vs_reference,2.837055458692788,True,estimable,1522,374,428,59,18,5,15,15,188.29195824728257,3.855422925358454e-16,unavailable_fewer_than_3_blocks_or_nonidentifiable_deletion,,,,2,0,,5000,5000,0,Weather is common to sites within a city-date; additional stations are not independent weather replicates.
period_2023_2024,Dallas,other_compound_vs_reference,-0.4250718880726173,True,estimable,1522,374,428,59,18,5,15,15,188.29195824728257,2.6493089520862447e-15,unavailable_fewer_than_3_blocks_or_nonidentifiable_deletion,,,,2,0,,5000,5000,0,Weather is common to sites within a city-date; additional stations are not independent weather replicates.
period_2023_2024,Dallas,episode_vs_wind_only,-2.1893735056784216,True,estimable,1522,374,428,59,18,5,15,15,188.29195824728257,1.9048423019938554e-15,unavailable_fewer_than_3_blocks_or_nonidentifiable_deletion,,,,2,0,,5000,5000,0,Weather is common to sites within a city-date; additional stations are not independent weather replicates.
period_2023_2024,Dallas,episode_vs_heat_only,2.9364168981379013,True,estimable,1522,374,428,59,18,5,15,15,188.29195824728257,1.3877787807814457e-15,unavailable_fewer_than_3_blocks_or_nonidentifiable_deletion,,,,2,0,,5000,5000,0,Weather is common to sites within a city-date; additional stations are not independent weather replicates.
period_2023_2024,Denver,episode_vs_reference,0.7612029451090456,True,estimable,2051,488,428,9,2,1,15,15,288.8997658802981,1.8665624601510444e-14,unavailable_fewer_than_3_blocks_or_nonidentifiable_deletion,,,,2,1,2024,5000,3774,1226,Weather is common to sites within a city-date; additional stations are not independent weather replicates.
period_2023_2024,Denver,heat_only_vs_reference,0.6779829627463188,True,estimable,2051,488,428,9,2,1,15,15,288.8997658802981,1.096345236817342e-15,unavailable_fewer_than_3_blocks_or_nonidentifiable_deletion,,,,2,0,,5000,5000,0,Weather is common to sites within a city-date; additional stations are not independent weather replicates.
period_2023_2024,Denver,wind_only_vs_reference,1.4836565196548277,True,estimable,2051,488,428,9,2,1,15,15,288.8997658802981,1.3322676295501878e-15,unavailable_fewer_than_3_blocks_or_nonidentifiable_deletion,,,,2,0,,5000,5000,0,Weather is common to sites within a city-date; additional stations are not independent weather replicates.
period_2023_2024,Denver,other_compound_vs_reference,1.9301541820818495,True,estimable,2051,488,428,9,2,1,15,15,288.8997658802981,3.8441472227646045e-15,unavailable_fewer_than_3_blocks_or_nonidentifiable_deletion,,,,2,0,,5000,5000,0,Weather is common to sites within a city-date; additional stations are not independent weather replicates.
period_2023_2024,Denver,episode_vs_wind_only,-0.7224535745457819,True,estimable,2051,488,428,9,2,1,15,15,288.8997658802981,1.8263168755083825e-14,unavailable_fewer_than_3_blocks_or_nonidentifiable_deletion,,,,2,1,2024,5000,3774,1226,Weather is common to sites within a city-date; additional stations are not independent weather replicates.
period_2023_2024,Denver,episode_vs_heat_only,0.0832199823627268,True,estimable,2051,488,428,9,2,1,15,15,288.8997658802981,1.7520707107365752e-14,unavailable_fewer_than_3_blocks_or_nonidentifiable_deletion,,,,2,1,2024,5000,3774,1226,Weather is common to sites within a city-date; additional stations are not independent weather replicates.
period_2023_2024,Houston,episode_vs_reference,1.4427314067443302,True,estimable,3621,910,428,367,44,9,15,15,446.0545066364703,3.58046925441613e-15,unavailable_fewer_than_3_blocks_or_nonidentifiable_deletion,,,,2,0,,5000,5000,0,Weather is common to sites within a city-date; additional stations are not independent weather replicates.
period_2023_2024,Houston,heat_only_vs_reference,-2.9976794118701395,True,estimable,3621,910,428,367,44,9,15,15,446.0545066364703,4.6629367034256575e-15,unavailable_fewer_than_3_blocks_or_nonidentifiable_deletion,,,,2,0,,5000,5000,0,Weather is common to sites within a city-date; additional stations are not independent weather replicates.
period_2023_2024,Houston,wind_only_vs_reference,4.162170846630648,True,estimable,3621,910,428,367,44,9,15,15,446.0545066364703,1.4432899320127035e-15,unavailable_fewer_than_3_blocks_or_nonidentifiable_deletion,,,,2,0,,5000,5000,0,Weather is common to sites within a city-date; additional stations are not independent weather replicates.
period_2023_2024,Houston,other_compound_vs_reference,-0.4365606982306851,True,estimable,3621,910,428,367,44,9,15,15,446.0545066364703,2.3141211169530607e-15,unavailable_fewer_than_3_blocks_or_nonidentifiable_deletion,,,,2,0,,5000,5000,0,Weather is common to sites within a city-date; additional stations are not independent weather replicates.
period_2023_2024,Houston,episode_vs_wind_only,-2.719439439886318,True,estimable,3621,910,428,367,44,9,15,15,446.0545066364703,2.6575963651964685e-15,unavailable_fewer_than_3_blocks_or_nonidentifiable_deletion,,,,2,0,,5000,5000,0,Weather is common to sites within a city-date; additional stations are not independent weather replicates.
period_2023_2024,Houston,episode_vs_heat_only,4.4404108186144695,True,estimable,3621,910,428,367,44,9,15,15,446.0545066364703,1.7438307742256853e-15,unavailable_fewer_than_3_blocks_or_nonidentifiable_deletion,,,,2,0,,5000,5000,0,Weather is common to sites within a city-date; additional stations are not independent weather replicates.
period_2023_2024,Los Angeles,episode_vs_reference,3.4795429164934237,True,estimable,2954,686,428,142,21,8,15,15,667.2903669023683,4.85722573273506e-15,unavailable_fewer_than_3_blocks_or_nonidentifiable_deletion,,,,2,0,,5000,5000,0,Weather is common to sites within a city-date; additional stations are not independent weather replicates.
period_2023_2024,Los Angeles,heat_only_vs_reference,0.2101670580915702,True,estimable,2954,686,428,142,21,8,15,15,667.2903669023683,3.164135620181696e-15,unavailable_fewer_than_3_blocks_or_nonidentifiable_deletion,,,,2,0,,5000,5000,0,Weather is common to sites within a city-date; additional stations are not independent weather replicates.
period_2023_2024,Los Angeles,wind_only_vs_reference,2.202983709244775,True,estimable,2954,686,428,142,21,8,15,15,667.2903669023683,8.881784197001252e-16,unavailable_fewer_than_3_blocks_or_nonidentifiable_deletion,,,,2,0,,5000,5000,0,Weather is common to sites within a city-date; additional stations are not independent weather replicates.
period_2023_2024,Los Angeles,other_compound_vs_reference,1.815417243052952,True,estimable,2954,686,428,142,21,8,15,15,667.2903669023683,5.9396931817445875e-15,unavailable_fewer_than_3_blocks_or_nonidentifiable_deletion,,,,2,0,,5000,5000,0,Weather is common to sites within a city-date; additional stations are not independent weather replicates.
period_2023_2024,Los Angeles,episode_vs_wind_only,1.2765592072486482,True,estimable,2954,686,428,142,21,8,15,15,667.2903669023683,2.9698465908722937e-15,unavailable_fewer_than_3_blocks_or_nonidentifiable_deletion,,,,2,0,,5000,5000,0,Weather is common to sites within a city-date; additional stations are not independent weather replicates.
period_2023_2024,Los Angeles,episode_vs_heat_only,3.269375858401853,True,estimable,2954,686,428,142,21,8,15,15,667.2903669023683,2.886579864025407e-15,unavailable_fewer_than_3_blocks_or_nonidentifiable_deletion,,,,2,0,,5000,5000,0,Weather is common to sites within a city-date; additional stations are not independent weather replicates.
period_2023_2024,New York,episode_vs_reference,5.059439260255777,True,estimable,3300,784,428,164,21,6,15,15,365.3753485606054,5.0263612716427986e-15,unavailable_fewer_than_3_blocks_or_nonidentifiable_deletion,,,,2,0,,5000,5000,0,Weather is common to sites within a city-date; additional stations are not independent weather replicates.
period_2023_2024,New York,heat_only_vs_reference,0.7958877979824351,True,estimable,3300,784,428,164,21,6,15,15,365.3753485606054,7.882583474838611e-15,unavailable_fewer_than_3_blocks_or_nonidentifiable_deletion,,,,2,0,,5000,5000,0,Weather is common to sites within a city-date; additional stations are not independent weather replicates.
period_2023_2024,New York,wind_only_vs_reference,4.303909328420571,True,estimable,3300,784,428,164,21,6,15,15,365.3753485606054,1.835337437583462e-15,unavailable_fewer_than_3_blocks_or_nonidentifiable_deletion,,,,2,0,,5000,5000,0,Weather is common to sites within a city-date; additional stations are not independent weather replicates.
period_2023_2024,New York,other_compound_vs_reference,4.389723405676793,True,estimable,3300,784,428,164,21,6,15,15,365.3753485606054,1.6000953437474847e-15,unavailable_fewer_than_3_blocks_or_nonidentifiable_deletion,,,,2,0,,5000,5000,0,Weather is common to sites within a city-date; additional stations are not independent weather replicates.
period_2023_2024,New York,episode_vs_wind_only,0.7555299318352064,True,estimable,3300,784,428,164,21,6,15,15,365.3753485606054,5.568462357885551e-15,unavailable_fewer_than_3_blocks_or_nonidentifiable_deletion,,,,2,0,,5000,5000,0,Weather is common to sites within a city-date; additional stations are not independent weather replicates.
period_2023_2024,New York,episode_vs_heat_only,4.263551462273342,True,estimable,3300,784,428,164,21,6,15,15,365.3753485606054,6.494804694057166e-15,unavailable_fewer_than_3_blocks_or_nonidentifiable_deletion,,,,2,0,,5000,5000,0,Weather is common to sites within a city-date; additional stations are not independent weather replicates.
period_2023_2024,Philadelphia,episode_vs_reference,1.896149257698586,True,estimable,2035,480,428,40,9,4,15,15,232.1011600295847,5.440092820663267e-15,unavailable_fewer_than_3_blocks_or_nonidentifiable_deletion,,,,2,0,,5000,5000,0,Weather is common to sites within a city-date; additional stations are not independent weather replicates.
period_2023_2024,Philadelphia,heat_only_vs_reference,0.8501821112122878,True,estimable,2035,480,428,40,9,4,15,15,232.1011600295847,2.1094237467877974e-15,unavailable_fewer_than_3_blocks_or_nonidentifiable_deletion,,,,2,0,,5000,5000,0,Weather is common to sites within a city-date; additional stations are not independent weather replicates.
period_2023_2024,Philadelphia,wind_only_vs_reference,2.1972352558112225,True,estimable,2035,480,428,40,9,4,15,15,232.1011600295847,1.2055852299582791e-15,unavailable_fewer_than_3_blocks_or_nonidentifiable_deletion,,,,2,0,,5000,5000,0,Weather is common to sites within a city-date; additional stations are not independent weather replicates.
period_2023_2024,Philadelphia,other_compound_vs_reference,2.383231172725728,True,estimable,2035,480,428,40,9,4,15,15,232.1011600295847,3.247402347028583e-15,unavailable_fewer_than_3_blocks_or_nonidentifiable_deletion,,,,2,0,,5000,5000,0,Weather is common to sites within a city-date; additional stations are not independent weather replicates.
period_2023_2024,Philadelphia,episode_vs_wind_only,-0.3010859981126363,True,estimable,2035,480,428,40,9,4,15,15,232.1011600295847,4.468647674116255e-15,unavailable_fewer_than_3_blocks_or_nonidentifiable_deletion,,,,2,0,,5000,5000,0,Weather is common to sites within a city-date; additional stations are not independent weather replicates.
period_2023_2024,Philadelphia,episode_vs_heat_only,1.0459671464862983,True,estimable,2035,480,428,40,9,4,15,15,232.1011600295847,3.3306690738754696e-15,unavailable_fewer_than_3_blocks_or_nonidentifiable_deletion,,,,2,0,,5000,5000,0,Weather is common to sites within a city-date; additional stations are not independent weather replicates.
period_2023_2024,Phoenix,episode_vs_reference,1.7756688625204309,True,estimable,2042,490,428,24,6,3,15,15,1809.385230300224,1.1619177842092654e-14,unavailable_fewer_than_3_blocks_or_nonidentifiable_deletion,,,,2,0,,5000,5000,0,Weather is common to sites within a city-date; additional stations are not independent weather replicates.
period_2023_2024,Phoenix,heat_only_vs_reference,-0.2996158972915271,True,estimable,2042,490,428,24,6,3,15,15,1809.385230300224,2.4809798312985798e-15,unavailable_fewer_than_3_blocks_or_nonidentifiable_deletion,,,,2,0,,5000,5000,0,Weather is common to sites within a city-date; additional stations are not independent weather replicates.
period_2023_2024,Phoenix,wind_only_vs_reference,2.931060802195399,True,estimable,2042,490,428,24,6,3,15,15,1809.385230300224,1.3530843112619095e-15,unavailable_fewer_than_3_blocks_or_nonidentifiable_deletion,,,,2,0,,5000,5000,0,Weather is common to sites within a city-date; additional stations are not independent weather replicates.
period_2023_2024,Phoenix,other_compound_vs_reference,1.6196760900130345,True,estimable,2042,490,428,24,6,3,15,15,1809.385230300224,3.5830538028787655e-15,unavailable_fewer_than_3_blocks_or_nonidentifiable_deletion,,,,2,0,,5000,5000,0,Weather is common to sites within a city-date; additional stations are not independent weather replicates.
period_2023_2024,Phoenix,episode_vs_wind_only,-1.1553919396749683,True,estimable,2042,490,428,24,6,3,15,15,1809.385230300224,1.2292250550771655e-14,unavailable_fewer_than_3_blocks_or_nonidentifiable_deletion,,,,2,0,,5000,5000,0,Weather is common to sites within a city-date; additional stations are not independent weather replicates.
period_2023_2024,Phoenix,episode_vs_heat_only,2.0752847598119577,True,estimable,2042,490,428,24,6,3,15,15,1809.385230300224,1.199040866595169e-14,unavailable_fewer_than_3_blocks_or_nonidentifiable_deletion,,,,2,0,,5000,5000,0,Weather is common to sites within a city-date; additional stations are not independent weather replicates.
period_2023_2024,San Diego,episode_vs_reference,1.641590951740446,True,estimable,1889,445,428,101,23,8,15,15,843.4362557413964,3.0531133177191805e-15,unavailable_fewer_than_3_blocks_or_nonidentifiable_deletion,,,,2,0,,5000,5000,0,Weather is common to sites within a city-date; additional stations are not independent weather replicates.
period_2023_2024,San Diego,heat_only_vs_reference,0.1914181245467882,True,estimable,1889,445,428,101,23,8,15,15,843.4362557413964,1.160530005428484e-15,unavailable_fewer_than_3_blocks_or_nonidentifiable_deletion,,,,2,0,,5000,5000,0,Weather is common to sites within a city-date; additional stations are not independent weather replicates.
period_2023_2024,San Diego,wind_only_vs_reference,1.2708415560150863,True,estimable,1889,445,428,101,23,8,15,15,843.4362557413964,1.1102230246251565e-15,unavailable_fewer_than_3_blocks_or_nonidentifiable_deletion,,,,2,0,,5000,5000,0,Weather is common to sites within a city-date; additional stations are not independent weather replicates.
period_2023_2024,San Diego,other_compound_vs_reference,0.9387826888388452,True,estimable,1889,445,428,101,23,8,15,15,843.4362557413964,2.8709673527416157e-15,unavailable_fewer_than_3_blocks_or_nonidentifiable_deletion,,,,2,0,,5000,5000,0,Weather is common to sites within a city-date; additional stations are not independent weather replicates.
period_2023_2024,San Diego,episode_vs_wind_only,0.3707493957253596,True,estimable,1889,445,428,101,23,8,15,15,843.4362557413964,2.8033131371785203e-15,unavailable_fewer_than_3_blocks_or_nonidentifiable_deletion,,,,2,0,,5000,5000,0,Weather is common to sites within a city-date; additional stations are not independent weather replicates.
period_2023_2024,San Diego,episode_vs_heat_only,1.4501728271936578,True,estimable,1889,445,428,101,23,8,15,15,843.4362557413964,3.0808688933348094e-15,unavailable_fewer_than_3_blocks_or_nonidentifiable_deletion,,,,2,0,,5000,5000,0,Weather is common to sites within a city-date; additional stations are not independent weather replicates.
period_2023_2024,Seattle,episode_vs_reference,5.426719862738006,True,estimable,775,196,426,34,17,7,15,15,845.6975276346624,4.135580766728708e-15,unavailable_fewer_than_3_blocks_or_nonidentifiable_deletion,,,,2,0,,5000,5000,0,Weather is common to sites within a city-date; additional stations are not independent weather replicates.
period_2023_2024,Seattle,heat_only_vs_reference,5.510746296198365,True,estimable,775,196,426,34,17,7,15,15,845.6975276346624,2.456368441983159e-15,unavailable_fewer_than_3_blocks_or_nonidentifiable_deletion,,,,2,0,,5000,5000,0,Weather is common to sites within a city-date; additional stations are not independent weather replicates.
period_2023_2024,Seattle,wind_only_vs_reference,3.347383689752576,True,estimable,775,196,426,34,17,7,15,15,845.6975276346624,1.1102230246251565e-15,unavailable_fewer_than_3_blocks_or_nonidentifiable_deletion,,,,2,0,,5000,5000,0,Weather is common to sites within a city-date; additional stations are not independent weather replicates.
period_2023_2024,Seattle,other_compound_vs_reference,7.050028654086125,True,estimable,775,196,426,34,17,7,15,15,845.6975276346624,2.7848024298346482e-15,unavailable_fewer_than_3_blocks_or_nonidentifiable_deletion,,,,2,0,,5000,5000,0,Weather is common to sites within a city-date; additional stations are not independent weather replicates.
period_2023_2024,Seattle,episode_vs_wind_only,2.0793361729854296,True,estimable,775,196,426,34,17,7,15,15,845.6975276346624,4.198030811863873e-15,unavailable_fewer_than_3_blocks_or_nonidentifiable_deletion,,,,2,0,,5000,5000,0,Weather is common to sites within a city-date; additional stations are not independent weather replicates.
period_2023_2024,Seattle,episode_vs_heat_only,-0.0840264334603588,True,estimable,775,196,426,34,17,7,15,15,845.6975276346624,3.5388358909926865e-15,unavailable_fewer_than_3_blocks_or_nonidentifiable_deletion,,,,2,0,,5000,5000,0,Weather is common to sites within a city-date; additional stations are not independent weather replicates.
extension_2025,Atlanta,episode_vs_reference,1.5333601310274425,True,estimable,558,146,210,39,13,4,15,15,428.46254129772746,5.162970745375972e-15,unavailable_fewer_than_3_blocks_or_nonidentifiable_deletion,,,,0,0,,5000,5000,0,Weather is common to sites within a city-date; additional stations are not independent weather replicates.
extension_2025,Atlanta,heat_only_vs_reference,0.0461365537491186,True,estimable,558,146,210,39,13,4,15,15,428.46254129772746,4.576200529626817e-15,unavailable_fewer_than_3_blocks_or_nonidentifiable_deletion,,,,0,0,,5000,5000,0,Weather is common to sites within a city-date; additional stations are not independent weather replicates.
extension_2025,Atlanta,wind_only_vs_reference,2.193490301767609,True,estimable,558,146,210,39,13,4,15,15,428.46254129772746,1.0503879704956485e-15,unavailable_fewer_than_3_blocks_or_nonidentifiable_deletion,,,,0,0,,5000,5000,0,Weather is common to sites within a city-date; additional stations are not independent weather replicates.
extension_2025,Atlanta,other_compound_vs_reference,1.9658083754969031,True,estimable,558,146,210,39,13,4,15,15,428.46254129772746,3.1178943975251894e-15,unavailable_fewer_than_3_blocks_or_nonidentifiable_deletion,,,,0,0,,5000,5000,0,Weather is common to sites within a city-date; additional stations are not independent weather replicates.
extension_2025,Atlanta,episode_vs_wind_only,-0.6601301707401666,True,estimable,558,146,210,39,13,4,15,15,428.46254129772746,5.0434916659680695e-15,unavailable_fewer_than_3_blocks_or_nonidentifiable_deletion,,,,0,0,,5000,5000,0,Weather is common to sites within a city-date; additional stations are not independent weather replicates.
extension_2025,Atlanta,episode_vs_heat_only,1.4872235772783235,True,estimable,558,146,210,39,13,4,15,15,428.46254129772746,8.826273045769994e-15,unavailable_fewer_than_3_blocks_or_nonidentifiable_deletion,,,,0,0,,5000,5000,0,Weather is common to sites within a city-date; additional stations are not independent weather replicates.
extension_2025,Chicago,episode_vs_reference,4.825023870966827,True,estimable,760,191,214,46,14,4,15,15,199.4431181009296,1.27675647831893e-15,unavailable_fewer_than_3_blocks_or_nonidentifiable_deletion,,,,0,0,,5000,5000,0,Weather is common to sites within a city-date; additional stations are not independent weather replicates.
extension_2025,Chicago,heat_only_vs_reference,-1.2070654715630988,True,estimable,760,191,214,46,14,4,15,15,199.4431181009296,1.3322676295501878e-15,unavailable_fewer_than_3_blocks_or_nonidentifiable_deletion,,,,0,0,,5000,5000,0,Weather is common to sites within a city-date; additional stations are not independent weather replicates.
extension_2025,Chicago,wind_only_vs_reference,3.415405259962492,True,estimable,760,191,214,46,14,4,15,15,199.4431181009296,7.450637329320386e-16,unavailable_fewer_than_3_blocks_or_nonidentifiable_deletion,,,,0,0,,5000,5000,0,Weather is common to sites within a city-date; additional stations are not independent weather replicates.
extension_2025,Chicago,other_compound_vs_reference,5.546360123690997,True,estimable,760,191,214,46,14,4,15,15,199.4431181009296,2.4089044767708134e-15,unavailable_fewer_than_3_blocks_or_nonidentifiable_deletion,,,,0,0,,5000,5000,0,Weather is common to sites within a city-date; additional stations are not independent weather replicates.
extension_2025,Chicago,episode_vs_wind_only,1.409618611004336,True,estimable,760,191,214,46,14,4,15,15,199.4431181009296,1.0456045751450205e-15,unavailable_fewer_than_3_blocks_or_nonidentifiable_deletion,,,,0,0,,5000,5000,0,Weather is common to sites within a city-date; additional stations are not independent weather replicates.
extension_2025,Chicago,episode_vs_heat_only,6.032089342529926,True,estimable,760,191,214,46,14,4,15,15,199.4431181009296,5.793976409762536e-16,unavailable_fewer_than_3_blocks_or_nonidentifiable_deletion,,,,0,0,,5000,5000,0,Weather is common to sites within a city-date; additional stations are not independent weather replicates.
extension_2025,Dallas,episode_vs_reference,1.279176519522487,True,estimable,626,147,214,18,6,2,15,15,270.9966402181383,5.2024357044544445e-15,unavailable_fewer_than_3_blocks_or_nonidentifiable_deletion,,,,0,0,,5000,5000,0,Weather is common to sites within a city-date; additional stations are not independent weather replicates.
extension_2025,Dallas,heat_only_vs_reference,-0.7521978616425522,True,estimable,626,147,214,18,6,2,15,15,270.9966402181383,1.0772632785815972e-15,unavailable_fewer_than_3_blocks_or_nonidentifiable_deletion,,,,0,0,,5000,5000,0,Weather is common to sites within a city-date; additional stations are not independent weather replicates.
extension_2025,Dallas,wind_only_vs_reference,3.2010076969678884,True,estimable,626,147,214,18,6,2,15,15,270.9966402181383,1.044241330259878e-15,unavailable_fewer_than_3_blocks_or_nonidentifiable_deletion,,,,0,0,,5000,5000,0,Weather is common to sites within a city-date; additional stations are not independent weather replicates.
extension_2025,Dallas,other_compound_vs_reference,1.2815392689839644,True,estimable,626,147,214,18,6,2,15,15,270.9966402181383,3.344546861683284e-15,unavailable_fewer_than_3_blocks_or_nonidentifiable_deletion,,,,0,0,,5000,5000,0,Weather is common to sites within a city-date; additional stations are not independent weather replicates.
extension_2025,Dallas,episode_vs_wind_only,-1.9218311774454016,True,estimable,626,147,214,18,6,2,15,15,270.9966402181383,5.7245874707234634e-15,unavailable_fewer_than_3_blocks_or_nonidentifiable_deletion,,,,0,0,,5000,5000,0,Weather is common to sites within a city-date; additional stations are not independent weather replicates.
extension_2025,Dallas,episode_vs_heat_only,2.031374381165039,True,estimable,626,147,214,18,6,2,15,15,270.9966402181383,4.6629367034256575e-15,unavailable_fewer_than_3_blocks_or_nonidentifiable_deletion,,,,0,0,,5000,5000,0,Weather is common to sites within a city-date; additional stations are not independent weather replicates.
extension_2025,Denver,episode_vs_reference,,False,no_retained_episode_station_days_in_this_city_and_specification,1010,243,214,0,0,0,14,15,inf,1.0,unavailable_fewer_than_3_blocks_or_nonidentifiable_deletion,,,,0,0,,5000,0,5000,Weather is common to sites within a city-date; additional stations are not independent weather replicates.
extension_2025,Denver,heat_only_vs_reference,0.3621623378675275,True,estimable_but_ill_conditioned_no_sample_or_model_change,1010,243,214,0,0,0,14,15,inf,1.1969591984239969e-15,unavailable_fewer_than_3_blocks_or_nonidentifiable_deletion,,,,0,0,,5000,5000,0,Weather is common to sites within a city-date; additional stations are not independent weather replicates.
extension_2025,Denver,wind_only_vs_reference,1.6964011166557154,True,estimable_but_ill_conditioned_no_sample_or_model_change,1010,243,214,0,0,0,14,15,inf,1.5970794065138038e-15,unavailable_fewer_than_3_blocks_or_nonidentifiable_deletion,,,,0,0,,5000,5000,0,Weather is common to sites within a city-date; additional stations are not independent weather replicates.
extension_2025,Denver,other_compound_vs_reference,2.948369182811668,True,estimable_but_ill_conditioned_no_sample_or_model_change,1010,243,214,0,0,0,14,15,inf,9.103828801926284e-15,unavailable_fewer_than_3_blocks_or_nonidentifiable_deletion,,,,0,0,,5000,5000,0,Weather is common to sites within a city-date; additional stations are not independent weather replicates.
extension_2025,Denver,episode_vs_wind_only,,False,no_retained_episode_station_days_in_this_city_and_specification,1010,243,214,0,0,0,14,15,inf,1.0,unavailable_fewer_than_3_blocks_or_nonidentifiable_deletion,,,,0,0,,5000,0,5000,Weather is common to sites within a city-date; additional stations are not independent weather replicates.
extension_2025,Denver,episode_vs_heat_only,,False,no_retained_episode_station_days_in_this_city_and_specification,1010,243,214,0,0,0,14,15,inf,1.0,unavailable_fewer_than_3_blocks_or_nonidentifiable_deletion,,,,0,0,,5000,0,5000,Weather is common to sites within a city-date; additional stations are not independent weather replicates.
extension_2025,Houston,episode_vs_reference,1.237818588551316,True,estimable,2037,476,214,40,4,2,15,15,767.466264538291,9.56179579958416e-15,unavailable_fewer_than_3_blocks_or_nonidentifiable_deletion,,,,0,0,,5000,5000,0,Weather is common to sites within a city-date; additional stations are not independent weather replicates.
extension_2025,Houston,heat_only_vs_reference,0.521661292553388,True,estimable,2037,476,214,40,4,2,15,15,767.466264538291,7.466249840604178e-15,unavailable_fewer_than_3_blocks_or_nonidentifiable_deletion,,,,0,0,,5000,5000,0,Weather is common to sites within a city-date; additional stations are not independent weather replicates.
extension_2025,Houston,wind_only_vs_reference,3.542454981325914,True,estimable,2037,476,214,40,4,2,15,15,767.466264538291,2.220446049250313e-15,unavailable_fewer_than_3_blocks_or_nonidentifiable_deletion,,,,0,0,,5000,5000,0,Weather is common to sites within a city-date; additional stations are not independent weather replicates.
extension_2025,Houston,other_compound_vs_reference,3.187652427846932,True,estimable,2037,476,214,40,4,2,15,15,767.466264538291,4.829470157119431e-15,unavailable_fewer_than_3_blocks_or_nonidentifiable_deletion,,,,0,0,,5000,5000,0,Weather is common to sites within a city-date; additional stations are not independent weather replicates.
extension_2025,Houston,episode_vs_wind_only,-2.304636392774598,True,estimable,2037,476,214,40,4,2,15,15,767.466264538291,7.327471962526033e-15,unavailable_fewer_than_3_blocks_or_nonidentifiable_deletion,,,,0,0,,5000,5000,0,Weather is common to sites within a city-date; additional stations are not independent weather replicates.
extension_2025,Houston,episode_vs_heat_only,0.716157295997928,True,estimable,2037,476,214,40,4,2,15,15,767.466264538291,5.2024357044544445e-15,unavailable_fewer_than_3_blocks_or_nonidentifiable_deletion,,,,0,0,,5000,5000,0,Weather is common to sites within a city-date; additional stations are not independent weather replicates.
extension_2025,Los Angeles,episode_vs_reference,1.806742903683083,True,estimable,1488,343,214,61,9,4,15,15,900.1438245945639,4.992534163861251e-15,unavailable_fewer_than_3_blocks_or_nonidentifiable_deletion,,,,0,0,,5000,5000,0,Weather is common to sites within a city-date; additional stations are not independent weather replicates.
extension_2025,Los Angeles,heat_only_vs_reference,0.7210709122748451,True,estimable,1488,343,214,61,9,4,15,15,900.1438245945639,4.4825254619240695e-15,unavailable_fewer_than_3_blocks_or_nonidentifiable_deletion,,,,0,0,,5000,5000,0,Weather is common to sites within a city-date; additional stations are not independent weather replicates.
extension_2025,Los Angeles,wind_only_vs_reference,2.873531184663538,True,estimable,1488,343,214,61,9,4,15,15,900.1438245945639,1.1379786002407855e-15,unavailable_fewer_than_3_blocks_or_nonidentifiable_deletion,,,,0,0,,5000,5000,0,Weather is common to sites within a city-date; additional stations are not independent weather replicates.
extension_2025,Los Angeles,other_compound_vs_reference,1.4304760475977667,True,estimable,1488,343,214,61,9,4,15,15,900.1438245945639,5.662137425588298e-15,unavailable_fewer_than_3_blocks_or_nonidentifiable_deletion,,,,0,0,,5000,5000,0,Weather is common to sites within a city-date; additional stations are not independent weather replicates.
extension_2025,Los Angeles,episode_vs_wind_only,-1.066788280980455,True,estimable,1488,343,214,61,9,4,15,15,900.1438245945639,4.385380947269368e-15,unavailable_fewer_than_3_blocks_or_nonidentifiable_deletion,,,,0,0,,5000,5000,0,Weather is common to sites within a city-date; additional stations are not independent weather replicates.
extension_2025,Los Angeles,episode_vs_heat_only,1.085671991408238,True,estimable,1488,343,214,61,9,4,15,15,900.1438245945639,7.722988915048745e-15,unavailable_fewer_than_3_blocks_or_nonidentifiable_deletion,,,,0,0,,5000,5000,0,Weather is common to sites within a city-date; additional stations are not independent weather replicates.
extension_2025,New York,episode_vs_reference,4.223523162381873,True,estimable,1574,374,214,55,7,3,15,15,458.8064821803909,3.094746681142624e-15,unavailable_fewer_than_3_blocks_or_nonidentifiable_deletion,,,,0,0,,5000,5000,0,Weather is common to sites within a city-date; additional stations are not independent weather replicates.
extension_2025,New York,heat_only_vs_reference,0.3450208429435895,True,estimable,1574,374,214,55,7,3,15,15,458.8064821803909,2.886579864025407e-15,unavailable_fewer_than_3_blocks_or_nonidentifiable_deletion,,,,0,0,,5000,5000,0,Weather is common to sites within a city-date; additional stations are not independent weather replicates.
extension_2025,New York,wind_only_vs_reference,3.685446623770864,True,estimable,1574,374,214,55,7,3,15,15,458.8064821803909,1.4918621893400541e-15,unavailable_fewer_than_3_blocks_or_nonidentifiable_deletion,,,,0,0,,5000,5000,0,Weather is common to sites within a city-date; additional stations are not independent weather replicates.
extension_2025,New York,other_compound_vs_reference,1.9223086392673647,True,estimable,1574,374,214,55,7,3,15,15,458.8064821803909,1.880440247958859e-15,unavailable_fewer_than_3_blocks_or_nonidentifiable_deletion,,,,0,0,,5000,5000,0,Weather is common to sites within a city-date; additional stations are not independent weather replicates.
extension_2025,New York,episode_vs_wind_only,0.5380765386110098,True,estimable,1574,374,214,55,7,3,15,15,458.8064821803909,2.456368441983159e-15,unavailable_fewer_than_3_blocks_or_nonidentifiable_deletion,,,,0,0,,5000,5000,0,Weather is common to sites within a city-date; additional stations are not independent weather replicates.
extension_2025,New York,episode_vs_heat_only,3.878502319438284,True,estimable,1574,374,214,55,7,3,15,15,458.8064821803909,2.3939183968479938e-15,unavailable_fewer_than_3_blocks_or_nonidentifiable_deletion,,,,0,0,,5000,5000,0,Weather is common to sites within a city-date; additional stations are not independent weather replicates.
extension_2025,Philadelphia,episode_vs_reference,1.1134242885077388,True,estimable,1006,238,214,45,10,4,15,15,361.6225989163661,4.9960036108132044e-15,unavailable_fewer_than_3_blocks_or_nonidentifiable_deletion,,,,0,0,,5000,5000,0,Weather is common to sites within a city-date; additional stations are not independent weather replicates.
extension_2025,Philadelphia,heat_only_vs_reference,1.1563427942474664,True,estimable,1006,238,214,45,10,4,15,15,361.6225989163661,3.2968851566117847e-15,unavailable_fewer_than_3_blocks_or_nonidentifiable_deletion,,,,0,0,,5000,5000,0,Weather is common to sites within a city-date; additional stations are not independent weather replicates.
extension_2025,Philadelphia,wind_only_vs_reference,1.2037626313288676,True,estimable,1006,238,214,45,10,4,15,15,361.6225989163661,1.7763568394002505e-15,unavailable_fewer_than_3_blocks_or_nonidentifiable_deletion,,,,0,0,,5000,5000,0,Weather is common to sites within a city-date; additional stations are not independent weather replicates.
extension_2025,Philadelphia,other_compound_vs_reference,0.9631377771931564,True,estimable,1006,238,214,45,10,4,15,15,361.6225989163661,8.288508768217184e-15,unavailable_fewer_than_3_blocks_or_nonidentifiable_deletion,,,,0,0,,5000,5000,0,Weather is common to sites within a city-date; additional stations are not independent weather replicates.
extension_2025,Philadelphia,episode_vs_wind_only,-0.0903383428211288,True,estimable,1006,238,214,45,10,4,15,15,361.6225989163661,4.713792305680517e-15,unavailable_fewer_than_3_blocks_or_nonidentifiable_deletion,,,,0,0,,5000,5000,0,Weather is common to sites within a city-date; additional stations are not independent weather replicates.
extension_2025,Philadelphia,episode_vs_heat_only,-0.0429185057397276,True,estimable,1006,238,214,45,10,4,15,15,361.6225989163661,6.857128168784e-15,unavailable_fewer_than_3_blocks_or_nonidentifiable_deletion,,,,0,0,,5000,5000,0,Weather is common to sites within a city-date; additional stations are not independent weather replicates.
extension_2025,Phoenix,episode_vs_reference,1.5194168035384288,True,estimable,971,237,214,9,2,1,15,15,674.5860798059122,2.1163626406917047e-14,unavailable_fewer_than_3_blocks_or_nonidentifiable_deletion,,,,0,0,,5000,5000,0,Weather is common to sites within a city-date; additional stations are not independent weather replicates.
extension_2025,Phoenix,heat_only_vs_reference,0.5727666094421279,True,estimable,971,237,214,9,2,1,15,15,674.5860798059122,3.3861802251067274e-15,unavailable_fewer_than_3_blocks_or_nonidentifiable_deletion,,,,0,0,,5000,5000,0,Weather is common to sites within a city-date; additional stations are not independent weather replicates.
extension_2025,Phoenix,wind_only_vs_reference,3.8653346818878,True,estimable,971,237,214,9,2,1,15,15,674.5860798059122,9.957312752106873e-16,unavailable_fewer_than_3_blocks_or_nonidentifiable_deletion,,,,0,0,,5000,5000,0,Weather is common to sites within a city-date; additional stations are not independent weather replicates.
extension_2025,Phoenix,other_compound_vs_reference,2.407376357849808,True,estimable,971,237,214,9,2,1,15,15,674.5860798059122,4.333772923859058e-15,unavailable_fewer_than_3_blocks_or_nonidentifiable_deletion,,,,0,0,,5000,5000,0,Weather is common to sites within a city-date; additional stations are not independent weather replicates.
extension_2025,Phoenix,episode_vs_wind_only,-2.3459178783493715,True,estimable,971,237,214,9,2,1,15,15,674.5860798059122,2.1045665210550624e-14,unavailable_fewer_than_3_blocks_or_nonidentifiable_deletion,,,,0,0,,5000,5000,0,Weather is common to sites within a city-date; additional stations are not independent weather replicates.
extension_2025,Phoenix,episode_vs_heat_only,0.9466501940963008,True,estimable,971,237,214,9,2,1,15,15,674.5860798059122,1.7486012637846216e-14,unavailable_fewer_than_3_blocks_or_nonidentifiable_deletion,,,,0,0,,5000,5000,0,Weather is common to sites within a city-date; additional stations are not independent weather replicates.
extension_2025,San Diego,episode_vs_reference,0.9484025486263444,True,estimable,868,210,214,24,6,2,15,15,1589.5447927783418,1.4469328513122548e-14,unavailable_fewer_than_3_blocks_or_nonidentifiable_deletion,,,,0,0,,5000,5000,0,Weather is common to sites within a city-date; additional stations are not independent weather replicates.
extension_2025,San Diego,heat_only_vs_reference,0.650541141709505,True,estimable,868,210,214,24,6,2,15,15,1589.5447927783418,1.8596235662471372e-15,unavailable_fewer_than_3_blocks_or_nonidentifiable_deletion,,,,0,0,,5000,5000,0,Weather is common to sites within a city-date; additional stations are not independent weather replicates.
extension_2025,San Diego,wind_only_vs_reference,1.32568818878822,True,estimable,868,210,214,24,6,2,15,15,1589.5447927783418,1.4016565685892601e-15,unavailable_fewer_than_3_blocks_or_nonidentifiable_deletion,,,,0,0,,5000,5000,0,Weather is common to sites within a city-date; additional stations are not independent weather replicates.
extension_2025,San Diego,other_compound_vs_reference,0.8101141240744214,True,estimable,868,210,214,24,6,2,15,15,1589.5447927783418,5.88418203051333e-15,unavailable_fewer_than_3_blocks_or_nonidentifiable_deletion,,,,0,0,,5000,5000,0,Weather is common to sites within a city-date; additional stations are not independent weather replicates.
extension_2025,San Diego,episode_vs_wind_only,-0.3772856401618756,True,estimable,868,210,214,24,6,2,15,15,1589.5447927783418,1.3947176746853529e-14,unavailable_fewer_than_3_blocks_or_nonidentifiable_deletion,,,,0,0,,5000,5000,0,Weather is common to sites within a city-date; additional stations are not independent weather replicates.
extension_2025,San Diego,episode_vs_heat_only,0.2978614069168395,True,estimable,868,210,214,24,6,2,15,15,1589.5447927783418,1.6042722705833512e-14,unavailable_fewer_than_3_blocks_or_nonidentifiable_deletion,,,,0,0,,5000,5000,0,Weather is common to sites within a city-date; additional stations are not independent weather replicates.
extension_2025,Seattle,episode_vs_reference,9.557770952782846,True,estimable,549,139,211,19,8,3,15,15,1702.4716474526483,3.868235196159868e-15,unavailable_fewer_than_3_blocks_or_nonidentifiable_deletion,,,,0,0,,5000,5000,0,Weather is common to sites within a city-date; additional stations are not independent weather replicates.
extension_2025,Seattle,heat_only_vs_reference,0.4750518340997738,True,estimable,549,139,211,19,8,3,15,15,1702.4716474526483,1.2490009027033011e-15,unavailable_fewer_than_3_blocks_or_nonidentifiable_deletion,,,,0,0,,5000,5000,0,Weather is common to sites within a city-date; additional stations are not independent weather replicates.
extension_2025,Seattle,wind_only_vs_reference,1.6870868696678347,True,estimable,549,139,211,19,8,3,15,15,1702.4716474526483,8.326672684688674e-16,unavailable_fewer_than_3_blocks_or_nonidentifiable_deletion,,,,0,0,,5000,5000,0,Weather is common to sites within a city-date; additional stations are not independent weather replicates.
extension_2025,Seattle,other_compound_vs_reference,6.1873424214012855,True,estimable,549,139,211,19,8,3,15,15,1702.4716474526483,5.056135170724714e-15,unavailable_fewer_than_3_blocks_or_nonidentifiable_deletion,,,,0,0,,5000,5000,0,Weather is common to sites within a city-date; additional stations are not independent weather replicates.
extension_2025,Seattle,episode_vs_wind_only,7.8706840831150116,True,estimable,549,139,211,19,8,3,15,15,1702.4716474526483,3.570241074651848e-15,unavailable_fewer_than_3_blocks_or_nonidentifiable_deletion,,,,0,0,,5000,5000,0,Weather is common to sites within a city-date; additional stations are not independent weather replicates.
extension_2025,Seattle,episode_vs_heat_only,9.082719118683071,True,estimable,549,139,211,19,8,3,15,15,1702.4716474526483,3.679348492546808e-15,unavailable_fewer_than_3_blocks_or_nonidentifiable_deletion,,,,0,0,,5000,5000,0,Weather is common to sites within a city-date; additional stations are not independent weather replicates.
phase_calendar_secondary,Atlanta,episode_vs_reference,3.232503633108747,True,estimable,3701,868,1284,288,99,27,5,5,5.279575814058615,4.2327252813834093e-16,delete_year_jackknife_diagnostic_t_df_5,0.4826010520324119,1.991938134895253,4.473069131322241,6,0,,5000,5000,0,Weather is common to sites within a city-date; additional stations are not independent weather replicates.
phase_calendar_secondary,Atlanta,pre1_6_vs_reference,1.255607266509312,True,estimable,3701,868,1284,288,99,27,5,5,5.279575814058615,2.463307335887066e-16,delete_year_jackknife_diagnostic_t_df_5,0.5346160236848226,-0.1186669730150069,2.6298815060336307,6,0,,5000,5000,0,Weather is common to sites within a city-date; additional stations are not independent weather replicates.
phase_calendar_secondary,Atlanta,post1_2_vs_reference,0.7093845446481167,True,estimable,3701,868,1284,288,99,27,5,5,5.279575814058615,7.632783294297951e-16,delete_year_jackknife_diagnostic_t_df_5,0.5214751347870282,-0.6311099645714168,2.04987905386765,6,0,,5000,5000,0,Weather is common to sites within a city-date; additional stations are not independent weather replicates.
phase_calendar_secondary,Atlanta,post3_6_vs_reference,0.9065627082480158,True,estimable,3701,868,1284,288,99,27,5,5,5.279575814058615,6.904199434387692e-16,delete_year_jackknife_diagnostic_t_df_5,0.338970302939457,0.0352118046917085,1.777913611804323,6,0,,5000,5000,0,Weather is common to sites within a city-date; additional stations are not independent weather replicates.
phase_calendar_secondary,Atlanta,other_compound_vs_reference,1.5686703287784745,True,estimable,3701,868,1284,288,99,27,5,5,5.279575814058615,4.440892098500626e-16,delete_year_jackknife_diagnostic_t_df_5,0.8431068879325313,-0.5986049228407524,3.7359455803977015,6,0,,5000,5000,0,Weather is common to sites within a city-date; additional stations are not independent weather replicates.
phase_calendar_secondary,Chicago,episode_vs_reference,3.9521576603437474,True,estimable,4644,1108,1284,108,33,14,5,5,3.9495929150292746,3.3306690738754696e-16,delete_year_jackknife_diagnostic_t_df_5,1.3213571329899505,0.555501015891303,7.348814304796192,6,0,,5000,5000,0,Weather is common to sites within a city-date; additional stations are not independent weather replicates.
phase_calendar_secondary,Chicago,pre1_6_vs_reference,0.7071422461763511,True,estimable,4644,1108,1284,108,33,14,5,5,3.9495929150292746,6.661338147750939e-16,delete_year_jackknife_diagnostic_t_df_5,0.4336632030346948,-0.4076245063284985,1.821908998681201,6,0,,5000,5000,0,Weather is common to sites within a city-date; additional stations are not independent weather replicates.
phase_calendar_secondary,Chicago,post1_2_vs_reference,-0.7863071512884475,True,estimable,4644,1108,1284,108,33,14,5,5,3.9495929150292746,6.661338147750939e-16,delete_year_jackknife_diagnostic_t_df_5,0.862030499183647,-3.002227094254436,1.4296127916775403,6,0,,5000,5000,0,Weather is common to sites within a city-date; additional stations are not independent weather replicates.
phase_calendar_secondary,Chicago,post3_6_vs_reference,-1.9164537121611025,True,estimable,4644,1108,1284,108,33,14,5,5,3.9495929150292746,2.220446049250313e-16,delete_year_jackknife_diagnostic_t_df_5,1.6212542363842102,-6.084020403158776,2.251112978836572,6,0,,5000,5000,0,Weather is common to sites within a city-date; additional stations are not independent weather replicates.
phase_calendar_secondary,Chicago,other_compound_vs_reference,4.104707422634105,True,estimable,4644,1108,1284,108,33,14,5,5,3.9495929150292746,3.3306690738754696e-16,delete_year_jackknife_diagnostic_t_df_5,0.5800684382122838,2.613594031939682,5.595820813328528,6,0,,5000,5000,0,Weather is common to sites within a city-date; additional stations are not independent weather replicates.
phase_calendar_secondary,Dallas,episode_vs_reference,3.1935279826593583,True,estimable,4519,1109,1284,156,46,14,5,5,3.740223826341631,2.8698831505691302e-15,delete_year_jackknife_diagnostic_t_df_5,0.7507043133406358,1.2637811108520876,5.123274854466629,6,0,,5000,5000,0,Weather is common to sites within a city-date; additional stations are not independent weather replicates.
phase_calendar_secondary,Dallas,pre1_6_vs_reference,0.3246709828232717,True,estimable,4519,1109,1284,156,46,14,5,5,3.740223826341631,1.121932408088e-15,delete_year_jackknife_diagnostic_t_df_5,0.8720558149054255,-1.917019854633639,2.5663618202801826,6,0,,5000,5000,0,Weather is common to sites within a city-date; additional stations are not independent weather replicates.
phase_calendar_secondary,Dallas,post1_2_vs_reference,1.3807944237652896,True,estimable,4519,1109,1284,156,46,14,5,5,3.740223826341631,3.552713678800501e-15,delete_year_jackknife_diagnostic_t_df_5,0.5090128879933266,0.0723351397848623,2.689253707745717,6,0,,5000,5000,0,Weather is common to sites within a city-date; additional stations are not independent weather replicates.
phase_calendar_secondary,Dallas,post3_6_vs_reference,0.5683629771973329,True,estimable,4519,1109,1284,156,46,14,5,5,3.740223826341631,2.378956406867694e-15,delete_year_jackknife_diagnostic_t_df_5,0.3237128983324486,-0.2637675192172445,1.40049347361191,6,0,,5000,5000,0,Weather is common to sites within a city-date; additional stations are not independent weather replicates.
phase_calendar_secondary,Dallas,other_compound_vs_reference,1.9278184340305968,True,estimable,4519,1109,1284,156,46,14,5,5,3.740223826341631,4.789571517171964e-15,delete_year_jackknife_diagnostic_t_df_5,0.1463895964056785,1.5515119965840285,2.304124871477165,6,0,,5000,5000,0,Weather is common to sites within a city-date; additional stations are not independent weather replicates.
phase_calendar_secondary,Denver,episode_vs_reference,1.4291115526281235,True,estimable,6040,1461,1284,37,8,4,5,5,4.395614544798887,4.440892098500626e-16,delete_year_jackknife_diagnostic_t_df_5,1.6288047370514374,-2.7578643182346854,5.616087423490932,6,0,,5000,4990,10,Weather is common to sites within a city-date; additional stations are not independent weather replicates.
phase_calendar_secondary,Denver,pre1_6_vs_reference,-0.2213072808746261,True,estimable,6040,1461,1284,37,8,4,5,5,4.395614544798887,7.690246009439683e-16,delete_year_jackknife_diagnostic_t_df_5,1.0789956255464768,-2.994953836635442,2.5523392748861897,6,0,,5000,4990,10,Weather is common to sites within a city-date; additional stations are not independent weather replicates.
phase_calendar_secondary,Denver,post1_2_vs_reference,-0.501567037296046,True,estimable,6040,1461,1284,37,8,4,5,5,4.395614544798887,3.157196726277789e-16,delete_year_jackknife_diagnostic_t_df_5,0.4149411182649682,-1.5682071387665937,0.5650730641745013,6,0,,5000,4990,10,Weather is common to sites within a city-date; additional stations are not independent weather replicates.
phase_calendar_secondary,Denver,post3_6_vs_reference,0.2334153181162765,True,estimable,6040,1461,1284,37,8,4,5,5,4.395614544798887,1.9222904518167994e-15,delete_year_jackknife_diagnostic_t_df_5,0.5243996521966391,-1.114596902434405,1.581427538666958,6,0,,5000,4990,10,Weather is common to sites within a city-date; additional stations are not independent weather replicates.
phase_calendar_secondary,Denver,other_compound_vs_reference,1.689076789110683,True,estimable,6040,1461,1284,37,8,4,5,5,4.395614544798887,2.220446049250313e-16,delete_year_jackknife_diagnostic_t_df_5,0.6589620684953849,-0.0048391345368863,3.382992712758252,6,0,,5000,5000,0,Weather is common to sites within a city-date; additional stations are not independent weather replicates.
phase_calendar_secondary,Houston,episode_vs_reference,1.4639023863818748,True,estimable,10963,2687,1284,649,76,22,5,5,4.013504605965249,2.4424906541753444e-15,delete_year_jackknife_diagnostic_t_df_5,0.901551341543108,-0.8536091160823898,3.78141388884614,6,0,,5000,5000,0,Weather is common to sites within a city-date; additional stations are not independent weather replicates.
phase_calendar_secondary,Houston,pre1_6_vs_reference,-0.5291781829489153,True,estimable,10963,2687,1284,649,76,22,5,5,4.013504605965249,3.506118818193449e-16,delete_year_jackknife_diagnostic_t_df_5,0.596499266739878,-2.062528363000826,1.004171997102996,6,0,,5000,5000,0,Weather is common to sites within a city-date; additional stations are not independent weather replicates.
phase_calendar_secondary,Houston,post1_2_vs_reference,0.8138561038259544,True,estimable,10963,2687,1284,649,76,22,5,5,4.013504605965249,1.1102230246251565e-15,delete_year_jackknife_diagnostic_t_df_5,0.5594503976679489,-0.6242569263587878,2.2519691340106966,6,0,,5000,5000,0,Weather is common to sites within a city-date; additional stations are not independent weather replicates.
phase_calendar_secondary,Houston,post3_6_vs_reference,0.6351618125626733,True,estimable,10963,2687,1284,649,76,22,5,5,4.013504605965249,1.782953483146486e-15,delete_year_jackknife_diagnostic_t_df_5,0.7877905703714094,-1.3899183179196437,2.66024194304499,6,0,,5000,5000,0,Weather is common to sites within a city-date; additional stations are not independent weather replicates.
phase_calendar_secondary,Houston,other_compound_vs_reference,0.9052218871405946,True,estimable,10963,2687,1284,649,76,22,5,5,4.013504605965249,2.671474153004283e-16,delete_year_jackknife_diagnostic_t_df_5,0.5555083496586726,-0.5227577860362957,2.3332015603174847,6,0,,5000,5000,0,Weather is common to sites within a city-date; additional stations are not independent weather replicates.
phase_calendar_secondary,Los Angeles,episode_vs_reference,5.336587129107635,True,estimable,9253,2148,1284,556,76,24,5,5,3.723658784774359,1.1102230246251565e-15,delete_year_jackknife_diagnostic_t_df_5,0.5569830749453804,3.9048165538961808,6.76835770431909,6,0,,5000,5000,0,Weather is common to sites within a city-date; additional stations are not independent weather replicates.
phase_calendar_secondary,Los Angeles,pre1_6_vs_reference,-0.0684814705891936,True,estimable,9253,2148,1284,556,76,24,5,5,3.723658784774359,6.661338147750939e-16,delete_year_jackknife_diagnostic_t_df_5,0.80901296900535,-2.148115513508551,2.011152572330164,6,0,,5000,5000,0,Weather is common to sites within a city-date; additional stations are not independent weather replicates.
phase_calendar_secondary,Los Angeles,post1_2_vs_reference,0.9990984439475368,True,estimable,9253,2148,1284,556,76,24,5,5,3.723658784774359,6.661338147750939e-16,delete_year_jackknife_diagnostic_t_df_5,0.5749365182584938,-0.4788229265317337,2.477019814426807,6,0,,5000,5000,0,Weather is common to sites within a city-date; additional stations are not independent weather replicates.
phase_calendar_secondary,Los Angeles,post3_6_vs_reference,-2.0375477091503837,True,estimable,9253,2148,1284,556,76,24,5,5,3.723658784774359,1.2500075127710315e-15,delete_year_jackknife_diagnostic_t_df_5,0.5027239943550748,-3.3298408773780714,-0.7452545409226949,6,0,,5000,5000,0,Weather is common to sites within a city-date; additional stations are not independent weather replicates.
phase_calendar_secondary,Los Angeles,other_compound_vs_reference,5.626251240200112,True,estimable,9253,2148,1284,556,76,24,5,5,3.723658784774359,1.3322676295501878e-15,delete_year_jackknife_diagnostic_t_df_5,0.5192372907949562,4.291509292097587,6.960993188302638,6,0,,5000,5000,0,Weather is common to sites within a city-date; additional stations are not independent weather replicates.
phase_calendar_secondary,New York,episode_vs_reference,3.915837743297128,True,estimable,10742,2527,1284,466,56,21,5,5,3.874988047917227,4.440892098500626e-16,delete_year_jackknife_diagnostic_t_df_5,0.7704084675498207,1.9354397305931497,5.896235756001106,6,0,,5000,5000,0,Weather is common to sites within a city-date; additional stations are not independent weather replicates.
phase_calendar_secondary,New York,pre1_6_vs_reference,0.3037404273125007,True,estimable,10742,2527,1284,466,56,21,5,5,3.874988047917227,2.2898349882893854e-16,delete_year_jackknife_diagnostic_t_df_5,0.526591727223202,-1.0499067014838157,1.6573875561088167,6,0,,5000,5000,0,Weather is common to sites within a city-date; additional stations are not independent weather replicates.
phase_calendar_secondary,New York,post1_2_vs_reference,0.6132025707460154,True,estimable,10742,2527,1284,466,56,21,5,5,3.874988047917227,8.881784197001252e-16,delete_year_jackknife_diagnostic_t_df_5,0.7086207157155923,-1.208364969428091,2.4347701109201214,6,0,,5000,5000,0,Weather is common to sites within a city-date; additional stations are not independent weather replicates.
phase_calendar_secondary,New York,post3_6_vs_reference,0.317912030746537,True,estimable,10742,2527,1284,466,56,21,5,5,3.874988047917227,6.661338147750939e-16,delete_year_jackknife_diagnostic_t_df_5,0.3298675030922018,-0.5300393808689827,1.1658634423620569,6,0,,5000,5000,0,Weather is common to sites within a city-date; additional stations are not independent weather replicates.
phase_calendar_secondary,New York,other_compound_vs_reference,2.8269001288042124,True,estimable,10742,2527,1284,466,56,21,5,5,3.874988047917227,2.220446049250313e-16,delete_year_jackknife_diagnostic_t_df_5,0.6101389687053467,1.2584879786363743,4.3953122789720505,6,0,,5000,5000,0,Weather is common to sites within a city-date; additional stations are not independent weather replicates.
phase_calendar_secondary,Philadelphia,episode_vs_reference,1.0203288373192048,True,estimable,5975,1435,1284,145,33,13,5,5,3.349343290507496,6.444497713253838e-16,delete_year_jackknife_diagnostic_t_df_5,0.8353638774500793,-1.1270423722006897,3.1677000468390992,6,0,,5000,5000,0,Weather is common to sites within a city-date; additional stations are not independent weather replicates.
phase_calendar_secondary,Philadelphia,pre1_6_vs_reference,-0.7330046035417872,True,estimable,5975,1435,1284,145,33,13,5,5,3.349343290507496,8.881784197001252e-16,delete_year_jackknife_diagnostic_t_df_5,0.3191950561077645,-1.5535216167973211,0.0875124097137466,6,0,,5000,5000,0,Weather is common to sites within a city-date; additional stations are not independent weather replicates.
phase_calendar_secondary,Philadelphia,post1_2_vs_reference,-0.8844784596598327,True,estimable,5975,1435,1284,145,33,13,5,5,3.349343290507496,5.0133508455729725e-16,delete_year_jackknife_diagnostic_t_df_5,0.4601251650149431,-2.067267850966408,0.298310931646742,6,0,,5000,5000,0,Weather is common to sites within a city-date; additional stations are not independent weather replicates.
phase_calendar_secondary,Philadelphia,post3_6_vs_reference,0.0918457360521162,True,estimable,5975,1435,1284,145,33,13,5,5,3.349343290507496,2.5515031103552253e-16,delete_year_jackknife_diagnostic_t_df_5,0.382794832232418,-0.892159706459988,1.0758511785642204,6,0,,5000,5000,0,Weather is common to sites within a city-date; additional stations are not independent weather replicates.
phase_calendar_secondary,Philadelphia,other_compound_vs_reference,0.9812461695975464,True,estimable,5975,1435,1284,145,33,13,5,5,3.349343290507496,5.134781488891349e-16,delete_year_jackknife_diagnostic_t_df_5,0.2356575247584525,0.3754692170224533,1.5870231221726394,6,0,,5000,5000,0,Weather is common to sites within a city-date; additional stations are not independent weather replicates.
phase_calendar_secondary,Phoenix,episode_vs_reference,5.313701728563678,True,estimable,5991,1414,1284,72,16,8,5,5,3.649774718068183,3.968820993797922e-16,delete_year_jackknife_diagnostic_t_df_5,1.113962831482638,2.450169108380412,8.177234348746945,6,0,,5000,4996,4,Weather is common to sites within a city-date; additional stations are not independent weather replicates.
phase_calendar_secondary,Phoenix,pre1_6_vs_reference,1.4006077132865735,True,estimable,5991,1414,1284,72,16,8,5,5,3.649774718068183,2.465900155253134e-16,delete_year_jackknife_diagnostic_t_df_5,0.7966262367492166,-0.6471852206922768,3.4484006472654243,6,0,,5000,4996,4,Weather is common to sites within a city-date; additional stations are not independent weather replicates.
phase_calendar_secondary,Phoenix,post1_2_vs_reference,0.365582721271972,True,estimable,5991,1414,1284,72,16,8,5,5,3.649774718068183,4.974319567363494e-16,delete_year_jackknife_diagnostic_t_df_5,0.0922782302419091,0.1283739787874546,0.6027914637564894,6,0,,5000,4996,4,Weather is common to sites within a city-date; additional stations are not independent weather replicates.
phase_calendar_secondary,Phoenix,post3_6_vs_reference,0.0035903417391373,True,estimable,5991,1414,1284,72,16,8,5,5,3.649774718068183,2.553559625504027e-16,delete_year_jackknife_diagnostic_t_df_5,1.410218311973219,-3.6214912353009248,3.6286719187792,6,0,,5000,4996,4,Weather is common to sites within a city-date; additional stations are not independent weather replicates.
phase_calendar_secondary,Phoenix,other_compound_vs_reference,2.3826675683073097,True,estimable,5991,1414,1284,72,16,8,5,5,3.649774718068183,6.661338147750939e-16,delete_year_jackknife_diagnostic_t_df_5,0.7938430072455706,0.3420291535349387,4.423305983079681,6,0,,5000,5000,0,Weather is common to sites within a city-date; additional stations are not independent weather replicates.
phase_calendar_secondary,San Diego,episode_vs_reference,2.995555084179292,True,estimable,5051,1198,1284,291,72,26,5,5,3.8778710138057297,4.36282954208167e-16,delete_year_jackknife_diagnostic_t_df_5,0.2023984942121451,2.47527319139741,3.515836976961174,6,0,,5000,5000,0,Weather is common to sites within a city-date; additional stations are not independent weather replicates.
phase_calendar_secondary,San Diego,pre1_6_vs_reference,0.1679385725993229,True,estimable,5051,1198,1284,291,72,26,5,5,3.8778710138057297,3.235259282696745e-16,delete_year_jackknife_diagnostic_t_df_5,0.2362413809110529,-0.4393392299962693,0.7752163751949153,6,0,,5000,5000,0,Weather is common to sites within a city-date; additional stations are not independent weather replicates.
phase_calendar_secondary,San Diego,post1_2_vs_reference,-0.0695187496973362,True,estimable,5051,1198,1284,291,72,26,5,5,3.8778710138057297,1.0755285551056204e-15,delete_year_jackknife_diagnostic_t_df_5,0.3651738354968405,-1.0082279780751582,0.8691904786804857,6,0,,5000,5000,0,Weather is common to sites within a city-date; additional stations are not independent weather replicates.
phase_calendar_secondary,San Diego,post3_6_vs_reference,-1.4112736412902098,True,estimable,5051,1198,1284,291,72,26,5,5,3.8778710138057297,2.220446049250313e-16,delete_year_jackknife_diagnostic_t_df_5,0.4133354918929498,-2.473786348774028,-0.3487609338063917,6,0,,5000,5000,0,Weather is common to sites within a city-date; additional stations are not independent weather replicates.
phase_calendar_secondary,San Diego,other_compound_vs_reference,2.3880021181786764,True,estimable,5051,1198,1284,291,72,26,5,5,3.8778710138057297,2.220446049250313e-16,delete_year_jackknife_diagnostic_t_df_5,0.5286927921453904,1.02895403005789,3.747050206299463,6,0,,5000,5000,0,Weather is common to sites within a city-date; additional stations are not independent weather replicates.
phase_calendar_secondary,Seattle,episode_vs_reference,4.399846640568391,True,estimable,2447,587,1282,78,40,16,5,5,3.2733682144548446,8.075137780672037e-16,delete_year_jackknife_diagnostic_t_df_5,2.169894157970175,-1.1780438671630966,9.977737148299877,6,0,,5000,5000,0,Weather is common to sites within a city-date; additional stations are not independent weather replicates.
phase_calendar_secondary,Seattle,pre1_6_vs_reference,1.5878923333129926,True,estimable,2447,587,1282,78,40,16,5,5,3.2733682144548446,5.551115123125783e-16,delete_year_jackknife_diagnostic_t_df_5,1.1012768198343093,-1.243029855760409,4.418814522386394,6,0,,5000,5000,0,Weather is common to sites within a city-date; additional stations are not independent weather replicates.
phase_calendar_secondary,Seattle,post1_2_vs_reference,-0.0642085081146529,True,estimable,2447,587,1282,78,40,16,5,5,3.2733682144548446,3.625572064791527e-16,delete_year_jackknife_diagnostic_t_df_5,1.5119654530483024,-3.95083943783025,3.822422421600944,6,0,,5000,5000,0,Weather is common to sites within a city-date; additional stations are not independent weather replicates.
phase_calendar_secondary,Seattle,post3_6_vs_reference,0.6127583936720535,True,estimable,2447,587,1282,78,40,16,5,5,3.2733682144548446,4.180683577104105e-16,delete_year_jackknife_diagnostic_t_df_5,1.39921688155592,-2.984043106171283,4.20955989351539,6,0,,5000,5000,0,Weather is common to sites within a city-date; additional stations are not independent weather replicates.
phase_calendar_secondary,Seattle,other_compound_vs_reference,6.223063720507332,True,estimable,2447,587,1282,78,40,16,5,5,3.2733682144548446,6.661338147750939e-16,delete_year_jackknife_diagnostic_t_df_5,1.2378775378561584,3.0409982069520867,9.405129234062578,6,0,,5000,5000,0,Weather is common to sites within a city-date; additional stations are not independent weather replicates.
phase_adjusted_secondary,Atlanta,episode_vs_reference,2.256431414449917,True,estimable,3701,868,1284,288,99,27,16,16,228.6196283402028,2.6367796834847468e-15,delete_year_jackknife_diagnostic_t_df_5,0.349606410651394,1.3577395256074336,3.1551233032924006,6,0,,5000,5000,0,Weather is common to sites within a city-date; additional stations are not independent weather replicates.
phase_adjusted_secondary,Atlanta,pre1_6_vs_reference,0.5834773445099262,True,estimable,3701,868,1284,288,99,27,16,16,228.6196283402028,3.4416913763379853e-15,delete_year_jackknife_diagnostic_t_df_5,0.2450434780195822,-0.0464269690283584,1.2133816580482106,6,0,,5000,5000,0,Weather is common to sites within a city-date; additional stations are not independent weather replicates.
phase_adjusted_secondary,Atlanta,post1_2_vs_reference,0.2212083680720914,True,estimable,3701,868,1284,288,99,27,16,16,228.6196283402028,2.1996293675385914e-15,delete_year_jackknife_diagnostic_t_df_5,0.3460712586805171,-0.6683961233278422,1.110812859472025,6,0,,5000,5000,0,Weather is common to sites within a city-date; additional stations are not independent weather replicates.
phase_adjusted_secondary,Atlanta,post3_6_vs_reference,0.4340638586625956,True,estimable,3701,868,1284,288,99,27,16,16,228.6196283402028,2.1094237467877974e-15,delete_year_jackknife_diagnostic_t_df_5,0.1821262229693556,-0.0341065018954793,0.9022342192206708,6,0,,5000,5000,0,Weather is common to sites within a city-date; additional stations are not independent weather replicates.
phase_adjusted_secondary,Atlanta,other_compound_vs_reference,1.0762917127313216,True,estimable,3701,868,1284,288,99,27,16,16,228.6196283402028,2.0747292772682613e-15,delete_year_jackknife_diagnostic_t_df_5,0.6276568856455689,-0.5371516765212372,2.6897351019838807,6,0,,5000,5000,0,Weather is common to sites within a city-date; additional stations are not independent weather replicates.
phase_adjusted_secondary,Chicago,episode_vs_reference,3.049168357315588,True,estimable,4644,1108,1284,108,33,14,16,16,152.37185628662465,1.887379141862766e-15,delete_year_jackknife_diagnostic_t_df_5,0.5845713681023248,1.5464798168386815,4.551856897792494,6,0,,5000,5000,0,Weather is common to sites within a city-date; additional stations are not independent weather replicates.
phase_adjusted_secondary,Chicago,pre1_6_vs_reference,0.3244099017255154,True,estimable,4644,1108,1284,108,33,14,16,16,152.37185628662465,1.817990202823694e-15,delete_year_jackknife_diagnostic_t_df_5,0.6649866918607122,-1.3849928093115147,2.0338126127625453,6,0,,5000,5000,0,Weather is common to sites within a city-date; additional stations are not independent weather replicates.
phase_adjusted_secondary,Chicago,post1_2_vs_reference,0.4890983855408175,True,estimable,4644,1108,1284,108,33,14,16,16,152.37185628662465,4.6074255521944e-15,delete_year_jackknife_diagnostic_t_df_5,0.7004296566760796,-1.3114133670516928,2.289610138133328,6,0,,5000,5000,0,Weather is common to sites within a city-date; additional stations are not independent weather replicates.
phase_adjusted_secondary,Chicago,post3_6_vs_reference,-0.944636481483562,True,estimable,4644,1108,1284,108,33,14,16,16,152.37185628662465,3.8441472227646045e-15,delete_year_jackknife_diagnostic_t_df_5,0.9699332445286842,-3.4379292616487933,1.5486562986816694,6,0,,5000,5000,0,Weather is common to sites within a city-date; additional stations are not independent weather replicates.
phase_adjusted_secondary,Chicago,other_compound_vs_reference,3.0165004721342448,True,estimable,4644,1108,1284,108,33,14,16,16,152.37185628662465,1.1657341758564144e-15,delete_year_jackknife_diagnostic_t_df_5,0.3133219972328842,2.2110806373421013,3.821920306926388,6,0,,5000,5000,0,Weather is common to sites within a city-date; additional stations are not independent weather replicates.
phase_adjusted_secondary,Dallas,episode_vs_reference,2.3182458865197813,True,estimable,4519,1109,1284,156,46,14,16,16,162.72401681354827,2.9976021664879227e-15,delete_year_jackknife_diagnostic_t_df_5,0.5076022525932958,1.0134127562753783,3.623079016764184,6,0,,5000,5000,0,Weather is common to sites within a city-date; additional stations are not independent weather replicates.
phase_adjusted_secondary,Dallas,pre1_6_vs_reference,0.2600259540288216,True,estimable,4519,1109,1284,156,46,14,16,16,162.72401681354827,1.4016565685892601e-15,delete_year_jackknife_diagnostic_t_df_5,0.61001386830237,-1.3080646153154938,1.828116523373137,6,0,,5000,5000,0,Weather is common to sites within a city-date; additional stations are not independent weather replicates.
phase_adjusted_secondary,Dallas,post1_2_vs_reference,1.0073894145898046,True,estimable,4519,1109,1284,156,46,14,16,16,162.72401681354827,8.548717289613705e-15,delete_year_jackknife_diagnostic_t_df_5,0.5090822978286883,-0.3012482930526179,2.316027122232227,6,0,,5000,5000,0,Weather is common to sites within a city-date; additional stations are not independent weather replicates.
phase_adjusted_secondary,Dallas,post3_6_vs_reference,0.3025557072935991,True,estimable,4519,1109,1284,156,46,14,16,16,162.72401681354827,2.3522850334245504e-15,delete_year_jackknife_diagnostic_t_df_5,0.0967338972628738,0.0538933080993461,0.5512181064878522,6,0,,5000,5000,0,Weather is common to sites within a city-date; additional stations are not independent weather replicates.
phase_adjusted_secondary,Dallas,other_compound_vs_reference,1.4147979531102566,True,estimable,4519,1109,1284,156,46,14,16,16,162.72401681354827,2.220446049250313e-15,delete_year_jackknife_diagnostic_t_df_5,0.2504828097606237,0.7709113922004506,2.0586845140200625,6,0,,5000,5000,0,Weather is common to sites within a city-date; additional stations are not independent weather replicates.
phase_adjusted_secondary,Denver,episode_vs_reference,0.9940870621496306,True,estimable,6040,1461,1284,37,8,4,16,16,216.1591165776236,2.1494091229090628e-14,delete_year_jackknife_diagnostic_t_df_5,1.6603673622384474,-3.274023119703904,5.262197244003165,6,0,,5000,4990,10,Weather is common to sites within a city-date; additional stations are not independent weather replicates.
phase_adjusted_secondary,Denver,pre1_6_vs_reference,0.0040950270642898,True,estimable,6040,1461,1284,37,8,4,16,16,216.1591165776236,2.2898349882893854e-15,delete_year_jackknife_diagnostic_t_df_5,0.8194053914973263,-2.1022535883412,2.11044364246978,6,0,,5000,4990,10,Weather is common to sites within a city-date; additional stations are not independent weather replicates.
phase_adjusted_secondary,Denver,post1_2_vs_reference,-0.2511687687471284,True,estimable,6040,1461,1284,37,8,4,16,16,216.1591165776236,6.467049118441537e-15,delete_year_jackknife_diagnostic_t_df_5,0.176151263887891,-0.7039800080217202,0.2016424705274632,6,0,,5000,4990,10,Weather is common to sites within a city-date; additional stations are not independent weather replicates.
phase_adjusted_secondary,Denver,post3_6_vs_reference,0.4784519593933972,True,estimable,6040,1461,1284,37,8,4,16,16,216.1591165776236,5.648259637780484e-15,delete_year_jackknife_diagnostic_t_df_5,0.4663034570679207,-0.7202192372398178,1.6771231560266124,6,0,,5000,4990,10,Weather is common to sites within a city-date; additional stations are not independent weather replicates.
phase_adjusted_secondary,Denver,other_compound_vs_reference,0.5181290303191474,True,estimable,6040,1461,1284,37,8,4,16,16,216.1591165776236,3.3861802251067274e-15,delete_year_jackknife_diagnostic_t_df_5,0.4656378445481094,-0.6788311548610687,1.7150892154993636,6,0,,5000,5000,0,Weather is common to sites within a city-date; additional stations are not independent weather replicates.
phase_adjusted_secondary,Houston,episode_vs_reference,1.5305326209683083,True,estimable,10963,2687,1284,649,76,22,16,16,473.3378769878161,9.381384558082573e-15,delete_year_jackknife_diagnostic_t_df_5,0.6731682352135706,-0.1999014167990505,3.260966658735667,6,0,,5000,5000,0,Weather is common to sites within a city-date; additional stations are not independent weather replicates.
phase_adjusted_secondary,Houston,pre1_6_vs_reference,-0.2340192111612522,True,estimable,10963,2687,1284,649,76,22,16,16,473.3378769878161,6.938893903907228e-15,delete_year_jackknife_diagnostic_t_df_5,0.4566507377368328,-1.4078773028174771,0.9398388804949728,6,0,,5000,5000,0,Weather is common to sites within a city-date; additional stations are not independent weather replicates.
phase_adjusted_secondary,Houston,post1_2_vs_reference,0.5077561223067519,True,estimable,10963,2687,1284,649,76,22,16,16,473.3378769878161,1.609823385706477e-15,delete_year_jackknife_diagnostic_t_df_5,0.7537654822723836,-1.429859734752284,2.445371979365788,6,0,,5000,5000,0,Weather is common to sites within a city-date; additional stations are not independent weather replicates.
phase_adjusted_secondary,Houston,post3_6_vs_reference,0.1503491356157131,True,estimable,10963,2687,1284,649,76,22,16,16,473.3378769878161,2.4424906541753444e-15,delete_year_jackknife_diagnostic_t_df_5,0.7087006058253518,-1.6714237686233877,1.972122039854814,6,0,,5000,5000,0,Weather is common to sites within a city-date; additional stations are not independent weather replicates.
phase_adjusted_secondary,Houston,other_compound_vs_reference,0.7662314217773538,True,estimable,10963,2687,1284,649,76,22,16,16,473.3378769878161,5.2735593669694936e-15,delete_year_jackknife_diagnostic_t_df_5,0.2829446183971042,0.038899125234709,1.4935637183199986,6,0,,5000,5000,0,Weather is common to sites within a city-date; additional stations are not independent weather replicates.
phase_adjusted_secondary,Los Angeles,episode_vs_reference,1.5908656839237416,True,estimable,9253,2148,1284,556,76,24,16,16,802.0233621430314,8.701372955499664e-15,delete_year_jackknife_diagnostic_t_df_5,0.369928836647318,0.6399333359600724,2.541798031887411,6,0,,5000,5000,0,Weather is common to sites within a city-date; additional stations are not independent weather replicates.
phase_adjusted_secondary,Los Angeles,pre1_6_vs_reference,-0.1985251144416867,True,estimable,9253,2148,1284,556,76,24,16,16,802.0233621430314,1.4988010832439613e-15,delete_year_jackknife_diagnostic_t_df_5,0.2153903358048318,-0.7522035992331935,0.35515337034982,6,0,,5000,5000,0,Weather is common to sites within a city-date; additional stations are not independent weather replicates.
phase_adjusted_secondary,Los Angeles,post1_2_vs_reference,-0.4750099833633818,True,estimable,9253,2148,1284,556,76,24,16,16,802.0233621430314,1.4155343563970746e-15,delete_year_jackknife_diagnostic_t_df_5,0.3610362570161553,-1.4030832276552347,0.4530632609284709,6,0,,5000,5000,0,Weather is common to sites within a city-date; additional stations are not independent weather replicates.
phase_adjusted_secondary,Los Angeles,post3_6_vs_reference,-0.865056196709036,True,estimable,9253,2148,1284,556,76,24,16,16,802.0233621430314,1.1102230246251565e-15,delete_year_jackknife_diagnostic_t_df_5,0.4985762391609014,-2.146687220775916,0.416574827357844,6,0,,5000,5000,0,Weather is common to sites within a city-date; additional stations are not independent weather replicates.
phase_adjusted_secondary,Los Angeles,other_compound_vs_reference,1.8704149879436451,True,estimable,9253,2148,1284,556,76,24,16,16,802.0233621430314,1.27675647831893e-15,delete_year_jackknife_diagnostic_t_df_5,0.6458670379728799,0.2101609118943304,3.5306690639929603,6,0,,5000,5000,0,Weather is common to sites within a city-date; additional stations are not independent weather replicates.
phase_adjusted_secondary,New York,episode_vs_reference,2.917911257327616,True,estimable,10742,2527,1284,466,56,21,16,16,213.26322937670065,2.220446049250313e-15,delete_year_jackknife_diagnostic_t_df_5,0.8228472165829054,0.8027151488756994,5.033107365779533,6,0,,5000,5000,0,Weather is common to sites within a city-date; additional stations are not independent weather replicates.
phase_adjusted_secondary,New York,pre1_6_vs_reference,0.0122984958136205,True,estimable,10742,2527,1284,466,56,21,16,16,213.26322937670065,1.3079815008865125e-15,delete_year_jackknife_diagnostic_t_df_5,0.5765832240855551,-1.46985586675333,1.4944528583805712,6,0,,5000,5000,0,Weather is common to sites within a city-date; additional stations are not independent weather replicates.
phase_adjusted_secondary,New York,post1_2_vs_reference,0.1894909726435491,True,estimable,10742,2527,1284,466,56,21,16,16,213.26322937670065,2.0122792321330962e-15,delete_year_jackknife_diagnostic_t_df_5,0.658609379998203,-1.5035183363595266,1.882500281646625,6,0,,5000,5000,0,Weather is common to sites within a city-date; additional stations are not independent weather replicates.
phase_adjusted_secondary,New York,post3_6_vs_reference,0.1703448158154967,True,estimable,10742,2527,1284,466,56,21,16,16,213.26322937670065,2.054603774441499e-15,delete_year_jackknife_diagnostic_t_df_5,0.6414656872531348,-1.4785952280213766,1.81928485965237,6,0,,5000,5000,0,Weather is common to sites within a city-date; additional stations are not independent weather replicates.
phase_adjusted_secondary,New York,other_compound_vs_reference,2.3315394550220887,True,estimable,10742,2527,1284,466,56,21,16,16,213.26322937670065,1.7555401576885288e-15,delete_year_jackknife_diagnostic_t_df_5,0.4233822093755539,1.2432008380697188,3.4198780719744586,6,0,,5000,5000,0,Weather is common to sites within a city-date; additional stations are not independent weather replicates.
phase_adjusted_secondary,Philadelphia,episode_vs_reference,1.0006557039435058,True,estimable,5975,1435,1284,145,33,13,16,16,159.33980087698347,3.6914915568786455e-15,delete_year_jackknife_diagnostic_t_df_5,0.749209595646655,-0.9252488737102136,2.926560281597225,6,0,,5000,5000,0,Weather is common to sites within a city-date; additional stations are not independent weather replicates.
phase_adjusted_secondary,Philadelphia,pre1_6_vs_reference,-0.7597296736323234,True,estimable,5975,1435,1284,145,33,13,16,16,159.33980087698347,1.6028844918025698e-15,delete_year_jackknife_diagnostic_t_df_5,0.3163841212536372,-1.5730209488106803,0.0535616015460336,6,0,,5000,5000,0,Weather is common to sites within a city-date; additional stations are not independent weather replicates.
phase_adjusted_secondary,Philadelphia,post1_2_vs_reference,-0.641168623034143,True,estimable,5975,1435,1284,145,33,13,16,16,159.33980087698347,5.814793091474257e-15,delete_year_jackknife_diagnostic_t_df_5,0.3789384010239103,-1.6152607935312764,0.3329235474629902,6,0,,5000,5000,0,Weather is common to sites within a city-date; additional stations are not independent weather replicates.
phase_adjusted_secondary,Philadelphia,post3_6_vs_reference,0.2593846083676557,True,estimable,5975,1435,1284,145,33,13,16,16,159.33980087698347,2.9698465908722937e-15,delete_year_jackknife_diagnostic_t_df_5,0.3376681135817972,-0.6086189108792921,1.1273881276146036,6,0,,5000,5000,0,Weather is common to sites within a city-date; additional stations are not independent weather replicates.
phase_adjusted_secondary,Philadelphia,other_compound_vs_reference,0.7188301224754059,True,estimable,5975,1435,1284,145,33,13,16,16,159.33980087698347,7.771561172376096e-16,delete_year_jackknife_diagnostic_t_df_5,0.1919664560703075,0.2253646374495967,1.212295607501215,6,0,,5000,5000,0,Weather is common to sites within a city-date; additional stations are not independent weather replicates.
phase_adjusted_secondary,Phoenix,episode_vs_reference,2.6200421360018016,True,estimable,5991,1414,1284,72,16,8,16,16,412.51351015286434,9.43689570931383e-15,delete_year_jackknife_diagnostic_t_df_5,1.096927410949924,-0.1996995415976434,5.439783813601247,6,0,,5000,4996,4,Weather is common to sites within a city-date; additional stations are not independent weather replicates.
phase_adjusted_secondary,Phoenix,pre1_6_vs_reference,0.9624723647843798,True,estimable,5991,1414,1284,72,16,8,16,16,412.51351015286434,2.1371793224034263e-15,delete_year_jackknife_diagnostic_t_df_5,1.089275919288723,-1.83760052733526,3.762545256904019,6,0,,5000,4996,4,Weather is common to sites within a city-date; additional stations are not independent weather replicates.
phase_adjusted_secondary,Phoenix,post1_2_vs_reference,-0.2593853919637492,True,estimable,5991,1414,1284,72,16,8,16,16,412.51351015286434,9.197503869629031e-15,delete_year_jackknife_diagnostic_t_df_5,0.5300253244370574,-1.6218588633888935,1.103088079461395,6,0,,5000,4996,4,Weather is common to sites within a city-date; additional stations are not independent weather replicates.
phase_adjusted_secondary,Phoenix,post3_6_vs_reference,0.6617564763183259,True,estimable,5991,1414,1284,72,16,8,16,16,412.51351015286434,3.4416913763379853e-15,delete_year_jackknife_diagnostic_t_df_5,1.3172218086459215,-2.7242699784908933,4.0477829311275455,6,0,,5000,4996,4,Weather is common to sites within a city-date; additional stations are not independent weather replicates.
phase_adjusted_secondary,Phoenix,other_compound_vs_reference,1.8402629428336812,True,estimable,5991,1414,1284,72,16,8,16,16,412.51351015286434,1.3183898417423734e-15,delete_year_jackknife_diagnostic_t_df_5,0.5501700273611149,0.4260058639876654,3.254520021679697,6,0,,5000,5000,0,Weather is common to sites within a city-date; additional stations are not independent weather replicates.
phase_adjusted_secondary,San Diego,episode_vs_reference,1.3944128062438148,True,estimable,5051,1198,1284,291,72,26,16,16,654.2012904986062,8.826273045769994e-15,delete_year_jackknife_diagnostic_t_df_5,0.3644327329189466,0.4576086426910702,2.3312169697965595,6,0,,5000,5000,0,Weather is common to sites within a city-date; additional stations are not independent weather replicates.
phase_adjusted_secondary,San Diego,pre1_6_vs_reference,-0.0141880705032475,True,estimable,5051,1198,1284,291,72,26,16,16,654.2012904986062,1.3600232051658168e-15,delete_year_jackknife_diagnostic_t_df_5,0.1335428390067764,-0.3574708667333717,0.3290947257268766,6,0,,5000,5000,0,Weather is common to sites within a city-date; additional stations are not independent weather replicates.
phase_adjusted_secondary,San Diego,post1_2_vs_reference,-0.2570167214529961,True,estimable,5051,1198,1284,291,72,26,16,16,654.2012904986062,2.220446049250313e-15,delete_year_jackknife_diagnostic_t_df_5,0.223768748175979,-0.8322326008972447,0.3181991579912524,6,0,,5000,5000,0,Weather is common to sites within a city-date; additional stations are not independent weather replicates.
phase_adjusted_secondary,San Diego,post3_6_vs_reference,-0.7825663258280477,True,estimable,5051,1198,1284,291,72,26,16,16,654.2012904986062,9.124645483638005e-16,delete_year_jackknife_diagnostic_t_df_5,0.2519550704370074,-1.4302374532898872,-0.1348951983662083,6,0,,5000,5000,0,Weather is common to sites within a city-date; additional stations are not independent weather replicates.
phase_adjusted_secondary,San Diego,other_compound_vs_reference,1.344189951931492,True,estimable,5051,1198,1284,291,72,26,16,16,654.2012904986062,7.494005416219807e-16,delete_year_jackknife_diagnostic_t_df_5,0.3881280966995874,0.3464749166554375,2.3419049872075464,6,0,,5000,5000,0,Weather is common to sites within a city-date; additional stations are not independent weather replicates.
phase_adjusted_secondary,Seattle,episode_vs_reference,4.216790754614867,True,estimable,2447,587,1282,78,40,16,16,16,510.7709693616792,3.845881946240581e-15,delete_year_jackknife_diagnostic_t_df_5,1.8646953296667412,-0.5765611888223283,9.010142698052062,6,0,,5000,5000,0,Weather is common to sites within a city-date; additional stations are not independent weather replicates.
phase_adjusted_secondary,Seattle,pre1_6_vs_reference,0.7640293953563582,True,estimable,2447,587,1282,78,40,16,16,16,510.7709693616792,2.275957200481571e-15,delete_year_jackknife_diagnostic_t_df_5,0.9001748846679093,-1.5499438120669835,3.0780026027797,6,0,,5000,5000,0,Weather is common to sites within a city-date; additional stations are not independent weather replicates.
phase_adjusted_secondary,Seattle,post1_2_vs_reference,-0.1155455552309763,True,estimable,2447,587,1282,78,40,16,16,16,510.7709693616792,1.942890293094024e-15,delete_year_jackknife_diagnostic_t_df_5,1.1037188871133454,-2.95274527809327,2.7216541676313173,6,0,,5000,5000,0,Weather is common to sites within a city-date; additional stations are not independent weather replicates.
phase_adjusted_secondary,Seattle,post3_6_vs_reference,0.3099740843740031,True,estimable,2447,587,1282,78,40,16,16,16,510.7709693616792,1.7763568394002505e-15,delete_year_jackknife_diagnostic_t_df_5,1.3434214568052636,-3.143400710093683,3.76334887884169,6,0,,5000,5000,0,Weather is common to sites within a city-date; additional stations are not independent weather replicates.
phase_adjusted_secondary,Seattle,other_compound_vs_reference,5.56376307919261,True,estimable,2447,587,1282,78,40,16,16,16,510.7709693616792,1.1934897514720433e-15,delete_year_jackknife_diagnostic_t_df_5,1.1830653182519515,2.522596861722847,8.604929296662373,6,0,,5000,5000,0,Weather is common to sites within a city-date; additional stations are not independent weather replicates.
city_median,Atlanta,episode_vs_reference,2.1512743020162985,True,estimable,1284,294,1284,99,99,27,15,15,232.70243000943603,1.2791417230983981e-15,delete_year_jackknife_diagnostic_t_df_5,0.3748313263111701,1.1877397031733363,3.1148089008592605,6,0,,5000,5000,0,Weather is common to sites within a city-date; additional stations are not independent weather replicates.
city_median,Atlanta,heat_only_vs_reference,-0.3085631047055364,True,estimable,1284,294,1284,99,99,27,15,15,232.70243000943603,5.405398351143731e-15,delete_year_jackknife_diagnostic_t_df_5,0.4265222228326903,-1.4049733832144748,0.7878471738034021,6,0,,5000,5000,0,Weather is common to sites within a city-date; additional stations are not independent weather replicates.
city_median,Atlanta,wind_only_vs_reference,1.541781057997369,True,estimable,1284,294,1284,99,99,27,15,15,232.70243000943603,1.6888617240806703e-15,delete_year_jackknife_diagnostic_t_df_5,0.363777866283737,0.6066602827218585,2.4769018332728794,6,0,,5000,5000,0,Weather is common to sites within a city-date; additional stations are not independent weather replicates.
city_median,Atlanta,other_compound_vs_reference,1.2120542209712686,True,estimable,1284,294,1284,99,99,27,15,15,232.70243000943603,6.819468288020219e-15,delete_year_jackknife_diagnostic_t_df_5,0.733280517354198,-0.6729033573654322,3.0970117993079693,6,0,,5000,5000,0,Weather is common to sites within a city-date; additional stations are not independent weather replicates.
city_median,Atlanta,episode_vs_wind_only,0.6094932440189296,True,estimable,1284,294,1284,99,99,27,15,15,232.70243000943603,1.9632732939367514e-15,delete_year_jackknife_diagnostic_t_df_5,0.2339954245488456,0.0079888560516592,1.2109976319862,6,0,,5000,5000,0,Weather is common to sites within a city-date; additional stations are not independent weather replicates.
city_median,Atlanta,episode_vs_heat_only,2.459837406721835,True,estimable,1284,294,1284,99,99,27,15,15,232.70243000943603,4.8155923693116165e-15,delete_year_jackknife_diagnostic_t_df_5,0.4090315964571471,1.4083882146677698,3.5112865987759005,6,0,,5000,5000,0,Weather is common to sites within a city-date; additional stations are not independent weather replicates.
city_median,Chicago,episode_vs_reference,4.357450034860491,True,estimable,1284,294,1284,33,33,14,15,15,153.6595312345644,3.785166624581393e-15,delete_year_jackknife_diagnostic_t_df_5,0.2606729290462803,3.687368938412009,5.027531131308973,6,0,,5000,5000,0,Weather is common to sites within a city-date; additional stations are not independent weather replicates.
city_median,Chicago,heat_only_vs_reference,0.1538861899666783,True,estimable,1284,294,1284,33,33,14,15,15,153.6595312345644,1.7973372944527485e-15,delete_year_jackknife_diagnostic_t_df_5,0.5644525233660258,-1.29708521367711,1.6048575936104668,6,0,,5000,5000,0,Weather is common to sites within a city-date; additional stations are not independent weather replicates.
city_median,Chicago,wind_only_vs_reference,4.363964687214687,True,estimable,1284,294,1284,33,33,14,15,15,153.6595312345644,6.869504964868156e-16,delete_year_jackknife_diagnostic_t_df_5,0.3652984336612622,3.4249351690586494,5.302994205370725,6,0,,5000,5000,0,Weather is common to sites within a city-date; additional stations are not independent weather replicates.
city_median,Chicago,other_compound_vs_reference,4.41043388584578,True,estimable,1284,294,1284,33,33,14,15,15,153.6595312345644,1.8665624601510444e-15,delete_year_jackknife_diagnostic_t_df_5,0.4229886589030318,3.3231069225894814,5.497760849102079,6,0,,5000,5000,0,Weather is common to sites within a city-date; additional stations are not independent weather replicates.
city_median,Chicago,episode_vs_wind_only,-0.0065146523541956,True,estimable,1284,294,1284,33,33,14,15,15,153.6595312345644,3.4139358007223564e-15,delete_year_jackknife_diagnostic_t_df_5,0.4727269220301299,-1.221697891341112,1.2086685866327207,6,0,,5000,5000,0,Weather is common to sites within a city-date; additional stations are not independent weather replicates.
city_median,Chicago,episode_vs_heat_only,4.203563844893813,True,estimable,1284,294,1284,33,33,14,15,15,153.6595312345644,4.107825191113079e-15,delete_year_jackknife_diagnostic_t_df_5,0.7240501467877004,2.342333689471543,6.064794000316082,6,0,,5000,5000,0,Weather is common to sites within a city-date; additional stations are not independent weather replicates.
city_median,Dallas,episode_vs_reference,2.675505051977318,True,estimable,1284,294,1284,46,46,14,15,15,170.70009610645175,1.8665624601510444e-15,delete_year_jackknife_diagnostic_t_df_5,0.5750042209914324,1.1974096460825323,4.153600457872104,6,0,,5000,5000,0,Weather is common to sites within a city-date; additional stations are not independent weather replicates.
city_median,Dallas,heat_only_vs_reference,-0.9458929350791936,True,estimable,1284,294,1284,46,46,14,15,15,170.70009610645175,1.9984014443252818e-15,delete_year_jackknife_diagnostic_t_df_5,0.605172269783346,-2.501537779215062,0.609751909056675,6,0,,5000,5000,0,Weather is common to sites within a city-date; additional stations are not independent weather replicates.
city_median,Dallas,wind_only_vs_reference,3.340034868247882,True,estimable,1284,294,1284,46,46,14,15,15,170.70009610645175,9.783840404509192e-16,delete_year_jackknife_diagnostic_t_df_5,0.2144083828510664,2.788880573882774,3.8911891626129904,6,0,,5000,5000,0,Weather is common to sites within a city-date; additional stations are not independent weather replicates.
city_median,Dallas,other_compound_vs_reference,1.7832050810582494,True,estimable,1284,294,1284,46,46,14,15,15,170.70009610645175,3.4143694815913506e-15,delete_year_jackknife_diagnostic_t_df_5,0.4333107836459212,0.6693442514327073,2.8970659106837915,6,0,,5000,5000,0,Weather is common to sites within a city-date; additional stations are not independent weather replicates.
city_median,Dallas,episode_vs_wind_only,-0.6645298162705644,True,estimable,1284,294,1284,46,46,14,15,15,170.70009610645175,1.7464328594396505e-15,delete_year_jackknife_diagnostic_t_df_5,0.512370053158617,-1.981618968044118,0.6525593355029893,6,0,,5000,5000,0,Weather is common to sites within a city-date; additional stations are not independent weather replicates.
city_median,Dallas,episode_vs_heat_only,3.621397987056511,True,estimable,1284,294,1284,46,46,14,15,15,170.70009610645175,3.2890357104520263e-15,delete_year_jackknife_diagnostic_t_df_5,0.2756263607969162,2.9128778705694174,4.329918103543605,6,0,,5000,5000,0,Weather is common to sites within a city-date; additional stations are not independent weather replicates.
city_median,Denver,episode_vs_reference,1.3602658401857697,True,estimable,1284,294,1284,8,8,4,15,15,222.28168359647665,1.4666385049749185e-14,delete_year_jackknife_diagnostic_t_df_5,1.7586123903989284,-3.160391226498675,5.880922906870215,6,0,,5000,4990,10,Weather is common to sites within a city-date; additional stations are not independent weather replicates.
city_median,Denver,heat_only_vs_reference,0.4486040502060135,True,estimable,1284,294,1284,8,8,4,15,15,222.28168359647665,1.1483869410966463e-15,delete_year_jackknife_diagnostic_t_df_5,0.4056234266155148,-0.5940841623603885,1.4912922627724157,6,0,,5000,5000,0,Weather is common to sites within a city-date; additional stations are not independent weather replicates.
city_median,Denver,wind_only_vs_reference,1.1190096342142306,True,estimable,1284,294,1284,8,8,4,15,15,222.28168359647665,7.563394355258879e-16,delete_year_jackknife_diagnostic_t_df_5,0.254074491630868,0.4658903611293904,1.772128907299071,6,0,,5000,5000,0,Weather is common to sites within a city-date; additional stations are not independent weather replicates.
city_median,Denver,other_compound_vs_reference,0.5015797392555337,True,estimable,1284,294,1284,8,8,4,15,15,222.28168359647665,2.1371793224034263e-15,delete_year_jackknife_diagnostic_t_df_5,0.3794263603031604,-0.47376677050137,1.4769262490124375,6,0,,5000,5000,0,Weather is common to sites within a city-date; additional stations are not independent weather replicates.
city_median,Denver,episode_vs_wind_only,0.2412562059715388,True,estimable,1284,294,1284,8,8,4,15,15,222.28168359647665,1.4583941847394845e-14,delete_year_jackknife_diagnostic_t_df_5,1.6389115757345232,-3.971700120825716,4.4542125327687945,6,0,,5000,4990,10,Weather is common to sites within a city-date; additional stations are not independent weather replicates.
city_median,Denver,episode_vs_heat_only,0.911661789979756,True,estimable,1284,294,1284,8,8,4,15,15,222.28168359647665,1.3689211659539595e-14,delete_year_jackknife_diagnostic_t_df_5,1.884040106821552,-3.931417486226027,5.754741066185539,6,0,,5000,4990,10,Weather is common to sites within a city-date; additional stations are not independent weather replicates.
city_median,Houston,episode_vs_reference,2.4927463671255543,True,estimable,1284,294,1284,76,76,22,15,15,434.4324269586816,9.173217740965356e-15,delete_year_jackknife_diagnostic_t_df_5,0.2672665781662904,1.8057157560186148,3.1797769782324936,6,0,,5000,5000,0,Weather is common to sites within a city-date; additional stations are not independent weather replicates.
city_median,Houston,heat_only_vs_reference,-0.9669308292873626,True,estimable,1284,294,1284,76,76,22,15,15,434.4324269586816,1.5508230655717197e-15,delete_year_jackknife_diagnostic_t_df_5,0.5439347688167154,-2.3651596657786493,0.4312980072039241,6,0,,5000,5000,0,Weather is common to sites within a city-date; additional stations are not independent weather replicates.
city_median,Houston,wind_only_vs_reference,3.7509450054916336,True,estimable,1284,294,1284,76,76,22,15,15,434.4324269586816,1.394528134006569e-15,delete_year_jackknife_diagnostic_t_df_5,0.2813323165319921,3.0277572628370084,4.474132748146259,6,0,,5000,5000,0,Weather is common to sites within a city-date; additional stations are not independent weather replicates.
city_median,Houston,other_compound_vs_reference,1.2193980179303854,True,estimable,1284,294,1284,76,76,22,15,15,434.4324269586816,2.2412627309620348e-15,delete_year_jackknife_diagnostic_t_df_5,0.5133288771249667,-0.1001558693146396,2.53895190517541,6,0,,5000,5000,0,Weather is common to sites within a city-date; additional stations are not independent weather replicates.
city_median,Houston,episode_vs_wind_only,-1.2581986383660793,True,estimable,1284,294,1284,76,76,22,15,15,434.4324269586816,8.576472865229334e-15,delete_year_jackknife_diagnostic_t_df_5,0.1953410282056028,-1.760338737225923,-0.7560585395062357,6,0,,5000,5000,0,Weather is common to sites within a city-date; additional stations are not independent weather replicates.
city_median,Houston,episode_vs_heat_only,3.459677196412917,True,estimable,1284,294,1284,76,76,22,15,15,434.4324269586816,8.653668059910302e-15,delete_year_jackknife_diagnostic_t_df_5,0.7894820202944545,1.4302490554825322,5.489105337343302,6,0,,5000,5000,0,Weather is common to sites within a city-date; additional stations are not independent weather replicates.
city_median,Los Angeles,episode_vs_reference,3.0582065310290005,True,estimable,1284,294,1284,76,76,24,15,15,813.1481988036733,5.676015213396113e-15,delete_year_jackknife_diagnostic_t_df_5,0.1034816544369226,2.7921984698118534,3.324214592246148,6,0,,5000,5000,0,Weather is common to sites within a city-date; additional stations are not independent weather replicates.
city_median,Los Angeles,heat_only_vs_reference,1.0594344483432077,True,estimable,1284,294,1284,76,76,24,15,15,813.1481988036733,1.2464951009907493e-15,delete_year_jackknife_diagnostic_t_df_5,0.4043408075916485,0.020043312941598,2.098825583744817,6,0,,5000,5000,0,Weather is common to sites within a city-date; additional stations are not independent weather replicates.
city_median,Los Angeles,wind_only_vs_reference,2.469792511619259,True,estimable,1284,294,1284,76,76,24,15,15,813.1481988036733,2.123301534595612e-15,delete_year_jackknife_diagnostic_t_df_5,0.4711753751414326,1.258597650881566,3.680987372356952,6,0,,5000,5000,0,Weather is common to sites within a city-date; additional stations are not independent weather replicates.
city_median,Los Angeles,other_compound_vs_reference,3.184550543050693,True,estimable,1284,294,1284,76,76,24,15,15,813.1481988036733,4.926614671774132e-15,delete_year_jackknife_diagnostic_t_df_5,0.6363479470089998,1.5487660693248986,4.820335016776489,6,0,,5000,5000,0,Weather is common to sites within a city-date; additional stations are not independent weather replicates.
city_median,Los Angeles,episode_vs_wind_only,0.5884140194097416,True,estimable,1284,294,1284,76,76,24,15,15,813.1481988036733,5.941427905220564e-15,delete_year_jackknife_diagnostic_t_df_5,0.4325366125134271,-0.5234567399649372,1.7002847787844204,6,0,,5000,5000,0,Weather is common to sites within a city-date; additional stations are not independent weather replicates.
city_median,Los Angeles,episode_vs_heat_only,1.9987720826857929,True,estimable,1284,294,1284,76,76,24,15,15,813.1481988036733,6.050715484207103e-15,delete_year_jackknife_diagnostic_t_df_5,0.4348626491334516,0.8809220558266544,3.116622109544932,6,0,,5000,5000,0,Weather is common to sites within a city-date; additional stations are not independent weather replicates.
city_median,New York,episode_vs_reference,4.683042165269396,True,estimable,1284,294,1284,56,56,21,15,15,217.83055981125943,1.1796119636642288e-15,delete_year_jackknife_diagnostic_t_df_5,0.7815341055284228,2.6740447896677573,6.6920395408710345,6,0,,5000,5000,0,Weather is common to sites within a city-date; additional stations are not independent weather replicates.
city_median,New York,heat_only_vs_reference,1.354447799656059,True,estimable,1284,294,1284,56,56,21,15,15,217.83055981125943,2.940189787767193e-15,delete_year_jackknife_diagnostic_t_df_5,0.1462032287230899,0.9786204355891026,1.7302751637230156,6,0,,5000,5000,0,Weather is common to sites within a city-date; additional stations are not independent weather replicates.
city_median,New York,wind_only_vs_reference,4.391111499550785,True,estimable,1284,294,1284,56,56,21,15,15,217.83055981125943,8.203721673031515e-16,delete_year_jackknife_diagnostic_t_df_5,0.2162781348603762,3.835150854633401,4.947072144468169,6,0,,5000,5000,0,Weather is common to sites within a city-date; additional stations are not independent weather replicates.
city_median,New York,other_compound_vs_reference,4.215576836983874,True,estimable,1284,294,1284,56,56,21,15,15,217.83055981125943,2.108643950391637e-15,delete_year_jackknife_diagnostic_t_df_5,0.4089905916067816,3.1642330512533308,5.266920622714417,6,0,,5000,5000,0,Weather is common to sites within a city-date; additional stations are not independent weather replicates.
city_median,New York,episode_vs_wind_only,0.2919306657186107,True,estimable,1284,294,1284,56,56,21,15,15,217.83055981125943,1.2108369862318114e-15,delete_year_jackknife_diagnostic_t_df_5,0.8834008935182068,-1.9789236247441817,2.562784956181403,6,0,,5000,5000,0,Weather is common to sites within a city-date; additional stations are not independent weather replicates.
city_median,New York,episode_vs_heat_only,3.3285943656133368,True,estimable,1284,294,1284,56,56,21,15,15,217.83055981125943,2.3403425061144672e-15,delete_year_jackknife_diagnostic_t_df_5,0.8489891956996657,1.146198160496292,5.510990570730382,6,0,,5000,5000,0,Weather is common to sites within a city-date; additional stations are not independent weather replicates.
city_median,Philadelphia,episode_vs_reference,2.387507596417023,True,estimable,1284,294,1284,33,33,13,15,15,166.42679990231144,5.785302792382652e-15,delete_year_jackknife_diagnostic_t_df_5,0.8302205227923708,0.2533578009544697,4.521657391879577,6,0,,5000,5000,0,Weather is common to sites within a city-date; additional stations are not independent weather replicates.
city_median,Philadelphia,heat_only_vs_reference,0.7935571044205935,True,estimable,1284,294,1284,33,33,13,15,15,166.42679990231144,2.220446049250313e-15,delete_year_jackknife_diagnostic_t_df_5,0.2542203050245879,0.1400630060744644,1.4470512027667226,6,0,,5000,5000,0,Weather is common to sites within a city-date; additional stations are not independent weather replicates.
city_median,Philadelphia,wind_only_vs_reference,2.158313364763332,True,estimable,1284,294,1284,33,33,13,15,15,166.42679990231144,1.7763568394002505e-15,delete_year_jackknife_diagnostic_t_df_5,0.1528272286451736,1.765458466817411,2.551168262709253,6,0,,5000,5000,0,Weather is common to sites within a city-date; additional stations are not independent weather replicates.
city_median,Philadelphia,other_compound_vs_reference,1.7951894288420915,True,estimable,1284,294,1284,33,33,13,15,15,166.42679990231144,1.9637069748057456e-15,delete_year_jackknife_diagnostic_t_df_5,0.3432635238348589,0.91280244963569,2.677576408048493,6,0,,5000,5000,0,Weather is common to sites within a city-date; additional stations are not independent weather replicates.
city_median,Philadelphia,episode_vs_wind_only,0.229194231653691,True,estimable,1284,294,1284,33,33,13,15,15,166.42679990231144,4.893654925730573e-15,delete_year_jackknife_diagnostic_t_df_5,0.8222650681467403,-1.884505416602576,2.342893879909958,6,0,,5000,5000,0,Weather is common to sites within a city-date; additional stations are not independent weather replicates.
city_median,Philadelphia,episode_vs_heat_only,1.5939504919964298,True,estimable,1284,294,1284,33,33,13,15,15,166.42679990231144,5.0204437991840994e-15,delete_year_jackknife_diagnostic_t_df_5,0.9905086013977848,-0.9522329267982466,4.140133910791106,6,0,,5000,5000,0,Weather is common to sites within a city-date; additional stations are not independent weather replicates.
city_median,Phoenix,episode_vs_reference,3.6642624987799888,True,estimable,1284,294,1284,16,16,8,15,15,414.63025961010544,1.2465506057934839e-14,delete_year_jackknife_diagnostic_t_df_5,1.001556954958561,1.0896783830082932,6.238846614551685,6,0,,5000,4996,4,Weather is common to sites within a city-date; additional stations are not independent weather replicates.
city_median,Phoenix,heat_only_vs_reference,0.0344608513075242,True,estimable,1284,294,1284,16,16,8,15,15,414.63025961010544,9.992007221626409e-16,delete_year_jackknife_diagnostic_t_df_5,0.3475981428859694,-0.859068620896065,0.9279903235111135,6,0,,5000,5000,0,Weather is common to sites within a city-date; additional stations are not independent weather replicates.
city_median,Phoenix,wind_only_vs_reference,3.2141752056025124,True,estimable,1284,294,1284,16,16,8,15,15,414.63025961010544,5.109602054004526e-16,delete_year_jackknife_diagnostic_t_df_5,0.1948663924370554,2.71325519682784,3.7150952143771847,6,0,,5000,5000,0,Weather is common to sites within a city-date; additional stations are not independent weather replicates.
city_median,Phoenix,other_compound_vs_reference,2.1382763849297004,True,estimable,1284,294,1284,16,16,8,15,15,414.63025961010544,3.0294235002503722e-15,delete_year_jackknife_diagnostic_t_df_5,0.8164080962614712,0.0396325622135389,4.236920207645862,6,0,,5000,5000,0,Weather is common to sites within a city-date; additional stations are not independent weather replicates.
city_median,Phoenix,episode_vs_wind_only,0.4500872931774764,True,estimable,1284,294,1284,16,16,8,15,15,414.63025961010544,1.2670420268534599e-14,delete_year_jackknife_diagnostic_t_df_5,0.8927510029967003,-1.8448022188719424,2.7449768052268952,6,0,,5000,4996,4,Weather is common to sites within a city-date; additional stations are not independent weather replicates.
city_median,Phoenix,episode_vs_heat_only,3.6298016474724646,True,estimable,1284,294,1284,16,16,8,15,15,414.63025961010544,1.3322676295501878e-14,delete_year_jackknife_diagnostic_t_df_5,0.9120113475358372,1.2854018436026435,5.974201451342285,6,0,,5000,4996,4,Weather is common to sites within a city-date; additional stations are not independent weather replicates.
city_median,San Diego,episode_vs_reference,1.8911329631061025,True,estimable,1284,294,1284,72,72,26,15,15,654.2933721825017,3.552713678800501e-15,delete_year_jackknife_diagnostic_t_df_5,0.510836890954072,0.5779849302466358,3.2042809959655685,6,0,,5000,5000,0,Weather is common to sites within a city-date; additional stations are not independent weather replicates.
city_median,San Diego,heat_only_vs_reference,0.5580456273398252,True,estimable,1284,294,1284,72,72,26,15,15,654.2933721825017,2.9837243786801082e-15,delete_year_jackknife_diagnostic_t_df_5,0.330115071959202,-0.2905421803082743,1.4066334349879246,6,0,,5000,5000,0,Weather is common to sites within a city-date; additional stations are not independent weather replicates.
city_median,San Diego,wind_only_vs_reference,1.1376926207342497,True,estimable,1284,294,1284,72,72,26,15,15,654.2933721825017,9.992007221626409e-16,delete_year_jackknife_diagnostic_t_df_5,0.1558180903190996,0.7371494680964334,1.538235773372066,6,0,,5000,5000,0,Weather is common to sites within a city-date; additional stations are not independent weather replicates.
city_median,San Diego,other_compound_vs_reference,1.926850103667397,True,estimable,1284,294,1284,72,72,26,15,15,654.2933721825017,1.887379141862766e-15,delete_year_jackknife_diagnostic_t_df_5,0.5169125622662405,0.5980840604935738,3.2556161468412204,6,0,,5000,5000,0,Weather is common to sites within a city-date; additional stations are not independent weather replicates.
city_median,San Diego,episode_vs_wind_only,0.7534403423718525,True,estimable,1284,294,1284,72,72,26,15,15,654.2933721825017,3.1433189384699745e-15,delete_year_jackknife_diagnostic_t_df_5,0.5876662415599797,-0.757203823598894,2.264084508342599,6,0,,5000,5000,0,Weather is common to sites within a city-date; additional stations are not independent weather replicates.
city_median,San Diego,episode_vs_heat_only,1.333087335766277,True,estimable,1284,294,1284,72,72,26,15,15,654.2933721825017,3.774758283725532e-15,delete_year_jackknife_diagnostic_t_df_5,0.328788325032654,0.487910039668048,2.178264631864506,6,0,,5000,5000,0,Weather is common to sites within a city-date; additional stations are not independent weather replicates.
city_median,Seattle,episode_vs_reference,6.688916685381714,True,estimable,1282,294,1282,40,40,16,15,15,520.744190612816,4.1147640850169864e-15,delete_year_jackknife_diagnostic_t_df_5,1.7779439951184373,2.118566146751599,11.259267224011827,6,0,,5000,5000,0,Weather is common to sites within a city-date; additional stations are not independent weather replicates.
city_median,Seattle,heat_only_vs_reference,3.82795452221288,True,estimable,1282,294,1282,40,40,16,15,15,520.744190612816,1.0512424264419451e-15,delete_year_jackknife_diagnostic_t_df_5,0.8640896495653444,1.6067413646788569,6.049167679746903,6,0,,5000,5000,0,Weather is common to sites within a city-date; additional stations are not independent weather replicates.
city_median,Seattle,wind_only_vs_reference,3.848025694293789,True,estimable,1282,294,1282,40,40,16,15,15,520.744190612816,7.095019016745141e-16,delete_year_jackknife_diagnostic_t_df_5,0.2112306231227715,3.305040091364252,4.391011297223325,6,0,,5000,5000,0,Weather is common to sites within a city-date; additional stations are not independent weather replicates.
city_median,Seattle,other_compound_vs_reference,7.671331949272976,True,estimable,1282,294,1282,40,40,16,15,15,520.744190612816,1.3322676295501878e-15,delete_year_jackknife_diagnostic_t_df_5,1.113214515412899,4.809722936785896,10.532940961760056,6,0,,5000,5000,0,Weather is common to sites within a city-date; additional stations are not independent weather replicates.
city_median,Seattle,episode_vs_wind_only,2.8408909910879254,True,estimable,1282,294,1282,40,40,16,15,15,520.744190612816,3.9065972678997696e-15,delete_year_jackknife_diagnostic_t_df_5,1.7606857057279413,-1.685095702320826,7.366877684496677,6,0,,5000,5000,0,Weather is common to sites within a city-date; additional stations are not independent weather replicates.
city_median,Seattle,episode_vs_heat_only,2.8609621631688342,True,estimable,1282,294,1282,40,40,16,15,15,520.744190612816,5.218048215738236e-15,delete_year_jackknife_diagnostic_t_df_5,1.7639201338939916,-1.6733388925322363,7.395263218869905,6,0,,5000,5000,0,Weather is common to sites within a city-date; additional stations are not independent weather replicates.
p85_p30_min2_sep7,Atlanta,episode_vs_reference,2.332008857320014,True,estimable,3701,868,1284,208,72,23,15,15,230.85253429559697,5.906733435701028e-15,delete_year_jackknife_diagnostic_t_df_5,0.3921234469326964,1.3240234473077244,3.339994267332304,6,0,,5000,5000,0,Weather is common to sites within a city-date; additional stations are not independent weather replicates.
p85_p30_min2_sep7,Atlanta,heat_only_vs_reference,-0.2986159459688871,True,estimable,3701,868,1284,208,72,23,15,15,230.85253429559697,1.9116652705264414e-15,delete_year_jackknife_diagnostic_t_df_5,0.1303261116689096,-0.6336298813340959,0.0363979893963218,6,0,,5000,5000,0,Weather is common to sites within a city-date; additional stations are not independent weather replicates.
p85_p30_min2_sep7,Atlanta,wind_only_vs_reference,1.862232584186174,True,estimable,3701,868,1284,208,72,23,15,15,230.85253429559697,1.1295218232953985e-15,delete_year_jackknife_diagnostic_t_df_5,0.2692343339623881,1.1701436957728175,2.5543214725995305,6,0,,5000,5000,0,Weather is common to sites within a city-date; additional stations are not independent weather replicates.
p85_p30_min2_sep7,Atlanta,other_compound_vs_reference,1.284260774013822,True,estimable,3701,868,1284,208,72,23,15,15,230.85253429559697,1.2698175844150228e-15,delete_year_jackknife_diagnostic_t_df_5,0.4784890057064561,0.0542656273931247,2.514255920634519,6,0,,5000,5000,0,Weather is common to sites within a city-date; additional stations are not independent weather replicates.
p85_p30_min2_sep7,Atlanta,episode_vs_wind_only,0.4697762731338402,True,estimable,3701,868,1284,208,72,23,15,15,230.85253429559697,5.781833345430698e-15,delete_year_jackknife_diagnostic_t_df_5,0.3975936639119204,-0.5522707772822322,1.4918233235499123,6,0,,5000,5000,0,Weather is common to sites within a city-date; additional stations are not independent weather replicates.
p85_p30_min2_sep7,Atlanta,episode_vs_heat_only,2.630624803288901,True,estimable,3701,868,1284,208,72,23,15,15,230.85253429559697,5.440092820663267e-15,delete_year_jackknife_diagnostic_t_df_5,0.4020347133689222,1.5971616718074977,3.664087934770305,6,0,,5000,5000,0,Weather is common to sites within a city-date; additional stations are not independent weather replicates.
p85_p30_min2_sep7,Chicago,episode_vs_reference,4.089225893814379,True,estimable,4644,1108,1284,62,20,8,15,15,152.1240961756489,3.7362463147253744e-15,delete_year_jackknife_diagnostic_t_df_5,1.005097816198906,1.505539704455744,6.6729120831730135,6,0,,5000,5000,0,Weather is common to sites within a city-date; additional stations are not independent weather replicates.
p85_p30_min2_sep7,Chicago,heat_only_vs_reference,0.0964342154124926,True,estimable,4644,1108,1284,62,20,8,15,15,152.1240961756489,1.841990874719394e-15,delete_year_jackknife_diagnostic_t_df_5,0.5656487644861586,-1.3576122239257504,1.5504806547507357,6,0,,5000,5000,0,Weather is common to sites within a city-date; additional stations are not independent weather replicates.
p85_p30_min2_sep7,Chicago,wind_only_vs_reference,4.39687648624616,True,estimable,4644,1108,1284,62,20,8,15,15,152.1240961756489,9.783840404509192e-16,delete_year_jackknife_diagnostic_t_df_5,0.4111637957778338,3.3399463013483803,5.453806671143939,6,0,,5000,5000,0,Weather is common to sites within a city-date; additional stations are not independent weather replicates.
p85_p30_min2_sep7,Chicago,other_compound_vs_reference,4.032332900839727,True,estimable,4644,1108,1284,62,20,8,15,15,152.1240961756489,1.627825591888689e-15,delete_year_jackknife_diagnostic_t_df_5,0.3701468898321136,3.0808400293200195,4.983825772359434,6,0,,5000,5000,0,Weather is common to sites within a city-date; additional stations are not independent weather replicates.
p85_p30_min2_sep7,Chicago,episode_vs_wind_only,-0.3076505924317807,True,estimable,4644,1108,1284,62,20,8,15,15,152.1240961756489,3.4991277265381957e-15,delete_year_jackknife_diagnostic_t_df_5,1.128761735775482,-3.209225007177552,2.5939238223139904,6,0,,5000,5000,0,Weather is common to sites within a city-date; additional stations are not independent weather replicates.
p85_p30_min2_sep7,Chicago,episode_vs_heat_only,3.992791678401886,True,estimable,4644,1108,1284,62,20,8,15,15,152.1240961756489,1.9324193564774707e-15,delete_year_jackknife_diagnostic_t_df_5,1.1375193405400774,1.068705123924564,6.916878232879208,6,0,,5000,5000,0,Weather is common to sites within a city-date; additional stations are not independent weather replicates.
p85_p30_min2_sep7,Dallas,episode_vs_reference,2.780380998245946,True,estimable,4519,1109,1284,68,20,8,15,15,168.6998705098756,8.219119829178112e-15,delete_year_jackknife_diagnostic_t_df_5,1.1017975406919482,-0.0518797464055391,5.612641742897431,6,0,,5000,5000,0,Weather is common to sites within a city-date; additional stations are not independent weather replicates.
p85_p30_min2_sep7,Dallas,heat_only_vs_reference,-0.7440824272485447,True,estimable,4519,1109,1284,68,20,8,15,15,168.6998705098756,3.2404634531246757e-15,delete_year_jackknife_diagnostic_t_df_5,0.524224308566184,-2.0916439126477835,0.6034790581506944,6,0,,5000,5000,0,Weather is common to sites within a city-date; additional stations are not independent weather replicates.
p85_p30_min2_sep7,Dallas,wind_only_vs_reference,3.038880837620757,True,estimable,4519,1109,1284,68,20,8,15,15,168.6998705098756,1.2993078835066285e-15,delete_year_jackknife_diagnostic_t_df_5,0.1593868053807925,2.629164010868792,3.448597664372723,6,0,,5000,5000,0,Weather is common to sites within a city-date; additional stations are not independent weather replicates.
p85_p30_min2_sep7,Dallas,other_compound_vs_reference,1.9618236225629424,True,estimable,4519,1109,1284,68,20,8,15,15,168.6998705098756,5.137056412752252e-15,delete_year_jackknife_diagnostic_t_df_5,0.4704528613685756,0.7524860426057527,3.171161202520132,6,0,,5000,5000,0,Weather is common to sites within a city-date; additional stations are not independent weather replicates.
p85_p30_min2_sep7,Dallas,episode_vs_wind_only,-0.2584998393748114,True,estimable,4519,1109,1284,68,20,8,15,15,168.6998705098756,8.112434335405538e-15,delete_year_jackknife_diagnostic_t_df_5,1.09581946572643,-3.0753934531078637,2.5583937743582403,6,0,,5000,5000,0,Weather is common to sites within a city-date; additional stations are not independent weather replicates.
p85_p30_min2_sep7,Dallas,episode_vs_heat_only,3.5244634254944907,True,estimable,4519,1109,1284,68,20,8,15,15,168.6998705098756,7.993605777301127e-15,delete_year_jackknife_diagnostic_t_df_5,0.6850599978212895,1.7634606387740308,5.285466212214951,6,0,,5000,5000,0,Weather is common to sites within a city-date; additional stations are not independent weather replicates.
p85_p30_min2_sep7,Denver,episode_vs_reference,2.377398868965501,True,estimable,6040,1461,1284,29,6,3,15,15,253.04933161702465,3.5286552325930476e-14,delete_year_jackknife_diagnostic_t_df_5,2.058810247859829,-2.9149413572048744,7.669739095135876,6,0,,5000,4920,80,Weather is common to sites within a city-date; additional stations are not independent weather replicates.
p85_p30_min2_sep7,Denver,heat_only_vs_reference,0.8039173580210814,True,estimable,6040,1461,1284,29,6,3,15,15,253.04933161702465,2.0088097851811426e-15,delete_year_jackknife_diagnostic_t_df_5,0.4812464354227649,-0.4331659873414029,2.041000703383566,6,0,,5000,5000,0,Weather is common to sites within a city-date; additional stations are not independent weather replicates.
p85_p30_min2_sep7,Denver,wind_only_vs_reference,1.2801770062588165,True,estimable,6040,1461,1284,29,6,3,15,15,253.04933161702465,1.1171619185290638e-15,delete_year_jackknife_diagnostic_t_df_5,0.2728706201920111,0.578740746514417,1.981613266003216,6,0,,5000,5000,0,Weather is common to sites within a city-date; additional stations are not independent weather replicates.
p85_p30_min2_sep7,Denver,other_compound_vs_reference,1.090596204656519,True,estimable,6040,1461,1284,29,6,3,15,15,253.04933161702465,4.332471881252076e-15,delete_year_jackknife_diagnostic_t_df_5,0.5453329724913737,-0.3112268288033641,2.492419238116402,6,0,,5000,5000,0,Weather is common to sites within a city-date; additional stations are not independent weather replicates.
p85_p30_min2_sep7,Denver,episode_vs_wind_only,1.0972218627066843,True,estimable,6040,1461,1284,29,6,3,15,15,253.04933161702465,3.5197539327569416e-14,delete_year_jackknife_diagnostic_t_df_5,2.026429911914994,-4.111882060052096,6.306325785465464,6,0,,5000,4920,80,Weather is common to sites within a city-date; additional stations are not independent weather replicates.
p85_p30_min2_sep7,Denver,episode_vs_heat_only,1.5734815109444191,True,estimable,6040,1461,1284,29,6,3,15,15,253.04933161702465,3.574918139293004e-14,delete_year_jackknife_diagnostic_t_df_5,2.299259244613617,-4.33695253867822,7.483915560567058,6,0,,5000,4920,80,Weather is common to sites within a city-date; additional stations are not independent weather replicates.
p85_p30_min2_sep7,Houston,episode_vs_reference,2.0784246965670232,True,estimable,10963,2687,1284,365,44,15,15,15,476.5046101462575,5.336009412104659e-15,delete_year_jackknife_diagnostic_t_df_5,0.5009769805869041,0.790622370198401,3.3662270229356457,6,0,,5000,5000,0,Weather is common to sites within a city-date; additional stations are not independent weather replicates.
p85_p30_min2_sep7,Houston,heat_only_vs_reference,-1.6457119108190714,True,estimable,10963,2687,1284,365,44,15,15,15,476.5046101462575,3.6637359812630166e-15,delete_year_jackknife_diagnostic_t_df_5,0.6583379579684772,-3.3380235072827427,0.0465996856445996,6,0,,5000,5000,0,Weather is common to sites within a city-date; additional stations are not independent weather replicates.
p85_p30_min2_sep7,Houston,wind_only_vs_reference,3.471211432742953,True,estimable,10963,2687,1284,365,44,15,15,15,476.5046101462575,1.4406878467987383e-15,delete_year_jackknife_diagnostic_t_df_5,0.1956612948508529,2.968248062262269,3.9741748032236366,6,0,,5000,5000,0,Weather is common to sites within a city-date; additional stations are not independent weather replicates.
p85_p30_min2_sep7,Houston,other_compound_vs_reference,1.010458316869324,True,estimable,10963,2687,1284,365,44,15,15,15,476.5046101462575,3.965577866082981e-15,delete_year_jackknife_diagnostic_t_df_5,0.4457618280306589,-0.1354089412863264,2.156325575024974,6,0,,5000,5000,0,Weather is common to sites within a city-date; additional stations are not independent weather replicates.
p85_p30_min2_sep7,Houston,episode_vs_wind_only,-1.3927867361759296,True,estimable,10963,2687,1284,365,44,15,15,15,476.5046101462575,4.524158825347513e-15,delete_year_jackknife_diagnostic_t_df_5,0.5090132273101028,-2.701246892397898,-0.0843265799539609,6,0,,5000,5000,0,Weather is common to sites within a city-date; additional stations are not independent weather replicates.
p85_p30_min2_sep7,Houston,episode_vs_heat_only,3.724136607386095,True,estimable,10963,2687,1284,365,44,15,15,15,476.5046101462575,3.217912047936977e-15,delete_year_jackknife_diagnostic_t_df_5,0.9223928734180308,1.3530502416573182,6.095222973114872,6,0,,5000,5000,0,Weather is common to sites within a city-date; additional stations are not independent weather replicates.
p85_p30_min2_sep7,Los Angeles,episode_vs_reference,2.977609819327132,True,estimable,9253,2148,1284,439,60,20,15,15,802.9001812993454,5.523359547510154e-15,delete_year_jackknife_diagnostic_t_df_5,0.4552516124307507,1.8073482937685008,4.147871344885763,6,0,,5000,5000,0,Weather is common to sites within a city-date; additional stations are not independent weather replicates.
p85_p30_min2_sep7,Los Angeles,heat_only_vs_reference,0.9021366606875956,True,estimable,9253,2148,1284,439,60,20,15,15,802.9001812993454,4.246603069191224e-15,delete_year_jackknife_diagnostic_t_df_5,0.4942182261960742,-0.3682917344124321,2.172565055787623,6,0,,5000,5000,0,Weather is common to sites within a city-date; additional stations are not independent weather replicates.
p85_p30_min2_sep7,Los Angeles,wind_only_vs_reference,2.4531435388310454,True,estimable,9253,2148,1284,439,60,20,15,15,802.9001812993454,1.1102230246251565e-15,delete_year_jackknife_diagnostic_t_df_5,0.4416681279254554,1.3177994718063737,3.5884876058557174,6,0,,5000,5000,0,Weather is common to sites within a city-date; additional stations are not independent weather replicates.
p85_p30_min2_sep7,Los Angeles,other_compound_vs_reference,2.764182456814521,True,estimable,9253,2148,1284,439,60,20,15,15,802.9001812993454,4.038436252074007e-15,delete_year_jackknife_diagnostic_t_df_5,0.8026520236384165,0.7008997445128782,4.827465169116165,6,0,,5000,5000,0,Weather is common to sites within a city-date; additional stations are not independent weather replicates.
p85_p30_min2_sep7,Los Angeles,episode_vs_wind_only,0.5244662804960862,True,estimable,9253,2148,1284,439,60,20,15,15,802.9001812993454,5.780098621954721e-15,delete_year_jackknife_diagnostic_t_df_5,0.6547525461670152,-1.1586287215174704,2.207561282509643,6,0,,5000,5000,0,Weather is common to sites within a city-date; additional stations are not independent weather replicates.
p85_p30_min2_sep7,Los Angeles,episode_vs_heat_only,2.075473158639536,True,estimable,9253,2148,1284,439,60,20,15,15,802.9001812993454,9.360567876370851e-15,delete_year_jackknife_diagnostic_t_df_5,0.6099351643800917,0.5075849041682226,3.643361413110849,6,0,,5000,5000,0,Weather is common to sites within a city-date; additional stations are not independent weather replicates.
p85_p30_min2_sep7,New York,episode_vs_reference,5.065214734309998,True,estimable,10742,2527,1284,363,44,16,15,15,218.1012775087341,3.2335245592207684e-15,delete_year_jackknife_diagnostic_t_df_5,0.5315559493324663,3.698806666331543,6.431622802288453,6,0,,5000,5000,0,Weather is common to sites within a city-date; additional stations are not independent weather replicates.
p85_p30_min2_sep7,New York,heat_only_vs_reference,1.1593352294840034,True,estimable,10742,2527,1284,363,44,16,15,15,218.1012775087341,4.9073424459846666e-15,delete_year_jackknife_diagnostic_t_df_5,0.2060869843597688,0.6295717709277162,1.6890986880402905,6,0,,5000,5000,0,Weather is common to sites within a city-date; additional stations are not independent weather replicates.
p85_p30_min2_sep7,New York,wind_only_vs_reference,4.229516669310249,True,estimable,10742,2527,1284,363,44,16,15,15,218.1012775087341,9.38287700709196e-16,delete_year_jackknife_diagnostic_t_df_5,0.2006684176588187,3.713682079890608,4.74535125872989,6,0,,5000,5000,0,Weather is common to sites within a city-date; additional stations are not independent weather replicates.
p85_p30_min2_sep7,New York,other_compound_vs_reference,3.17224219313684,True,estimable,10742,2527,1284,363,44,16,15,15,218.1012775087341,3.0275276076399484e-15,delete_year_jackknife_diagnostic_t_df_5,0.5056970972766521,1.8723064205434672,4.4721779657302125,6,0,,5000,5000,0,Weather is common to sites within a city-date; additional stations are not independent weather replicates.
p85_p30_min2_sep7,New York,episode_vs_wind_only,0.8356980649997485,True,estimable,10742,2527,1284,363,44,16,15,15,218.1012775087341,2.8171909249863347e-15,delete_year_jackknife_diagnostic_t_df_5,0.5853137307913575,-0.668898779521039,2.3402949095205363,6,0,,5000,5000,0,Weather is common to sites within a city-date; additional stations are not independent weather replicates.
p85_p30_min2_sep7,New York,episode_vs_heat_only,3.9058795048259936,True,estimable,10742,2527,1284,363,44,16,15,15,218.1012775087341,2.271400785495187e-15,delete_year_jackknife_diagnostic_t_df_5,0.5689411587951773,2.443369696481236,5.368389313170753,6,0,,5000,5000,0,Weather is common to sites within a city-date; additional stations are not independent weather replicates.
p85_p30_min2_sep7,Philadelphia,episode_vs_reference,2.1059942490948744,True,estimable,5975,1435,1284,114,26,10,15,15,166.52940601583668,4.610894999146353e-15,delete_year_jackknife_diagnostic_t_df_5,0.7299478883101315,0.2296034664437651,3.982385031745984,6,0,,5000,5000,0,Weather is common to sites within a city-date; additional stations are not independent weather replicates.
p85_p30_min2_sep7,Philadelphia,heat_only_vs_reference,0.8164647791951707,True,estimable,5975,1435,1284,114,26,10,15,15,166.52940601583668,1.9984014443252818e-15,delete_year_jackknife_diagnostic_t_df_5,0.2066161750657786,0.2853409926224273,1.347588565767914,6,0,,5000,5000,0,Weather is common to sites within a city-date; additional stations are not independent weather replicates.
p85_p30_min2_sep7,Philadelphia,wind_only_vs_reference,1.8967928875590467,True,estimable,5975,1435,1284,114,26,10,15,15,166.52940601583668,7.945033519973776e-16,delete_year_jackknife_diagnostic_t_df_5,0.2077761336220984,1.362687332591337,2.430898442526757,6,0,,5000,5000,0,Weather is common to sites within a city-date; additional stations are not independent weather replicates.
p85_p30_min2_sep7,Philadelphia,other_compound_vs_reference,1.866586362970877,True,estimable,5975,1435,1284,114,26,10,15,15,166.52940601583668,3.361894096443052e-15,delete_year_jackknife_diagnostic_t_df_5,0.4635397024944579,0.6750196236423622,3.058153102299392,6,0,,5000,5000,0,Weather is common to sites within a city-date; additional stations are not independent weather replicates.
p85_p30_min2_sep7,Philadelphia,episode_vs_wind_only,0.2092013615358277,True,estimable,5975,1435,1284,114,26,10,15,15,166.52940601583668,4.884981308350689e-15,delete_year_jackknife_diagnostic_t_df_5,0.7052293572279472,-1.603648414111807,2.022051137183462,6,0,,5000,5000,0,Weather is common to sites within a city-date; additional stations are not independent weather replicates.
p85_p30_min2_sep7,Philadelphia,episode_vs_heat_only,1.2895294698997035,True,estimable,5975,1435,1284,114,26,10,15,15,166.52940601583668,4.666406150377611e-15,delete_year_jackknife_diagnostic_t_df_5,0.6289364979943277,-0.3272032676132306,2.906262207412638,6,0,,5000,5000,0,Weather is common to sites within a city-date; additional stations are not independent weather replicates.
p85_p30_min2_sep7,Phoenix,episode_vs_reference,2.7547848980445844,True,estimable,5991,1414,1284,28,6,3,15,15,413.74068546767046,2.3543667015957226e-14,delete_year_jackknife_diagnostic_t_df_5,0.2523770523456356,2.106029031553458,3.4035407645357107,6,0,,5000,4553,447,Weather is common to sites within a city-date; additional stations are not independent weather replicates.
p85_p30_min2_sep7,Phoenix,heat_only_vs_reference,-0.0493287251383735,True,estimable,5991,1414,1284,28,6,3,15,15,413.74068546767046,9.679756995950584e-16,delete_year_jackknife_diagnostic_t_df_5,0.3289258770209695,-0.894859609879222,0.7962021596024748,6,0,,5000,5000,0,Weather is common to sites within a city-date; additional stations are not independent weather replicates.
p85_p30_min2_sep7,Phoenix,wind_only_vs_reference,3.156184875327356,True,estimable,5991,1414,1284,28,6,3,15,15,413.74068546767046,7.2121128513735755e-16,delete_year_jackknife_diagnostic_t_df_5,0.1441330322883554,2.7856791206117277,3.5266906300429848,6,0,,5000,5000,0,Weather is common to sites within a city-date; additional stations are not independent weather replicates.
p85_p30_min2_sep7,Phoenix,other_compound_vs_reference,2.221828224459677,True,estimable,5991,1414,1284,28,6,3,15,15,413.74068546767046,1.9671764217576992e-15,delete_year_jackknife_diagnostic_t_df_5,0.6615232464927939,0.5213285831741366,3.9223278657452174,6,0,,5000,5000,0,Weather is common to sites within a city-date; additional stations are not independent weather replicates.
p85_p30_min2_sep7,Phoenix,episode_vs_wind_only,-0.4013999772827716,True,estimable,5991,1414,1284,28,6,3,15,15,413.74068546767046,2.328692794151266e-14,delete_year_jackknife_diagnostic_t_df_5,0.2632709465736106,-1.0781594903956735,0.2753595358301304,6,0,,5000,4553,447,Weather is common to sites within a city-date; additional stations are not independent weather replicates.
p85_p30_min2_sep7,Phoenix,episode_vs_heat_only,2.8041136231829578,True,estimable,5991,1414,1284,28,6,3,15,15,413.74068546767046,2.3859386688585005e-14,delete_year_jackknife_diagnostic_t_df_5,0.4669885591536276,1.603681315572668,4.004545930793247,6,0,,5000,4553,447,Weather is common to sites within a city-date; additional stations are not independent weather replicates.
p85_p30_min2_sep7,San Diego,episode_vs_reference,2.7289283025211035,True,estimable,5051,1198,1284,189,47,16,15,15,651.0561972839024,6.439293542825908e-15,delete_year_jackknife_diagnostic_t_df_5,0.5052252315780559,1.4302054993214026,4.027651105720804,6,0,,5000,5000,0,Weather is common to sites within a city-date; additional stations are not independent weather replicates.
p85_p30_min2_sep7,San Diego,heat_only_vs_reference,0.5216226000860479,True,estimable,5051,1198,1284,189,47,16,15,15,651.0561972839024,6.4878658001532585e-15,delete_year_jackknife_diagnostic_t_df_5,0.241861391430999,-0.1001018994682028,1.1433470996402986,6,0,,5000,5000,0,Weather is common to sites within a city-date; additional stations are not independent weather replicates.
p85_p30_min2_sep7,San Diego,wind_only_vs_reference,1.1469426326310603,True,estimable,5051,1198,1284,189,47,16,15,15,651.0561972839024,1.6653345369377348e-15,delete_year_jackknife_diagnostic_t_df_5,0.1760117767520025,0.6944899564542883,1.5993953088078323,6,0,,5000,5000,0,Weather is common to sites within a city-date; additional stations are not independent weather replicates.
p85_p30_min2_sep7,San Diego,other_compound_vs_reference,1.8684854220262328,True,estimable,5051,1198,1284,189,47,16,15,15,651.0561972839024,1.085916098113221e-15,delete_year_jackknife_diagnostic_t_df_5,0.5201527057446172,0.5313903248820389,3.205580519170427,6,0,,5000,5000,0,Weather is common to sites within a city-date; additional stations are not independent weather replicates.
p85_p30_min2_sep7,San Diego,episode_vs_wind_only,1.5819856698900432,True,estimable,5051,1198,1284,189,47,16,15,15,651.0561972839024,4.468647674116255e-15,delete_year_jackknife_diagnostic_t_df_5,0.5632219823754081,0.1341774725647426,3.029793867215344,6,0,,5000,5000,0,Weather is common to sites within a city-date; additional stations are not independent weather replicates.
p85_p30_min2_sep7,San Diego,episode_vs_heat_only,2.207305702435056,True,estimable,5051,1198,1284,189,47,16,15,15,651.0561972839024,4.218847493575595e-15,delete_year_jackknife_diagnostic_t_df_5,0.4791753510480726,0.975546248946226,3.4390651559238856,6,0,,5000,5000,0,Weather is common to sites within a city-date; additional stations are not independent weather replicates.
p85_p30_min2_sep7,Seattle,episode_vs_reference,7.242660276166645,True,estimable,2447,587,1282,59,31,12,15,15,513.9997668942722,5.218048215738236e-15,delete_year_jackknife_diagnostic_t_df_5,2.567118906968511,0.6436710439948401,13.841649508338447,6,0,,5000,5000,0,Weather is common to sites within a city-date; additional stations are not independent weather replicates.
p85_p30_min2_sep7,Seattle,heat_only_vs_reference,4.526741578295967,True,estimable,2447,587,1282,59,31,12,15,15,513.9997668942722,1.4370015594122876e-15,delete_year_jackknife_diagnostic_t_df_5,0.9292641013617808,2.1379921588264703,6.915490997765463,6,0,,5000,5000,0,Weather is common to sites within a city-date; additional stations are not independent weather replicates.
p85_p30_min2_sep7,Seattle,wind_only_vs_reference,3.590143859669202,True,estimable,2447,587,1282,59,31,12,15,15,513.9997668942722,7.122433196755e-16,delete_year_jackknife_diagnostic_t_df_5,0.1603625337244248,3.17791884336058,4.002368875977824,6,0,,5000,5000,0,Weather is common to sites within a city-date; additional stations are not independent weather replicates.
p85_p30_min2_sep7,Seattle,other_compound_vs_reference,9.824803340531163,True,estimable,2447,587,1282,59,31,12,15,15,513.9997668942722,2.55351295663786e-15,delete_year_jackknife_diagnostic_t_df_5,0.9193745137712142,7.461475915283913,12.188130765778418,6,0,,5000,5000,0,Weather is common to sites within a city-date; additional stations are not independent weather replicates.
p85_p30_min2_sep7,Seattle,episode_vs_wind_only,3.652516416497443,True,estimable,2447,587,1282,59,31,12,15,15,513.9997668942722,4.135580766728708e-15,delete_year_jackknife_diagnostic_t_df_5,2.5124616265628017,-2.8059718034781644,10.111004636473051,6,0,,5000,5000,0,Weather is common to sites within a city-date; additional stations are not independent weather replicates.
p85_p30_min2_sep7,Seattle,episode_vs_heat_only,2.715918697870678,True,estimable,2447,587,1282,59,31,12,15,15,513.9997668942722,6.022959908591474e-15,delete_year_jackknife_diagnostic_t_df_5,2.420207760860255,-3.505423410662731,8.937260806404087,6,0,,5000,5000,0,Weather is common to sites within a city-date; additional stations are not independent weather replicates.
p80_p20_min2_sep7,Atlanta,episode_vs_reference,2.564948624602716,True,estimable,3701,868,1284,209,72,21,15,15,232.3935018756743,4.740131898106625e-15,delete_year_jackknife_diagnostic_t_df_5,0.5362593900021025,1.1864499774739006,3.9434472717315305,6,0,,5000,5000,0,Weather is common to sites within a city-date; additional stations are not independent weather replicates.
p80_p20_min2_sep7,Atlanta,heat_only_vs_reference,-0.1400144313080588,True,estimable,3701,868,1284,209,72,21,15,15,232.3935018756743,2.5847379792054426e-15,delete_year_jackknife_diagnostic_t_df_5,0.2465755797576234,-0.7738571377444989,0.4938282751283813,6,0,,5000,5000,0,Weather is common to sites within a city-date; additional stations are not independent weather replicates.
p80_p20_min2_sep7,Atlanta,wind_only_vs_reference,1.7839964090260154,True,estimable,3701,868,1284,209,72,21,15,15,232.3935018756743,9.254032597682013e-16,delete_year_jackknife_diagnostic_t_df_5,0.2411005564185012,1.1642276981348076,2.403765119917223,6,0,,5000,5000,0,Weather is common to sites within a city-date; additional stations are not independent weather replicates.
p80_p20_min2_sep7,Atlanta,other_compound_vs_reference,1.0052786135078702,True,estimable,3701,868,1284,209,72,21,15,15,232.3935018756743,2.0239095853428885e-15,delete_year_jackknife_diagnostic_t_df_5,0.7896179482138866,-1.024498941263163,3.035056168278904,6,0,,5000,5000,0,Weather is common to sites within a city-date; additional stations are not independent weather replicates.
p80_p20_min2_sep7,Atlanta,episode_vs_wind_only,0.7809522155767001,True,estimable,3701,868,1284,209,72,21,15,15,232.3935018756743,4.457371971522406e-15,delete_year_jackknife_diagnostic_t_df_5,0.332134992634701,-0.0728279634692633,1.6347323946226635,6,0,,5000,5000,0,Weather is common to sites within a city-date; additional stations are not independent weather replicates.
p80_p20_min2_sep7,Atlanta,episode_vs_heat_only,2.7049630559107745,True,estimable,3701,868,1284,209,72,21,15,15,232.3935018756743,3.774758283725532e-15,delete_year_jackknife_diagnostic_t_df_5,0.3891169000520688,1.704706220697815,3.705219891123734,6,0,,5000,5000,0,Weather is common to sites within a city-date; additional stations are not independent weather replicates.
p80_p20_min2_sep7,Chicago,episode_vs_reference,3.832641736421235,True,estimable,4644,1108,1284,70,21,9,15,15,153.22825587485457,3.805562753087714e-15,delete_year_jackknife_diagnostic_t_df_5,0.6475090523010447,2.168166728166085,5.497116744676385,6,0,,5000,4999,1,Weather is common to sites within a city-date; additional stations are not independent weather replicates.
p80_p20_min2_sep7,Chicago,heat_only_vs_reference,0.5905338082175384,True,estimable,4644,1108,1284,70,21,9,15,15,153.22825587485457,1.1657341758564144e-15,delete_year_jackknife_diagnostic_t_df_5,0.4633122148334794,-0.6004481554618337,1.7815157718969106,6,0,,5000,5000,0,Weather is common to sites within a city-date; additional stations are not independent weather replicates.
p80_p20_min2_sep7,Chicago,wind_only_vs_reference,4.317641320803268,True,estimable,4644,1108,1284,70,21,9,15,15,153.22825587485457,1.5543122344752192e-15,delete_year_jackknife_diagnostic_t_df_5,0.6246928730595117,2.711817168465025,5.92346547314151,6,0,,5000,5000,0,Weather is common to sites within a city-date; additional stations are not independent weather replicates.
p80_p20_min2_sep7,Chicago,other_compound_vs_reference,5.026495392478415,True,estimable,4644,1108,1284,70,21,9,15,15,153.22825587485457,2.7547408798511697e-15,delete_year_jackknife_diagnostic_t_df_5,0.6045758760917788,3.4723836271329773,6.580607157823852,6,0,,5000,5000,0,Weather is common to sites within a city-date; additional stations are not independent weather replicates.
p80_p20_min2_sep7,Chicago,episode_vs_wind_only,-0.4849995843820327,True,estimable,4644,1108,1284,70,21,9,15,15,153.22825587485457,3.431324113142018e-15,delete_year_jackknife_diagnostic_t_df_5,0.9278753589344636,-2.8701791277934903,1.9001799590294248,6,0,,5000,4999,1,Weather is common to sites within a city-date; additional stations are not independent weather replicates.
p80_p20_min2_sep7,Chicago,episode_vs_heat_only,3.2421079282036964,True,estimable,4644,1108,1284,70,21,9,15,15,153.22825587485457,3.960937152489862e-15,delete_year_jackknife_diagnostic_t_df_5,1.0021371634516032,0.6660323390189049,5.818183517388488,6,0,,5000,4999,1,Weather is common to sites within a city-date; additional stations are not independent weather replicates.
p80_p20_min2_sep7,Dallas,episode_vs_reference,2.106859932412268,True,estimable,4519,1109,1284,103,29,10,15,15,169.2189500853395,3.056582764671134e-15,delete_year_jackknife_diagnostic_t_df_5,0.6542255022921443,0.4251197398100377,3.788600125014498,6,0,,5000,5000,0,Weather is common to sites within a city-date; additional stations are not independent weather replicates.
p80_p20_min2_sep7,Dallas,heat_only_vs_reference,-1.0547321684680413,True,estimable,4519,1109,1284,103,29,10,15,15,169.2189500853395,2.581268532253489e-15,delete_year_jackknife_diagnostic_t_df_5,0.4585078878143942,-2.2333642163796963,0.1238998794436136,6,0,,5000,5000,0,Weather is common to sites within a city-date; additional stations are not independent weather replicates.
p80_p20_min2_sep7,Dallas,wind_only_vs_reference,3.197602055357403,True,estimable,4519,1109,1284,103,29,10,15,15,169.2189500853395,1.4918621893400541e-15,delete_year_jackknife_diagnostic_t_df_5,0.2610380398429583,2.5265824117269857,3.86862169898782,6,0,,5000,5000,0,Weather is common to sites within a city-date; additional stations are not independent weather replicates.
p80_p20_min2_sep7,Dallas,other_compound_vs_reference,1.852723687178166,True,estimable,4519,1109,1284,103,29,10,15,15,169.2189500853395,5.63754536718593e-15,delete_year_jackknife_diagnostic_t_df_5,0.678796030765307,0.1078229403908388,3.597624433965493,6,0,,5000,5000,0,Weather is common to sites within a city-date; additional stations are not independent weather replicates.
p80_p20_min2_sep7,Dallas,episode_vs_wind_only,-1.090742122945135,True,estimable,4519,1109,1284,103,29,10,15,15,169.2189500853395,4.348734913839358e-15,delete_year_jackknife_diagnostic_t_df_5,0.7543600759282174,-3.029886431655442,0.8484021857651718,6,0,,5000,5000,0,Weather is common to sites within a city-date; additional stations are not independent weather replicates.
p80_p20_min2_sep7,Dallas,episode_vs_heat_only,3.161592100880309,True,estimable,4519,1109,1284,103,29,10,15,15,169.2189500853395,5.530298441414061e-15,delete_year_jackknife_diagnostic_t_df_5,0.3612519634162073,2.2329643656346523,4.090219836125966,6,0,,5000,5000,0,Weather is common to sites within a city-date; additional stations are not independent weather replicates.
p80_p20_min2_sep7,Denver,episode_vs_reference,-0.4904056503426035,True,estimable,6040,1461,1284,8,2,1,15,15,735.9903704339223,7.932909214167428e-14,unavailable_fewer_than_3_blocks_or_nonidentifiable_deletion,,,,6,1,2022,5000,3308,1692,Weather is common to sites within a city-date; additional stations are not independent weather replicates.
p80_p20_min2_sep7,Denver,heat_only_vs_reference,0.3676556047481776,True,estimable,6040,1461,1284,8,2,1,15,15,735.9903704339223,1.27675647831893e-15,delete_year_jackknife_diagnostic_t_df_5,0.4293686436516297,-0.7360716314145033,1.4713828409108585,6,0,,5000,5000,0,Weather is common to sites within a city-date; additional stations are not independent weather replicates.
p80_p20_min2_sep7,Denver,wind_only_vs_reference,1.0396635355334751,True,estimable,6040,1461,1284,8,2,1,15,15,735.9903704339223,5.1660065114589315e-15,delete_year_jackknife_diagnostic_t_df_5,0.5175934810637884,-0.2908528651328679,2.3701799361998184,6,0,,5000,5000,0,Weather is common to sites within a city-date; additional stations are not independent weather replicates.
p80_p20_min2_sep7,Denver,other_compound_vs_reference,0.2912202748131205,True,estimable,6040,1461,1284,8,2,1,15,15,735.9903704339223,2.851885394505871e-15,delete_year_jackknife_diagnostic_t_df_5,0.5563072414185006,-1.1388130150102234,1.7212535646364644,6,0,,5000,5000,0,Weather is common to sites within a city-date; additional stations are not independent weather replicates.
p80_p20_min2_sep7,Denver,episode_vs_wind_only,-1.5300691858760789,True,estimable,6040,1461,1284,8,2,1,15,15,735.9903704339223,7.968428394522976e-14,unavailable_fewer_than_3_blocks_or_nonidentifiable_deletion,,,,6,1,2022,5000,3308,1692,Weather is common to sites within a city-date; additional stations are not independent weather replicates.
p80_p20_min2_sep7,Denver,episode_vs_heat_only,-0.8580612550907811,True,estimable,6040,1461,1284,8,2,1,15,15,735.9903704339223,8.024537111281985e-14,unavailable_fewer_than_3_blocks_or_nonidentifiable_deletion,,,,6,1,2022,5000,3308,1692,Weather is common to sites within a city-date; additional stations are not independent weather replicates.
p80_p20_min2_sep7,Houston,episode_vs_reference,1.5940304335199402,True,estimable,10963,2687,1284,467,54,17,15,15,481.258756413413,7.695233339433116e-15,delete_year_jackknife_diagnostic_t_df_5,0.5886296534987134,0.0809097383192496,3.1071511287206306,6,0,,5000,5000,0,Weather is common to sites within a city-date; additional stations are not independent weather replicates.
p80_p20_min2_sep7,Houston,heat_only_vs_reference,-1.4288464265780043,True,estimable,10963,2687,1284,467,54,17,15,15,481.258756413413,2.3869795029440866e-15,delete_year_jackknife_diagnostic_t_df_5,0.6047514789955747,-2.9834095935582248,0.1257167404022159,6,0,,5000,5000,0,Weather is common to sites within a city-date; additional stations are not independent weather replicates.
p80_p20_min2_sep7,Houston,wind_only_vs_reference,3.5358773574482045,True,estimable,10963,2687,1284,467,54,17,15,15,481.258756413413,8.396061623727746e-16,delete_year_jackknife_diagnostic_t_df_5,0.3576255209360363,2.616571689370055,4.455183025526354,6,0,,5000,5000,0,Weather is common to sites within a city-date; additional stations are not independent weather replicates.
p80_p20_min2_sep7,Houston,other_compound_vs_reference,1.2911656017977169,True,estimable,10963,2687,1284,467,54,17,15,15,481.258756413413,2.4841240175987878e-15,delete_year_jackknife_diagnostic_t_df_5,0.633835587313173,-0.3381606457294011,2.920491849324834,6,0,,5000,5000,0,Weather is common to sites within a city-date; additional stations are not independent weather replicates.
p80_p20_min2_sep7,Houston,episode_vs_wind_only,-1.9418469239282643,True,estimable,10963,2687,1284,467,54,17,15,15,481.258756413413,7.559924908306925e-15,delete_year_jackknife_diagnostic_t_df_5,0.8900533885638894,-4.229801997317149,0.3461081494606206,6,0,,5000,5000,0,Weather is common to sites within a city-date; additional stations are not independent weather replicates.
p80_p20_min2_sep7,Houston,episode_vs_heat_only,3.022876860097945,True,estimable,10963,2687,1284,467,54,17,15,15,481.258756413413,7.993605777301127e-15,delete_year_jackknife_diagnostic_t_df_5,0.5955295142850369,1.4920195080915122,4.553734212104378,6,0,,5000,5000,0,Weather is common to sites within a city-date; additional stations are not independent weather replicates.
p80_p20_min2_sep7,Los Angeles,episode_vs_reference,4.022448223781536,True,estimable,9253,2148,1284,282,39,13,15,15,811.2165630359035,5.277028813921447e-15,delete_year_jackknife_diagnostic_t_df_5,0.74309790910698,2.1122542365318084,5.932642211031264,6,0,,5000,5000,0,Weather is common to sites within a city-date; additional stations are not independent weather replicates.
p80_p20_min2_sep7,Los Angeles,heat_only_vs_reference,0.8897434353636153,True,estimable,9253,2148,1284,282,39,13,15,15,811.2165630359035,1.4849232954361469e-15,delete_year_jackknife_diagnostic_t_df_5,0.3899183025073287,-0.1125734704438694,1.8920603411711,6,0,,5000,5000,0,Weather is common to sites within a city-date; additional stations are not independent weather replicates.
p80_p20_min2_sep7,Los Angeles,wind_only_vs_reference,2.4813145345960987,True,estimable,9253,2148,1284,282,39,13,15,15,811.2165630359035,1.3183898417423734e-15,delete_year_jackknife_diagnostic_t_df_5,0.3286984995793311,1.6363681421765592,3.326260927015638,6,0,,5000,5000,0,Weather is common to sites within a city-date; additional stations are not independent weather replicates.
p80_p20_min2_sep7,Los Angeles,other_compound_vs_reference,2.940498591073946,True,estimable,9253,2148,1284,282,39,13,15,15,811.2165630359035,4.718447854656915e-15,delete_year_jackknife_diagnostic_t_df_5,1.0696722720784306,0.1908184783853066,5.6901787037625855,6,0,,5000,5000,0,Weather is common to sites within a city-date; additional stations are not independent weather replicates.
p80_p20_min2_sep7,Los Angeles,episode_vs_wind_only,1.5411336891854377,True,estimable,9253,2148,1284,282,39,13,15,15,811.2165630359035,5.1122300837036505e-15,delete_year_jackknife_diagnostic_t_df_5,0.8199438342479501,-0.5665990373743361,3.648866415745211,6,0,,5000,5000,0,Weather is common to sites within a city-date; additional stations are not independent weather replicates.
p80_p20_min2_sep7,Los Angeles,episode_vs_heat_only,3.1327047884179207,True,estimable,9253,2148,1284,282,39,13,15,15,811.2165630359035,4.884981308350689e-15,delete_year_jackknife_diagnostic_t_df_5,0.7852522657825742,1.1141495776049757,5.151259999230866,6,0,,5000,5000,0,Weather is common to sites within a city-date; additional stations are not independent weather replicates.
p80_p20_min2_sep7,New York,episode_vs_reference,4.7226050431556335,True,estimable,10742,2527,1284,249,30,12,15,15,216.7382893006913,2.4980018054066022e-15,delete_year_jackknife_diagnostic_t_df_5,0.8041718158026865,2.6554155807225754,6.789794505588692,6,0,,5000,5000,0,Weather is common to sites within a city-date; additional stations are not independent weather replicates.
p80_p20_min2_sep7,New York,heat_only_vs_reference,1.2459269815623624,True,estimable,10742,2527,1284,249,30,12,15,15,216.7382893006913,7.771561172376096e-16,delete_year_jackknife_diagnostic_t_df_5,0.2792980124124626,0.52796858412556,1.9638853789991648,6,0,,5000,5000,0,Weather is common to sites within a city-date; additional stations are not independent weather replicates.
p80_p20_min2_sep7,New York,wind_only_vs_reference,4.6646676538336695,True,estimable,10742,2527,1284,249,30,12,15,15,216.7382893006913,1.2212453270876722e-15,delete_year_jackknife_diagnostic_t_df_5,0.5059661063754441,3.364040371337321,5.965294936330018,6,0,,5000,5000,0,Weather is common to sites within a city-date; additional stations are not independent weather replicates.
p80_p20_min2_sep7,New York,other_compound_vs_reference,4.288253481978825,True,estimable,10742,2527,1284,249,30,12,15,15,216.7382893006913,2.248201624865942e-15,delete_year_jackknife_diagnostic_t_df_5,0.5052913975526142,2.9893605937267878,5.587146370230863,6,0,,5000,5000,0,Weather is common to sites within a city-date; additional stations are not independent weather replicates.
p80_p20_min2_sep7,New York,episode_vs_wind_only,0.0579373893219639,True,estimable,10742,2527,1284,249,30,12,15,15,216.7382893006913,1.4363510381087963e-15,delete_year_jackknife_diagnostic_t_df_5,1.0051896730711998,-2.525984925644068,2.641859704287996,6,0,,5000,5000,0,Weather is common to sites within a city-date; additional stations are not independent weather replicates.
p80_p20_min2_sep7,New York,episode_vs_heat_only,3.476678061593271,True,estimable,10742,2527,1284,249,30,12,15,15,216.7382893006913,1.609823385706477e-15,delete_year_jackknife_diagnostic_t_df_5,1.0208835618881829,0.852413321103807,6.100942802082735,6,0,,5000,5000,0,Weather is common to sites within a city-date; additional stations are not independent weather replicates.
p80_p20_min2_sep7,Philadelphia,episode_vs_reference,1.717603597778746,True,estimable,5975,1435,1284,123,27,11,15,15,164.30018563507346,3.6572307682281036e-15,delete_year_jackknife_diagnostic_t_df_5,1.1791427705363635,-1.3134793897839088,4.748686585341401,6,0,,5000,4999,1,Weather is common to sites within a city-date; additional stations are not independent weather replicates.
p80_p20_min2_sep7,Philadelphia,heat_only_vs_reference,0.7924958466584231,True,estimable,5975,1435,1284,123,27,11,15,15,164.30018563507346,1.8318679906315083e-15,delete_year_jackknife_diagnostic_t_df_5,0.3000106584228216,0.0212938976194267,1.5636977956974194,6,0,,5000,5000,0,Weather is common to sites within a city-date; additional stations are not independent weather replicates.
p80_p20_min2_sep7,Philadelphia,wind_only_vs_reference,2.069235699772169,True,estimable,5975,1435,1284,123,27,11,15,15,164.30018563507346,6.433655691528983e-15,delete_year_jackknife_diagnostic_t_df_5,0.1543902059650266,1.6723630407183228,2.466108358826016,6,0,,5000,5000,0,Weather is common to sites within a city-date; additional stations are not independent weather replicates.
p80_p20_min2_sep7,Philadelphia,other_compound_vs_reference,2.061414965438952,True,estimable,5975,1435,1284,123,27,11,15,15,164.30018563507346,3.776543037331745e-15,delete_year_jackknife_diagnostic_t_df_5,0.332372666961964,1.207023825084529,2.915806105793375,6,0,,5000,5000,0,Weather is common to sites within a city-date; additional stations are not independent weather replicates.
p80_p20_min2_sep7,Philadelphia,episode_vs_wind_only,-0.3516321019934234,True,estimable,5975,1435,1284,123,27,11,15,15,164.30018563507346,6.247606598730471e-15,delete_year_jackknife_diagnostic_t_df_5,1.1412123350042858,-3.285211800959545,2.5819475969726984,6,0,,5000,4999,1,Weather is common to sites within a city-date; additional stations are not independent weather replicates.
p80_p20_min2_sep7,Philadelphia,episode_vs_heat_only,0.925107751120323,True,estimable,5975,1435,1284,123,27,11,15,15,164.30018563507346,5.412337245047638e-15,delete_year_jackknife_diagnostic_t_df_5,1.298872675437062,-2.4137507551625306,4.263966257403176,6,0,,5000,4999,1,Weather is common to sites within a city-date; additional stations are not independent weather replicates.
p80_p20_min2_sep7,Phoenix,episode_vs_reference,4.434219012855062,True,estimable,5991,1414,1284,10,2,1,15,15,582.8686655469442,3.9902109394418517e-14,unavailable_fewer_than_3_blocks_or_nonidentifiable_deletion,,,,6,1,2021,5000,3324,1676,Weather is common to sites within a city-date; additional stations are not independent weather replicates.
p80_p20_min2_sep7,Phoenix,heat_only_vs_reference,-0.2475451683134182,True,estimable,5991,1414,1284,10,2,1,15,15,582.8686655469442,1.7377592420597665e-15,delete_year_jackknife_diagnostic_t_df_5,0.3509571995442042,-1.149709370547539,0.6546190339207026,6,0,,5000,5000,0,Weather is common to sites within a city-date; additional stations are not independent weather replicates.
p80_p20_min2_sep7,Phoenix,wind_only_vs_reference,2.69275068933245,True,estimable,5991,1414,1284,10,2,1,15,15,582.8686655469442,9.00674877424626e-16,delete_year_jackknife_diagnostic_t_df_5,0.17409339976869,2.245229358182884,3.140272020482016,6,0,,5000,5000,0,Weather is common to sites within a city-date; additional stations are not independent weather replicates.
p80_p20_min2_sep7,Phoenix,other_compound_vs_reference,2.638543883549432,True,estimable,5991,1414,1284,10,2,1,15,15,582.8686655469442,2.105954299835844e-15,delete_year_jackknife_diagnostic_t_df_5,0.9285348277846344,0.2516691214905577,5.0254186456083065,6,0,,5000,5000,0,Weather is common to sites within a city-date; additional stations are not independent weather replicates.
p80_p20_min2_sep7,Phoenix,episode_vs_wind_only,1.7414683235226116,True,estimable,5991,1414,1284,10,2,1,15,15,582.8686655469442,4.0648040489088544e-14,unavailable_fewer_than_3_blocks_or_nonidentifiable_deletion,,,,6,1,2021,5000,3324,1676,Weather is common to sites within a city-date; additional stations are not independent weather replicates.
p80_p20_min2_sep7,Phoenix,episode_vs_heat_only,4.68176418116848,True,estimable,5991,1414,1284,10,2,1,15,15,582.8686655469442,3.930189507173054e-14,unavailable_fewer_than_3_blocks_or_nonidentifiable_deletion,,,,6,1,2021,5000,3324,1676,Weather is common to sites within a city-date; additional stations are not independent weather replicates.
p80_p20_min2_sep7,San Diego,episode_vs_reference,2.652290968958446,True,estimable,5051,1198,1284,193,47,17,15,15,656.9800145298527,3.733124920302089e-15,delete_year_jackknife_diagnostic_t_df_5,0.6197567501941489,1.0591555243963742,4.245426413520518,6,0,,5000,5000,0,Weather is common to sites within a city-date; additional stations are not independent weather replicates.
p80_p20_min2_sep7,San Diego,heat_only_vs_reference,0.8479990108341151,True,estimable,5051,1198,1284,193,47,17,15,15,656.9800145298527,5.450501161519128e-15,delete_year_jackknife_diagnostic_t_df_5,0.3190599634155691,0.0278292643992661,1.668168757268964,6,0,,5000,5000,0,Weather is common to sites within a city-date; additional stations are not independent weather replicates.
p80_p20_min2_sep7,San Diego,wind_only_vs_reference,1.1266765300739974,True,estimable,5051,1198,1284,193,47,17,15,15,656.9800145298527,1.5543122344752192e-15,delete_year_jackknife_diagnostic_t_df_5,0.1270745437046788,0.800021016254977,1.4533320438930175,6,0,,5000,5000,0,Weather is common to sites within a city-date; additional stations are not independent weather replicates.
p80_p20_min2_sep7,San Diego,other_compound_vs_reference,1.5637181762211574,True,estimable,5051,1198,1284,193,47,17,15,15,656.9800145298527,5.717648576819556e-15,delete_year_jackknife_diagnostic_t_df_5,0.4964171957426773,0.2876371499475143,2.8397992024948007,6,0,,5000,5000,0,Weather is common to sites within a city-date; additional stations are not independent weather replicates.
p80_p20_min2_sep7,San Diego,episode_vs_wind_only,1.5256144388844488,True,estimable,5051,1198,1284,193,47,17,15,15,656.9800145298527,3.9968028886505635e-15,delete_year_jackknife_diagnostic_t_df_5,0.6527368194973229,-0.1522989727663892,3.203527850535287,6,0,,5000,5000,0,Weather is common to sites within a city-date; additional stations are not independent weather replicates.
p80_p20_min2_sep7,San Diego,episode_vs_heat_only,1.804291958124331,True,estimable,5051,1198,1284,193,47,17,15,15,656.9800145298527,7.66053886991358e-15,delete_year_jackknife_diagnostic_t_df_5,0.4584553885818412,0.6257948637862616,2.982789052462401,6,0,,5000,5000,0,Weather is common to sites within a city-date; additional stations are not independent weather replicates.
p80_p20_min2_sep7,Seattle,episode_vs_reference,9.783767409456882,True,estimable,2447,587,1282,27,14,6,15,15,515.2348126204593,2.3973878437999474e-14,delete_year_jackknife_diagnostic_t_df_5,3.699598887085336,0.2736457111749928,19.29388910773877,6,0,,5000,5000,0,Weather is common to sites within a city-date; additional stations are not independent weather replicates.
p80_p20_min2_sep7,Seattle,heat_only_vs_reference,3.878246926247732,True,estimable,2447,587,1282,27,14,6,15,15,515.2348126204593,4.933553565678039e-15,delete_year_jackknife_diagnostic_t_df_5,0.744516455713559,1.9644064488581283,5.792087403637336,6,0,,5000,5000,0,Weather is common to sites within a city-date; additional stations are not independent weather replicates.
p80_p20_min2_sep7,Seattle,wind_only_vs_reference,3.970246458121054,True,estimable,2447,587,1282,27,14,6,15,15,515.2348126204593,1.0772632785815972e-15,delete_year_jackknife_diagnostic_t_df_5,0.1806096707928561,3.5059745190406835,4.434518397201424,6,0,,5000,5000,0,Weather is common to sites within a city-date; additional stations are not independent weather replicates.
p80_p20_min2_sep7,Seattle,other_compound_vs_reference,7.451968234981216,True,estimable,2447,587,1282,27,14,6,15,15,515.2348126204593,3.191891195797325e-15,delete_year_jackknife_diagnostic_t_df_5,1.378466967938944,3.908506086172701,10.995430383789731,6,0,,5000,5000,0,Weather is common to sites within a city-date; additional stations are not independent weather replicates.
p80_p20_min2_sep7,Seattle,episode_vs_wind_only,5.813520951335828,True,estimable,2447,587,1282,27,14,6,15,15,515.2348126204593,2.5014712523585558e-14,delete_year_jackknife_diagnostic_t_df_5,3.7815630144970314,-3.907296244044344,15.534338146716,6,0,,5000,5000,0,Weather is common to sites within a city-date; additional stations are not independent weather replicates.
p80_p20_min2_sep7,Seattle,episode_vs_heat_only,5.90552048320915,True,estimable,2447,587,1282,27,14,6,15,15,515.2348126204593,2.2648549702353193e-14,delete_year_jackknife_diagnostic_t_df_5,3.468310851885061,-3.0100563929869004,14.8210973594052,6,0,,5000,5000,0,Weather is common to sites within a city-date; additional stations are not independent weather replicates.
p80_p30_min3_sep7,Atlanta,episode_vs_reference,2.694290074149659,True,estimable,3701,868,1284,226,76,15,15,15,232.1528261073762,2.0174834025610267e-15,delete_year_jackknife_diagnostic_t_df_5,0.4735227487392434,1.4770610974799814,3.911519050819337,6,0,,5000,5000,0,Weather is common to sites within a city-date; additional stations are not independent weather replicates.
p80_p30_min3_sep7,Atlanta,heat_only_vs_reference,-0.0016385516179628,True,estimable,3701,868,1284,226,76,15,15,15,232.1528261073762,1.5265566588595902e-15,delete_year_jackknife_diagnostic_t_df_5,0.2368521403538942,-0.6104863613432664,0.6072092581073406,6,0,,5000,5000,0,Weather is common to sites within a city-date; additional stations are not independent weather replicates.
p80_p30_min3_sep7,Atlanta,wind_only_vs_reference,1.8710793657731584,True,estimable,3701,868,1284,226,76,15,15,15,232.1528261073762,3.353220479063168e-15,delete_year_jackknife_diagnostic_t_df_5,0.240079037708232,1.2539365523233317,2.4882221792229857,6,0,,5000,5000,0,Weather is common to sites within a city-date; additional stations are not independent weather replicates.
p80_p30_min3_sep7,Atlanta,other_compound_vs_reference,1.34885222705369,True,estimable,3701,868,1284,226,76,15,15,15,232.1528261073762,2.6575963651964685e-15,delete_year_jackknife_diagnostic_t_df_5,0.5269597719795444,-0.0057409909079808,2.703445445015361,6,0,,5000,5000,0,Weather is common to sites within a city-date; additional stations are not independent weather replicates.
p80_p30_min3_sep7,Atlanta,episode_vs_wind_only,0.8232107083765003,True,estimable,3701,868,1284,226,76,15,15,15,232.1528261073762,5.370920722058692e-15,delete_year_jackknife_diagnostic_t_df_5,0.347928081333138,-0.0711668976062585,1.7175883143592592,6,0,,5000,5000,0,Weather is common to sites within a city-date; additional stations are not independent weather replicates.
p80_p30_min3_sep7,Atlanta,episode_vs_heat_only,2.6959286257676216,True,estimable,3701,868,1284,226,76,15,15,15,232.1528261073762,2.220446049250313e-15,delete_year_jackknife_diagnostic_t_df_5,0.323293142441173,1.8648771462225584,3.526980105312685,6,0,,5000,5000,0,Weather is common to sites within a city-date; additional stations are not independent weather replicates.
p80_p30_min3_sep7,Chicago,episode_vs_reference,5.27827206769998,True,estimable,4644,1108,1284,69,20,6,15,15,152.55754686182493,3.6001370283653444e-15,delete_year_jackknife_diagnostic_t_df_5,1.055543909202717,2.5649100679869283,7.991634067413032,6,0,,5000,4929,71,Weather is common to sites within a city-date; additional stations are not independent weather replicates.
p80_p30_min3_sep7,Chicago,heat_only_vs_reference,0.5143474586511969,True,estimable,4644,1108,1284,69,20,6,15,15,152.55754686182493,1.8260310411439844e-15,delete_year_jackknife_diagnostic_t_df_5,0.4635214087709015,-0.6771722551638377,1.7058671724662315,6,0,,5000,5000,0,Weather is common to sites within a city-date; additional stations are not independent weather replicates.
p80_p30_min3_sep7,Chicago,wind_only_vs_reference,4.398349681482845,True,estimable,4644,1108,1284,69,20,6,15,15,152.55754686182493,2.2412627309620348e-15,delete_year_jackknife_diagnostic_t_df_5,0.397372139184693,3.376872078506728,5.419827284458962,6,0,,5000,5000,0,Weather is common to sites within a city-date; additional stations are not independent weather replicates.
p80_p30_min3_sep7,Chicago,other_compound_vs_reference,4.444823497197082,True,estimable,4644,1108,1284,69,20,6,15,15,152.55754686182493,1.4849232954361469e-15,delete_year_jackknife_diagnostic_t_df_5,0.3918528260090795,3.437533740415385,5.452113253978779,6,0,,5000,5000,0,Weather is common to sites within a city-date; additional stations are not independent weather replicates.
p80_p30_min3_sep7,Chicago,episode_vs_wind_only,0.8799223862171353,True,estimable,4644,1108,1284,69,20,6,15,15,152.55754686182493,4.246603069191224e-15,delete_year_jackknife_diagnostic_t_df_5,0.9775665970532196,-1.6329925512926753,3.392837323726946,6,0,,5000,4929,71,Weather is common to sites within a city-date; additional stations are not independent weather replicates.
p80_p30_min3_sep7,Chicago,episode_vs_heat_only,4.763924609048783,True,estimable,4644,1108,1284,69,20,6,15,15,152.55754686182493,2.886579864025407e-15,delete_year_jackknife_diagnostic_t_df_5,1.2093259693034188,1.6552532389941352,7.872595979103432,6,0,,5000,4929,71,Weather is common to sites within a city-date; additional stations are not independent weather replicates.
p80_p30_min3_sep7,Dallas,episode_vs_reference,2.1239320927706213,True,estimable,4519,1109,1284,118,35,8,15,15,169.45499062818286,2.869666310134633e-15,delete_year_jackknife_diagnostic_t_df_5,0.7428598172005227,0.2143501402508445,4.033514045290398,6,0,,5000,5000,0,Weather is common to sites within a city-date; additional stations are not independent weather replicates.
p80_p30_min3_sep7,Dallas,heat_only_vs_reference,-1.0669382952162407,True,estimable,4519,1109,1284,118,35,8,15,15,169.45499062818286,1.2455314557513475e-15,delete_year_jackknife_diagnostic_t_df_5,0.5616659649677817,-2.510746622457563,0.3768700320250813,6,0,,5000,5000,0,Weather is common to sites within a city-date; additional stations are not independent weather replicates.
p80_p30_min3_sep7,Dallas,wind_only_vs_reference,3.061525358105716,True,estimable,4519,1109,1284,118,35,8,15,15,169.45499062818286,2.633310236532793e-15,delete_year_jackknife_diagnostic_t_df_5,0.1824746361654647,2.5924593729144263,3.5305913432970044,6,0,,5000,5000,0,Weather is common to sites within a city-date; additional stations are not independent weather replicates.
p80_p30_min3_sep7,Dallas,other_compound_vs_reference,1.896131318829107,True,estimable,4519,1109,1284,118,35,8,15,15,169.45499062818286,1.4458920172266687e-15,delete_year_jackknife_diagnostic_t_df_5,0.5303009777713843,0.5329492579498094,3.2593133797084044,6,0,,5000,5000,0,Weather is common to sites within a city-date; additional stations are not independent weather replicates.
p80_p30_min3_sep7,Dallas,episode_vs_wind_only,-0.937593265335094,True,estimable,4519,1109,1284,118,35,8,15,15,169.45499062818286,5.3915205633359164e-15,delete_year_jackknife_diagnostic_t_df_5,0.7330804471726344,-2.8220365468972157,0.946850016227027,6,0,,5000,5000,0,Weather is common to sites within a city-date; additional stations are not independent weather replicates.
p80_p30_min3_sep7,Dallas,episode_vs_heat_only,3.190870387986862,True,estimable,4519,1109,1284,118,35,8,15,15,169.45499062818286,1.797173521111972e-15,delete_year_jackknife_diagnostic_t_df_5,0.43571230653957,2.070836247233042,4.310904528740682,6,0,,5000,5000,0,Weather is common to sites within a city-date; additional stations are not independent weather replicates.
p80_p30_min3_sep7,Denver,episode_vs_reference,,False,no_retained_episode_station_days_in_this_city_and_specification,6040,1461,1284,0,0,0,14,15,inf,1.0,unavailable_fewer_than_3_blocks_or_nonidentifiable_deletion,,,,6,6,2019;2020;2021;2022;2023;2024,5000,0,5000,Weather is common to sites within a city-date; additional stations are not independent weather replicates.
p80_p30_min3_sep7,Denver,heat_only_vs_reference,0.4408833240263248,True,estimable_but_ill_conditioned_no_sample_or_model_change,6040,1461,1284,0,0,0,14,15,inf,1.790234627208065e-15,delete_year_jackknife_diagnostic_t_df_5,0.4885255912250214,-0.8149116870202067,1.6966783350728565,6,0,,5000,5000,0,Weather is common to sites within a city-date; additional stations are not independent weather replicates.
p80_p30_min3_sep7,Denver,wind_only_vs_reference,1.2918987697167843,True,estimable_but_ill_conditioned_no_sample_or_model_change,6040,1461,1284,0,0,0,14,15,inf,2.3175905639050143e-15,delete_year_jackknife_diagnostic_t_df_5,0.2442762660601124,0.6639666373055957,1.919830902127973,6,0,,5000,5000,0,Weather is common to sites within a city-date; additional stations are not independent weather replicates.
p80_p30_min3_sep7,Denver,other_compound_vs_reference,1.0873531157759764,True,estimable_but_ill_conditioned_no_sample_or_model_change,6040,1461,1284,0,0,0,14,15,inf,1.887379141862766e-15,delete_year_jackknife_diagnostic_t_df_5,0.4382249200434536,-0.0391399036109019,2.2138461351628544,6,0,,5000,5000,0,Weather is common to sites within a city-date; additional stations are not independent weather replicates.
p80_p30_min3_sep7,Denver,episode_vs_wind_only,,False,no_retained_episode_station_days_in_this_city_and_specification,6040,1461,1284,0,0,0,14,15,inf,1.0,unavailable_fewer_than_3_blocks_or_nonidentifiable_deletion,,,,6,6,2019;2020;2021;2022;2023;2024,5000,0,5000,Weather is common to sites within a city-date; additional stations are not independent weather replicates.
p80_p30_min3_sep7,Denver,episode_vs_heat_only,,False,no_retained_episode_station_days_in_this_city_and_specification,6040,1461,1284,0,0,0,14,15,inf,1.0,unavailable_fewer_than_3_blocks_or_nonidentifiable_deletion,,,,6,6,2019;2020;2021;2022;2023;2024,5000,0,5000,Weather is common to sites within a city-date; additional stations are not independent weather replicates.
p80_p30_min3_sep7,Houston,episode_vs_reference,1.9296551822339232,True,estimable,10963,2687,1284,480,55,11,15,15,479.56632765998353,4.649058915617843e-15,delete_year_jackknife_diagnostic_t_df_5,0.702980727436875,0.1225856934822893,3.736724670985557,6,0,,5000,5000,0,Weather is common to sites within a city-date; additional stations are not independent weather replicates.
p80_p30_min3_sep7,Houston,heat_only_vs_reference,-1.2844981544478022,True,estimable,10963,2687,1284,480,55,11,15,15,479.56632765998353,1.5126788710517758e-15,delete_year_jackknife_diagnostic_t_df_5,0.6283382637106116,-2.899693081777561,0.3306967728819565,6,0,,5000,5000,0,Weather is common to sites within a city-date; additional stations are not independent weather replicates.
p80_p30_min3_sep7,Houston,wind_only_vs_reference,3.6453227834111592,True,estimable,10963,2687,1284,480,55,11,15,15,479.56632765998353,5.724587470723463e-16,delete_year_jackknife_diagnostic_t_df_5,0.2386591382730739,3.03182993765778,4.2588156291645385,6,0,,5000,5000,0,Weather is common to sites within a city-date; additional stations are not independent weather replicates.
p80_p30_min3_sep7,Houston,other_compound_vs_reference,1.5275523764995946,True,estimable,10963,2687,1284,480,55,11,15,15,479.56632765998353,4.53109771925142e-15,delete_year_jackknife_diagnostic_t_df_5,0.2653815352080466,0.8453674225805109,2.2097373304186783,6,0,,5000,5000,0,Weather is common to sites within a city-date; additional stations are not independent weather replicates.
p80_p30_min3_sep7,Houston,episode_vs_wind_only,-1.715667601177236,True,estimable,10963,2687,1284,480,55,11,15,15,479.56632765998353,4.676814491233472e-15,delete_year_jackknife_diagnostic_t_df_5,0.8582037225076709,-3.921750501530923,0.490415299176451,6,0,,5000,5000,0,Weather is common to sites within a city-date; additional stations are not independent weather replicates.
p80_p30_min3_sep7,Houston,episode_vs_heat_only,3.2141533366817256,True,estimable,10963,2687,1284,480,55,11,15,15,479.56632765998353,4.470382397592232e-15,delete_year_jackknife_diagnostic_t_df_5,0.8216148711658258,1.1021250729741832,5.326181600389268,6,0,,5000,5000,0,Weather is common to sites within a city-date; additional stations are not independent weather replicates.
p80_p30_min3_sep7,Los Angeles,episode_vs_reference,3.3255739614458086,True,estimable,9253,2148,1284,483,65,15,15,15,808.9202453787673,1.8023250208621673e-15,delete_year_jackknife_diagnostic_t_df_5,0.3429112344502231,2.4440925709324395,4.207055351959178,6,0,,5000,5000,0,Weather is common to sites within a city-date; additional stations are not independent weather replicates.
p80_p30_min3_sep7,Los Angeles,heat_only_vs_reference,0.9015071340594768,True,estimable,9253,2148,1284,483,65,15,15,15,808.9202453787673,6.494804694057166e-15,delete_year_jackknife_diagnostic_t_df_5,0.3464060837114451,0.0110419475169235,1.7919723206020302,6,0,,5000,5000,0,Weather is common to sites within a city-date; additional stations are not independent weather replicates.
p80_p30_min3_sep7,Los Angeles,wind_only_vs_reference,2.380095750359386,True,estimable,9253,2148,1284,483,65,15,15,15,808.9202453787673,1.6237011735142914e-15,delete_year_jackknife_diagnostic_t_df_5,0.4368874396184829,1.2570408338584569,3.503150666860315,6,0,,5000,5000,0,Weather is common to sites within a city-date; additional stations are not independent weather replicates.
p80_p30_min3_sep7,Los Angeles,other_compound_vs_reference,2.8753548535307654,True,estimable,9253,2148,1284,483,65,15,15,15,808.9202453787673,8.18789480661053e-15,delete_year_jackknife_diagnostic_t_df_5,0.6520181902330073,1.1992887372133336,4.551420969848197,6,0,,5000,5000,0,Weather is common to sites within a city-date; additional stations are not independent weather replicates.
p80_p30_min3_sep7,Los Angeles,episode_vs_wind_only,0.9454782110864226,True,estimable,9253,2148,1284,483,65,15,15,15,808.9202453787673,2.310651670001107e-15,delete_year_jackknife_diagnostic_t_df_5,0.6173692826619795,-0.6415200528042835,2.5324764749771287,6,0,,5000,5000,0,Weather is common to sites within a city-date; additional stations are not independent weather replicates.
p80_p30_min3_sep7,Los Angeles,episode_vs_heat_only,2.424066827386332,True,estimable,9253,2148,1284,483,65,15,15,15,808.9202453787673,7.813194535799539e-15,delete_year_jackknife_diagnostic_t_df_5,0.5654497101312498,0.9705320735571216,3.8776015812155418,6,0,,5000,5000,0,Weather is common to sites within a city-date; additional stations are not independent weather replicates.
p80_p30_min3_sep7,New York,episode_vs_reference,5.358978420436273,True,estimable,10742,2527,1284,241,30,8,15,15,218.4660689110932,3.1917173549432164e-15,delete_year_jackknife_diagnostic_t_df_5,0.8531974117656657,3.1657646515395355,7.55219218933301,6,0,,5000,4993,7,Weather is common to sites within a city-date; additional stations are not independent weather replicates.
p80_p30_min3_sep7,New York,heat_only_vs_reference,1.132905142436934,True,estimable,10742,2527,1284,241,30,8,15,15,218.4660689110932,1.3375647496546788e-15,delete_year_jackknife_diagnostic_t_df_5,0.1635071161124995,0.7125967197608648,1.553213565113003,6,0,,5000,5000,0,Weather is common to sites within a city-date; additional stations are not independent weather replicates.
p80_p30_min3_sep7,New York,wind_only_vs_reference,4.3431101229221625,True,estimable,10742,2527,1284,241,30,8,15,15,218.4660689110932,5.585741530202864e-16,delete_year_jackknife_diagnostic_t_df_5,0.2638343830134286,3.664902250331529,5.0213179955127965,6,0,,5000,5000,0,Weather is common to sites within a city-date; additional stations are not independent weather replicates.
p80_p30_min3_sep7,New York,other_compound_vs_reference,3.712748785124509,True,estimable,10742,2527,1284,241,30,8,15,15,218.4660689110932,1.8821749714348357e-15,delete_year_jackknife_diagnostic_t_df_5,0.512729638381825,2.3947352901078136,5.030762280141204,6,0,,5000,5000,0,Weather is common to sites within a city-date; additional stations are not independent weather replicates.
p80_p30_min3_sep7,New York,episode_vs_wind_only,1.0158682975141105,True,estimable,10742,2527,1284,241,30,8,15,15,218.4660689110932,3.4646260700170342e-15,delete_year_jackknife_diagnostic_t_df_5,0.7401289496691527,-0.8866937365339975,2.9184303315622184,6,0,,5000,4993,7,Weather is common to sites within a city-date; additional stations are not independent weather replicates.
p80_p30_min3_sep7,New York,episode_vs_heat_only,4.226073277999339,True,estimable,10742,2527,1284,241,30,8,15,15,218.4660689110932,2.1094237467877974e-15,delete_year_jackknife_diagnostic_t_df_5,0.8618027948710856,2.010738667603117,6.44140788839556,6,0,,5000,4993,7,Weather is common to sites within a city-date; additional stations are not independent weather replicates.
p80_p30_min3_sep7,Philadelphia,episode_vs_reference,1.6337019083907462,True,estimable,5975,1435,1284,84,18,5,15,15,166.9051189649232,8.219119829178112e-15,delete_year_jackknife_diagnostic_t_df_5,1.0010404369952357,-0.9395544556866448,4.206958272468137,6,0,,5000,4914,86,Weather is common to sites within a city-date; additional stations are not independent weather replicates.
p80_p30_min3_sep7,Philadelphia,heat_only_vs_reference,0.87348887506753,True,estimable,5975,1435,1284,84,18,5,15,15,166.9051189649232,1.4742810208448544e-15,delete_year_jackknife_diagnostic_t_df_5,0.2600286517723854,0.2050639460764356,1.5419138040586244,6,0,,5000,5000,0,Weather is common to sites within a city-date; additional stations are not independent weather replicates.
p80_p30_min3_sep7,Philadelphia,wind_only_vs_reference,1.968790296986456,True,estimable,5975,1435,1284,84,18,5,15,15,166.9051189649232,6.817463260588852e-16,delete_year_jackknife_diagnostic_t_df_5,0.1936789416986038,1.47092272751076,2.4666578664621515,6,0,,5000,5000,0,Weather is common to sites within a city-date; additional stations are not independent weather replicates.
p80_p30_min3_sep7,Philadelphia,other_compound_vs_reference,2.10782595841321,True,estimable,5975,1435,1284,84,18,5,15,15,166.9051189649232,1.7737551661495292e-15,delete_year_jackknife_diagnostic_t_df_5,0.2747984956441239,1.4014339370502409,2.8142179797761804,6,0,,5000,5000,0,Weather is common to sites within a city-date; additional stations are not independent weather replicates.
p80_p30_min3_sep7,Philadelphia,episode_vs_wind_only,-0.3350883885957094,True,estimable,5975,1435,1284,84,18,5,15,15,166.9051189649232,7.695233339433116e-15,delete_year_jackknife_diagnostic_t_df_5,0.9531112541689696,-2.7851388659030096,2.1149620887115903,6,0,,5000,4914,86,Weather is common to sites within a city-date; additional stations are not independent weather replicates.
p80_p30_min3_sep7,Philadelphia,episode_vs_heat_only,0.7602130333232162,True,estimable,5975,1435,1284,84,18,5,15,15,166.9051189649232,8.18789480661053e-15,delete_year_jackknife_diagnostic_t_df_5,1.0759236197151811,-2.005536680048702,3.525962746695135,6,0,,5000,4914,86,Weather is common to sites within a city-date; additional stations are not independent weather replicates.
p80_p30_min3_sep7,Phoenix,episode_vs_reference,,False,no_retained_episode_station_days_in_this_city_and_specification,5991,1414,1284,0,0,0,14,15,inf,1.0,unavailable_fewer_than_3_blocks_or_nonidentifiable_deletion,,,,6,6,2019;2020;2021;2022;2023;2024,5000,0,5000,Weather is common to sites within a city-date; additional stations are not independent weather replicates.
p80_p30_min3_sep7,Phoenix,heat_only_vs_reference,-0.0906888107529378,True,estimable_but_ill_conditioned_no_sample_or_model_change,5991,1414,1284,0,0,0,14,15,inf,1.465841337200402e-15,delete_year_jackknife_diagnostic_t_df_5,0.3870667612858564,-1.0856755964929377,0.904297974987062,6,0,,5000,5000,0,Weather is common to sites within a city-date; additional stations are not independent weather replicates.
p80_p30_min3_sep7,Phoenix,wind_only_vs_reference,3.1722478153979656,True,estimable_but_ill_conditioned_no_sample_or_model_change,5991,1414,1284,0,0,0,14,15,inf,1.3565537582138631e-15,delete_year_jackknife_diagnostic_t_df_5,0.158219116393533,2.7655326287463216,3.5789630020496097,6,0,,5000,5000,0,Weather is common to sites within a city-date; additional stations are not independent weather replicates.
p80_p30_min3_sep7,Phoenix,other_compound_vs_reference,2.4437816951404376,True,estimable_but_ill_conditioned_no_sample_or_model_change,5991,1414,1284,0,0,0,14,15,inf,2.192690473634684e-15,delete_year_jackknife_diagnostic_t_df_5,0.5361824146484134,1.0654809194576074,3.822082470823268,6,0,,5000,5000,0,Weather is common to sites within a city-date; additional stations are not independent weather replicates.
p80_p30_min3_sep7,Phoenix,episode_vs_wind_only,,False,no_retained_episode_station_days_in_this_city_and_specification,5991,1414,1284,0,0,0,14,15,inf,1.0,unavailable_fewer_than_3_blocks_or_nonidentifiable_deletion,,,,6,6,2019;2020;2021;2022;2023;2024,5000,0,5000,Weather is common to sites within a city-date; additional stations are not independent weather replicates.
p80_p30_min3_sep7,Phoenix,episode_vs_heat_only,,False,no_retained_episode_station_days_in_this_city_and_specification,5991,1414,1284,0,0,0,14,15,inf,1.0,unavailable_fewer_than_3_blocks_or_nonidentifiable_deletion,,,,6,6,2019;2020;2021;2022;2023;2024,5000,0,5000,Weather is common to sites within a city-date; additional stations are not independent weather replicates.
p80_p30_min3_sep7,San Diego,episode_vs_reference,2.944424923503126,True,estimable,5051,1198,1284,177,44,12,15,15,656.0418022528208,6.328271240363392e-15,delete_year_jackknife_diagnostic_t_df_5,0.7292774655839391,1.069757517334165,4.819092329672087,6,0,,5000,5000,0,Weather is common to sites within a city-date; additional stations are not independent weather replicates.
p80_p30_min3_sep7,San Diego,heat_only_vs_reference,0.7319556221263214,True,estimable,5051,1198,1284,177,44,12,15,15,656.0418022528208,1.0255685189974884e-14,delete_year_jackknife_diagnostic_t_df_5,0.2767939009209368,0.0204342482040434,1.4434769960485991,6,0,,5000,5000,0,Weather is common to sites within a city-date; additional stations are not independent weather replicates.
p80_p30_min3_sep7,San Diego,wind_only_vs_reference,1.1735699053384638,True,estimable,5051,1198,1284,177,44,12,15,15,656.0418022528208,1.5959455978986625e-15,delete_year_jackknife_diagnostic_t_df_5,0.149842512909553,0.7883874634470667,1.558752347229861,6,0,,5000,5000,0,Weather is common to sites within a city-date; additional stations are not independent weather replicates.
p80_p30_min3_sep7,San Diego,other_compound_vs_reference,1.6761279438898469,True,estimable,5051,1198,1284,177,44,12,15,15,656.0418022528208,3.0808688933348094e-15,delete_year_jackknife_diagnostic_t_df_5,0.4357750724345842,0.5559324582664054,2.796323429513288,6,0,,5000,5000,0,Weather is common to sites within a city-date; additional stations are not independent weather replicates.
p80_p30_min3_sep7,San Diego,episode_vs_wind_only,1.7708550181646625,True,estimable,5051,1198,1284,177,44,12,15,15,656.0418022528208,8.465450562766819e-15,delete_year_jackknife_diagnostic_t_df_5,0.8035993868431148,-0.2948629687827289,3.8365730051120535,6,0,,5000,5000,0,Weather is common to sites within a city-date; additional stations are not independent weather replicates.
p80_p30_min3_sep7,San Diego,episode_vs_heat_only,2.212469301376805,True,estimable,5051,1198,1284,177,44,12,15,15,656.0418022528208,1.5931700403370996e-14,delete_year_jackknife_diagnostic_t_df_5,0.631145297416678,0.590058664190213,3.8348799385633967,6,0,,5000,5000,0,Weather is common to sites within a city-date; additional stations are not independent weather replicates.
p80_p30_min3_sep7,Seattle,episode_vs_reference,4.653999924582645,True,estimable,2447,587,1282,44,23,6,15,15,515.2414962924169,1.7051790420096165e-14,delete_year_jackknife_diagnostic_t_df_5,4.165941558266185,-6.054893773418855,15.362893622584146,6,0,,5000,4991,9,Weather is common to sites within a city-date; additional stations are not independent weather replicates.
p80_p30_min3_sep7,Seattle,heat_only_vs_reference,3.7276816258005536,True,estimable,2447,587,1282,44,23,6,15,15,515.2414962924169,4.0197336965884926e-15,delete_year_jackknife_diagnostic_t_df_5,0.8172625706455232,1.6268413067537315,5.828521944847376,6,0,,5000,5000,0,Weather is common to sites within a city-date; additional stations are not independent weather replicates.
p80_p30_min3_sep7,Seattle,wind_only_vs_reference,3.720850803121561,True,estimable,2447,587,1282,44,23,6,15,15,515.2414962924169,9.992007221626409e-16,delete_year_jackknife_diagnostic_t_df_5,0.1643615935637045,3.298345876230463,4.143355730012658,6,0,,5000,5000,0,Weather is common to sites within a city-date; additional stations are not independent weather replicates.
p80_p30_min3_sep7,Seattle,other_compound_vs_reference,7.943789638975234,True,estimable,2447,587,1282,44,23,6,15,15,515.2414962924169,1.5126788710517758e-15,delete_year_jackknife_diagnostic_t_df_5,0.8724977759152203,5.7009627045744855,10.186616573375982,6,0,,5000,5000,0,Weather is common to sites within a city-date; additional stations are not independent weather replicates.
p80_p30_min3_sep7,Seattle,episode_vs_wind_only,0.933149121461084,True,estimable,2447,587,1282,44,23,6,15,15,515.2414962924169,1.7830806388894083e-14,delete_year_jackknife_diagnostic_t_df_5,4.128459176956458,-9.679393047989237,11.545691290911403,6,0,,5000,4991,9,Weather is common to sites within a city-date; additional stations are not independent weather replicates.
p80_p30_min3_sep7,Seattle,episode_vs_heat_only,0.9263182987820912,True,estimable,2447,587,1282,44,23,6,15,15,515.2414962924169,2.0953562185570447e-14,delete_year_jackknife_diagnostic_t_df_5,4.176170503491855,-9.808869740014234,11.661506337578416,6,0,,5000,4991,9,Weather is common to sites within a city-date; additional stations are not independent weather replicates.
p80_p30_min2_allruns,Atlanta,episode_vs_reference,2.382066935322092,True,estimable,3701,868,1284,303,104,29,15,15,231.78623494471367,3.589142871796014e-15,delete_year_jackknife_diagnostic_t_df_5,0.3546325821824132,1.4704548612391783,3.293679009405006,6,0,,5000,5000,0,Weather is common to sites within a city-date; additional stations are not independent weather replicates.
p80_p30_min2_allruns,Atlanta,heat_only_vs_reference,0.0049816139024219,True,estimable,3701,868,1284,303,104,29,15,15,231.78623494471367,1.85268467234323e-15,delete_year_jackknife_diagnostic_t_df_5,0.2586074929106373,-0.6597901099331092,0.6697533377379532,6,0,,5000,5000,0,Weather is common to sites within a city-date; additional stations are not independent weather replicates.
p80_p30_min2_allruns,Atlanta,wind_only_vs_reference,1.859445216625652,True,estimable,3701,868,1284,303,104,29,15,15,231.78623494471367,1.1223660889569942e-15,delete_year_jackknife_diagnostic_t_df_5,0.2379766103904339,1.2477068646497025,2.4711835686016013,6,0,,5000,5000,0,Weather is common to sites within a city-date; additional stations are not independent weather replicates.
p80_p30_min2_allruns,Atlanta,other_compound_vs_reference,1.229266353315598,True,estimable,3701,868,1284,303,104,29,15,15,231.78623494471367,1.304512053934559e-15,delete_year_jackknife_diagnostic_t_df_5,0.7500339269586029,-0.6987572354351612,3.157289942066357,6,0,,5000,5000,0,Weather is common to sites within a city-date; additional stations are not independent weather replicates.
p80_p30_min2_allruns,Atlanta,episode_vs_wind_only,0.5226217186964404,True,estimable,3701,868,1284,303,104,29,15,15,231.78623494471367,2.2863655413374318e-15,delete_year_jackknife_diagnostic_t_df_5,0.2108919997223654,-0.0194934250708908,1.0647368624637714,6,0,,5000,5000,0,Weather is common to sites within a city-date; additional stations are not independent weather replicates.
p80_p30_min2_allruns,Atlanta,episode_vs_heat_only,2.37708532141967,True,estimable,3701,868,1284,303,104,29,15,15,231.78623494471367,2.6645352591003757e-15,delete_year_jackknife_diagnostic_t_df_5,0.2193762049817886,1.813160833722656,2.9410098091166845,6,0,,5000,5000,0,Weather is common to sites within a city-date; additional stations are not independent weather replicates.
p80_p30_min2_allruns,Chicago,episode_vs_reference,4.499362543033339,True,estimable,4644,1108,1284,160,48,20,15,15,152.7528075593555,1.908195823574488e-15,delete_year_jackknife_diagnostic_t_df_5,0.4008570243264682,3.468926757612495,5.529798328454183,6,0,,5000,5000,0,Weather is common to sites within a city-date; additional stations are not independent weather replicates.
p80_p30_min2_allruns,Chicago,heat_only_vs_reference,0.4883342129088013,True,estimable,4644,1108,1284,160,48,20,15,15,152.7528075593555,8.604228440844963e-16,delete_year_jackknife_diagnostic_t_df_5,0.4528510503498492,-0.6757564713693471,1.6524248971869495,6,0,,5000,5000,0,Weather is common to sites within a city-date; additional stations are not independent weather replicates.
p80_p30_min2_allruns,Chicago,wind_only_vs_reference,4.395551494065163,True,estimable,4644,1108,1284,160,48,20,15,15,152.7528075593555,1.7416623698807143e-15,delete_year_jackknife_diagnostic_t_df_5,0.3968626967178121,3.375383454640712,5.415719533489614,6,0,,5000,5000,0,Weather is common to sites within a city-date; additional stations are not independent weather replicates.
p80_p30_min2_allruns,Chicago,other_compound_vs_reference,4.702608829470033,True,estimable,4644,1108,1284,160,48,20,15,15,152.7528075593555,2.7860918111043137e-15,delete_year_jackknife_diagnostic_t_df_5,0.5372032595108149,3.321683888526911,6.083533770413155,6,0,,5000,5000,0,Weather is common to sites within a city-date; additional stations are not independent weather replicates.
p80_p30_min2_allruns,Chicago,episode_vs_wind_only,0.1038110489681756,True,estimable,4644,1108,1284,160,48,20,15,15,152.7528075593555,1.9984014443252818e-15,delete_year_jackknife_diagnostic_t_df_5,0.6030022634770946,-1.4462556163736269,1.653877714309978,6,0,,5000,5000,0,Weather is common to sites within a city-date; additional stations are not independent weather replicates.
p80_p30_min2_allruns,Chicago,episode_vs_heat_only,4.011028330124537,True,estimable,4644,1108,1284,160,48,20,15,15,152.7528075593555,1.5543122344752192e-15,delete_year_jackknife_diagnostic_t_df_5,0.8347827783234815,1.8651508834641797,6.156905776784894,6,0,,5000,5000,0,Weather is common to sites within a city-date; additional stations are not independent weather replicates.
p80_p30_min2_allruns,Dallas,episode_vs_reference,2.4460694791232123,True,estimable,4519,1109,1284,189,55,18,15,15,169.52109786275997,4.9682480351975755e-15,delete_year_jackknife_diagnostic_t_df_5,0.5318602253695679,1.0788792446907645,3.81325971355566,6,0,,5000,5000,0,Weather is common to sites within a city-date; additional stations are not independent weather replicates.
p80_p30_min2_allruns,Dallas,heat_only_vs_reference,-1.08087011380616,True,estimable,4519,1109,1284,189,55,18,15,15,169.52109786275997,2.0625862129364236e-15,delete_year_jackknife_diagnostic_t_df_5,0.5656966135738337,-2.5350395531400327,0.3732993255277124,6,0,,5000,5000,0,Weather is common to sites within a city-date; additional stations are not independent weather replicates.
p80_p30_min2_allruns,Dallas,wind_only_vs_reference,3.067646694087444,True,estimable,4519,1109,1284,189,55,18,15,15,169.52109786275997,1.3478801408339791e-15,delete_year_jackknife_diagnostic_t_df_5,0.1839443325548432,2.5948027340537183,3.5404906541211694,6,0,,5000,5000,0,Weather is common to sites within a city-date; additional stations are not independent weather replicates.
p80_p30_min2_allruns,Dallas,other_compound_vs_reference,1.0675953222961994,True,estimable,4519,1109,1284,189,55,18,15,15,169.52109786275997,5.3670187751489815e-15,delete_year_jackknife_diagnostic_t_df_5,0.6005470964636108,-0.4761601353172882,2.611350779909687,6,0,,5000,5000,0,Weather is common to sites within a city-date; additional stations are not independent weather replicates.
p80_p30_min2_allruns,Dallas,episode_vs_wind_only,-0.6215772149642316,True,estimable,4519,1109,1284,189,55,18,15,15,169.52109786275997,4.225786387479502e-15,delete_year_jackknife_diagnostic_t_df_5,0.5184909354627514,-1.9544005956068609,0.7112461656783977,6,0,,5000,5000,0,Weather is common to sites within a city-date; additional stations are not independent weather replicates.
p80_p30_min2_allruns,Dallas,episode_vs_heat_only,3.5269395929293723,True,estimable,4519,1109,1284,189,55,18,15,15,169.52109786275997,3.3306690738754696e-15,delete_year_jackknife_diagnostic_t_df_5,0.1744043144488837,3.078619030150468,3.975260155708277,6,0,,5000,5000,0,Weather is common to sites within a city-date; additional stations are not independent weather replicates.
p80_p30_min2_allruns,Denver,episode_vs_reference,1.5699914297162878,True,estimable,6040,1461,1284,37,8,4,15,15,222.62629838889688,1.5414752807529908e-14,delete_year_jackknife_diagnostic_t_df_5,1.4716281687674515,-2.2129492097280563,5.352932069160632,6,0,,5000,4990,10,Weather is common to sites within a city-date; additional stations are not independent weather replicates.
p80_p30_min2_allruns,Denver,heat_only_vs_reference,0.4470757102567877,True,estimable,6040,1461,1284,37,8,4,15,15,222.62629838889688,2.827216852349356e-15,delete_year_jackknife_diagnostic_t_df_5,0.4835795205305291,-0.7960050213047087,1.6901564418182842,6,0,,5000,5000,0,Weather is common to sites within a city-date; additional stations are not independent weather replicates.
p80_p30_min2_allruns,Denver,wind_only_vs_reference,1.2942301041248,True,estimable,6040,1461,1284,37,8,4,15,15,222.62629838889688,1.0824674490095276e-15,delete_year_jackknife_diagnostic_t_df_5,0.2449007311919781,0.6646927329886492,1.9237674752609504,6,0,,5000,5000,0,Weather is common to sites within a city-date; additional stations are not independent weather replicates.
p80_p30_min2_allruns,Denver,other_compound_vs_reference,0.9721395038651346,True,estimable,6040,1461,1284,37,8,4,15,15,222.62629838889688,2.4980018054066022e-15,delete_year_jackknife_diagnostic_t_df_5,0.4652608687310759,-0.2238516341273408,2.1681306418576103,6,0,,5000,5000,0,Weather is common to sites within a city-date; additional stations are not independent weather replicates.
p80_p30_min2_allruns,Denver,episode_vs_wind_only,0.2757613255914879,True,estimable,6040,1461,1284,37,8,4,15,15,222.62629838889688,1.5720064139301826e-14,delete_year_jackknife_diagnostic_t_df_5,1.552619508218129,-3.715374179888623,4.266896831071598,6,0,,5000,4990,10,Weather is common to sites within a city-date; additional stations are not independent weather replicates.
p80_p30_min2_allruns,Denver,episode_vs_heat_only,1.1229157194595,True,estimable,6040,1461,1284,37,8,4,15,15,222.62629838889688,1.554312234475219e-14,delete_year_jackknife_diagnostic_t_df_5,1.6395361026014037,-3.0916460047576253,5.337477443676625,6,0,,5000,4990,10,Weather is common to sites within a city-date; additional stations are not independent weather replicates.
p80_p30_min2_allruns,Houston,episode_vs_reference,1.9183108793443615,True,estimable,10963,2687,1284,737,87,26,15,15,478.06725427310255,3.747002708109903e-15,delete_year_jackknife_diagnostic_t_df_5,0.2908617773051303,1.170626877922899,2.665994880765824,6,0,,5000,5000,0,Weather is common to sites within a city-date; additional stations are not independent weather replicates.
p80_p30_min2_allruns,Houston,heat_only_vs_reference,-1.2750420577504291,True,estimable,10963,2687,1284,737,87,26,15,15,478.06725427310255,1.4432899320127035e-15,delete_year_jackknife_diagnostic_t_df_5,0.6273504892520714,-2.8876978299993588,0.3376137144985005,6,0,,5000,5000,0,Weather is common to sites within a city-date; additional stations are not independent weather replicates.
p80_p30_min2_allruns,Houston,wind_only_vs_reference,3.64998788733018,True,estimable,10963,2687,1284,737,87,26,15,15,478.06725427310255,1.457167719820518e-15,delete_year_jackknife_diagnostic_t_df_5,0.2354338111436093,3.044786008909788,4.255189765750573,6,0,,5000,5000,0,Weather is common to sites within a city-date; additional stations are not independent weather replicates.
p80_p30_min2_allruns,Houston,other_compound_vs_reference,1.1536133165014202,True,estimable,10963,2687,1284,737,87,26,15,15,478.06725427310255,1.259409243559162e-15,delete_year_jackknife_diagnostic_t_df_5,0.4253642468355381,0.0601797100568641,2.247046922945976,6,0,,5000,5000,0,Weather is common to sites within a city-date; additional stations are not independent weather replicates.
p80_p30_min2_allruns,Houston,episode_vs_wind_only,-1.7316770079858186,True,estimable,10963,2687,1284,737,87,26,15,15,478.06725427310255,4.000272335602517e-15,delete_year_jackknife_diagnostic_t_df_5,0.4390984163554131,-2.860415421125716,-0.602938594845922,6,0,,5000,5000,0,Weather is common to sites within a city-date; additional stations are not independent weather replicates.
p80_p30_min2_allruns,Houston,episode_vs_heat_only,3.193352937094791,True,estimable,10963,2687,1284,737,87,26,15,15,478.06725427310255,4.9960036108132044e-15,delete_year_jackknife_diagnostic_t_df_5,0.66046334861655,1.4955778500375527,4.89112802415203,6,0,,5000,5000,0,Weather is common to sites within a city-date; additional stations are not independent weather replicates.
p80_p30_min2_allruns,Los Angeles,episode_vs_reference,3.0524053104550983,True,estimable,9253,2148,1284,637,87,26,15,15,810.9184317305562,2.3245294578089215e-15,delete_year_jackknife_diagnostic_t_df_5,0.3406591538586626,2.176713077402784,3.928097543507413,6,0,,5000,5000,0,Weather is common to sites within a city-date; additional stations are not independent weather replicates.
p80_p30_min2_allruns,Los Angeles,heat_only_vs_reference,0.883496125953176,True,estimable,9253,2148,1284,637,87,26,15,15,810.9184317305562,8.534839501805891e-16,delete_year_jackknife_diagnostic_t_df_5,0.3514437440785427,-0.0199187788231436,1.7869110307294955,6,0,,5000,5000,0,Weather is common to sites within a city-date; additional stations are not independent weather replicates.
p80_p30_min2_allruns,Los Angeles,wind_only_vs_reference,2.3686010104160182,True,estimable,9253,2148,1284,637,87,26,15,15,810.9184317305562,2.1510571102112408e-15,delete_year_jackknife_diagnostic_t_df_5,0.4487696172766814,1.2150019838591202,3.522200036972916,6,0,,5000,5000,0,Weather is common to sites within a city-date; additional stations are not independent weather replicates.
p80_p30_min2_allruns,Los Angeles,other_compound_vs_reference,3.151750892222565,True,estimable,9253,2148,1284,637,87,26,15,15,810.9184317305562,1.6375789613221059e-15,delete_year_jackknife_diagnostic_t_df_5,0.9116505237244996,0.8082786154880335,5.495223168957097,6,0,,5000,5000,0,Weather is common to sites within a city-date; additional stations are not independent weather replicates.
p80_p30_min2_allruns,Los Angeles,episode_vs_wind_only,0.6838043000390801,True,estimable,9253,2148,1284,637,87,26,15,15,810.9184317305562,1.7763568394002505e-15,delete_year_jackknife_diagnostic_t_df_5,0.5020054109682892,-0.6066416907871472,1.9742502908653077,6,0,,5000,5000,0,Weather is common to sites within a city-date; additional stations are not independent weather replicates.
p80_p30_min2_allruns,Los Angeles,episode_vs_heat_only,2.1689091845019224,True,estimable,9253,2148,1284,637,87,26,15,15,810.9184317305562,1.9186041644303486e-15,delete_year_jackknife_diagnostic_t_df_5,0.4876454074607349,0.915376757851888,3.4224416111519567,6,0,,5000,5000,0,Weather is common to sites within a city-date; additional stations are not independent weather replicates.
p80_p30_min2_allruns,New York,episode_vs_reference,4.608869814858846,True,estimable,10742,2527,1284,530,64,25,15,15,218.6361501365924,3.0878077872387166e-15,delete_year_jackknife_diagnostic_t_df_5,0.5683539818026904,3.147869393025277,6.069870236692414,6,0,,5000,5000,0,Weather is common to sites within a city-date; additional stations are not independent weather replicates.
p80_p30_min2_allruns,New York,heat_only_vs_reference,1.1693213888464564,True,estimable,10742,2527,1284,530,64,25,15,15,218.6361501365924,1.9012569296705806e-15,delete_year_jackknife_diagnostic_t_df_5,0.1849630556474921,0.6938587177352245,1.6447840599576884,6,0,,5000,5000,0,Weather is common to sites within a city-date; additional stations are not independent weather replicates.
p80_p30_min2_allruns,New York,wind_only_vs_reference,4.334757974202387,True,estimable,10742,2527,1284,530,64,25,15,15,218.6361501365924,1.1102230246251565e-15,delete_year_jackknife_diagnostic_t_df_5,0.2612368793565686,3.663227197330076,5.006288751074697,6,0,,5000,5000,0,Weather is common to sites within a city-date; additional stations are not independent weather replicates.
p80_p30_min2_allruns,New York,other_compound_vs_reference,3.558761922573994,True,estimable,10742,2527,1284,530,64,25,15,15,218.6361501365924,1.7763568394002505e-15,delete_year_jackknife_diagnostic_t_df_5,0.4841372465449409,2.3142475106505893,4.803276334497399,6,0,,5000,5000,0,Weather is common to sites within a city-date; additional stations are not independent weather replicates.
p80_p30_min2_allruns,New York,episode_vs_wind_only,0.2741118406564586,True,estimable,10742,2527,1284,530,64,25,15,15,218.6361501365924,3.0010716134398763e-15,delete_year_jackknife_diagnostic_t_df_5,0.6504722501380903,-1.3979803101339974,1.9462039914469147,6,0,,5000,5000,0,Weather is common to sites within a city-date; additional stations are not independent weather replicates.
p80_p30_min2_allruns,New York,episode_vs_heat_only,3.439548426012389,True,estimable,10742,2527,1284,530,64,25,15,15,218.6361501365924,2.914335439641036e-15,delete_year_jackknife_diagnostic_t_df_5,0.664902544478122,1.730362022708562,5.148734829316217,6,0,,5000,5000,0,Weather is common to sites within a city-date; additional stations are not independent weather replicates.
p80_p30_min2_allruns,Philadelphia,episode_vs_reference,2.0284839017430847,True,estimable,5975,1435,1284,178,40,16,15,15,166.9170106326451,5.056718932472393e-15,delete_year_jackknife_diagnostic_t_df_5,0.5967436413390304,0.4945055367855016,3.562462266700668,6,0,,5000,5000,0,Weather is common to sites within a city-date; additional stations are not independent weather replicates.
p80_p30_min2_allruns,Philadelphia,heat_only_vs_reference,0.8817945191004979,True,estimable,5975,1435,1284,178,40,16,15,15,166.9170106326451,1.7208456881689926e-15,delete_year_jackknife_diagnostic_t_df_5,0.2642027858336245,0.2026396369120712,1.560949401288925,6,0,,5000,5000,0,Weather is common to sites within a city-date; additional stations are not independent weather replicates.
p80_p30_min2_allruns,Philadelphia,wind_only_vs_reference,1.9765930376515624,True,estimable,5975,1435,1284,178,40,16,15,15,166.9170106326451,1.2490009027033011e-15,delete_year_jackknife_diagnostic_t_df_5,0.1874990431300414,1.494611403182288,2.458574672120837,6,0,,5000,5000,0,Weather is common to sites within a city-date; additional stations are not independent weather replicates.
p80_p30_min2_allruns,Philadelphia,other_compound_vs_reference,1.9595602363654463,True,estimable,5975,1435,1284,178,40,16,15,15,166.9170106326451,6.036837696399289e-15,delete_year_jackknife_diagnostic_t_df_5,0.2634215024355054,1.282413707088709,2.636706765642184,6,0,,5000,5000,0,Weather is common to sites within a city-date; additional stations are not independent weather replicates.
p80_p30_min2_allruns,Philadelphia,episode_vs_wind_only,0.0518908640915223,True,estimable,5975,1435,1284,178,40,16,15,15,166.9170106326451,3.805983306293115e-15,delete_year_jackknife_diagnostic_t_df_5,0.596129153044426,-1.48050790841774,1.5842896366007846,6,0,,5000,5000,0,Weather is common to sites within a city-date; additional stations are not independent weather replicates.
p80_p30_min2_allruns,Philadelphia,episode_vs_heat_only,1.1466893826425868,True,estimable,5975,1435,1284,178,40,16,15,15,166.9170106326451,3.3029134982598407e-15,delete_year_jackknife_diagnostic_t_df_5,0.716788575889073,-0.6958743105294862,2.98925307581466,6,0,,5000,5000,0,Weather is common to sites within a city-date; additional stations are not independent weather replicates.
p80_p30_min2_allruns,Phoenix,episode_vs_reference,3.226334421512022,True,estimable,5991,1414,1284,72,16,8,15,15,414.2205410963679,1.4873519083025144e-14,delete_year_jackknife_diagnostic_t_df_5,0.7205966427929387,1.3739817807279842,5.07868706229606,6,0,,5000,4996,4,Weather is common to sites within a city-date; additional stations are not independent weather replicates.
p80_p30_min2_allruns,Phoenix,heat_only_vs_reference,-0.0990975857087662,True,estimable,5991,1414,1284,72,16,8,15,15,414.2205410963679,9.992007221626409e-16,delete_year_jackknife_diagnostic_t_df_5,0.3886376852900053,-1.0981225601589966,0.899927388741464,6,0,,5000,5000,0,Weather is common to sites within a city-date; additional stations are not independent weather replicates.
p80_p30_min2_allruns,Phoenix,wind_only_vs_reference,3.181136519823289,True,estimable,5991,1414,1284,72,16,8,15,15,414.2205410963679,9.079972080963403e-16,delete_year_jackknife_diagnostic_t_df_5,0.1564317008337136,2.7790160311424503,3.5832570085041278,6,0,,5000,5000,0,Weather is common to sites within a city-date; additional stations are not independent weather replicates.
p80_p30_min2_allruns,Phoenix,other_compound_vs_reference,2.1059647954763023,True,estimable,5991,1414,1284,72,16,8,15,15,414.2205410963679,1.4851943459792682e-15,delete_year_jackknife_diagnostic_t_df_5,0.7183159734620685,0.2594748018472919,3.952454789105313,6,0,,5000,5000,0,Weather is common to sites within a city-date; additional stations are not independent weather replicates.
p80_p30_min2_allruns,Phoenix,episode_vs_wind_only,0.0451979016887333,True,estimable,5991,1414,1284,72,16,8,15,15,414.2205410963679,1.455216155910044e-14,delete_year_jackknife_diagnostic_t_df_5,0.6425911863523402,-1.6066353296885825,1.6970311330660492,6,0,,5000,4996,4,Weather is common to sites within a city-date; additional stations are not independent weather replicates.
p80_p30_min2_allruns,Phoenix,episode_vs_heat_only,3.325432007220789,True,estimable,5991,1414,1284,72,16,8,15,15,414.2205410963679,1.3766765505351941e-14,delete_year_jackknife_diagnostic_t_df_5,0.7678616390371781,1.3515808256298902,5.299283188811687,6,0,,5000,4996,4,Weather is common to sites within a city-date; additional stations are not independent weather replicates.
p80_p30_min2_allruns,San Diego,episode_vs_reference,2.195361259711259,True,estimable,5051,1198,1284,317,78,29,15,15,656.0379388179396,3.941291737419306e-15,delete_year_jackknife_diagnostic_t_df_5,0.4469809309008478,1.0463601978617287,3.344362321560789,6,0,,5000,5000,0,Weather is common to sites within a city-date; additional stations are not independent weather replicates.
p80_p30_min2_allruns,San Diego,heat_only_vs_reference,0.7048114811237033,True,estimable,5051,1198,1284,317,78,29,15,15,656.0379388179396,1.942890293094024e-15,delete_year_jackknife_diagnostic_t_df_5,0.2765553563460315,-0.0060966944473336,1.41571965669474,6,0,,5000,5000,0,Weather is common to sites within a city-date; additional stations are not independent weather replicates.
p80_p30_min2_allruns,San Diego,wind_only_vs_reference,1.1656017360333173,True,estimable,5051,1198,1284,317,78,29,15,15,656.0379388179396,7.077671781985373e-16,delete_year_jackknife_diagnostic_t_df_5,0.1512633773629526,0.7767668457871101,1.5544366262795246,6,0,,5000,5000,0,Weather is common to sites within a city-date; additional stations are not independent weather replicates.
p80_p30_min2_allruns,San Diego,other_compound_vs_reference,2.1079611067997712,True,estimable,5051,1198,1284,317,78,29,15,15,656.0379388179396,1.7867651802561113e-15,delete_year_jackknife_diagnostic_t_df_5,0.4476259881399334,0.957301872528502,3.2586203410710404,6,0,,5000,5000,0,Weather is common to sites within a city-date; additional stations are not independent weather replicates.
p80_p30_min2_allruns,San Diego,episode_vs_wind_only,1.0297595236779415,True,estimable,5051,1198,1284,317,78,29,15,15,656.0379388179396,3.282096816548119e-15,delete_year_jackknife_diagnostic_t_df_5,0.5356317958112636,-0.3471258412237521,2.406644888579635,6,0,,5000,5000,0,Weather is common to sites within a city-date; additional stations are not independent weather replicates.
p80_p30_min2_allruns,San Diego,episode_vs_heat_only,1.4905497785875554,True,estimable,5051,1198,1284,317,78,29,15,15,656.0379388179396,5.051514762044462e-15,delete_year_jackknife_diagnostic_t_df_5,0.2723557137323232,0.7904371280354813,2.1906624291396297,6,0,,5000,5000,0,Weather is common to sites within a city-date; additional stations are not independent weather replicates.
p80_p30_min2_allruns,Seattle,episode_vs_reference,5.521043452123221,True,estimable,2447,587,1282,87,45,17,15,15,515.5741831097345,3.3861802251067274e-15,delete_year_jackknife_diagnostic_t_df_5,2.4478828991254358,-0.7714398641333835,11.813526768379829,6,0,,5000,5000,0,Weather is common to sites within a city-date; additional stations are not independent weather replicates.
p80_p30_min2_allruns,Seattle,heat_only_vs_reference,3.700777894688792,True,estimable,2447,587,1282,87,45,17,15,15,515.5741831097345,1.7069679003611782e-15,delete_year_jackknife_diagnostic_t_df_5,0.7857160226743528,1.6810305588336891,5.720525230543894,6,0,,5000,5000,0,Weather is common to sites within a city-date; additional stations are not independent weather replicates.
p80_p30_min2_allruns,Seattle,wind_only_vs_reference,3.727474915085672,True,estimable,2447,587,1282,87,45,17,15,15,515.5741831097345,6.106226635438361e-16,delete_year_jackknife_diagnostic_t_df_5,0.1636352264632904,3.306837174268903,4.148112655902441,6,0,,5000,5000,0,Weather is common to sites within a city-date; additional stations are not independent weather replicates.
p80_p30_min2_allruns,Seattle,other_compound_vs_reference,8.49490527329285,True,estimable,2447,587,1282,87,45,17,15,15,515.5741831097345,3.941291737419306e-15,delete_year_jackknife_diagnostic_t_df_5,0.8517468867656641,6.305420197613254,10.684390348972448,6,0,,5000,5000,0,Weather is common to sites within a city-date; additional stations are not independent weather replicates.
p80_p30_min2_allruns,Seattle,episode_vs_wind_only,1.7935685370375491,True,estimable,2447,587,1282,87,45,17,15,15,515.5741831097345,2.9004576518332215e-15,delete_year_jackknife_diagnostic_t_df_5,2.4086463920280154,-4.398054126780613,7.985191200855711,6,0,,5000,5000,0,Weather is common to sites within a city-date; additional stations are not independent weather replicates.
p80_p30_min2_allruns,Seattle,episode_vs_heat_only,1.8202655574344295,True,estimable,2447,587,1282,87,45,17,15,15,515.5741831097345,1.970645868709653e-15,delete_year_jackknife_diagnostic_t_df_5,2.5294250948878867,-4.681828646087034,8.322359760955893,6,0,,5000,5000,0,Weather is common to sites within a city-date; additional stations are not independent weather replicates.
