period,classification,city,regime,variable,n,mean,median,q25,q75,minimum,maximum,sd
2019_2024,regime,Atlanta,episode,no2_ppb,99,13.326610936026936,13.051389,10.824770666666666,15.858854333333333,6.722222333333334,23.939285666666667,3.6319372547863664
2019_2024,regime,Atlanta,episode,n_available_sites,99,2.919191919191919,3.0,3.0,3.0,1.0,3.0,0.3403709763870699
2019_2024,regime,Atlanta,episode,temperature_2m_max,99,32.990909090909085,32.7,32.2,33.55,31.5,36.5,1.0981515925511536
2019_2024,regime,Atlanta,episode,wind_speed_10m_mean,99,5.112079124579125,5.283333333333333,4.454166666666667,5.61875,3.1625,6.754166666666666,0.8285715343949831
2019_2024,regime,Atlanta,episode,relative_humidity_2m_mean,99,69.74368686868686,69.33333333333333,64.375,75.6875,50.458333333333336,87.29166666666667,8.22858995145322
2019_2024,regime,Atlanta,episode,precipitation_sum,99,1.9535353535353537,0.3,0.0,2.25,0.0,24.9,3.7978327098629188
2019_2024,regime,Atlanta,episode,shortwave_radiation_sum,99,22.173672727272724,22.3092,20.7162,23.9346,15.9336,27.4032,2.3651841382264505
2019_2024,regime,Atlanta,episode,wind_direction_10m_dominant,99,202.29844619387612,204.2426345385925,127.02144734362184,287.136399035452,9.994275522695014,358.2512291480831,100.12275453454134
2019_2024,regime,Atlanta,episode,pure_wind_run_days,99,0.0,0.0,0.0,0.0,0.0,0.0,0.0
2019_2024,regime,Atlanta,episode,low_wind_run_days,99,6.565656565656566,5.0,4.0,8.5,2.0,15.0,3.920541445742933
2019_2024,regime,Atlanta,heat_only,no2_ppb,136,11.79544081495098,11.4699065,8.967383666666667,14.101215125000001,4.708333,25.05625,3.710707475289523
2019_2024,regime,Atlanta,heat_only,n_available_sites,136,2.764705882352941,3.0,3.0,3.0,1.0,3.0,0.5197619699887854
2019_2024,regime,Atlanta,heat_only,temperature_2m_max,136,32.96544117647059,32.75,32.0,33.8,31.5,36.1,1.1592065406654537
2019_2024,regime,Atlanta,heat_only,wind_speed_10m_mean,136,9.089460784313724,8.797916666666666,7.807291666666665,9.914583333333333,6.779166666666666,16.658333333333335,1.7905674880648694
2019_2024,regime,Atlanta,heat_only,relative_humidity_2m_mean,136,66.11305147058823,67.41666666666667,58.91666666666666,71.83333333333334,47.54166666666666,82.75,8.490040322227648
2019_2024,regime,Atlanta,heat_only,precipitation_sum,136,1.2808823529411764,0.05,0.0,1.525,0.0,22.3,2.8004104118763617
2019_2024,regime,Atlanta,heat_only,shortwave_radiation_sum,136,23.341526470588235,23.355,21.6711,25.3998,15.696,29.7756,2.9439547767066867
2019_2024,regime,Atlanta,heat_only,wind_direction_10m_dominant,136,243.51177694998853,258.5899397266005,219.3572706567504,305.4825863420852,0.6692595708394488,351.83377621608537,83.78869139207522
2019_2024,regime,Atlanta,heat_only,pure_wind_run_days,136,0.0,0.0,0.0,0.0,0.0,0.0,0.0
2019_2024,regime,Atlanta,heat_only,low_wind_run_days,136,0.0,0.0,0.0,0.0,0.0,0.0,0.0
2019_2024,regime,Atlanta,neither,no2_ppb,780,11.691522989102566,11.385069333333334,8.980312625,14.19445325,2.2491630000000002,23.159722333333335,3.751935063427714
2019_2024,regime,Atlanta,neither,n_available_sites,780,2.887179487179487,3.0,3.0,3.0,1.0,3.0,0.3206055624356691
2019_2024,regime,Atlanta,neither,temperature_2m_max,780,25.35730769230769,26.1,22.8,28.525,10.5,31.4,4.200028783163467
2019_2024,regime,Atlanta,neither,wind_speed_10m_mean,780,11.078413461538462,10.206249999999999,8.375,12.942708333333334,6.775,28.070833333333336,3.5023691522354663
2019_2024,regime,Atlanta,neither,relative_humidity_2m_mean,780,70.51971153846154,71.14583333333334,61.96875,80.20833333333333,35.041666666666664,96.75,11.811504138585107
2019_2024,regime,Atlanta,neither,precipitation_sum,780,3.972692307692308,0.2,0.0,3.525,0.0,99.1,9.069729049976747
2019_2024,regime,Atlanta,neither,shortwave_radiation_sum,780,18.54576,19.2366,13.7655,23.5809,1.4076,30.7584,6.5934399735740765
2019_2024,regime,Atlanta,neither,wind_direction_10m_dominant,780,191.2138340143336,189.5679850812463,100.30742989002225,282.67774647338047,1.255932633251943,359.39171834079883,95.79614325156108
2019_2024,regime,Atlanta,neither,pure_wind_run_days,780,0.0,0.0,0.0,0.0,0.0,0.0,0.0
2019_2024,regime,Atlanta,neither,low_wind_run_days,780,0.0,0.0,0.0,0.0,0.0,0.0,0.0
2019_2024,regime,Atlanta,other_compound,no2_ppb,34,12.855309416666666,12.145833333333332,9.965679083333333,15.180555666666667,7.260605999999999,22.727778,3.6727739747849415
2019_2024,regime,Atlanta,other_compound,n_available_sites,34,2.911764705882353,3.0,3.0,3.0,1.0,3.0,0.3788057036804224
2019_2024,regime,Atlanta,other_compound,temperature_2m_max,34,32.491176470588236,32.3,32.0,32.975,31.5,34.4,0.7890798811422892
2019_2024,regime,Atlanta,other_compound,wind_speed_10m_mean,34,5.557598039215685,5.739583333333334,5.019791666666666,6.203125,3.5083333333333333,6.65,0.8154556255875827
2019_2024,regime,Atlanta,other_compound,relative_humidity_2m_mean,34,68.1654411764706,69.72916666666666,65.29166666666666,73.98958333333333,47.04166666666666,81.625,8.566906447424678
2019_2024,regime,Atlanta,other_compound,precipitation_sum,34,1.735294117647059,0.1,0.0,1.4,0.0,13.6,3.462603885582236
2019_2024,regime,Atlanta,other_compound,shortwave_radiation_sum,34,23.18643529411765,23.2524,21.6297,25.119,17.647199999999998,30.1248,3.1692764437483825
2019_2024,regime,Atlanta,other_compound,wind_direction_10m_dominant,34,201.70872293685977,226.20383669301012,125.06776764145175,267.13046217230533,10.171408149707496,343.88856060812327,92.67275453201623
2019_2024,regime,Atlanta,other_compound,pure_wind_run_days,34,0.0,0.0,0.0,0.0,0.0,0.0,0.0
2019_2024,regime,Atlanta,other_compound,low_wind_run_days,34,2.764705882352941,1.0,1.0,3.0,1.0,9.0,2.652144055795541
2019_2024,regime,Atlanta,wind_only,no2_ppb,235,12.584550393617022,12.143275000000001,10.130510666666668,14.852083333333333,5.640942,23.737499999999997,3.3623932483458376
2019_2024,regime,Atlanta,wind_only,n_available_sites,235,2.927659574468085,3.0,3.0,3.0,2.0,3.0,0.2596036818872005
2019_2024,regime,Atlanta,wind_only,temperature_2m_max,235,27.81531914893617,28.5,26.5,29.95,17.1,31.4,2.937325991255525
2019_2024,regime,Atlanta,wind_only,wind_speed_10m_mean,235,5.677375886524823,5.904166666666666,5.145833333333334,6.410416666666666,3.1916666666666664,6.770833333333333,0.8842131124287765
2019_2024,regime,Atlanta,wind_only,relative_humidity_2m_mean,235,74.4,75.625,69.33333333333334,81.35416666666667,50.833333333333336,90.625,9.025857126395081
2019_2024,regime,Atlanta,wind_only,precipitation_sum,235,3.0119148936170212,0.3,0.0,3.9,0.0,30.2,5.534432482080602
2019_2024,regime,Atlanta,wind_only,shortwave_radiation_sum,235,19.595642553191492,19.8432,16.704,22.870800000000003,3.546,31.0356,4.835462112447634
2019_2024,regime,Atlanta,wind_only,wind_direction_10m_dominant,235,188.4894947242805,181.6612540262915,106.25677885480735,273.9596696195467,3.646529794573036,358.15904092563494,96.88835944419887
2019_2024,regime,Atlanta,wind_only,pure_wind_run_days,235,2.3617021276595747,2.0,1.0,3.0,1.0,6.0,1.5334661580554807
2019_2024,regime,Atlanta,wind_only,low_wind_run_days,235,3.1829787234042555,2.0,1.0,4.0,1.0,15.0,2.6755716019163582
2019_2024,regime,Chicago,episode,no2_ppb,33,17.117043376262625,16.45,14.034722333333335,19.15277766666667,8.840962333333335,27.978125000000002,4.906767515903455
2019_2024,regime,Chicago,episode,n_available_sites,33,3.3333333333333335,3.0,3.0,4.0,1.0,4.0,0.7772815877574012
2019_2024,regime,Chicago,episode,temperature_2m_max,33,28.384848484848487,28.2,27.2,29.2,26.9,31.4,1.231137992905652
2019_2024,regime,Chicago,episode,wind_speed_10m_mean,33,8.308585858585857,8.3375,7.216666666666666,9.616666666666667,5.7375,10.2875,1.4575704624436567
2019_2024,regime,Chicago,episode,relative_humidity_2m_mean,33,73.71338383838383,76.25,68.16666666666667,80.83333333333333,54.708333333333336,85.58333333333333,8.367772311208679
2019_2024,regime,Chicago,episode,precipitation_sum,33,1.4242424242424243,0.0,0.0,1.0,0.0,12.3,2.9174079144668714
2019_2024,regime,Chicago,episode,shortwave_radiation_sum,33,23.277054545454547,23.3208,21.2544,26.4132,14.7132,28.6848,3.517404511593999
2019_2024,regime,Chicago,episode,wind_direction_10m_dominant,33,168.04544676763774,166.49549870974357,106.76954299803076,226.77484015699144,1.0844747343101533,316.40419432821426,77.7304794142078
2019_2024,regime,Chicago,episode,pure_wind_run_days,33,0.0,0.0,0.0,0.0,0.0,0.0,0.0
2019_2024,regime,Chicago,episode,low_wind_run_days,33,4.696969696969697,5.0,4.0,6.0,2.0,7.0,1.570924259887481
2019_2024,regime,Chicago,heat_only,no2_ppb,158,12.330566334915613,11.437500125,9.668750187499999,14.726562687500001,5.535417000000001,26.3,3.9836627438536123
2019_2024,regime,Chicago,heat_only,n_available_sites,158,3.5316455696202533,4.0,3.0,4.0,1.0,4.0,0.5718545768099293
2019_2024,regime,Chicago,heat_only,temperature_2m_max,158,29.13544303797468,28.8,27.7,30.075000000000003,26.9,35.1,1.7263442449722113
2019_2024,regime,Chicago,heat_only,wind_speed_10m_mean,158,15.49889240506329,15.139583333333334,12.545833333333334,18.109374999999996,10.75,27.070833333333336,3.6440135560824873
2019_2024,regime,Chicago,heat_only,relative_humidity_2m_mean,158,69.52215189873418,69.35416666666666,63.625,76.52083333333334,38.25,87.95833333333333,8.921420978489646
2019_2024,regime,Chicago,heat_only,precipitation_sum,158,2.4202531645569625,0.4,0.0,2.95,0.0,42.4,5.0765447837942785
2019_2024,regime,Chicago,heat_only,shortwave_radiation_sum,158,22.7001417721519,22.634999999999998,19.3752,26.2791,12.8376,30.7944,4.246376698028105
2019_2024,regime,Chicago,heat_only,wind_direction_10m_dominant,158,212.88927004078914,213.87176681853407,190.01849415787777,236.18202560875773,1.8784775963948108,343.88593598046924,49.38826631113188
2019_2024,regime,Chicago,heat_only,pure_wind_run_days,158,0.0,0.0,0.0,0.0,0.0,0.0,0.0
2019_2024,regime,Chicago,heat_only,low_wind_run_days,158,0.0,0.0,0.0,0.0,0.0,0.0,0.0
2019_2024,regime,Chicago,neither,no2_ppb,738,11.913474755758807,11.282676041666665,8.4082961875,14.94375,2.2652776666666665,27.83541675,4.7448308225398375
2019_2024,regime,Chicago,neither,n_available_sites,738,3.6991869918699187,4.0,3.0,4.0,1.0,4.0,0.4931271357796363
2019_2024,regime,Chicago,neither,temperature_2m_max,738,17.896883468834687,19.1,13.3,23.0,1.4,26.8,6.131904115032647
2019_2024,regime,Chicago,neither,wind_speed_10m_mean,738,16.644777551942184,15.599999999999998,13.078125,19.164583333333333,10.741666666666667,32.666666666666664,4.561236017903271
2019_2024,regime,Chicago,neither,relative_humidity_2m_mean,738,70.56769421860885,70.83333333333333,61.46874999999999,80.05208333333333,40.583333333333336,95.45833333333331,11.655523551068125
2019_2024,regime,Chicago,neither,precipitation_sum,738,3.9750677506775065,0.3999999999999999,0.0,4.5,0.0,79.9,8.037996709878795
2019_2024,regime,Chicago,neither,shortwave_radiation_sum,738,17.71495609756098,17.9136,11.5623,24.0066,1.5552,31.6584,7.510664599877669
2019_2024,regime,Chicago,neither,wind_direction_10m_dominant,738,164.71203080352248,175.5660202692369,45.244653970987585,255.29616918254442,0.231032703333652,359.3957435523071,110.31102734884374
2019_2024,regime,Chicago,neither,pure_wind_run_days,738,0.0,0.0,0.0,0.0,0.0,0.0,0.0
2019_2024,regime,Chicago,neither,low_wind_run_days,738,0.0,0.0,0.0,0.0,0.0,0.0,0.0
2019_2024,regime,Chicago,other_compound,no2_ppb,65,15.945780720512822,14.88229175,12.9385415,19.097916750000003,7.332971000000001,29.04479175,4.40688724709934
2019_2024,regime,Chicago,other_compound,n_available_sites,65,3.646153846153846,4.0,3.0,4.0,1.0,4.0,0.5709304147280458
2019_2024,regime,Chicago,other_compound,temperature_2m_max,65,28.321538461538463,28.1,27.4,28.9,26.9,33.3,1.2632414045438212
2019_2024,regime,Chicago,other_compound,wind_speed_10m_mean,65,8.382243589743592,8.5625,7.120833333333334,9.820833333333333,4.3,10.729166666666666,1.6943346797522674
2019_2024,regime,Chicago,other_compound,relative_humidity_2m_mean,65,71.12948717948719,72.125,66.54166666666667,76.33333333333333,49.333333333333336,85.58333333333333,7.883655554786567
2019_2024,regime,Chicago,other_compound,precipitation_sum,65,1.9461538461538461,0.0,0.0,1.0,0.0,43.2,6.159674223403503
2019_2024,regime,Chicago,other_compound,shortwave_radiation_sum,65,24.183581538461535,24.3288,22.536,27.1944,8.0136,29.7432,3.8379299019333124
2019_2024,regime,Chicago,other_compound,wind_direction_10m_dominant,65,188.6438110199798,205.1199943256928,149.290612095644,227.46056446947088,26.314143982729806,353.3643259349513,71.6043367977692
2019_2024,regime,Chicago,other_compound,pure_wind_run_days,65,0.0,0.0,0.0,0.0,0.0,0.0,0.0
2019_2024,regime,Chicago,other_compound,low_wind_run_days,65,3.1076923076923078,2.0,1.0,4.0,1.0,8.0,2.229931872018998
2019_2024,regime,Chicago,wind_only,no2_ppb,290,16.234420178448275,15.49593675,12.68515625,19.493749875,4.98541675,35.95104175,5.392061768550796
2019_2024,regime,Chicago,wind_only,n_available_sites,290,3.5448275862068965,4.0,3.0,4.0,1.0,4.0,0.6652970858084055
2019_2024,regime,Chicago,wind_only,temperature_2m_max,290,21.114827586206893,22.9,18.575,25.275,3.9,26.8,5.378563835459084
2019_2024,regime,Chicago,wind_only,wind_speed_10m_mean,290,8.601968390804597,8.908333333333333,7.625,9.672916666666667,4.529166666666667,10.729166666666666,1.4001920978416584
2019_2024,regime,Chicago,wind_only,relative_humidity_2m_mean,290,72.03433908045976,71.91666666666667,64.5,80.23958333333333,41.625,92.58333333333331,10.259589043118865
2019_2024,regime,Chicago,wind_only,precipitation_sum,290,1.430344827586207,0.0,0.0,0.875,0.0,24.0,3.689484245572754
2019_2024,regime,Chicago,wind_only,shortwave_radiation_sum,290,20.973016551724136,21.934800000000003,16.6689,25.7031,2.8908,30.906,5.965393525184514
2019_2024,regime,Chicago,wind_only,wind_direction_10m_dominant,290,131.6100122072791,112.81141891320738,55.38261915042682,195.9127667034087,1.7429254513724182,359.7148266054155,90.87110057164698
2019_2024,regime,Chicago,wind_only,pure_wind_run_days,290,2.013793103448276,2.0,1.0,3.0,1.0,5.0,1.0619965977604142
2019_2024,regime,Chicago,wind_only,low_wind_run_days,290,2.6655172413793102,2.0,1.0,3.0,1.0,8.0,1.8116836998829098
2019_2024,regime,Dallas,episode,no2_ppb,46,7.985052088768115,7.731763333333333,6.521058125000001,9.097524354166666,4.016545666666667,14.887500000000001,2.5186199088507983
2019_2024,regime,Dallas,episode,n_available_sites,46,3.4130434782608696,3.5,3.0,4.0,2.0,4.0,0.652383219231074
2019_2024,regime,Dallas,episode,temperature_2m_max,46,36.91304347826087,36.4,35.6,37.075,35.1,42.6,1.8847468083010426
2019_2024,regime,Dallas,episode,wind_speed_10m_mean,46,7.3151268115942,7.339583333333334,6.628125000000001,8.270833333333332,5.0,9.133333333333333,1.1307044533042017
2019_2024,regime,Dallas,episode,relative_humidity_2m_mean,46,55.10416666666665,56.85416666666667,52.05208333333333,60.520833333333336,35.625,68.29166666666667,7.70037752601844
2019_2024,regime,Dallas,episode,precipitation_sum,46,0.4130434782608695,0.0,0.0,0.0,0.0,12.8,1.9377660328501052
2019_2024,regime,Dallas,episode,shortwave_radiation_sum,46,24.283565217391306,24.228,22.437,25.9245,19.3752,28.026,2.232562722893172
2019_2024,regime,Dallas,episode,wind_direction_10m_dominant,46,132.4231875207145,139.94495511655722,96.86280477510302,165.85520638981194,38.36777894740407,204.290487651471,43.054966375914915
2019_2024,regime,Dallas,episode,pure_wind_run_days,46,0.0,0.0,0.0,0.0,0.0,0.0,0.0
2019_2024,regime,Dallas,episode,low_wind_run_days,46,5.760869565217392,4.0,3.0,9.0,2.0,11.0,3.10687254402734
2019_2024,regime,Dallas,heat_only,no2_ppb,218,3.8596088883792055,3.492708125,2.4592018749999998,4.840081625,0.60664775,12.29895825,1.9832413078909095
2019_2024,regime,Dallas,heat_only,n_available_sites,218,3.256880733944954,4.0,3.0,4.0,1.0,4.0,0.9248606294284236
2019_2024,regime,Dallas,heat_only,temperature_2m_max,218,37.60871559633027,37.3,36.2,38.675000000000004,35.1,42.9,1.8109414517822722
2019_2024,regime,Dallas,heat_only,wind_speed_10m_mean,218,14.200688073394495,13.752083333333335,11.614583333333332,16.257291666666667,9.245833333333334,27.1125,3.333490708351088
2019_2024,regime,Dallas,heat_only,relative_humidity_2m_mean,218,53.48470948012231,54.85416666666666,45.583333333333336,60.04166666666666,34.0,72.83333333333333,8.563549412354734
2019_2024,regime,Dallas,heat_only,precipitation_sum,218,0.28394495412844034,0.0,0.0,0.0,0.0,18.4,1.5005280289350087
2019_2024,regime,Dallas,heat_only,shortwave_radiation_sum,218,25.382559633027526,25.7364,23.8149,27.3528,15.6456,29.3364,2.579109661583547
2019_2024,regime,Dallas,heat_only,wind_direction_10m_dominant,218,166.71512657772575,175.56419838190652,163.78507807205074,182.71292785301767,9.021469577603652,349.7774043039244,38.64028291216854
2019_2024,regime,Dallas,heat_only,pure_wind_run_days,218,0.0,0.0,0.0,0.0,0.0,0.0,0.0
2019_2024,regime,Dallas,heat_only,low_wind_run_days,218,0.0,0.0,0.0,0.0,0.0,0.0,0.0
2019_2024,regime,Dallas,neither,no2_ppb,686,5.507256203474246,4.9528986249999996,3.456167854166667,7.063778416666667,0.12916650000000002,22.16911075,3.096999391405075
2019_2024,regime,Dallas,neither,n_available_sites,686,3.6486880466472305,4.0,3.0,4.0,1.0,4.0,0.5996760916960083
2019_2024,regime,Dallas,neither,temperature_2m_max,686,28.43032069970845,29.5,25.2,32.8,5.3,35.0,5.335490499954409
2019_2024,regime,Dallas,neither,wind_speed_10m_mean,686,15.250983965014576,14.16875,11.484375,18.175,9.2,35.516666666666666,4.737749970249823
2019_2024,regime,Dallas,neither,relative_humidity_2m_mean,686,66.99757045675412,68.22916666666666,58.41666666666666,76.10416666666667,28.625,94.66666666666669,12.957169805184991
2019_2024,regime,Dallas,neither,precipitation_sum,686,4.371137026239067,0.1,0.0,2.975,0.0,91.3,10.325569460842605
2019_2024,regime,Dallas,neither,shortwave_radiation_sum,686,18.719569679300292,19.269,14.6709,23.796,1.5732,30.5676,6.350817183076548
2019_2024,regime,Dallas,neither,wind_direction_10m_dominant,686,158.6306770959727,163.08086885298417,120.32906164257258,180.32580708106585,0.5013497592401707,358.56904341628643,80.86440399491109
2019_2024,regime,Dallas,neither,pure_wind_run_days,686,0.0,0.0,0.0,0.0,0.0,0.0,0.0
2019_2024,regime,Dallas,neither,low_wind_run_days,686,0.0,0.0,0.0,0.0,0.0,0.0,0.0
2019_2024,regime,Dallas,other_compound,no2_ppb,39,6.534560130341881,6.2791665,4.777439458333333,8.00536675,2.593961,12.971558,2.590250055411285
2019_2024,regime,Dallas,other_compound,n_available_sites,39,3.4615384615384617,4.0,3.0,4.0,1.0,4.0,0.7198740330653559
2019_2024,regime,Dallas,other_compound,temperature_2m_max,39,36.47179487179486,36.2,35.4,36.6,35.1,41.5,1.5991689812209726
2019_2024,regime,Dallas,other_compound,wind_speed_10m_mean,39,7.7131410256410255,8.112499999999999,6.947916666666666,8.572916666666668,4.75,9.104166666666666,1.2350093587840947
2019_2024,regime,Dallas,other_compound,relative_humidity_2m_mean,39,57.125,58.208333333333336,49.833333333333336,63.333333333333336,37.375,79.25,10.178487519623655
2019_2024,regime,Dallas,other_compound,precipitation_sum,39,0.6282051282051282,0.0,0.0,0.3,0.0,9.3,1.7438536753482616
2019_2024,regime,Dallas,other_compound,shortwave_radiation_sum,39,24.44778461538462,24.2604,22.8384,26.4186,19.1952,29.2464,2.3867715571610275
2019_2024,regime,Dallas,other_compound,wind_direction_10m_dominant,39,144.21763546414152,145.95660174689905,106.77615526251158,166.3134255236137,6.600856170316927,336.5079350914337,63.63840045128297
2019_2024,regime,Dallas,other_compound,pure_wind_run_days,39,0.0,0.0,0.0,0.0,0.0,0.0,0.0
2019_2024,regime,Dallas,other_compound,low_wind_run_days,39,2.358974358974359,1.0,1.0,3.0,1.0,8.0,1.953231862798565
2019_2024,regime,Dallas,wind_only,no2_ppb,295,8.734645571751413,7.893750000000001,5.909384999999999,10.46498625,1.1422222499999999,23.42313075,3.8960724536970415
2019_2024,regime,Dallas,wind_only,n_available_sites,295,3.545762711864407,4.0,3.0,4.0,2.0,4.0,0.6148176085654546
2019_2024,regime,Dallas,wind_only,temperature_2m_max,295,30.03389830508474,30.9,28.15,32.9,15.4,35.0,3.9313501069088663
2019_2024,regime,Dallas,wind_only,wind_speed_10m_mean,295,7.37367231638418,7.454166666666667,6.387499999999999,8.364583333333332,4.316666666666666,9.179166666666667,1.200555742976423
2019_2024,regime,Dallas,wind_only,relative_humidity_2m_mean,295,66.89265536723164,67.66666666666667,58.5625,75.6875,37.583333333333336,95.45833333333331,12.007575387927943
2019_2024,regime,Dallas,wind_only,precipitation_sum,295,3.2159322033898308,0.0,0.0,1.05,0.0,83.0,9.329387246220719
2019_2024,regime,Dallas,wind_only,shortwave_radiation_sum,295,20.485098305084744,21.024,17.378999999999998,24.2352,2.6064,30.33,5.311192015118612
2019_2024,regime,Dallas,wind_only,wind_direction_10m_dominant,295,121.61907137014185,106.49605642888638,68.68599354160175,158.22755660767,1.7714764559631966,357.304433565903,73.97718983608624
2019_2024,regime,Dallas,wind_only,pure_wind_run_days,295,3.671186440677966,3.0,1.0,5.0,1.0,12.0,2.964130853525587
2019_2024,regime,Dallas,wind_only,low_wind_run_days,295,4.057627118644068,3.0,2.0,6.0,1.0,12.0,3.1287673014260684
2019_2024,regime,Denver,episode,no2_ppb,8,15.600926443749998,14.7242835,13.338812912500002,19.181261449999997,9.4681818,21.1762112,4.058680987047347
2019_2024,regime,Denver,episode,n_available_sites,8,4.625,5.0,4.0,5.0,4.0,5.0,0.5175491695067657
2019_2024,regime,Denver,episode,temperature_2m_max,8,34.599999999999994,34.15,33.775,35.525,33.0,36.9,1.3437686875776964
2019_2024,regime,Denver,episode,wind_speed_10m_mean,8,6.64375,6.71875,6.591666666666667,6.777083333333334,6.1125,6.866666666666667,0.23945001466654697
2019_2024,regime,Denver,episode,relative_humidity_2m_mean,8,41.28125,41.75,34.541666666666664,44.833333333333336,27.791666666666668,56.54166666666666,9.267405064363167
2019_2024,regime,Denver,episode,precipitation_sum,8,0.0,0.0,0.0,0.0,0.0,0.0,0.0
2019_2024,regime,Denver,episode,shortwave_radiation_sum,8,26.62335,26.2134,25.749899999999997,27.156599999999997,24.0768,29.8692,1.8450763259473655
2019_2024,regime,Denver,episode,wind_direction_10m_dominant,8,203.5360144312218,221.37259404169595,159.78306201027098,242.30877246450385,103.9661649912552,277.23448251272737,58.08936368942372
2019_2024,regime,Denver,episode,pure_wind_run_days,8,0.0,0.0,0.0,0.0,0.0,0.0,0.0
2019_2024,regime,Denver,episode,low_wind_run_days,8,2.25,2.0,2.0,2.25,2.0,3.0,0.4629100498862757
2019_2024,regime,Denver,heat_only,no2_ppb,223,15.225056863079224,15.2137946,12.8425,17.437276400000002,7.1721738,27.1843062,3.4860079265395636
2019_2024,regime,Denver,heat_only,n_available_sites,223,4.650224215246637,5.0,4.0,5.0,3.0,5.0,0.5643998997150583
2019_2024,regime,Denver,heat_only,temperature_2m_max,223,34.38206278026906,34.2,33.2,35.5,32.2,38.0,1.4154047126335945
2019_2024,regime,Denver,heat_only,wind_speed_10m_mean,223,8.96223841554559,8.579166666666667,7.74375,9.702083333333334,7.070833333333333,17.775000000000002,1.5791572852523736
2019_2024,regime,Denver,heat_only,relative_humidity_2m_mean,223,37.55624065769805,37.875,32.125,43.25,19.166666666666668,57.708333333333336,7.295531321133424
2019_2024,regime,Denver,heat_only,precipitation_sum,223,0.30493273542600896,0.0,0.0,0.3,0.0,5.7,0.687155561518181
2019_2024,regime,Denver,heat_only,shortwave_radiation_sum,223,26.354712107623318,26.3808,24.247799999999998,28.8612,16.8228,31.9104,2.9139840221953004
2019_2024,regime,Denver,heat_only,wind_direction_10m_dominant,223,224.73780667755372,232.92625734799597,201.8775137673039,260.1397780045878,9.977946400911712,353.09995287125,63.7164081672052
2019_2024,regime,Denver,heat_only,pure_wind_run_days,223,0.0,0.0,0.0,0.0,0.0,0.0,0.0
2019_2024,regime,Denver,heat_only,low_wind_run_days,223,0.0,0.0,0.0,0.0,0.0,0.0,0.0
2019_2024,regime,Denver,neither,no2_ppb,676,14.36059389366371,13.392174,10.415730625,16.98223615,3.5826089999999997,54.323715500000006,5.5658488051352375
2019_2024,regime,Denver,neither,n_available_sites,676,4.71301775147929,5.0,5.0,5.0,2.0,5.0,0.5420474815705824
2019_2024,regime,Denver,neither,temperature_2m_max,676,23.108136094674553,24.9,19.2,29.0,-6.3,32.1,7.541932678081267
2019_2024,regime,Denver,neither,wind_speed_10m_mean,676,9.336489151873767,8.627083333333335,7.7625,10.129166666666666,7.070833333333333,22.704166666666666,2.1965285591678905
2019_2024,regime,Denver,neither,relative_humidity_2m_mean,676,50.163399901380664,47.60416666666667,37.833333333333336,59.17708333333333,21.58333333333333,96.83333333333331,15.884719963040082
2019_2024,regime,Denver,neither,precipitation_sum,676,1.782544378698225,0.1,0.0,1.4,0.0,39.2,4.081530944373626
2019_2024,regime,Denver,neither,shortwave_radiation_sum,676,21.874084615384614,22.6458,18.0702,26.3349,4.7916,32.5188,5.7374866002457905
2019_2024,regime,Denver,neither,wind_direction_10m_dominant,676,178.44954801306517,202.61270776970247,86.47261849286538,248.92910314804791,0.2824470047790842,359.62828845668906,95.84508735064668
2019_2024,regime,Denver,neither,pure_wind_run_days,676,0.0,0.0,0.0,0.0,0.0,0.0,0.0
2019_2024,regime,Denver,neither,low_wind_run_days,676,0.0,0.0,0.0,0.0,0.0,0.0,0.0
2019_2024,regime,Denver,other_compound,no2_ppb,33,15.954436792929293,15.945579799999999,14.106434799999999,18.227826,7.3619565,27.3401524,3.724077577215477
2019_2024,regime,Denver,other_compound,n_available_sites,33,4.666666666666667,5.0,4.0,5.0,3.0,5.0,0.5951190357119042
2019_2024,regime,Denver,other_compound,temperature_2m_max,33,34.09090909090909,33.7,33.3,35.0,32.2,37.4,1.3274420035268102
2019_2024,regime,Denver,other_compound,wind_speed_10m_mean,33,6.515277777777778,6.525,6.2125,6.908333333333334,5.591666666666666,7.05,0.4072432658084064
2019_2024,regime,Denver,other_compound,relative_humidity_2m_mean,33,40.97727272727273,42.208333333333336,35.333333333333336,48.125,23.33333333333333,54.833333333333336,8.112872164659137
2019_2024,regime,Denver,other_compound,precipitation_sum,33,0.2363636363636364,0.0,0.0,0.1,0.0,3.1,0.597818002101278
2019_2024,regime,Denver,other_compound,shortwave_radiation_sum,33,26.589272727272725,25.4052,24.7248,28.8072,23.3136,32.0364,2.342872415336664
2019_2024,regime,Denver,other_compound,wind_direction_10m_dominant,33,224.4347634305935,221.16465355232387,199.1433950406584,239.88863397948973,124.00334272716762,316.0115329644215,41.04530718547357
2019_2024,regime,Denver,other_compound,pure_wind_run_days,33,0.0,0.0,0.0,0.0,0.0,0.0,0.0
2019_2024,regime,Denver,other_compound,low_wind_run_days,33,1.4242424242424243,1.0,1.0,2.0,1.0,4.0,0.7512615652314042
2019_2024,regime,Denver,wind_only,no2_ppb,344,15.634040874951552,14.989331775,12.49764515,17.9505124,6.413912999999999,39.8614626,4.598194839146817
2019_2024,regime,Denver,wind_only,n_available_sites,344,4.752906976744186,5.0,5.0,5.0,2.0,5.0,0.47070783812516437
2019_2024,regime,Denver,wind_only,temperature_2m_max,344,22.81831395348837,24.1,19.3,28.3,-9.1,32.1,6.976790891457788
2019_2024,regime,Denver,wind_only,wind_speed_10m_mean,344,6.229808624031008,6.375,5.848958333333334,6.8125,3.329166666666667,7.066666666666666,0.7011309510924234
2019_2024,regime,Denver,wind_only,relative_humidity_2m_mean,344,56.53718507751938,55.375,44.90624999999999,66.5,23.291666666666668,94.70833333333331,14.51472913359025
2019_2024,regime,Denver,wind_only,precipitation_sum,344,1.8017441860465115,0.1,0.0,1.6,0.0,27.9,3.8716578565615962
2019_2024,regime,Denver,wind_only,shortwave_radiation_sum,344,22.116076744186046,23.0112,18.016199999999998,26.4843,6.5304,31.4964,5.545912677747027
2019_2024,regime,Denver,wind_only,wind_direction_10m_dominant,344,193.14320321352153,212.833279373862,119.98734773375757,255.2820436719224,1.8042287084544204,357.5274118727665,89.25635023752601
2019_2024,regime,Denver,wind_only,pure_wind_run_days,344,2.3430232558139537,2.0,1.0,3.0,1.0,7.0,1.4523764137684836
2019_2024,regime,Denver,wind_only,low_wind_run_days,344,2.38953488372093,2.0,1.0,3.0,1.0,7.0,1.4466230159869145
2019_2024,regime,Houston,episode,no2_ppb,76,8.68375508181391,8.010737928571428,6.0349994,10.270044678571429,3.202878777777778,18.051190428571427,3.4214635369733912
2019_2024,regime,Houston,episode,n_available_sites,76,8.552631578947368,9.0,8.0,10.0,1.0,10.0,1.7079792101943572
2019_2024,regime,Houston,episode,temperature_2m_max,76,34.66578947368422,34.6,33.9,35.1,33.5,37.2,0.9317442612761575
2019_2024,regime,Houston,episode,wind_speed_10m_mean,76,6.57938596491228,6.65,6.011458333333334,7.316666666666666,4.308333333333333,8.179166666666667,0.9392020092770349
2019_2024,regime,Houston,episode,relative_humidity_2m_mean,76,73.77412280701755,75.39583333333333,71.23958333333333,78.03125,47.375,83.45833333333333,6.39822842652954
2019_2024,regime,Houston,episode,precipitation_sum,76,1.3460526315789474,0.1,0.0,1.3499999999999999,0.0,24.1,3.3043987164373765
2019_2024,regime,Houston,episode,shortwave_radiation_sum,76,23.293326315789475,23.607,21.78,24.805799999999998,18.6264,29.0196,2.386256469667831
2019_2024,regime,Houston,episode,wind_direction_10m_dominant,76,173.31262233468024,182.5330129106025,137.37868011439002,222.0155522170827,8.853546362049626,328.5149555260948,70.53963190944458
2019_2024,regime,Houston,episode,pure_wind_run_days,76,0.0,0.0,0.0,0.0,0.0,0.0,0.0
2019_2024,regime,Houston,episode,low_wind_run_days,76,10.802631578947368,7.5,4.0,23.0,2.0,23.0,8.452249778360166
2019_2024,regime,Houston,heat_only,no2_ppb,207,5.813173897222222,5.065277666666667,4.0710780714285715,6.9970008888888895,1.6530303333333334,14.29791675,2.498061673779833
2019_2024,regime,Houston,heat_only,n_available_sites,207,8.285024154589372,9.0,7.5,9.0,2.0,10.0,1.3691886458619984
2019_2024,regime,Houston,heat_only,temperature_2m_max,207,35.50917874396136,35.3,34.1,36.4,33.5,41.9,1.6818456118414253
2019_2024,regime,Houston,heat_only,wind_speed_10m_mean,207,11.572020933977457,10.933333333333332,9.564583333333333,13.233333333333334,8.270833333333334,20.35,2.535147453012005
2019_2024,regime,Houston,heat_only,relative_humidity_2m_mean,207,70.86171497584542,71.58333333333333,68.02083333333334,74.9375,41.958333333333336,81.45833333333333,6.045914808037536
2019_2024,regime,Houston,heat_only,precipitation_sum,207,0.5811594202898551,0.0,0.0,0.5,0.0,7.6,1.2166652692398268
2019_2024,regime,Houston,heat_only,shortwave_radiation_sum,207,23.73198260869565,23.922,22.3236,25.653599999999997,15.0228,28.3176,2.6343712195540174
2019_2024,regime,Houston,heat_only,wind_direction_10m_dominant,207,174.35928788314126,186.09677969882588,169.95830504272126,198.18623859263758,1.0627890111781586,358.9277565825293,56.46517580686488
2019_2024,regime,Houston,heat_only,pure_wind_run_days,207,0.0,0.0,0.0,0.0,0.0,0.0,0.0
2019_2024,regime,Houston,heat_only,low_wind_run_days,207,0.0,0.0,0.0,0.0,0.0,0.0,0.0
2019_2024,regime,Houston,neither,no2_ppb,664,8.118681682937105,7.509833944444445,5.375509388888889,10.106770825,1.9419465,20.695478555555557,3.5404590893741896
2019_2024,regime,Houston,neither,n_available_sites,664,8.698795180722891,9.0,8.0,9.0,1.0,10.0,1.0214583341591545
2019_2024,regime,Houston,neither,temperature_2m_max,664,28.502560240963852,29.2,26.6,31.4,13.2,33.4,3.6752331674300502
2019_2024,regime,Houston,neither,wind_speed_10m_mean,664,13.386627761044176,12.60625,10.194791666666667,15.796875,8.216666666666667,34.85,3.962251692099359
2019_2024,regime,Houston,neither,relative_humidity_2m_mean,664,76.29856927710843,78.41666666666667,72.15625,83.5,28.70833333333333,97.5,10.631035999919936
2019_2024,regime,Houston,neither,precipitation_sum,664,5.325301204819277,0.8,0.0,5.025,0.0,162.9,12.436938058264042
2019_2024,regime,Houston,neither,shortwave_radiation_sum,664,17.87799578313253,18.691200000000002,13.7025,22.0671,2.124,30.258,6.096521392668466
2019_2024,regime,Houston,neither,wind_direction_10m_dominant,664,146.5727776019041,147.6505811015919,101.46463877888843,172.48730277817663,1.6580688137949324,358.8484359036668,78.243336373471
2019_2024,regime,Houston,neither,pure_wind_run_days,664,0.0,0.0,0.0,0.0,0.0,0.0,0.0
2019_2024,regime,Houston,neither,low_wind_run_days,664,0.0,0.0,0.0,0.0,0.0,0.0,0.0
2019_2024,regime,Houston,other_compound,no2_ppb,42,8.330215877012474,7.724657196428572,6.367500361111111,10.183452875,3.5550925555555555,15.7350478,2.9005269234227797
2019_2024,regime,Houston,other_compound,n_available_sites,42,8.380952380952381,8.0,8.0,9.0,6.0,10.0,1.0809296123917655
2019_2024,regime,Houston,other_compound,temperature_2m_max,42,34.740476190476194,34.5,33.8,35.2,33.5,38.9,1.3198409963010092
2019_2024,regime,Houston,other_compound,wind_speed_10m_mean,42,7.05138888888889,7.189583333333333,6.389583333333333,7.794791666666667,5.083333333333333,8.179166666666667,0.9146942316909559
2019_2024,regime,Houston,other_compound,relative_humidity_2m_mean,42,73.02579365079364,72.97916666666666,69.76041666666666,77.97916666666667,61.29166666666666,83.0,5.679601393010055
2019_2024,regime,Houston,other_compound,precipitation_sum,42,1.8571428571428572,0.2,0.0,1.1250000000000002,0.0,19.5,4.0226882685491985
2019_2024,regime,Houston,other_compound,shortwave_radiation_sum,42,22.112228571428574,22.233600000000003,19.984499999999997,24.4881,14.5656,26.9208,3.00097649557084
2019_2024,regime,Houston,other_compound,wind_direction_10m_dominant,42,181.12697944077215,180.53067180240166,154.81000957110084,213.83635370672152,11.250631411105347,356.8953128165101,76.07835888365638
2019_2024,regime,Houston,other_compound,pure_wind_run_days,42,0.0,0.0,0.0,0.0,0.0,0.0,0.0
2019_2024,regime,Houston,other_compound,low_wind_run_days,42,3.857142857142857,2.5,1.0,4.75,1.0,13.0,3.5652210862340947
2019_2024,regime,Houston,wind_only,no2_ppb,295,11.52894469955744,10.834523714285714,8.670218727777778,13.87372588888889,2.8823453333333333,24.473200888888886,3.9831538747644744
2019_2024,regime,Houston,wind_only,n_available_sites,295,8.532203389830508,9.0,8.0,9.0,3.0,10.0,1.1656128395934924
2019_2024,regime,Houston,wind_only,temperature_2m_max,295,30.715593220338977,31.2,29.8,32.4,22.1,33.4,2.2593932958340837
2019_2024,regime,Houston,wind_only,wind_speed_10m_mean,295,6.511638418079096,6.679166666666667,5.7354166666666675,7.414583333333333,3.6791666666666663,8.204166666666667,1.1334574487496145
2019_2024,regime,Houston,wind_only,relative_humidity_2m_mean,295,78.07697740112994,79.875,73.97916666666666,83.41666666666667,53.16666666666666,92.875,7.938601212882194
2019_2024,regime,Houston,wind_only,precipitation_sum,295,4.711525423728813,1.6,0.0,7.300000000000001,0.0,39.6,6.817389932246579
2019_2024,regime,Houston,wind_only,shortwave_radiation_sum,295,18.974001355932202,19.3968,16.0722,22.0878,5.8824,28.6164,4.487574005453272
2019_2024,regime,Houston,wind_only,wind_direction_10m_dominant,295,146.02444126784428,138.58808841275487,95.10510050767886,184.93372342287614,2.6342062930408554,359.5023800545546,77.50973013944835
2019_2024,regime,Houston,wind_only,pure_wind_run_days,295,4.0508474576271185,3.0,2.0,5.0,1.0,15.0,3.2650683068015973
2019_2024,regime,Houston,wind_only,low_wind_run_days,295,5.03728813559322,4.0,2.0,7.0,1.0,15.0,3.7391975159055177
2019_2024,regime,Los Angeles,episode,no2_ppb,76,17.395650152451438,17.313690424107143,14.08603990625,20.332440357142858,7.372024000000001,29.8608921875,4.88635764949246
2019_2024,regime,Los Angeles,episode,n_available_sites,76,7.315789473684211,7.0,7.0,8.0,5.0,8.0,0.636878351875552
2019_2024,regime,Los Angeles,episode,temperature_2m_max,76,34.821052631578944,34.3,33.3,35.8,32.4,44.9,2.136059661431062
2019_2024,regime,Los Angeles,episode,wind_speed_10m_mean,76,5.564144736842105,5.666666666666666,5.144791666666666,6.064583333333333,3.9958333333333336,6.370833333333334,0.6220705714056621
2019_2024,regime,Los Angeles,episode,relative_humidity_2m_mean,76,50.053179824561404,51.08333333333333,43.69791666666666,57.125,29.041666666666668,66.875,8.757160029994637
2019_2024,regime,Los Angeles,episode,precipitation_sum,76,0.002631578947368421,0.0,0.0,0.0,0.0,0.2,0.022941573387056182
2019_2024,regime,Los Angeles,episode,shortwave_radiation_sum,76,24.414489473684213,24.326999999999998,21.4893,26.752499999999998,18.666,30.5676,3.1969885360477996
2019_2024,regime,Los Angeles,episode,wind_direction_10m_dominant,76,222.63566611344666,223.23753757119107,210.09338134056276,234.59382185063455,5.456752951513638,336.8331760199196,35.73612005377134
2019_2024,regime,Los Angeles,episode,pure_wind_run_days,76,0.0,0.0,0.0,0.0,0.0,0.0,0.0
2019_2024,regime,Los Angeles,episode,low_wind_run_days,76,8.56578947368421,6.0,3.0,8.5,2.0,29.0,7.4785658630797025
2019_2024,regime,Los Angeles,heat_only,no2_ppb,112,14.779973809149643,13.455913107142855,11.356788421875,16.1832165,4.7091145625,34.49027775,5.391344044527336
2019_2024,regime,Los Angeles,heat_only,n_available_sites,112,7.214285714285714,7.0,7.0,8.0,5.0,8.0,0.6213697660012001
2019_2024,regime,Los Angeles,heat_only,temperature_2m_max,112,34.71160714285714,33.8,33.075,35.7,32.4,44.0,2.4102164508127353
2019_2024,regime,Los Angeles,heat_only,wind_speed_10m_mean,112,7.028608630952381,6.85625,6.611458333333333,7.340624999999999,6.408333333333332,9.525,0.5749304957382593
2019_2024,regime,Los Angeles,heat_only,relative_humidity_2m_mean,112,48.60267857142857,51.25,44.010416666666664,56.010416666666664,13.875,65.79166666666667,11.682606454101693
2019_2024,regime,Los Angeles,heat_only,precipitation_sum,112,0.125,0.0,0.0,0.0,0.0,13.2,1.2483863458354822
2019_2024,regime,Los Angeles,heat_only,shortwave_radiation_sum,112,26.648196428571428,27.7524,24.8328,29.1636,10.8252,31.8204,3.7144289334928877
2019_2024,regime,Los Angeles,heat_only,wind_direction_10m_dominant,112,211.0229990810451,214.4608453956914,200.47793684855102,225.27250177166616,13.950212429210888,348.6616600521888,47.48243062125952
2019_2024,regime,Los Angeles,heat_only,pure_wind_run_days,112,0.0,0.0,0.0,0.0,0.0,0.0,0.0
2019_2024,regime,Los Angeles,heat_only,low_wind_run_days,112,0.0,0.0,0.0,0.0,0.0,0.0,0.0
2019_2024,regime,Los Angeles,neither,no2_ppb,743,9.13089303495296,8.572395875,6.7619048571428575,10.667089794642857,1.8624998750000001,29.285357142857144,3.6219119904518156
2019_2024,regime,Los Angeles,neither,n_available_sites,743,7.234185733512786,7.0,7.0,8.0,5.0,8.0,0.5534158596431339
2019_2024,regime,Los Angeles,neither,temperature_2m_max,743,25.587079407806193,25.9,22.7,28.9,13.2,32.3,3.913687358013348
2019_2024,regime,Los Angeles,neither,wind_speed_10m_mean,743,7.589692687303724,7.4125,6.920833333333333,7.941666666666666,6.408333333333334,14.575,0.9833295647644607
2019_2024,regime,Los Angeles,neither,relative_humidity_2m_mean,743,64.59920367877972,66.41666666666667,61.75,70.33333333333333,10.041666666666666,86.83333333333333,10.26553107988038
2019_2024,regime,Los Angeles,neither,precipitation_sum,743,0.34239569313593543,0.0,0.0,0.0,0.0,45.3,2.315538318200371
2019_2024,regime,Los Angeles,neither,shortwave_radiation_sum,743,25.59507456258412,27.4284,23.7852,29.1042,3.1176,32.2992,5.13974530829723
2019_2024,regime,Los Angeles,neither,wind_direction_10m_dominant,743,205.6011897335329,204.46801604865607,195.03737824986234,215.1167638566675,0.8286237982664667,349.1187121382537,33.95136355639191
2019_2024,regime,Los Angeles,neither,pure_wind_run_days,743,0.0,0.0,0.0,0.0,0.0,0.0,0.0
2019_2024,regime,Los Angeles,neither,low_wind_run_days,743,0.0,0.0,0.0,0.0,0.0,0.0,0.0
2019_2024,regime,Los Angeles,other_compound,no2_ppb,51,17.44488575374433,15.91845242857143,13.562965040178572,21.147451651785715,6.378571571428572,35.1954105,5.98514302678545
2019_2024,regime,Los Angeles,other_compound,n_available_sites,51,7.078431372549019,7.0,7.0,7.0,6.0,8.0,0.5947482578335798
2019_2024,regime,Los Angeles,other_compound,temperature_2m_max,51,34.227450980392156,33.9,32.95,35.0,32.4,42.9,1.8595782781450791
2019_2024,regime,Los Angeles,other_compound,wind_speed_10m_mean,51,5.7251633986928105,5.8125,5.56875,6.166666666666667,3.8375,6.4,0.5543890285612684
2019_2024,regime,Los Angeles,other_compound,relative_humidity_2m_mean,51,49.40522875816993,50.66666666666666,44.60416666666667,56.8125,11.833333333333334,65.0,10.222334202995624
2019_2024,regime,Los Angeles,other_compound,precipitation_sum,51,0.005882352941176471,0.0,0.0,0.0,0.0,0.2,0.031059714782221377
2019_2024,regime,Los Angeles,other_compound,shortwave_radiation_sum,51,24.57515294117647,24.6024,21.9114,28.0368,16.5384,31.7808,4.1090314371322565
2019_2024,regime,Los Angeles,other_compound,wind_direction_10m_dominant,51,219.6789629421117,219.7738904551265,202.83449525071592,236.6599942078158,23.787687531108507,358.19236171343266,49.25455646088665
2019_2024,regime,Los Angeles,other_compound,pure_wind_run_days,51,0.0,0.0,0.0,0.0,0.0,0.0,0.0
2019_2024,regime,Los Angeles,other_compound,low_wind_run_days,51,5.705882352941177,2.0,1.0,6.0,1.0,23.0,7.080378853273484
2019_2024,regime,Los Angeles,wind_only,no2_ppb,302,14.091358687775275,12.836930620535714,10.039657839285713,16.922693464285715,2.644270625,33.9273438125,5.736816376928049
2019_2024,regime,Los Angeles,wind_only,n_available_sites,302,7.132450331125828,7.0,7.0,7.0,5.0,8.0,0.4777507751669771
2019_2024,regime,Los Angeles,wind_only,temperature_2m_max,302,26.756622516556295,27.35,24.125,29.6,16.9,32.3,3.6830949695476587
2019_2024,regime,Los Angeles,wind_only,wind_speed_10m_mean,302,5.581456953642385,5.685416666666667,5.186458333333333,6.0875,3.1,6.404166666666666,0.6191721066263072
2019_2024,regime,Los Angeles,wind_only,relative_humidity_2m_mean,302,64.05698123620309,65.9375,58.03125,71.75,19.166666666666668,80.95833333333333,10.294091160048342
2019_2024,regime,Los Angeles,wind_only,precipitation_sum,302,0.11092715231788079,0.0,0.0,0.0,0.0,9.8,0.7081254567163018
2019_2024,regime,Los Angeles,wind_only,shortwave_radiation_sum,302,21.54142251655629,21.2202,17.7894,25.601399999999998,7.4988,31.1364,4.843430792871773
2019_2024,regime,Los Angeles,wind_only,wind_direction_10m_dominant,302,212.13802226086494,211.01556285864362,199.34887990935678,223.5815829562822,3.4089227032683627,355.95607511725404,37.55725256492837
2019_2024,regime,Los Angeles,wind_only,pure_wind_run_days,302,5.397350993377484,4.0,2.0,8.0,1.0,16.0,4.553235453207005
2019_2024,regime,Los Angeles,wind_only,low_wind_run_days,302,9.016556291390728,6.0,3.0,11.0,1.0,29.0,8.668290480958126
2019_2024,regime,New York,episode,no2_ppb,56,15.4429957381661,15.29354176388889,12.58213103125,17.88635072916667,9.342857142857143,22.119270625,3.589939340227937
2019_2024,regime,New York,episode,n_available_sites,56,8.357142857142858,8.0,8.0,9.0,7.0,9.0,0.6722708174151634
2019_2024,regime,New York,episode,temperature_2m_max,56,30.799999999999994,30.9,29.875,31.6,28.8,33.7,1.1079875286465837
2019_2024,regime,New York,episode,wind_speed_10m_mean,56,6.649330357142857,6.810416666666667,6.165625,7.463541666666667,4.15,8.095833333333333,1.0168342437604618
2019_2024,regime,New York,episode,relative_humidity_2m_mean,56,73.23586309523809,73.625,68.71875,79.125,57.66666666666666,85.5,7.099234721817681
2019_2024,regime,New York,episode,precipitation_sum,56,2.889285714285714,0.2,0.0,4.3,0.0,23.9,4.955462681688804
2019_2024,regime,New York,episode,shortwave_radiation_sum,56,21.921492857142855,22.194000000000003,19.9332,24.3414,8.9604,29.3904,4.119323178645962
2019_2024,regime,New York,episode,wind_direction_10m_dominant,56,216.02452800407193,211.21220733541884,172.139881367055,273.23113032098547,8.607234747900218,347.1097591269209,74.72197798296767
2019_2024,regime,New York,episode,pure_wind_run_days,56,0.0,0.0,0.0,0.0,0.0,0.0,0.0
2019_2024,regime,New York,episode,low_wind_run_days,56,4.482142857142857,4.0,3.0,5.0,2.0,10.0,2.5369349540417785
2019_2024,regime,New York,heat_only,no2_ppb,142,11.624755117119381,11.498392055555556,9.280983375000002,13.898109250000001,4.087790888888889,18.54702371428571,3.197665475263352
2019_2024,regime,New York,heat_only,n_available_sites,142,8.492957746478874,9.0,8.0,9.0,6.0,9.0,0.7413470476170311
2019_2024,regime,New York,heat_only,temperature_2m_max,142,30.862676056338028,30.5,29.5,31.875,28.8,35.5,1.6230436845992997
2019_2024,regime,New York,heat_only,wind_speed_10m_mean,142,10.915346244131456,10.360416666666666,9.140625,12.469791666666667,8.1875,16.445833333333333,2.1135373389570065
2019_2024,regime,New York,heat_only,relative_humidity_2m_mean,142,68.8556338028169,69.0625,65.27083333333333,74.10416666666667,48.29166666666666,85.04166666666667,7.085877136698791
2019_2024,regime,New York,heat_only,precipitation_sum,142,2.084507042253521,0.4,0.0,2.275,0.0,25.5,4.158104037646643
2019_2024,regime,New York,heat_only,shortwave_radiation_sum,142,22.824785915492956,22.9032,20.9952,25.560000000000002,13.086,29.8872,3.607990004361607
2019_2024,regime,New York,heat_only,wind_direction_10m_dominant,142,240.03499128391724,235.54754429686483,216.68499749634412,271.6512944698476,0.3581138259815105,344.4461339239091,47.84632368438977
2019_2024,regime,New York,heat_only,pure_wind_run_days,142,0.0,0.0,0.0,0.0,0.0,0.0,0.0
2019_2024,regime,New York,heat_only,low_wind_run_days,142,0.0,0.0,0.0,0.0,0.0,0.0,0.0
2019_2024,regime,New York,neither,no2_ppb,751,11.95612349256811,11.406018555555555,8.860561423611111,14.23138224107143,2.9967593333333333,34.572113571428574,4.323988795512474
2019_2024,regime,New York,neither,n_available_sites,751,8.366178428761652,8.0,8.0,9.0,4.0,9.0,0.7342124416366568
2019_2024,regime,New York,neither,temperature_2m_max,751,20.61957390146471,21.3,16.8,25.15,3.7,28.7,5.314890060154705
2019_2024,regime,New York,neither,wind_speed_10m_mean,751,12.461506879715936,11.466666666666669,9.595833333333331,14.15,8.158333333333333,29.504166666666663,3.7451256973897284
2019_2024,regime,New York,neither,relative_humidity_2m_mean,751,68.73396582334664,69.04166666666667,60.04166666666667,78.14583333333334,29.666666666666668,94.16666666666669,12.676624538575544
2019_2024,regime,New York,neither,precipitation_sum,751,3.9575233022636485,0.1,0.0,3.45,0.0,102.6,9.0345230453959
2019_2024,regime,New York,neither,shortwave_radiation_sum,751,17.22655605858855,17.8632,11.860199999999999,23.3658,0.7919999999999999,30.8484,7.657845325791491
2019_2024,regime,New York,neither,wind_direction_10m_dominant,751,191.61265516768313,207.9733344921262,90.43782277463501,289.868408989262,0.4440196315656156,359.96536098402,106.34394173256273
2019_2024,regime,New York,neither,pure_wind_run_days,751,0.0,0.0,0.0,0.0,0.0,0.0,0.0
2019_2024,regime,New York,neither,low_wind_run_days,751,0.0,0.0,0.0,0.0,0.0,0.0,0.0
2019_2024,regime,New York,other_compound,no2_ppb,42,14.569305287698414,14.171225805555554,12.981129845238096,16.083080861111114,7.816666666666666,30.31845242857143,3.8232720250784706
2019_2024,regime,New York,other_compound,n_available_sites,42,8.357142857142858,8.0,8.0,9.0,7.0,9.0,0.6921662203943878
2019_2024,regime,New York,other_compound,temperature_2m_max,42,30.69047619047619,30.6,29.424999999999997,31.8,28.8,33.6,1.4083045547506674
2019_2024,regime,New York,other_compound,wind_speed_10m_mean,42,7.022619047619047,7.133333333333333,6.592708333333333,7.670833333333333,4.116666666666666,8.116666666666667,0.9457843737808105
2019_2024,regime,New York,other_compound,relative_humidity_2m_mean,42,69.5545634920635,70.47916666666666,64.67708333333334,74.26041666666667,47.5,82.54166666666667,7.459678695569125
2019_2024,regime,New York,other_compound,precipitation_sum,42,2.5309523809523813,0.0,0.0,0.575,0.0,39.6,6.944360340179827
2019_2024,regime,New York,other_compound,shortwave_radiation_sum,42,23.419114285714286,23.6556,20.8782,26.136000000000003,13.7592,29.8404,4.104326520111842
2019_2024,regime,New York,other_compound,wind_direction_10m_dominant,42,234.49064861348165,242.89635129186408,222.55198107003986,264.1943915963644,30.45630983246973,326.3715595994123,60.20515002536632
2019_2024,regime,New York,other_compound,pure_wind_run_days,42,0.0,0.0,0.0,0.0,0.0,0.0,0.0
2019_2024,regime,New York,other_compound,low_wind_run_days,42,1.9047619047619047,2.0,1.0,2.0,1.0,7.0,1.265094690556534
2019_2024,regime,New York,wind_only,no2_ppb,293,16.736232352639632,16.292592555555554,13.03807722222222,19.206223,6.673227444444445,37.603472125,5.269987759673698
2019_2024,regime,New York,wind_only,n_available_sites,293,8.331058020477816,8.0,8.0,9.0,4.0,9.0,0.7914079962226243
2019_2024,regime,New York,wind_only,temperature_2m_max,293,23.10102389078498,23.9,20.5,26.8,8.9,28.7,4.419845381303825
2019_2024,regime,New York,wind_only,wind_speed_10m_mean,293,6.746160409556314,6.8500000000000005,6.1125,7.595833333333334,3.654166666666667,8.15,0.9725542171750822
2019_2024,regime,New York,wind_only,relative_humidity_2m_mean,293,74.46871444823663,75.625,67.25,81.875,45.583333333333336,95.33333333333331,10.126038387326291
2019_2024,regime,New York,wind_only,precipitation_sum,293,2.532423208191126,0.1,0.0,2.5,0.0,26.3,5.112247575414971
2019_2024,regime,New York,wind_only,shortwave_radiation_sum,293,16.65598361774744,16.8624,12.0348,21.4416,2.286,30.9816,6.2717893523085335
2019_2024,regime,New York,wind_only,wind_direction_10m_dominant,293,176.51963495770102,171.35854741081067,106.99744980465078,249.6980167159296,4.688037661023405,354.37037817136047,90.97398195561863
2019_2024,regime,New York,wind_only,pure_wind_run_days,293,2.2013651877133107,2.0,1.0,3.0,1.0,5.0,1.2755866954272759
2019_2024,regime,New York,wind_only,low_wind_run_days,293,2.532423208191126,2.0,1.0,3.0,1.0,10.0,1.7151041139392431
2019_2024,regime,Philadelphia,episode,no2_ppb,33,9.876438802020203,9.73556275,7.4992102,12.50937475,3.82667575,17.084722,3.4355252389571085
2019_2024,regime,Philadelphia,episode,n_available_sites,33,4.424242424242424,4.0,4.0,5.0,3.0,5.0,0.6139168831315355
2019_2024,regime,Philadelphia,episode,temperature_2m_max,33,32.981818181818184,33.0,32.1,33.7,30.9,35.3,1.174322822272092
2019_2024,regime,Philadelphia,episode,wind_speed_10m_mean,33,6.093686868686869,6.204166666666667,5.716666666666666,6.491666666666667,3.4791666666666665,7.770833333333333,0.9942609411133323
2019_2024,regime,Philadelphia,episode,relative_humidity_2m_mean,33,68.02651515151516,68.79166666666667,64.0,75.04166666666667,53.208333333333336,79.45833333333333,7.890003194571821
2019_2024,regime,Philadelphia,episode,precipitation_sum,33,2.139393939393939,0.1,0.0,2.4,0.0,10.3,3.3873790932241588
2019_2024,regime,Philadelphia,episode,shortwave_radiation_sum,33,22.720363636363633,23.4468,20.3328,24.1956,15.1668,30.474,3.3502953934894104
2019_2024,regime,Philadelphia,episode,wind_direction_10m_dominant,33,216.7065846011946,228.55341228475427,171.5530692945197,261.31054787881163,15.68708662037882,333.17633180974985,78.82443776843098
2019_2024,regime,Philadelphia,episode,pure_wind_run_days,33,0.0,0.0,0.0,0.0,0.0,0.0,0.0
2019_2024,regime,Philadelphia,episode,low_wind_run_days,33,4.242424242424242,4.0,2.0,6.0,2.0,8.0,2.121766702395421
2019_2024,regime,Philadelphia,heat_only,no2_ppb,164,8.637145906910568,8.530531666666667,6.875960000000001,10.1976841875,3.07898575,19.152210200000003,2.584249256724463
2019_2024,regime,Philadelphia,heat_only,n_available_sites,164,4.530487804878049,5.0,4.0,5.0,2.0,5.0,0.6403965459359425
2019_2024,regime,Philadelphia,heat_only,temperature_2m_max,164,33.073170731707314,32.849999999999994,31.7,34.2,30.9,37.5,1.5165790354188118
2019_2024,regime,Philadelphia,heat_only,wind_speed_10m_mean,164,10.600203252032522,10.189583333333335,8.864583333333334,12.135416666666666,7.8625,16.541666666666668,2.081922671941908
2019_2024,regime,Philadelphia,heat_only,relative_humidity_2m_mean,164,66.7223069105691,66.77083333333333,61.65624999999999,73.51041666666667,38.458333333333336,84.83333333333333,8.257165039244612
2019_2024,regime,Philadelphia,heat_only,precipitation_sum,164,2.5500000000000003,0.2,0.0,2.125,0.0,30.1,5.1902515985683895
2019_2024,regime,Philadelphia,heat_only,shortwave_radiation_sum,164,22.860834146341464,23.2434,20.499299999999998,25.5555,10.656,30.4452,3.6790744756132727
2019_2024,regime,Philadelphia,heat_only,wind_direction_10m_dominant,164,236.98129449803034,230.7860535309269,212.0239135098914,258.64248192865625,92.08039579576722,354.4534650525877,39.932135585173555
2019_2024,regime,Philadelphia,heat_only,pure_wind_run_days,164,0.0,0.0,0.0,0.0,0.0,0.0,0.0
2019_2024,regime,Philadelphia,heat_only,low_wind_run_days,164,0.0,0.0,0.0,0.0,0.0,0.0,0.0
2019_2024,regime,Philadelphia,neither,no2_ppb,730,8.764338698378996,8.339716175,6.514528850000001,10.5775845,1.9484418000000001,24.4589362,3.271429586258979
2019_2024,regime,Philadelphia,neither,n_available_sites,730,4.683561643835616,5.0,4.0,5.0,2.0,5.0,0.578421696889161
2019_2024,regime,Philadelphia,neither,temperature_2m_max,730,22.558767123287673,23.3,18.825,27.1,6.2,30.8,5.538656878186368
2019_2024,regime,Philadelphia,neither,wind_speed_10m_mean,730,12.23605593607306,11.279166666666665,9.537499999999998,14.035416666666666,7.854166666666667,27.679166666666664,3.674381961997288
2019_2024,regime,Philadelphia,neither,relative_humidity_2m_mean,730,64.03498858447489,63.97916666666667,54.09375,74.60416666666667,23.83333333333333,95.25,14.172441452577619
2019_2024,regime,Philadelphia,neither,precipitation_sum,730,3.8163013698630133,0.0,0.0,3.375,0.0,62.6,8.408808499153963
2019_2024,regime,Philadelphia,neither,shortwave_radiation_sum,730,17.491334794520547,18.1278,12.4713,23.391000000000002,0.8136,31.356,7.471091669852297
2019_2024,regime,Philadelphia,neither,wind_direction_10m_dominant,730,202.75927265316722,223.68132976458668,101.51447910036032,294.39081788177526,2.219441785332548,359.7647035809854,104.22722268235374
2019_2024,regime,Philadelphia,neither,pure_wind_run_days,730,0.0,0.0,0.0,0.0,0.0,0.0,0.0
2019_2024,regime,Philadelphia,neither,low_wind_run_days,730,0.0,0.0,0.0,0.0,0.0,0.0,0.0
2019_2024,regime,Philadelphia,other_compound,no2_ppb,43,9.287239212403101,9.607959,7.0519926250000005,11.445403375,3.9817392,13.5891502,2.6956071201583667
2019_2024,regime,Philadelphia,other_compound,n_available_sites,43,4.627906976744186,5.0,4.0,5.0,3.0,5.0,0.5355573782764613
2019_2024,regime,Philadelphia,other_compound,temperature_2m_max,43,32.01627906976745,31.7,31.3,32.4,30.9,35.1,1.012994202154738
2019_2024,regime,Philadelphia,other_compound,wind_speed_10m_mean,43,6.742344961240309,7.125,6.0875,7.545833333333333,4.158333333333333,7.833333333333333,0.9532165550322226
2019_2024,regime,Philadelphia,other_compound,relative_humidity_2m_mean,43,68.42732558139535,68.75,62.41666666666666,74.02083333333334,44.5,82.29166666666667,8.466974498680989
2019_2024,regime,Philadelphia,other_compound,precipitation_sum,43,2.2837209302325583,0.0,0.0,2.1,0.0,18.5,4.416900994640502
2019_2024,regime,Philadelphia,other_compound,shortwave_radiation_sum,43,22.73341395348837,23.4504,19.627200000000002,25.7922,14.3352,28.7712,3.7636652716392724
2019_2024,regime,Philadelphia,other_compound,wind_direction_10m_dominant,43,225.44706583236612,226.5341527881938,204.53856908823678,260.7838295453381,45.8253348154872,316.88021057194766,57.452278285655105
2019_2024,regime,Philadelphia,other_compound,pure_wind_run_days,43,0.0,0.0,0.0,0.0,0.0,0.0,0.0
2019_2024,regime,Philadelphia,other_compound,low_wind_run_days,43,2.186046511627907,2.0,1.0,3.0,1.0,7.0,1.2957037792255783
2019_2024,regime,Philadelphia,wind_only,no2_ppb,314,10.386125290286625,9.7270983,7.748056799999999,12.013791874999999,4.518700600000001,27.2021698,3.8516589286442704
2019_2024,regime,Philadelphia,wind_only,n_available_sites,314,4.697452229299363,5.0,4.0,5.0,3.0,5.0,0.5429123976412643
2019_2024,regime,Philadelphia,wind_only,temperature_2m_max,314,25.54044585987261,26.85,22.85,28.9,8.7,30.8,4.179164941573923
2019_2024,regime,Philadelphia,wind_only,wind_speed_10m_mean,314,6.441202229299363,6.564583333333333,5.852083333333334,7.252083333333333,3.0083333333333333,7.845833333333334,1.0216197471494433
2019_2024,regime,Philadelphia,wind_only,relative_humidity_2m_mean,314,69.92714968152866,70.4375,61.59375,79.1875,41.583333333333336,92.66666666666669,11.2902022784672
2019_2024,regime,Philadelphia,wind_only,precipitation_sum,314,2.923248407643312,0.1,0.0,2.6,0.0,64.3,6.656582964432851
2019_2024,regime,Philadelphia,wind_only,shortwave_radiation_sum,314,17.051434394904454,17.0622,12.5289,21.8844,2.6028,31.3056,6.3314629443403065
2019_2024,regime,Philadelphia,wind_only,wind_direction_10m_dominant,314,189.21112286731235,193.1703877373617,105.13026992862913,274.15435652535666,2.667698250174033,357.1061189626764,98.53121246168342
2019_2024,regime,Philadelphia,wind_only,pure_wind_run_days,314,2.267515923566879,2.0,1.0,3.0,1.0,6.0,1.2169314870421324
2019_2024,regime,Philadelphia,wind_only,low_wind_run_days,314,2.5796178343949046,2.0,1.0,3.0,1.0,8.0,1.5277095074345248
2019_2024,regime,Phoenix,episode,no2_ppb,16,16.364534746875,15.9272645,13.1833333125,19.357727349999998,5.3645835,26.5135415,5.8171998545422605
2019_2024,regime,Phoenix,episode,n_available_sites,16,4.5,4.5,4.0,5.0,4.0,5.0,0.5163977794943222
2019_2024,regime,Phoenix,episode,temperature_2m_max,16,43.443749999999994,43.3,42.2,44.05,41.9,46.8,1.4417437358976106
2019_2024,regime,Phoenix,episode,wind_speed_10m_mean,16,6.108072916666667,6.21875,5.71875,6.473958333333333,5.241666666666666,6.7250000000000005,0.4729181197970822
2019_2024,regime,Phoenix,episode,relative_humidity_2m_mean,16,24.0234375,24.4375,19.65625,26.864583333333332,13.375,34.916666666666664,5.975140800099903
2019_2024,regime,Phoenix,episode,precipitation_sum,16,0.05,0.0,0.0,0.0,0.0,0.5,0.14142135623730953
2019_2024,regime,Phoenix,episode,shortwave_radiation_sum,16,26.136225,26.559,24.1524,27.782999999999998,21.9168,30.1608,2.469132714537637
2019_2024,regime,Phoenix,episode,wind_direction_10m_dominant,16,179.95802402385175,175.6910147647062,83.53537561549533,268.06712330965615,23.82101838423922,353.6760491385168,111.29411628257085
2019_2024,regime,Phoenix,episode,pure_wind_run_days,16,0.0,0.0,0.0,0.0,0.0,0.0,0.0
2019_2024,regime,Phoenix,episode,low_wind_run_days,16,2.875,2.0,2.0,2.25,2.0,8.0,2.0289570391377603
2019_2024,regime,Phoenix,heat_only,no2_ppb,241,11.470134405394191,11.18712125,8.538409,13.877626750000001,4.125000200000001,23.91625,3.8627224468974726
2019_2024,regime,Phoenix,heat_only,n_available_sites,241,4.580912863070539,5.0,4.0,5.0,4.0,5.0,0.49443654450514213
2019_2024,regime,Phoenix,heat_only,temperature_2m_max,241,43.80082987551867,43.6,42.8,44.6,41.9,47.7,1.302081401105067
2019_2024,regime,Phoenix,heat_only,wind_speed_10m_mean,241,9.12551867219917,8.987499999999999,7.708333333333333,10.15,6.745833333333334,15.908333333333331,1.7092566158808056
2019_2024,regime,Phoenix,heat_only,relative_humidity_2m_mean,241,21.098029045643152,20.75,15.666666666666666,26.291666666666668,7.291666666666667,47.208333333333336,6.82080757305833
2019_2024,regime,Phoenix,heat_only,precipitation_sum,241,0.12489626556016598,0.0,0.0,0.0,0.0,3.9,0.4136757103831404
2019_2024,regime,Phoenix,heat_only,shortwave_radiation_sum,241,27.408234024896267,27.6408,25.416,29.4948,18.7164,31.7592,2.6218463065183952
2019_2024,regime,Phoenix,heat_only,wind_direction_10m_dominant,241,220.22711874378717,243.4637350905036,205.4346382974088,259.53407395312456,23.61542909554964,359.53061595585336,67.1438636922528
2019_2024,regime,Phoenix,heat_only,pure_wind_run_days,241,0.0,0.0,0.0,0.0,0.0,0.0,0.0
2019_2024,regime,Phoenix,heat_only,low_wind_run_days,241,0.0,0.0,0.0,0.0,0.0,0.0,0.0
2019_2024,regime,Phoenix,neither,no2_ppb,666,12.82410808546046,11.769761899999999,9.341391999999999,15.5821649125,1.9791668000000002,29.3183332,5.082517206878319
2019_2024,regime,Phoenix,neither,n_available_sites,666,4.648648648648648,5.0,4.0,5.0,3.0,5.0,0.5112034802024567
2019_2024,regime,Phoenix,neither,temperature_2m_max,666,35.212312312312314,36.4,32.1,39.4,16.9,41.8,5.026231796658697
2019_2024,regime,Phoenix,neither,wind_speed_10m_mean,666,9.467517517517518,8.76875,7.6343749999999995,10.591666666666669,6.733333333333333,25.516666666666666,2.4466777245371203
2019_2024,regime,Phoenix,neither,relative_humidity_2m_mean,666,23.89527027027027,20.229166666666668,15.083333333333334,30.135416666666668,6.708333333333333,80.66666666666667,11.891303210700487
2019_2024,regime,Phoenix,neither,precipitation_sum,666,0.43018018018018017,0.0,0.0,0.0,0.0,39.0,2.4143005582427794
2019_2024,regime,Phoenix,neither,shortwave_radiation_sum,666,25.753151351351352,26.576999999999998,22.0869,30.1338,4.2408,32.7348,4.855755678266073
2019_2024,regime,Phoenix,neither,wind_direction_10m_dominant,666,198.58010638106572,222.0379799276587,167.85448440119808,245.8815793117532,0.6147167222855885,359.6096799623696,78.79283177978812
2019_2024,regime,Phoenix,neither,pure_wind_run_days,666,0.0,0.0,0.0,0.0,0.0,0.0,0.0
2019_2024,regime,Phoenix,neither,low_wind_run_days,666,0.0,0.0,0.0,0.0,0.0,0.0,0.0
2019_2024,regime,Phoenix,other_compound,no2_ppb,33,14.574287718181818,14.2990476,10.5274998,18.075,7.270833400000001,28.088541749999997,5.002762887857477
2019_2024,regime,Phoenix,other_compound,n_available_sites,33,4.636363636363637,5.0,4.0,5.0,4.0,5.0,0.48850421045919723
2019_2024,regime,Phoenix,other_compound,temperature_2m_max,33,43.445454545454545,43.2,42.6,44.2,41.9,46.5,1.1099242398388367
2019_2024,regime,Phoenix,other_compound,wind_speed_10m_mean,33,6.08699494949495,6.216666666666666,5.941666666666666,6.441666666666666,4.3500000000000005,6.7125,0.5276818053025008
2019_2024,regime,Phoenix,other_compound,relative_humidity_2m_mean,33,22.162878787878793,21.83333333333333,15.875,27.666666666666668,7.416666666666667,38.04166666666666,8.252113074009431
2019_2024,regime,Phoenix,other_compound,precipitation_sum,33,0.16363636363636364,0.0,0.0,0.0,0.0,1.8,0.41594634706457473
2019_2024,regime,Phoenix,other_compound,shortwave_radiation_sum,33,27.237054545454548,27.1044,25.3728,29.1996,19.5264,32.5116,2.882796112835908
2019_2024,regime,Phoenix,other_compound,wind_direction_10m_dominant,33,214.61688573485216,232.55553461489544,193.55855074105352,260.2269578334756,38.599396146856165,339.20973960110115,77.59257425672894
2019_2024,regime,Phoenix,other_compound,pure_wind_run_days,33,0.0,0.0,0.0,0.0,0.0,0.0,0.0
2019_2024,regime,Phoenix,other_compound,low_wind_run_days,33,1.5151515151515151,1.0,1.0,2.0,1.0,3.0,0.7124435118490149
2019_2024,regime,Phoenix,wind_only,no2_ppb,328,16.563789813211383,16.324129,11.79223725,20.5066667,5.3241668,32.536905000000004,5.714569297071178
2019_2024,regime,Phoenix,wind_only,n_available_sites,328,4.774390243902439,5.0,5.0,5.0,3.0,5.0,0.4669665202517478
2019_2024,regime,Phoenix,wind_only,temperature_2m_max,328,34.80762195121952,35.4,31.575000000000003,38.925,16.4,41.8,4.726763847312752
2019_2024,regime,Phoenix,wind_only,wind_speed_10m_mean,328,5.7290015243902435,5.841666666666666,5.290625,6.292708333333334,3.5416666666666665,6.729166666666667,0.6960354030346844
2019_2024,regime,Phoenix,wind_only,relative_humidity_2m_mean,328,32.0282012195122,28.354166666666664,18.65625,40.15625,6.375,84.91666666666667,16.671070350933118
2019_2024,regime,Phoenix,wind_only,precipitation_sum,328,0.7125,0.0,0.0,0.0,0.0,30.000000000000004,3.2433034986103078
2019_2024,regime,Phoenix,wind_only,shortwave_radiation_sum,328,23.51912926829268,23.410800000000002,19.4787,27.4005,6.588,32.9004,4.927865910530468
2019_2024,regime,Phoenix,wind_only,wind_direction_10m_dominant,328,169.1416509563361,174.88202224616413,70.4384910142408,255.7946265211618,0.6952748352678513,359.57302239090154,103.08600943095983
2019_2024,regime,Phoenix,wind_only,pure_wind_run_days,328,3.152439024390244,2.0,1.0,5.0,1.0,8.0,2.198399507328939
2019_2024,regime,Phoenix,wind_only,low_wind_run_days,328,3.2408536585365852,2.0,2.0,5.0,1.0,8.0,2.229886354241088
2019_2024,regime,San Diego,episode,no2_ppb,72,9.807353053935184,9.342329458333333,7.1463473749999995,11.5175595,4.83996225,18.761012,3.6421262530353613
2019_2024,regime,San Diego,episode,n_available_sites,72,4.041666666666667,4.0,4.0,4.0,3.0,5.0,0.45771939248137733
2019_2024,regime,San Diego,episode,temperature_2m_max,72,32.07361111111111,31.75,30.575000000000003,32.824999999999996,29.7,39.3,2.0217823022326815
2019_2024,regime,San Diego,episode,wind_speed_10m_mean,72,6.002199074074074,6.054166666666667,5.733333333333333,6.353125,4.9125000000000005,6.658333333333334,0.4547652257105445
2019_2024,regime,San Diego,episode,relative_humidity_2m_mean,72,57.438657407407405,59.10416666666667,51.74999999999999,64.71875,31.041666666666668,74.54166666666667,9.610382250376315
2019_2024,regime,San Diego,episode,precipitation_sum,72,0.0041666666666666675,0.0,0.0,0.0,0.0,0.2,0.026203429514280358
2019_2024,regime,San Diego,episode,shortwave_radiation_sum,72,24.2108,23.745600000000003,21.6369,27.1899,16.5204,31.6512,3.5723693905495284
2019_2024,regime,San Diego,episode,wind_direction_10m_dominant,72,277.7896433326017,281.26203078146693,261.6591638620776,296.3187001313767,188.74954389404016,336.6127641159213,29.2088884216773
2019_2024,regime,San Diego,episode,pure_wind_run_days,72,0.0,0.0,0.0,0.0,0.0,0.0,0.0
2019_2024,regime,San Diego,episode,low_wind_run_days,72,5.555555555555555,5.0,3.0,8.0,2.0,19.0,3.389664858953616
2019_2024,regime,San Diego,heat_only,no2_ppb,140,8.839248013214286,7.373505,5.872751,11.2385689375,2.756277,23.304274749999998,4.176232552254289
2019_2024,regime,San Diego,heat_only,n_available_sites,140,3.992857142857143,4.0,4.0,4.0,2.0,5.0,0.4871947090034811
2019_2024,regime,San Diego,heat_only,temperature_2m_max,140,31.689285714285713,30.9,30.3,32.5,29.7,39.8,1.9483878755174788
2019_2024,regime,San Diego,heat_only,wind_speed_10m_mean,140,8.007500000000002,7.733333333333333,7.141666666666667,8.617708333333333,6.6875,12.379166666666668,1.081162531751794
2019_2024,regime,San Diego,heat_only,relative_humidity_2m_mean,140,55.79940476190475,59.08333333333333,52.895833333333336,65.85416666666666,14.416666666666666,76.41666666666667,13.550548724913694
2019_2024,regime,San Diego,heat_only,precipitation_sum,140,0.16714285714285712,0.0,0.0,0.0,0.0,16.9,1.46008981970401
2019_2024,regime,San Diego,heat_only,shortwave_radiation_sum,140,25.007991428571422,25.4466,23.2758,27.814500000000002,4.0608,32.1408,4.073062373737684
2019_2024,regime,San Diego,heat_only,wind_direction_10m_dominant,140,264.6916726049648,293.0691788199136,274.75429938344973,304.9544708567302,12.783232274910114,356.8247482155072,79.78919022973157
2019_2024,regime,San Diego,heat_only,pure_wind_run_days,140,0.0,0.0,0.0,0.0,0.0,0.0,0.0
2019_2024,regime,San Diego,heat_only,low_wind_run_days,140,0.0,0.0,0.0,0.0,0.0,0.0,0.0
2019_2024,regime,San Diego,neither,no2_ppb,735,4.489758805941043,3.9282684000000003,3.0533549166666667,5.2332901000000005,1.0613635000000001,20.418528000000002,2.4043055907687774
2019_2024,regime,San Diego,neither,n_available_sites,735,3.896598639455782,4.0,4.0,4.0,2.0,5.0,0.6479284707958906
2019_2024,regime,San Diego,neither,temperature_2m_max,735,23.91265306122449,24.3,21.4,26.7,14.3,29.6,3.3920712822446952
2019_2024,regime,San Diego,neither,wind_speed_10m_mean,735,8.40956349206349,7.837499999999999,7.26875,8.904166666666667,6.6625000000000005,20.383333333333333,1.8297946566743233
2019_2024,regime,San Diego,neither,relative_humidity_2m_mean,735,70.60651927437641,71.625,67.8125,75.1875,14.625,90.125,8.033450641253957
2019_2024,regime,San Diego,neither,precipitation_sum,735,0.4095238095238095,0.0,0.0,0.0,0.0,30.700000000000003,2.122814097180869
2019_2024,regime,San Diego,neither,shortwave_radiation_sum,735,24.940334693877553,26.6976,22.318199999999997,28.9692,3.4236,32.184,5.352346573343218
2019_2024,regime,San Diego,neither,wind_direction_10m_dominant,735,264.09791204074025,272.2669965911727,245.6764034371909,286.9950449525403,17.108467535297013,350.75922607072647,37.75746681724046
2019_2024,regime,San Diego,neither,pure_wind_run_days,735,0.0,0.0,0.0,0.0,0.0,0.0,0.0
2019_2024,regime,San Diego,neither,low_wind_run_days,735,0.0,0.0,0.0,0.0,0.0,0.0,0.0
2019_2024,regime,San Diego,other_compound,no2_ppb,38,8.073942925657896,7.551217625,5.862375525,9.337432374999999,4.0242965,19.34431825,3.1815814126240594
2019_2024,regime,San Diego,other_compound,n_available_sites,38,3.9473684210526314,4.0,4.0,4.0,2.0,5.0,0.6128078231917466
2019_2024,regime,San Diego,other_compound,temperature_2m_max,38,30.826315789473682,30.4,30.1,31.0,29.9,34.7,1.1778781221139847
2019_2024,regime,San Diego,other_compound,wind_speed_10m_mean,38,6.087719298245613,6.13125,5.860416666666667,6.454166666666667,5.004166666666666,6.641666666666667,0.4267759521941999
2019_2024,regime,San Diego,other_compound,relative_humidity_2m_mean,38,62.7171052631579,62.16666666666666,59.47916666666666,67.67708333333333,34.208333333333336,79.25,7.512634240122265
2019_2024,regime,San Diego,other_compound,precipitation_sum,38,0.3,0.0,0.0,0.0,0.0,10.4,1.6866727201401182
2019_2024,regime,San Diego,other_compound,shortwave_radiation_sum,38,24.738442105263157,24.8994,21.8079,27.8001,16.6824,31.5504,3.771622607917925
2019_2024,regime,San Diego,other_compound,wind_direction_10m_dominant,38,265.2025087690505,272.9758962610399,251.99644148614877,290.09300694465617,23.85654500732841,324.96006372837223,49.13308389875401
2019_2024,regime,San Diego,other_compound,pure_wind_run_days,38,0.0,0.0,0.0,0.0,0.0,0.0,0.0
2019_2024,regime,San Diego,other_compound,low_wind_run_days,38,4.0,2.0,1.0,4.0,1.0,19.0,5.035012547288373
2019_2024,regime,San Diego,wind_only,no2_ppb,299,6.44722281231884,5.50532125,4.342221225,7.3812987,2.20303025,19.267045500000002,3.141176907123388
2019_2024,regime,San Diego,wind_only,n_available_sites,299,3.9899665551839463,4.0,4.0,4.0,1.0,5.0,0.711765692880919
2019_2024,regime,San Diego,wind_only,temperature_2m_max,299,25.464882943143813,25.8,23.5,27.7,17.3,29.6,2.745564617732449
2019_2024,regime,San Diego,wind_only,wind_speed_10m_mean,299,5.969760312151617,6.1125,5.620833333333334,6.433333333333334,3.633333333333333,6.654166666666666,0.5800442172457462
2019_2024,regime,San Diego,wind_only,relative_humidity_2m_mean,299,69.54264214046823,70.75,65.20833333333333,74.91666666666667,22.58333333333333,84.58333333333333,8.389193662526548
2019_2024,regime,San Diego,wind_only,precipitation_sum,299,0.052173913043478265,0.0,0.0,0.0,0.0,4.0,0.311664114052818
2019_2024,regime,San Diego,wind_only,shortwave_radiation_sum,299,24.082133779264215,25.0416,19.8414,28.407600000000002,9.1908,31.6728,4.997149481927433
2019_2024,regime,San Diego,wind_only,wind_direction_10m_dominant,299,259.0113661734502,261.0244607079392,246.50573210195392,278.2581432963802,6.720859921649669,358.92407306514616,39.456615855743074
2019_2024,regime,San Diego,wind_only,pure_wind_run_days,299,2.8862876254180603,2.0,1.0,3.0,1.0,9.0,1.9696810794080093
2019_2024,regime,San Diego,wind_only,low_wind_run_days,299,4.498327759197324,3.0,2.0,6.0,1.0,19.0,4.268170459742848
2019_2024,regime,Seattle,episode,no2_ppb,40,14.641597087499997,14.382032999999998,10.72724175,17.45733675,6.343182,25.2608695,5.263724092057071
2019_2024,regime,Seattle,episode,n_available_sites,40,1.975,2.0,2.0,2.0,1.0,2.0,0.15811388300841897
2019_2024,regime,Seattle,episode,temperature_2m_max,40,26.305,25.85,25.025000000000002,27.0,24.0,32.6,2.0377149092260307
2019_2024,regime,Seattle,episode,wind_speed_10m_mean,40,4.985625000000001,5.189583333333333,4.541666666666667,5.522916666666667,3.2291666666666665,5.8500000000000005,0.6997830796884372
2019_2024,regime,Seattle,episode,relative_humidity_2m_mean,40,68.54791666666668,68.66666666666667,65.6875,71.34375,57.16666666666666,81.20833333333333,5.042408736092639
2019_2024,regime,Seattle,episode,precipitation_sum,40,0.09,0.0,0.0,0.0,0.0,2.0,0.3600569755483507
2019_2024,regime,Seattle,episode,shortwave_radiation_sum,40,24.27165,24.7194,21.7926,27.7317,11.7396,29.5848,4.6874860024406395
2019_2024,regime,Seattle,episode,wind_direction_10m_dominant,40,209.09096942751262,235.37561501453985,120.9287783456913,315.6215110798721,0.1595156257772143,357.822054346374,125.89539060859605
2019_2024,regime,Seattle,episode,pure_wind_run_days,40,0.0,0.0,0.0,0.0,0.0,0.0,0.0
2019_2024,regime,Seattle,episode,low_wind_run_days,40,3.4,3.0,2.0,4.0,2.0,9.0,1.7945787306531915
2019_2024,regime,Seattle,heat_only,no2_ppb,179,13.386141891061452,12.380163,9.233498,16.768252000000004,3.020833,37.4586955,5.364306772277163
2019_2024,regime,Seattle,heat_only,n_available_sites,179,1.8491620111731844,2.0,2.0,2.0,1.0,2.0,0.3588947946194277
2019_2024,regime,Seattle,heat_only,temperature_2m_max,179,26.782681564245813,26.2,25.0,28.1,24.0,38.4,2.3174670316905956
2019_2024,regime,Seattle,heat_only,wind_speed_10m_mean,179,7.826769087523277,7.454166666666667,6.6000000000000005,8.554166666666667,5.870833333333334,13.841666666666669,1.588318639002136
2019_2024,regime,Seattle,heat_only,relative_humidity_2m_mean,179,66.41340782122904,66.54166666666667,62.08333333333333,71.64583333333334,32.291666666666664,80.25,6.890700283727571
2019_2024,regime,Seattle,heat_only,precipitation_sum,179,0.1340782122905028,0.0,0.0,0.0,0.0,4.4,0.5821411606536023
2019_2024,regime,Seattle,heat_only,shortwave_radiation_sum,179,25.174478212290502,26.2188,22.483800000000002,28.539,11.2176,30.9888,4.305497341161337
2019_2024,regime,Seattle,heat_only,wind_direction_10m_dominant,179,110.85429548556185,30.92397457721271,12.364234208873006,216.27194592813242,1.977146929901193,358.1192588411344,111.78993556158655
2019_2024,regime,Seattle,heat_only,pure_wind_run_days,179,0.0,0.0,0.0,0.0,0.0,0.0,0.0
2019_2024,regime,Seattle,heat_only,low_wind_run_days,179,0.0,0.0,0.0,0.0,0.0,0.0,0.0
2019_2024,regime,Seattle,neither,no2_ppb,735,10.00413816802721,9.517909,7.447826,11.97087875,1.8043480000000005,26.626630499999997,3.5692762361947756
2019_2024,regime,Seattle,neither,n_available_sites,735,1.9142857142857144,2.0,2.0,2.0,1.0,2.0,0.28013231595340243
2019_2024,regime,Seattle,neither,temperature_2m_max,735,17.129387755102044,17.1,14.2,20.1,6.4,23.9,3.897065413160878
2019_2024,regime,Seattle,neither,wind_speed_10m_mean,735,9.726910430839004,8.8125,7.15625,11.556250000000002,5.858333333333333,26.9375,3.3333139846890822
2019_2024,regime,Seattle,neither,relative_humidity_2m_mean,735,76.00277777777778,75.875,70.29166666666667,81.66666666666667,42.083333333333336,95.58333333333331,8.086368858328678
2019_2024,regime,Seattle,neither,precipitation_sum,735,3.486530612244898,0.8,0.0,5.05,0.0,47.0,5.614225879395934
2019_2024,regime,Seattle,neither,shortwave_radiation_sum,735,14.4688506122449,14.1696,9.0306,19.2618,0.8244,31.2408,6.944894740621116
2019_2024,regime,Seattle,neither,wind_direction_10m_dominant,735,164.32871944630563,196.67542583717596,158.13463405742675,209.68606795356789,0.7335908984126065,359.9176054097518,84.03337483265518
2019_2024,regime,Seattle,neither,pure_wind_run_days,735,0.0,0.0,0.0,0.0,0.0,0.0,0.0
2019_2024,regime,Seattle,neither,low_wind_run_days,735,0.0,0.0,0.0,0.0,0.0,0.0,0.0
2019_2024,regime,Seattle,other_compound,no2_ppb,64,16.8604623203125,16.36032625,12.600193375,19.633423625,3.966667,47.7725545,7.518766604668864
2019_2024,regime,Seattle,other_compound,n_available_sites,64,1.875,2.0,2.0,2.0,1.0,2.0,0.3333333333333333
2019_2024,regime,Seattle,other_compound,temperature_2m_max,64,26.571875,26.1,24.8,27.4,24.0,33.6,2.228777780943043
2019_2024,regime,Seattle,other_compound,wind_speed_10m_mean,64,4.902083333333333,5.06875,4.486458333333333,5.457291666666666,3.1875,5.8500000000000005,0.697087035524978
2019_2024,regime,Seattle,other_compound,relative_humidity_2m_mean,64,68.22265625,68.9375,63.76041666666666,72.38541666666667,52.79166666666666,81.29166666666667,6.112325000064653
2019_2024,regime,Seattle,other_compound,precipitation_sum,64,0.0625,0.0,0.0,0.0,0.0,1.7999999999999998,0.26874192494328497
2019_2024,regime,Seattle,other_compound,shortwave_radiation_sum,64,24.7698,25.0578,22.220100000000002,28.0224,15.6852,30.4056,3.90790813168814
2019_2024,regime,Seattle,other_compound,wind_direction_10m_dominant,64,180.6475598006901,222.01898985739092,17.156028970952377,291.76822860488136,0.4343137406876631,358.07798552973577,135.3655015640015
2019_2024,regime,Seattle,other_compound,pure_wind_run_days,64,0.0,0.0,0.0,0.0,0.0,0.0,0.0
2019_2024,regime,Seattle,other_compound,low_wind_run_days,64,2.25,1.0,1.0,2.0,1.0,9.0,2.3970881806958513
2019_2024,regime,Seattle,wind_only,no2_ppb,264,13.849542615530302,13.02450175,9.69116825,16.96639475,4.5354165,33.5057065,5.320752099386619
2019_2024,regime,Seattle,wind_only,n_available_sites,264,1.9356060606060606,2.0,2.0,2.0,1.0,2.0,0.24591957501910672
2019_2024,regime,Seattle,wind_only,temperature_2m_max,264,18.724999999999998,19.3,16.5,21.725,7.5,23.9,3.6679347386708354
2019_2024,regime,Seattle,wind_only,wind_speed_10m_mean,264,4.737168560606062,4.858333333333333,4.208333333333334,5.413541666666667,2.2625,5.8375,0.8099546726278273
2019_2024,regime,Seattle,wind_only,relative_humidity_2m_mean,264,75.86663510101009,75.875,71.04166666666667,81.27083333333333,54.16666666666666,93.45833333333331,7.5570357859510455
2019_2024,regime,Seattle,wind_only,precipitation_sum,264,1.1314393939393939,0.0,0.0,0.925,0.0,28.6,3.056134548173734
2019_2024,regime,Seattle,wind_only,shortwave_radiation_sum,264,15.796063636363636,15.3018,10.9998,19.9386,2.5272,30.528,6.155196877587798
2019_2024,regime,Seattle,wind_only,wind_direction_10m_dominant,264,184.24746262639206,198.8711386342652,75.68542661129223,253.9647618710672,0.9686860560587526,359.98426213988205,112.67007858144835
2019_2024,regime,Seattle,wind_only,pure_wind_run_days,264,2.090909090909091,2.0,1.0,3.0,1.0,5.0,1.2143285581824308
2019_2024,regime,Seattle,wind_only,low_wind_run_days,264,2.3257575757575757,2.0,1.0,3.0,1.0,9.0,1.4798839340020198
2019_2024,regime_weather_calendar,Atlanta,episode,temperature_2m_max,99,32.990909090909085,32.7,32.2,33.55,31.5,36.5,1.0981515925511536
2019_2024,regime_weather_calendar,Atlanta,episode,wind_speed_10m_mean,99,5.112079124579125,5.283333333333333,4.454166666666667,5.61875,3.1625,6.754166666666666,0.8285715343949831
2019_2024,regime_weather_calendar,Atlanta,episode,relative_humidity_2m_mean,99,69.74368686868686,69.33333333333333,64.375,75.6875,50.458333333333336,87.29166666666667,8.22858995145322
2019_2024,regime_weather_calendar,Atlanta,episode,precipitation_sum,99,1.9535353535353537,0.3,0.0,2.25,0.0,24.9,3.7978327098629188
2019_2024,regime_weather_calendar,Atlanta,episode,shortwave_radiation_sum,99,22.173672727272724,22.3092,20.7162,23.9346,15.9336,27.4032,2.3651841382264505
2019_2024,regime_weather_calendar,Atlanta,episode,wind_direction_10m_dominant,99,202.29844619387612,204.2426345385925,127.02144734362184,287.136399035452,9.994275522695014,358.2512291480831,100.12275453454134
2019_2024,regime_weather_calendar,Atlanta,episode,pure_wind_run_days,99,0.0,0.0,0.0,0.0,0.0,0.0,0.0
2019_2024,regime_weather_calendar,Atlanta,episode,low_wind_run_days,99,6.565656565656566,5.0,4.0,8.5,2.0,15.0,3.920541445742933
2019_2024,regime_weather_calendar,Atlanta,heat_only,temperature_2m_max,136,32.96544117647059,32.75,32.0,33.8,31.5,36.1,1.1592065406654537
2019_2024,regime_weather_calendar,Atlanta,heat_only,wind_speed_10m_mean,136,9.089460784313724,8.797916666666666,7.807291666666665,9.914583333333333,6.779166666666666,16.658333333333335,1.7905674880648694
2019_2024,regime_weather_calendar,Atlanta,heat_only,relative_humidity_2m_mean,136,66.11305147058823,67.41666666666667,58.91666666666666,71.83333333333334,47.54166666666666,82.75,8.490040322227648
2019_2024,regime_weather_calendar,Atlanta,heat_only,precipitation_sum,136,1.2808823529411764,0.05,0.0,1.525,0.0,22.3,2.8004104118763617
2019_2024,regime_weather_calendar,Atlanta,heat_only,shortwave_radiation_sum,136,23.341526470588235,23.355,21.6711,25.3998,15.696,29.7756,2.9439547767066867
2019_2024,regime_weather_calendar,Atlanta,heat_only,wind_direction_10m_dominant,136,243.51177694998853,258.5899397266005,219.3572706567504,305.4825863420852,0.6692595708394488,351.83377621608537,83.78869139207522
2019_2024,regime_weather_calendar,Atlanta,heat_only,pure_wind_run_days,136,0.0,0.0,0.0,0.0,0.0,0.0,0.0
2019_2024,regime_weather_calendar,Atlanta,heat_only,low_wind_run_days,136,0.0,0.0,0.0,0.0,0.0,0.0,0.0
2019_2024,regime_weather_calendar,Atlanta,neither,temperature_2m_max,780,25.35730769230769,26.1,22.8,28.525,10.5,31.4,4.200028783163467
2019_2024,regime_weather_calendar,Atlanta,neither,wind_speed_10m_mean,780,11.078413461538462,10.206249999999999,8.375,12.942708333333334,6.775,28.070833333333336,3.5023691522354663
2019_2024,regime_weather_calendar,Atlanta,neither,relative_humidity_2m_mean,780,70.51971153846154,71.14583333333334,61.96875,80.20833333333333,35.041666666666664,96.75,11.811504138585107
2019_2024,regime_weather_calendar,Atlanta,neither,precipitation_sum,780,3.972692307692308,0.2,0.0,3.525,0.0,99.1,9.069729049976747
2019_2024,regime_weather_calendar,Atlanta,neither,shortwave_radiation_sum,780,18.54576,19.2366,13.7655,23.5809,1.4076,30.7584,6.5934399735740765
2019_2024,regime_weather_calendar,Atlanta,neither,wind_direction_10m_dominant,780,191.2138340143336,189.5679850812463,100.30742989002225,282.67774647338047,1.255932633251943,359.39171834079883,95.79614325156108
2019_2024,regime_weather_calendar,Atlanta,neither,pure_wind_run_days,780,0.0,0.0,0.0,0.0,0.0,0.0,0.0
2019_2024,regime_weather_calendar,Atlanta,neither,low_wind_run_days,780,0.0,0.0,0.0,0.0,0.0,0.0,0.0
2019_2024,regime_weather_calendar,Atlanta,other_compound,temperature_2m_max,34,32.491176470588236,32.3,32.0,32.975,31.5,34.4,0.7890798811422892
2019_2024,regime_weather_calendar,Atlanta,other_compound,wind_speed_10m_mean,34,5.557598039215685,5.739583333333334,5.019791666666666,6.203125,3.5083333333333333,6.65,0.8154556255875827
2019_2024,regime_weather_calendar,Atlanta,other_compound,relative_humidity_2m_mean,34,68.1654411764706,69.72916666666666,65.29166666666666,73.98958333333333,47.04166666666666,81.625,8.566906447424678
2019_2024,regime_weather_calendar,Atlanta,other_compound,precipitation_sum,34,1.735294117647059,0.1,0.0,1.4,0.0,13.6,3.462603885582236
2019_2024,regime_weather_calendar,Atlanta,other_compound,shortwave_radiation_sum,34,23.18643529411765,23.2524,21.6297,25.119,17.647199999999998,30.1248,3.1692764437483825
2019_2024,regime_weather_calendar,Atlanta,other_compound,wind_direction_10m_dominant,34,201.70872293685977,226.20383669301012,125.06776764145175,267.13046217230533,10.171408149707496,343.88856060812327,92.67275453201623
2019_2024,regime_weather_calendar,Atlanta,other_compound,pure_wind_run_days,34,0.0,0.0,0.0,0.0,0.0,0.0,0.0
2019_2024,regime_weather_calendar,Atlanta,other_compound,low_wind_run_days,34,2.764705882352941,1.0,1.0,3.0,1.0,9.0,2.652144055795541
2019_2024,regime_weather_calendar,Atlanta,wind_only,temperature_2m_max,235,27.81531914893617,28.5,26.5,29.95,17.1,31.4,2.937325991255525
2019_2024,regime_weather_calendar,Atlanta,wind_only,wind_speed_10m_mean,235,5.677375886524823,5.904166666666666,5.145833333333334,6.410416666666666,3.1916666666666664,6.770833333333333,0.8842131124287765
2019_2024,regime_weather_calendar,Atlanta,wind_only,relative_humidity_2m_mean,235,74.4,75.625,69.33333333333334,81.35416666666667,50.833333333333336,90.625,9.025857126395081
2019_2024,regime_weather_calendar,Atlanta,wind_only,precipitation_sum,235,3.0119148936170212,0.3,0.0,3.9,0.0,30.2,5.534432482080602
2019_2024,regime_weather_calendar,Atlanta,wind_only,shortwave_radiation_sum,235,19.595642553191492,19.8432,16.704,22.870800000000003,3.546,31.0356,4.835462112447634
2019_2024,regime_weather_calendar,Atlanta,wind_only,wind_direction_10m_dominant,235,188.4894947242805,181.6612540262915,106.25677885480735,273.9596696195467,3.646529794573036,358.15904092563494,96.88835944419887
2019_2024,regime_weather_calendar,Atlanta,wind_only,pure_wind_run_days,235,2.3617021276595747,2.0,1.0,3.0,1.0,6.0,1.5334661580554807
2019_2024,regime_weather_calendar,Atlanta,wind_only,low_wind_run_days,235,3.1829787234042555,2.0,1.0,4.0,1.0,15.0,2.6755716019163582
2019_2024,regime_weather_calendar,Chicago,episode,temperature_2m_max,33,28.384848484848487,28.2,27.2,29.2,26.9,31.4,1.231137992905652
2019_2024,regime_weather_calendar,Chicago,episode,wind_speed_10m_mean,33,8.308585858585857,8.3375,7.216666666666666,9.616666666666667,5.7375,10.2875,1.4575704624436567
2019_2024,regime_weather_calendar,Chicago,episode,relative_humidity_2m_mean,33,73.71338383838383,76.25,68.16666666666667,80.83333333333333,54.708333333333336,85.58333333333333,8.367772311208679
2019_2024,regime_weather_calendar,Chicago,episode,precipitation_sum,33,1.4242424242424243,0.0,0.0,1.0,0.0,12.3,2.9174079144668714
2019_2024,regime_weather_calendar,Chicago,episode,shortwave_radiation_sum,33,23.277054545454547,23.3208,21.2544,26.4132,14.7132,28.6848,3.517404511593999
2019_2024,regime_weather_calendar,Chicago,episode,wind_direction_10m_dominant,33,168.04544676763774,166.49549870974357,106.76954299803076,226.77484015699144,1.0844747343101533,316.40419432821426,77.7304794142078
2019_2024,regime_weather_calendar,Chicago,episode,pure_wind_run_days,33,0.0,0.0,0.0,0.0,0.0,0.0,0.0
2019_2024,regime_weather_calendar,Chicago,episode,low_wind_run_days,33,4.696969696969697,5.0,4.0,6.0,2.0,7.0,1.570924259887481
2019_2024,regime_weather_calendar,Chicago,heat_only,temperature_2m_max,158,29.13544303797468,28.8,27.7,30.075000000000003,26.9,35.1,1.7263442449722113
2019_2024,regime_weather_calendar,Chicago,heat_only,wind_speed_10m_mean,158,15.49889240506329,15.139583333333334,12.545833333333334,18.109374999999996,10.75,27.070833333333336,3.6440135560824873
2019_2024,regime_weather_calendar,Chicago,heat_only,relative_humidity_2m_mean,158,69.52215189873418,69.35416666666666,63.625,76.52083333333334,38.25,87.95833333333333,8.921420978489646
2019_2024,regime_weather_calendar,Chicago,heat_only,precipitation_sum,158,2.4202531645569625,0.4,0.0,2.95,0.0,42.4,5.0765447837942785
2019_2024,regime_weather_calendar,Chicago,heat_only,shortwave_radiation_sum,158,22.7001417721519,22.634999999999998,19.3752,26.2791,12.8376,30.7944,4.246376698028105
2019_2024,regime_weather_calendar,Chicago,heat_only,wind_direction_10m_dominant,158,212.88927004078914,213.87176681853407,190.01849415787777,236.18202560875773,1.8784775963948108,343.88593598046924,49.38826631113188
2019_2024,regime_weather_calendar,Chicago,heat_only,pure_wind_run_days,158,0.0,0.0,0.0,0.0,0.0,0.0,0.0
2019_2024,regime_weather_calendar,Chicago,heat_only,low_wind_run_days,158,0.0,0.0,0.0,0.0,0.0,0.0,0.0
2019_2024,regime_weather_calendar,Chicago,neither,temperature_2m_max,738,17.896883468834687,19.1,13.3,23.0,1.4,26.8,6.131904115032647
2019_2024,regime_weather_calendar,Chicago,neither,wind_speed_10m_mean,738,16.644777551942184,15.599999999999998,13.078125,19.164583333333333,10.741666666666667,32.666666666666664,4.561236017903271
2019_2024,regime_weather_calendar,Chicago,neither,relative_humidity_2m_mean,738,70.56769421860885,70.83333333333333,61.46874999999999,80.05208333333333,40.583333333333336,95.45833333333331,11.655523551068125
2019_2024,regime_weather_calendar,Chicago,neither,precipitation_sum,738,3.9750677506775065,0.3999999999999999,0.0,4.5,0.0,79.9,8.037996709878795
2019_2024,regime_weather_calendar,Chicago,neither,shortwave_radiation_sum,738,17.71495609756098,17.9136,11.5623,24.0066,1.5552,31.6584,7.510664599877669
2019_2024,regime_weather_calendar,Chicago,neither,wind_direction_10m_dominant,738,164.71203080352248,175.5660202692369,45.244653970987585,255.29616918254442,0.231032703333652,359.3957435523071,110.31102734884374
2019_2024,regime_weather_calendar,Chicago,neither,pure_wind_run_days,738,0.0,0.0,0.0,0.0,0.0,0.0,0.0
2019_2024,regime_weather_calendar,Chicago,neither,low_wind_run_days,738,0.0,0.0,0.0,0.0,0.0,0.0,0.0
2019_2024,regime_weather_calendar,Chicago,other_compound,temperature_2m_max,65,28.321538461538463,28.1,27.4,28.9,26.9,33.3,1.2632414045438212
2019_2024,regime_weather_calendar,Chicago,other_compound,wind_speed_10m_mean,65,8.382243589743592,8.5625,7.120833333333334,9.820833333333333,4.3,10.729166666666666,1.6943346797522674
2019_2024,regime_weather_calendar,Chicago,other_compound,relative_humidity_2m_mean,65,71.12948717948719,72.125,66.54166666666667,76.33333333333333,49.333333333333336,85.58333333333333,7.883655554786567
2019_2024,regime_weather_calendar,Chicago,other_compound,precipitation_sum,65,1.9461538461538461,0.0,0.0,1.0,0.0,43.2,6.159674223403503
2019_2024,regime_weather_calendar,Chicago,other_compound,shortwave_radiation_sum,65,24.183581538461535,24.3288,22.536,27.1944,8.0136,29.7432,3.8379299019333124
2019_2024,regime_weather_calendar,Chicago,other_compound,wind_direction_10m_dominant,65,188.6438110199798,205.1199943256928,149.290612095644,227.46056446947088,26.314143982729806,353.3643259349513,71.6043367977692
2019_2024,regime_weather_calendar,Chicago,other_compound,pure_wind_run_days,65,0.0,0.0,0.0,0.0,0.0,0.0,0.0
2019_2024,regime_weather_calendar,Chicago,other_compound,low_wind_run_days,65,3.1076923076923078,2.0,1.0,4.0,1.0,8.0,2.229931872018998
2019_2024,regime_weather_calendar,Chicago,wind_only,temperature_2m_max,290,21.114827586206893,22.9,18.575,25.275,3.9,26.8,5.378563835459084
2019_2024,regime_weather_calendar,Chicago,wind_only,wind_speed_10m_mean,290,8.601968390804597,8.908333333333333,7.625,9.672916666666667,4.529166666666667,10.729166666666666,1.4001920978416584
2019_2024,regime_weather_calendar,Chicago,wind_only,relative_humidity_2m_mean,290,72.03433908045976,71.91666666666667,64.5,80.23958333333333,41.625,92.58333333333331,10.259589043118865
2019_2024,regime_weather_calendar,Chicago,wind_only,precipitation_sum,290,1.430344827586207,0.0,0.0,0.875,0.0,24.0,3.689484245572754
2019_2024,regime_weather_calendar,Chicago,wind_only,shortwave_radiation_sum,290,20.973016551724136,21.934800000000003,16.6689,25.7031,2.8908,30.906,5.965393525184514
2019_2024,regime_weather_calendar,Chicago,wind_only,wind_direction_10m_dominant,290,131.6100122072791,112.81141891320738,55.38261915042682,195.9127667034087,1.7429254513724182,359.7148266054155,90.87110057164698
2019_2024,regime_weather_calendar,Chicago,wind_only,pure_wind_run_days,290,2.013793103448276,2.0,1.0,3.0,1.0,5.0,1.0619965977604142
2019_2024,regime_weather_calendar,Chicago,wind_only,low_wind_run_days,290,2.6655172413793102,2.0,1.0,3.0,1.0,8.0,1.8116836998829098
2019_2024,regime_weather_calendar,Dallas,episode,temperature_2m_max,46,36.91304347826087,36.4,35.6,37.075,35.1,42.6,1.8847468083010426
2019_2024,regime_weather_calendar,Dallas,episode,wind_speed_10m_mean,46,7.3151268115942,7.339583333333334,6.628125000000001,8.270833333333332,5.0,9.133333333333333,1.1307044533042017
2019_2024,regime_weather_calendar,Dallas,episode,relative_humidity_2m_mean,46,55.10416666666665,56.85416666666667,52.05208333333333,60.520833333333336,35.625,68.29166666666667,7.70037752601844
2019_2024,regime_weather_calendar,Dallas,episode,precipitation_sum,46,0.4130434782608695,0.0,0.0,0.0,0.0,12.8,1.9377660328501052
2019_2024,regime_weather_calendar,Dallas,episode,shortwave_radiation_sum,46,24.283565217391306,24.228,22.437,25.9245,19.3752,28.026,2.232562722893172
2019_2024,regime_weather_calendar,Dallas,episode,wind_direction_10m_dominant,46,132.4231875207145,139.94495511655722,96.86280477510302,165.85520638981194,38.36777894740407,204.290487651471,43.054966375914915
2019_2024,regime_weather_calendar,Dallas,episode,pure_wind_run_days,46,0.0,0.0,0.0,0.0,0.0,0.0,0.0
2019_2024,regime_weather_calendar,Dallas,episode,low_wind_run_days,46,5.760869565217392,4.0,3.0,9.0,2.0,11.0,3.10687254402734
2019_2024,regime_weather_calendar,Dallas,heat_only,temperature_2m_max,218,37.60871559633027,37.3,36.2,38.675000000000004,35.1,42.9,1.8109414517822722
2019_2024,regime_weather_calendar,Dallas,heat_only,wind_speed_10m_mean,218,14.200688073394495,13.752083333333335,11.614583333333332,16.257291666666667,9.245833333333334,27.1125,3.333490708351088
2019_2024,regime_weather_calendar,Dallas,heat_only,relative_humidity_2m_mean,218,53.48470948012231,54.85416666666666,45.583333333333336,60.04166666666666,34.0,72.83333333333333,8.563549412354734
2019_2024,regime_weather_calendar,Dallas,heat_only,precipitation_sum,218,0.28394495412844034,0.0,0.0,0.0,0.0,18.4,1.5005280289350087
2019_2024,regime_weather_calendar,Dallas,heat_only,shortwave_radiation_sum,218,25.382559633027526,25.7364,23.8149,27.3528,15.6456,29.3364,2.579109661583547
2019_2024,regime_weather_calendar,Dallas,heat_only,wind_direction_10m_dominant,218,166.71512657772575,175.56419838190652,163.78507807205074,182.71292785301767,9.021469577603652,349.7774043039244,38.64028291216854
2019_2024,regime_weather_calendar,Dallas,heat_only,pure_wind_run_days,218,0.0,0.0,0.0,0.0,0.0,0.0,0.0
2019_2024,regime_weather_calendar,Dallas,heat_only,low_wind_run_days,218,0.0,0.0,0.0,0.0,0.0,0.0,0.0
2019_2024,regime_weather_calendar,Dallas,neither,temperature_2m_max,686,28.43032069970845,29.5,25.2,32.8,5.3,35.0,5.335490499954409
2019_2024,regime_weather_calendar,Dallas,neither,wind_speed_10m_mean,686,15.250983965014576,14.16875,11.484375,18.175,9.2,35.516666666666666,4.737749970249823
2019_2024,regime_weather_calendar,Dallas,neither,relative_humidity_2m_mean,686,66.99757045675412,68.22916666666666,58.41666666666666,76.10416666666667,28.625,94.66666666666669,12.957169805184991
2019_2024,regime_weather_calendar,Dallas,neither,precipitation_sum,686,4.371137026239067,0.1,0.0,2.975,0.0,91.3,10.325569460842605
2019_2024,regime_weather_calendar,Dallas,neither,shortwave_radiation_sum,686,18.719569679300292,19.269,14.6709,23.796,1.5732,30.5676,6.350817183076548
2019_2024,regime_weather_calendar,Dallas,neither,wind_direction_10m_dominant,686,158.6306770959727,163.08086885298417,120.32906164257258,180.32580708106585,0.5013497592401707,358.56904341628643,80.86440399491109
2019_2024,regime_weather_calendar,Dallas,neither,pure_wind_run_days,686,0.0,0.0,0.0,0.0,0.0,0.0,0.0
2019_2024,regime_weather_calendar,Dallas,neither,low_wind_run_days,686,0.0,0.0,0.0,0.0,0.0,0.0,0.0
2019_2024,regime_weather_calendar,Dallas,other_compound,temperature_2m_max,39,36.47179487179486,36.2,35.4,36.6,35.1,41.5,1.5991689812209726
2019_2024,regime_weather_calendar,Dallas,other_compound,wind_speed_10m_mean,39,7.7131410256410255,8.112499999999999,6.947916666666666,8.572916666666668,4.75,9.104166666666666,1.2350093587840947
2019_2024,regime_weather_calendar,Dallas,other_compound,relative_humidity_2m_mean,39,57.125,58.208333333333336,49.833333333333336,63.333333333333336,37.375,79.25,10.178487519623655
2019_2024,regime_weather_calendar,Dallas,other_compound,precipitation_sum,39,0.6282051282051282,0.0,0.0,0.3,0.0,9.3,1.7438536753482616
2019_2024,regime_weather_calendar,Dallas,other_compound,shortwave_radiation_sum,39,24.44778461538462,24.2604,22.8384,26.4186,19.1952,29.2464,2.3867715571610275
2019_2024,regime_weather_calendar,Dallas,other_compound,wind_direction_10m_dominant,39,144.21763546414152,145.95660174689905,106.77615526251158,166.3134255236137,6.600856170316927,336.5079350914337,63.63840045128297
2019_2024,regime_weather_calendar,Dallas,other_compound,pure_wind_run_days,39,0.0,0.0,0.0,0.0,0.0,0.0,0.0
2019_2024,regime_weather_calendar,Dallas,other_compound,low_wind_run_days,39,2.358974358974359,1.0,1.0,3.0,1.0,8.0,1.953231862798565
2019_2024,regime_weather_calendar,Dallas,wind_only,temperature_2m_max,295,30.03389830508474,30.9,28.15,32.9,15.4,35.0,3.9313501069088663
2019_2024,regime_weather_calendar,Dallas,wind_only,wind_speed_10m_mean,295,7.37367231638418,7.454166666666667,6.387499999999999,8.364583333333332,4.316666666666666,9.179166666666667,1.200555742976423
2019_2024,regime_weather_calendar,Dallas,wind_only,relative_humidity_2m_mean,295,66.89265536723164,67.66666666666667,58.5625,75.6875,37.583333333333336,95.45833333333331,12.007575387927943
2019_2024,regime_weather_calendar,Dallas,wind_only,precipitation_sum,295,3.2159322033898308,0.0,0.0,1.05,0.0,83.0,9.329387246220719
2019_2024,regime_weather_calendar,Dallas,wind_only,shortwave_radiation_sum,295,20.485098305084744,21.024,17.378999999999998,24.2352,2.6064,30.33,5.311192015118612
2019_2024,regime_weather_calendar,Dallas,wind_only,wind_direction_10m_dominant,295,121.61907137014185,106.49605642888638,68.68599354160175,158.22755660767,1.7714764559631966,357.304433565903,73.97718983608624
2019_2024,regime_weather_calendar,Dallas,wind_only,pure_wind_run_days,295,3.671186440677966,3.0,1.0,5.0,1.0,12.0,2.964130853525587
2019_2024,regime_weather_calendar,Dallas,wind_only,low_wind_run_days,295,4.057627118644068,3.0,2.0,6.0,1.0,12.0,3.1287673014260684
2019_2024,regime_weather_calendar,Denver,episode,temperature_2m_max,8,34.599999999999994,34.15,33.775,35.525,33.0,36.9,1.3437686875776964
2019_2024,regime_weather_calendar,Denver,episode,wind_speed_10m_mean,8,6.64375,6.71875,6.591666666666667,6.777083333333334,6.1125,6.866666666666667,0.23945001466654697
2019_2024,regime_weather_calendar,Denver,episode,relative_humidity_2m_mean,8,41.28125,41.75,34.541666666666664,44.833333333333336,27.791666666666668,56.54166666666666,9.267405064363167
2019_2024,regime_weather_calendar,Denver,episode,precipitation_sum,8,0.0,0.0,0.0,0.0,0.0,0.0,0.0
2019_2024,regime_weather_calendar,Denver,episode,shortwave_radiation_sum,8,26.62335,26.2134,25.749899999999997,27.156599999999997,24.0768,29.8692,1.8450763259473655
2019_2024,regime_weather_calendar,Denver,episode,wind_direction_10m_dominant,8,203.5360144312218,221.37259404169595,159.78306201027098,242.30877246450385,103.9661649912552,277.23448251272737,58.08936368942372
2019_2024,regime_weather_calendar,Denver,episode,pure_wind_run_days,8,0.0,0.0,0.0,0.0,0.0,0.0,0.0
2019_2024,regime_weather_calendar,Denver,episode,low_wind_run_days,8,2.25,2.0,2.0,2.25,2.0,3.0,0.4629100498862757
2019_2024,regime_weather_calendar,Denver,heat_only,temperature_2m_max,223,34.38206278026906,34.2,33.2,35.5,32.2,38.0,1.4154047126335945
2019_2024,regime_weather_calendar,Denver,heat_only,wind_speed_10m_mean,223,8.96223841554559,8.579166666666667,7.74375,9.702083333333334,7.070833333333333,17.775000000000002,1.5791572852523736
2019_2024,regime_weather_calendar,Denver,heat_only,relative_humidity_2m_mean,223,37.55624065769805,37.875,32.125,43.25,19.166666666666668,57.708333333333336,7.295531321133424
2019_2024,regime_weather_calendar,Denver,heat_only,precipitation_sum,223,0.30493273542600896,0.0,0.0,0.3,0.0,5.7,0.687155561518181
2019_2024,regime_weather_calendar,Denver,heat_only,shortwave_radiation_sum,223,26.354712107623318,26.3808,24.247799999999998,28.8612,16.8228,31.9104,2.9139840221953004
2019_2024,regime_weather_calendar,Denver,heat_only,wind_direction_10m_dominant,223,224.73780667755372,232.92625734799597,201.8775137673039,260.1397780045878,9.977946400911712,353.09995287125,63.7164081672052
2019_2024,regime_weather_calendar,Denver,heat_only,pure_wind_run_days,223,0.0,0.0,0.0,0.0,0.0,0.0,0.0
2019_2024,regime_weather_calendar,Denver,heat_only,low_wind_run_days,223,0.0,0.0,0.0,0.0,0.0,0.0,0.0
2019_2024,regime_weather_calendar,Denver,neither,temperature_2m_max,676,23.108136094674553,24.9,19.2,29.0,-6.3,32.1,7.541932678081267
2019_2024,regime_weather_calendar,Denver,neither,wind_speed_10m_mean,676,9.336489151873767,8.627083333333335,7.7625,10.129166666666666,7.070833333333333,22.704166666666666,2.1965285591678905
2019_2024,regime_weather_calendar,Denver,neither,relative_humidity_2m_mean,676,50.163399901380664,47.60416666666667,37.833333333333336,59.17708333333333,21.58333333333333,96.83333333333331,15.884719963040082
2019_2024,regime_weather_calendar,Denver,neither,precipitation_sum,676,1.782544378698225,0.1,0.0,1.4,0.0,39.2,4.081530944373626
2019_2024,regime_weather_calendar,Denver,neither,shortwave_radiation_sum,676,21.874084615384614,22.6458,18.0702,26.3349,4.7916,32.5188,5.7374866002457905
2019_2024,regime_weather_calendar,Denver,neither,wind_direction_10m_dominant,676,178.44954801306517,202.61270776970247,86.47261849286538,248.92910314804791,0.2824470047790842,359.62828845668906,95.84508735064668
2019_2024,regime_weather_calendar,Denver,neither,pure_wind_run_days,676,0.0,0.0,0.0,0.0,0.0,0.0,0.0
2019_2024,regime_weather_calendar,Denver,neither,low_wind_run_days,676,0.0,0.0,0.0,0.0,0.0,0.0,0.0
2019_2024,regime_weather_calendar,Denver,other_compound,temperature_2m_max,33,34.09090909090909,33.7,33.3,35.0,32.2,37.4,1.3274420035268102
2019_2024,regime_weather_calendar,Denver,other_compound,wind_speed_10m_mean,33,6.515277777777778,6.525,6.2125,6.908333333333334,5.591666666666666,7.05,0.4072432658084064
2019_2024,regime_weather_calendar,Denver,other_compound,relative_humidity_2m_mean,33,40.97727272727273,42.208333333333336,35.333333333333336,48.125,23.33333333333333,54.833333333333336,8.112872164659137
2019_2024,regime_weather_calendar,Denver,other_compound,precipitation_sum,33,0.2363636363636364,0.0,0.0,0.1,0.0,3.1,0.597818002101278
2019_2024,regime_weather_calendar,Denver,other_compound,shortwave_radiation_sum,33,26.589272727272725,25.4052,24.7248,28.8072,23.3136,32.0364,2.342872415336664
2019_2024,regime_weather_calendar,Denver,other_compound,wind_direction_10m_dominant,33,224.4347634305935,221.16465355232387,199.1433950406584,239.88863397948973,124.00334272716762,316.0115329644215,41.04530718547357
2019_2024,regime_weather_calendar,Denver,other_compound,pure_wind_run_days,33,0.0,0.0,0.0,0.0,0.0,0.0,0.0
2019_2024,regime_weather_calendar,Denver,other_compound,low_wind_run_days,33,1.4242424242424243,1.0,1.0,2.0,1.0,4.0,0.7512615652314042
2019_2024,regime_weather_calendar,Denver,wind_only,temperature_2m_max,344,22.81831395348837,24.1,19.3,28.3,-9.1,32.1,6.976790891457788
2019_2024,regime_weather_calendar,Denver,wind_only,wind_speed_10m_mean,344,6.229808624031008,6.375,5.848958333333334,6.8125,3.329166666666667,7.066666666666666,0.7011309510924234
2019_2024,regime_weather_calendar,Denver,wind_only,relative_humidity_2m_mean,344,56.53718507751938,55.375,44.90624999999999,66.5,23.291666666666668,94.70833333333331,14.51472913359025
2019_2024,regime_weather_calendar,Denver,wind_only,precipitation_sum,344,1.8017441860465115,0.1,0.0,1.6,0.0,27.9,3.8716578565615962
2019_2024,regime_weather_calendar,Denver,wind_only,shortwave_radiation_sum,344,22.116076744186046,23.0112,18.016199999999998,26.4843,6.5304,31.4964,5.545912677747027
2019_2024,regime_weather_calendar,Denver,wind_only,wind_direction_10m_dominant,344,193.14320321352153,212.833279373862,119.98734773375757,255.2820436719224,1.8042287084544204,357.5274118727665,89.25635023752601
2019_2024,regime_weather_calendar,Denver,wind_only,pure_wind_run_days,344,2.3430232558139537,2.0,1.0,3.0,1.0,7.0,1.4523764137684836
2019_2024,regime_weather_calendar,Denver,wind_only,low_wind_run_days,344,2.38953488372093,2.0,1.0,3.0,1.0,7.0,1.4466230159869145
2019_2024,regime_weather_calendar,Houston,episode,temperature_2m_max,76,34.66578947368422,34.6,33.9,35.1,33.5,37.2,0.9317442612761575
2019_2024,regime_weather_calendar,Houston,episode,wind_speed_10m_mean,76,6.57938596491228,6.65,6.011458333333334,7.316666666666666,4.308333333333333,8.179166666666667,0.9392020092770349
2019_2024,regime_weather_calendar,Houston,episode,relative_humidity_2m_mean,76,73.77412280701755,75.39583333333333,71.23958333333333,78.03125,47.375,83.45833333333333,6.39822842652954
2019_2024,regime_weather_calendar,Houston,episode,precipitation_sum,76,1.3460526315789474,0.1,0.0,1.3499999999999999,0.0,24.1,3.3043987164373765
2019_2024,regime_weather_calendar,Houston,episode,shortwave_radiation_sum,76,23.293326315789475,23.607,21.78,24.805799999999998,18.6264,29.0196,2.386256469667831
2019_2024,regime_weather_calendar,Houston,episode,wind_direction_10m_dominant,76,173.31262233468024,182.5330129106025,137.37868011439002,222.0155522170827,8.853546362049626,328.5149555260948,70.53963190944458
2019_2024,regime_weather_calendar,Houston,episode,pure_wind_run_days,76,0.0,0.0,0.0,0.0,0.0,0.0,0.0
2019_2024,regime_weather_calendar,Houston,episode,low_wind_run_days,76,10.802631578947368,7.5,4.0,23.0,2.0,23.0,8.452249778360166
2019_2024,regime_weather_calendar,Houston,heat_only,temperature_2m_max,207,35.50917874396136,35.3,34.1,36.4,33.5,41.9,1.6818456118414253
2019_2024,regime_weather_calendar,Houston,heat_only,wind_speed_10m_mean,207,11.572020933977457,10.933333333333332,9.564583333333333,13.233333333333334,8.270833333333334,20.35,2.535147453012005
2019_2024,regime_weather_calendar,Houston,heat_only,relative_humidity_2m_mean,207,70.86171497584542,71.58333333333333,68.02083333333334,74.9375,41.958333333333336,81.45833333333333,6.045914808037536
2019_2024,regime_weather_calendar,Houston,heat_only,precipitation_sum,207,0.5811594202898551,0.0,0.0,0.5,0.0,7.6,1.2166652692398268
2019_2024,regime_weather_calendar,Houston,heat_only,shortwave_radiation_sum,207,23.73198260869565,23.922,22.3236,25.653599999999997,15.0228,28.3176,2.6343712195540174
2019_2024,regime_weather_calendar,Houston,heat_only,wind_direction_10m_dominant,207,174.35928788314126,186.09677969882588,169.95830504272126,198.18623859263758,1.0627890111781586,358.9277565825293,56.46517580686488
2019_2024,regime_weather_calendar,Houston,heat_only,pure_wind_run_days,207,0.0,0.0,0.0,0.0,0.0,0.0,0.0
2019_2024,regime_weather_calendar,Houston,heat_only,low_wind_run_days,207,0.0,0.0,0.0,0.0,0.0,0.0,0.0
2019_2024,regime_weather_calendar,Houston,neither,temperature_2m_max,664,28.502560240963852,29.2,26.6,31.4,13.2,33.4,3.6752331674300502
2019_2024,regime_weather_calendar,Houston,neither,wind_speed_10m_mean,664,13.386627761044176,12.60625,10.194791666666667,15.796875,8.216666666666667,34.85,3.962251692099359
2019_2024,regime_weather_calendar,Houston,neither,relative_humidity_2m_mean,664,76.29856927710843,78.41666666666667,72.15625,83.5,28.70833333333333,97.5,10.631035999919936
2019_2024,regime_weather_calendar,Houston,neither,precipitation_sum,664,5.325301204819277,0.8,0.0,5.025,0.0,162.9,12.436938058264042
2019_2024,regime_weather_calendar,Houston,neither,shortwave_radiation_sum,664,17.87799578313253,18.691200000000002,13.7025,22.0671,2.124,30.258,6.096521392668466
2019_2024,regime_weather_calendar,Houston,neither,wind_direction_10m_dominant,664,146.5727776019041,147.6505811015919,101.46463877888843,172.48730277817663,1.6580688137949324,358.8484359036668,78.243336373471
2019_2024,regime_weather_calendar,Houston,neither,pure_wind_run_days,664,0.0,0.0,0.0,0.0,0.0,0.0,0.0
2019_2024,regime_weather_calendar,Houston,neither,low_wind_run_days,664,0.0,0.0,0.0,0.0,0.0,0.0,0.0
2019_2024,regime_weather_calendar,Houston,other_compound,temperature_2m_max,42,34.740476190476194,34.5,33.8,35.2,33.5,38.9,1.3198409963010092
2019_2024,regime_weather_calendar,Houston,other_compound,wind_speed_10m_mean,42,7.05138888888889,7.189583333333333,6.389583333333333,7.794791666666667,5.083333333333333,8.179166666666667,0.9146942316909559
2019_2024,regime_weather_calendar,Houston,other_compound,relative_humidity_2m_mean,42,73.02579365079364,72.97916666666666,69.76041666666666,77.97916666666667,61.29166666666666,83.0,5.679601393010055
2019_2024,regime_weather_calendar,Houston,other_compound,precipitation_sum,42,1.8571428571428572,0.2,0.0,1.1250000000000002,0.0,19.5,4.0226882685491985
2019_2024,regime_weather_calendar,Houston,other_compound,shortwave_radiation_sum,42,22.112228571428574,22.233600000000003,19.984499999999997,24.4881,14.5656,26.9208,3.00097649557084
2019_2024,regime_weather_calendar,Houston,other_compound,wind_direction_10m_dominant,42,181.12697944077215,180.53067180240166,154.81000957110084,213.83635370672152,11.250631411105347,356.8953128165101,76.07835888365638
2019_2024,regime_weather_calendar,Houston,other_compound,pure_wind_run_days,42,0.0,0.0,0.0,0.0,0.0,0.0,0.0
2019_2024,regime_weather_calendar,Houston,other_compound,low_wind_run_days,42,3.857142857142857,2.5,1.0,4.75,1.0,13.0,3.5652210862340947
2019_2024,regime_weather_calendar,Houston,wind_only,temperature_2m_max,295,30.715593220338977,31.2,29.8,32.4,22.1,33.4,2.2593932958340837
2019_2024,regime_weather_calendar,Houston,wind_only,wind_speed_10m_mean,295,6.511638418079096,6.679166666666667,5.7354166666666675,7.414583333333333,3.6791666666666663,8.204166666666667,1.1334574487496145
2019_2024,regime_weather_calendar,Houston,wind_only,relative_humidity_2m_mean,295,78.07697740112994,79.875,73.97916666666666,83.41666666666667,53.16666666666666,92.875,7.938601212882194
2019_2024,regime_weather_calendar,Houston,wind_only,precipitation_sum,295,4.711525423728813,1.6,0.0,7.300000000000001,0.0,39.6,6.817389932246579
2019_2024,regime_weather_calendar,Houston,wind_only,shortwave_radiation_sum,295,18.974001355932202,19.3968,16.0722,22.0878,5.8824,28.6164,4.487574005453272
2019_2024,regime_weather_calendar,Houston,wind_only,wind_direction_10m_dominant,295,146.02444126784428,138.58808841275487,95.10510050767886,184.93372342287614,2.6342062930408554,359.5023800545546,77.50973013944835
2019_2024,regime_weather_calendar,Houston,wind_only,pure_wind_run_days,295,4.0508474576271185,3.0,2.0,5.0,1.0,15.0,3.2650683068015973
2019_2024,regime_weather_calendar,Houston,wind_only,low_wind_run_days,295,5.03728813559322,4.0,2.0,7.0,1.0,15.0,3.7391975159055177
2019_2024,regime_weather_calendar,Los Angeles,episode,temperature_2m_max,76,34.821052631578944,34.3,33.3,35.8,32.4,44.9,2.136059661431062
2019_2024,regime_weather_calendar,Los Angeles,episode,wind_speed_10m_mean,76,5.564144736842105,5.666666666666666,5.144791666666666,6.064583333333333,3.9958333333333336,6.370833333333334,0.6220705714056621
2019_2024,regime_weather_calendar,Los Angeles,episode,relative_humidity_2m_mean,76,50.053179824561404,51.08333333333333,43.69791666666666,57.125,29.041666666666668,66.875,8.757160029994637
2019_2024,regime_weather_calendar,Los Angeles,episode,precipitation_sum,76,0.002631578947368421,0.0,0.0,0.0,0.0,0.2,0.022941573387056182
2019_2024,regime_weather_calendar,Los Angeles,episode,shortwave_radiation_sum,76,24.414489473684213,24.326999999999998,21.4893,26.752499999999998,18.666,30.5676,3.1969885360477996
2019_2024,regime_weather_calendar,Los Angeles,episode,wind_direction_10m_dominant,76,222.63566611344666,223.23753757119107,210.09338134056276,234.59382185063455,5.456752951513638,336.8331760199196,35.73612005377134
2019_2024,regime_weather_calendar,Los Angeles,episode,pure_wind_run_days,76,0.0,0.0,0.0,0.0,0.0,0.0,0.0
2019_2024,regime_weather_calendar,Los Angeles,episode,low_wind_run_days,76,8.56578947368421,6.0,3.0,8.5,2.0,29.0,7.4785658630797025
2019_2024,regime_weather_calendar,Los Angeles,heat_only,temperature_2m_max,112,34.71160714285714,33.8,33.075,35.7,32.4,44.0,2.4102164508127353
2019_2024,regime_weather_calendar,Los Angeles,heat_only,wind_speed_10m_mean,112,7.028608630952381,6.85625,6.611458333333333,7.340624999999999,6.408333333333332,9.525,0.5749304957382593
2019_2024,regime_weather_calendar,Los Angeles,heat_only,relative_humidity_2m_mean,112,48.60267857142857,51.25,44.010416666666664,56.010416666666664,13.875,65.79166666666667,11.682606454101693
2019_2024,regime_weather_calendar,Los Angeles,heat_only,precipitation_sum,112,0.125,0.0,0.0,0.0,0.0,13.2,1.2483863458354822
2019_2024,regime_weather_calendar,Los Angeles,heat_only,shortwave_radiation_sum,112,26.648196428571428,27.7524,24.8328,29.1636,10.8252,31.8204,3.7144289334928877
2019_2024,regime_weather_calendar,Los Angeles,heat_only,wind_direction_10m_dominant,112,211.0229990810451,214.4608453956914,200.47793684855102,225.27250177166616,13.950212429210888,348.6616600521888,47.48243062125952
2019_2024,regime_weather_calendar,Los Angeles,heat_only,pure_wind_run_days,112,0.0,0.0,0.0,0.0,0.0,0.0,0.0
2019_2024,regime_weather_calendar,Los Angeles,heat_only,low_wind_run_days,112,0.0,0.0,0.0,0.0,0.0,0.0,0.0
2019_2024,regime_weather_calendar,Los Angeles,neither,temperature_2m_max,743,25.587079407806193,25.9,22.7,28.9,13.2,32.3,3.913687358013348
2019_2024,regime_weather_calendar,Los Angeles,neither,wind_speed_10m_mean,743,7.589692687303724,7.4125,6.920833333333333,7.941666666666666,6.408333333333334,14.575,0.9833295647644607
2019_2024,regime_weather_calendar,Los Angeles,neither,relative_humidity_2m_mean,743,64.59920367877972,66.41666666666667,61.75,70.33333333333333,10.041666666666666,86.83333333333333,10.26553107988038
2019_2024,regime_weather_calendar,Los Angeles,neither,precipitation_sum,743,0.34239569313593543,0.0,0.0,0.0,0.0,45.3,2.315538318200371
2019_2024,regime_weather_calendar,Los Angeles,neither,shortwave_radiation_sum,743,25.59507456258412,27.4284,23.7852,29.1042,3.1176,32.2992,5.13974530829723
2019_2024,regime_weather_calendar,Los Angeles,neither,wind_direction_10m_dominant,743,205.6011897335329,204.46801604865607,195.03737824986234,215.1167638566675,0.8286237982664667,349.1187121382537,33.95136355639191
2019_2024,regime_weather_calendar,Los Angeles,neither,pure_wind_run_days,743,0.0,0.0,0.0,0.0,0.0,0.0,0.0
2019_2024,regime_weather_calendar,Los Angeles,neither,low_wind_run_days,743,0.0,0.0,0.0,0.0,0.0,0.0,0.0
2019_2024,regime_weather_calendar,Los Angeles,other_compound,temperature_2m_max,51,34.227450980392156,33.9,32.95,35.0,32.4,42.9,1.8595782781450791
2019_2024,regime_weather_calendar,Los Angeles,other_compound,wind_speed_10m_mean,51,5.7251633986928105,5.8125,5.56875,6.166666666666667,3.8375,6.4,0.5543890285612684
2019_2024,regime_weather_calendar,Los Angeles,other_compound,relative_humidity_2m_mean,51,49.40522875816993,50.66666666666666,44.60416666666667,56.8125,11.833333333333334,65.0,10.222334202995624
2019_2024,regime_weather_calendar,Los Angeles,other_compound,precipitation_sum,51,0.005882352941176471,0.0,0.0,0.0,0.0,0.2,0.031059714782221377
2019_2024,regime_weather_calendar,Los Angeles,other_compound,shortwave_radiation_sum,51,24.57515294117647,24.6024,21.9114,28.0368,16.5384,31.7808,4.1090314371322565
2019_2024,regime_weather_calendar,Los Angeles,other_compound,wind_direction_10m_dominant,51,219.6789629421117,219.7738904551265,202.83449525071592,236.6599942078158,23.787687531108507,358.19236171343266,49.25455646088665
2019_2024,regime_weather_calendar,Los Angeles,other_compound,pure_wind_run_days,51,0.0,0.0,0.0,0.0,0.0,0.0,0.0
2019_2024,regime_weather_calendar,Los Angeles,other_compound,low_wind_run_days,51,5.705882352941177,2.0,1.0,6.0,1.0,23.0,7.080378853273484
2019_2024,regime_weather_calendar,Los Angeles,wind_only,temperature_2m_max,302,26.756622516556295,27.35,24.125,29.6,16.9,32.3,3.6830949695476587
2019_2024,regime_weather_calendar,Los Angeles,wind_only,wind_speed_10m_mean,302,5.581456953642385,5.685416666666667,5.186458333333333,6.0875,3.1,6.404166666666666,0.6191721066263072
2019_2024,regime_weather_calendar,Los Angeles,wind_only,relative_humidity_2m_mean,302,64.05698123620309,65.9375,58.03125,71.75,19.166666666666668,80.95833333333333,10.294091160048342
2019_2024,regime_weather_calendar,Los Angeles,wind_only,precipitation_sum,302,0.11092715231788079,0.0,0.0,0.0,0.0,9.8,0.7081254567163018
2019_2024,regime_weather_calendar,Los Angeles,wind_only,shortwave_radiation_sum,302,21.54142251655629,21.2202,17.7894,25.601399999999998,7.4988,31.1364,4.843430792871773
2019_2024,regime_weather_calendar,Los Angeles,wind_only,wind_direction_10m_dominant,302,212.13802226086494,211.01556285864362,199.34887990935678,223.5815829562822,3.4089227032683627,355.95607511725404,37.55725256492837
2019_2024,regime_weather_calendar,Los Angeles,wind_only,pure_wind_run_days,302,5.397350993377484,4.0,2.0,8.0,1.0,16.0,4.553235453207005
2019_2024,regime_weather_calendar,Los Angeles,wind_only,low_wind_run_days,302,9.016556291390728,6.0,3.0,11.0,1.0,29.0,8.668290480958126
2019_2024,regime_weather_calendar,New York,episode,temperature_2m_max,56,30.799999999999994,30.9,29.875,31.6,28.8,33.7,1.1079875286465837
2019_2024,regime_weather_calendar,New York,episode,wind_speed_10m_mean,56,6.649330357142857,6.810416666666667,6.165625,7.463541666666667,4.15,8.095833333333333,1.0168342437604618
2019_2024,regime_weather_calendar,New York,episode,relative_humidity_2m_mean,56,73.23586309523809,73.625,68.71875,79.125,57.66666666666666,85.5,7.099234721817681
2019_2024,regime_weather_calendar,New York,episode,precipitation_sum,56,2.889285714285714,0.2,0.0,4.3,0.0,23.9,4.955462681688804
2019_2024,regime_weather_calendar,New York,episode,shortwave_radiation_sum,56,21.921492857142855,22.194000000000003,19.9332,24.3414,8.9604,29.3904,4.119323178645962
2019_2024,regime_weather_calendar,New York,episode,wind_direction_10m_dominant,56,216.02452800407193,211.21220733541884,172.139881367055,273.23113032098547,8.607234747900218,347.1097591269209,74.72197798296767
2019_2024,regime_weather_calendar,New York,episode,pure_wind_run_days,56,0.0,0.0,0.0,0.0,0.0,0.0,0.0
2019_2024,regime_weather_calendar,New York,episode,low_wind_run_days,56,4.482142857142857,4.0,3.0,5.0,2.0,10.0,2.5369349540417785
2019_2024,regime_weather_calendar,New York,heat_only,temperature_2m_max,142,30.862676056338028,30.5,29.5,31.875,28.8,35.5,1.6230436845992997
2019_2024,regime_weather_calendar,New York,heat_only,wind_speed_10m_mean,142,10.915346244131456,10.360416666666666,9.140625,12.469791666666667,8.1875,16.445833333333333,2.1135373389570065
2019_2024,regime_weather_calendar,New York,heat_only,relative_humidity_2m_mean,142,68.8556338028169,69.0625,65.27083333333333,74.10416666666667,48.29166666666666,85.04166666666667,7.085877136698791
2019_2024,regime_weather_calendar,New York,heat_only,precipitation_sum,142,2.084507042253521,0.4,0.0,2.275,0.0,25.5,4.158104037646643
2019_2024,regime_weather_calendar,New York,heat_only,shortwave_radiation_sum,142,22.824785915492956,22.9032,20.9952,25.560000000000002,13.086,29.8872,3.607990004361607
2019_2024,regime_weather_calendar,New York,heat_only,wind_direction_10m_dominant,142,240.03499128391724,235.54754429686483,216.68499749634412,271.6512944698476,0.3581138259815105,344.4461339239091,47.84632368438977
2019_2024,regime_weather_calendar,New York,heat_only,pure_wind_run_days,142,0.0,0.0,0.0,0.0,0.0,0.0,0.0
2019_2024,regime_weather_calendar,New York,heat_only,low_wind_run_days,142,0.0,0.0,0.0,0.0,0.0,0.0,0.0
2019_2024,regime_weather_calendar,New York,neither,temperature_2m_max,751,20.61957390146471,21.3,16.8,25.15,3.7,28.7,5.314890060154705
2019_2024,regime_weather_calendar,New York,neither,wind_speed_10m_mean,751,12.461506879715936,11.466666666666669,9.595833333333331,14.15,8.158333333333333,29.504166666666663,3.7451256973897284
2019_2024,regime_weather_calendar,New York,neither,relative_humidity_2m_mean,751,68.73396582334664,69.04166666666667,60.04166666666667,78.14583333333334,29.666666666666668,94.16666666666669,12.676624538575544
2019_2024,regime_weather_calendar,New York,neither,precipitation_sum,751,3.9575233022636485,0.1,0.0,3.45,0.0,102.6,9.0345230453959
2019_2024,regime_weather_calendar,New York,neither,shortwave_radiation_sum,751,17.22655605858855,17.8632,11.860199999999999,23.3658,0.7919999999999999,30.8484,7.657845325791491
2019_2024,regime_weather_calendar,New York,neither,wind_direction_10m_dominant,751,191.61265516768313,207.9733344921262,90.43782277463501,289.868408989262,0.4440196315656156,359.96536098402,106.34394173256273
2019_2024,regime_weather_calendar,New York,neither,pure_wind_run_days,751,0.0,0.0,0.0,0.0,0.0,0.0,0.0
2019_2024,regime_weather_calendar,New York,neither,low_wind_run_days,751,0.0,0.0,0.0,0.0,0.0,0.0,0.0
2019_2024,regime_weather_calendar,New York,other_compound,temperature_2m_max,42,30.69047619047619,30.6,29.424999999999997,31.8,28.8,33.6,1.4083045547506674
2019_2024,regime_weather_calendar,New York,other_compound,wind_speed_10m_mean,42,7.022619047619047,7.133333333333333,6.592708333333333,7.670833333333333,4.116666666666666,8.116666666666667,0.9457843737808105
2019_2024,regime_weather_calendar,New York,other_compound,relative_humidity_2m_mean,42,69.5545634920635,70.47916666666666,64.67708333333334,74.26041666666667,47.5,82.54166666666667,7.459678695569125
2019_2024,regime_weather_calendar,New York,other_compound,precipitation_sum,42,2.5309523809523813,0.0,0.0,0.575,0.0,39.6,6.944360340179827
2019_2024,regime_weather_calendar,New York,other_compound,shortwave_radiation_sum,42,23.419114285714286,23.6556,20.8782,26.136000000000003,13.7592,29.8404,4.104326520111842
2019_2024,regime_weather_calendar,New York,other_compound,wind_direction_10m_dominant,42,234.49064861348165,242.89635129186408,222.55198107003986,264.1943915963644,30.45630983246973,326.3715595994123,60.20515002536632
2019_2024,regime_weather_calendar,New York,other_compound,pure_wind_run_days,42,0.0,0.0,0.0,0.0,0.0,0.0,0.0
2019_2024,regime_weather_calendar,New York,other_compound,low_wind_run_days,42,1.9047619047619047,2.0,1.0,2.0,1.0,7.0,1.265094690556534
2019_2024,regime_weather_calendar,New York,wind_only,temperature_2m_max,293,23.10102389078498,23.9,20.5,26.8,8.9,28.7,4.419845381303825
2019_2024,regime_weather_calendar,New York,wind_only,wind_speed_10m_mean,293,6.746160409556314,6.8500000000000005,6.1125,7.595833333333334,3.654166666666667,8.15,0.9725542171750822
2019_2024,regime_weather_calendar,New York,wind_only,relative_humidity_2m_mean,293,74.46871444823663,75.625,67.25,81.875,45.583333333333336,95.33333333333331,10.126038387326291
2019_2024,regime_weather_calendar,New York,wind_only,precipitation_sum,293,2.532423208191126,0.1,0.0,2.5,0.0,26.3,5.112247575414971
2019_2024,regime_weather_calendar,New York,wind_only,shortwave_radiation_sum,293,16.65598361774744,16.8624,12.0348,21.4416,2.286,30.9816,6.2717893523085335
2019_2024,regime_weather_calendar,New York,wind_only,wind_direction_10m_dominant,293,176.51963495770102,171.35854741081067,106.99744980465078,249.6980167159296,4.688037661023405,354.37037817136047,90.97398195561863
2019_2024,regime_weather_calendar,New York,wind_only,pure_wind_run_days,293,2.2013651877133107,2.0,1.0,3.0,1.0,5.0,1.2755866954272759
2019_2024,regime_weather_calendar,New York,wind_only,low_wind_run_days,293,2.532423208191126,2.0,1.0,3.0,1.0,10.0,1.7151041139392431
2019_2024,regime_weather_calendar,Philadelphia,episode,temperature_2m_max,33,32.981818181818184,33.0,32.1,33.7,30.9,35.3,1.174322822272092
2019_2024,regime_weather_calendar,Philadelphia,episode,wind_speed_10m_mean,33,6.093686868686869,6.204166666666667,5.716666666666666,6.491666666666667,3.4791666666666665,7.770833333333333,0.9942609411133323
2019_2024,regime_weather_calendar,Philadelphia,episode,relative_humidity_2m_mean,33,68.02651515151516,68.79166666666667,64.0,75.04166666666667,53.208333333333336,79.45833333333333,7.890003194571821
2019_2024,regime_weather_calendar,Philadelphia,episode,precipitation_sum,33,2.139393939393939,0.1,0.0,2.4,0.0,10.3,3.3873790932241588
2019_2024,regime_weather_calendar,Philadelphia,episode,shortwave_radiation_sum,33,22.720363636363633,23.4468,20.3328,24.1956,15.1668,30.474,3.3502953934894104
2019_2024,regime_weather_calendar,Philadelphia,episode,wind_direction_10m_dominant,33,216.7065846011946,228.55341228475427,171.5530692945197,261.31054787881163,15.68708662037882,333.17633180974985,78.82443776843098
2019_2024,regime_weather_calendar,Philadelphia,episode,pure_wind_run_days,33,0.0,0.0,0.0,0.0,0.0,0.0,0.0
2019_2024,regime_weather_calendar,Philadelphia,episode,low_wind_run_days,33,4.242424242424242,4.0,2.0,6.0,2.0,8.0,2.121766702395421
2019_2024,regime_weather_calendar,Philadelphia,heat_only,temperature_2m_max,164,33.073170731707314,32.849999999999994,31.7,34.2,30.9,37.5,1.5165790354188118
2019_2024,regime_weather_calendar,Philadelphia,heat_only,wind_speed_10m_mean,164,10.600203252032522,10.189583333333335,8.864583333333334,12.135416666666666,7.8625,16.541666666666668,2.081922671941908
2019_2024,regime_weather_calendar,Philadelphia,heat_only,relative_humidity_2m_mean,164,66.7223069105691,66.77083333333333,61.65624999999999,73.51041666666667,38.458333333333336,84.83333333333333,8.257165039244612
2019_2024,regime_weather_calendar,Philadelphia,heat_only,precipitation_sum,164,2.5500000000000003,0.2,0.0,2.125,0.0,30.1,5.1902515985683895
2019_2024,regime_weather_calendar,Philadelphia,heat_only,shortwave_radiation_sum,164,22.860834146341464,23.2434,20.499299999999998,25.5555,10.656,30.4452,3.6790744756132727
2019_2024,regime_weather_calendar,Philadelphia,heat_only,wind_direction_10m_dominant,164,236.98129449803034,230.7860535309269,212.0239135098914,258.64248192865625,92.08039579576722,354.4534650525877,39.932135585173555
2019_2024,regime_weather_calendar,Philadelphia,heat_only,pure_wind_run_days,164,0.0,0.0,0.0,0.0,0.0,0.0,0.0
2019_2024,regime_weather_calendar,Philadelphia,heat_only,low_wind_run_days,164,0.0,0.0,0.0,0.0,0.0,0.0,0.0
2019_2024,regime_weather_calendar,Philadelphia,neither,temperature_2m_max,730,22.558767123287673,23.3,18.825,27.1,6.2,30.8,5.538656878186368
2019_2024,regime_weather_calendar,Philadelphia,neither,wind_speed_10m_mean,730,12.23605593607306,11.279166666666665,9.537499999999998,14.035416666666666,7.854166666666667,27.679166666666664,3.674381961997288
2019_2024,regime_weather_calendar,Philadelphia,neither,relative_humidity_2m_mean,730,64.03498858447489,63.97916666666667,54.09375,74.60416666666667,23.83333333333333,95.25,14.172441452577619
2019_2024,regime_weather_calendar,Philadelphia,neither,precipitation_sum,730,3.8163013698630133,0.0,0.0,3.375,0.0,62.6,8.408808499153963
2019_2024,regime_weather_calendar,Philadelphia,neither,shortwave_radiation_sum,730,17.491334794520547,18.1278,12.4713,23.391000000000002,0.8136,31.356,7.471091669852297
2019_2024,regime_weather_calendar,Philadelphia,neither,wind_direction_10m_dominant,730,202.75927265316722,223.68132976458668,101.51447910036032,294.39081788177526,2.219441785332548,359.7647035809854,104.22722268235374
2019_2024,regime_weather_calendar,Philadelphia,neither,pure_wind_run_days,730,0.0,0.0,0.0,0.0,0.0,0.0,0.0
2019_2024,regime_weather_calendar,Philadelphia,neither,low_wind_run_days,730,0.0,0.0,0.0,0.0,0.0,0.0,0.0
2019_2024,regime_weather_calendar,Philadelphia,other_compound,temperature_2m_max,43,32.01627906976745,31.7,31.3,32.4,30.9,35.1,1.012994202154738
2019_2024,regime_weather_calendar,Philadelphia,other_compound,wind_speed_10m_mean,43,6.742344961240309,7.125,6.0875,7.545833333333333,4.158333333333333,7.833333333333333,0.9532165550322226
2019_2024,regime_weather_calendar,Philadelphia,other_compound,relative_humidity_2m_mean,43,68.42732558139535,68.75,62.41666666666666,74.02083333333334,44.5,82.29166666666667,8.466974498680989
2019_2024,regime_weather_calendar,Philadelphia,other_compound,precipitation_sum,43,2.2837209302325583,0.0,0.0,2.1,0.0,18.5,4.416900994640502
2019_2024,regime_weather_calendar,Philadelphia,other_compound,shortwave_radiation_sum,43,22.73341395348837,23.4504,19.627200000000002,25.7922,14.3352,28.7712,3.7636652716392724
2019_2024,regime_weather_calendar,Philadelphia,other_compound,wind_direction_10m_dominant,43,225.44706583236612,226.5341527881938,204.53856908823678,260.7838295453381,45.8253348154872,316.88021057194766,57.452278285655105
2019_2024,regime_weather_calendar,Philadelphia,other_compound,pure_wind_run_days,43,0.0,0.0,0.0,0.0,0.0,0.0,0.0
2019_2024,regime_weather_calendar,Philadelphia,other_compound,low_wind_run_days,43,2.186046511627907,2.0,1.0,3.0,1.0,7.0,1.2957037792255783
2019_2024,regime_weather_calendar,Philadelphia,wind_only,temperature_2m_max,314,25.54044585987261,26.85,22.85,28.9,8.7,30.8,4.179164941573923
2019_2024,regime_weather_calendar,Philadelphia,wind_only,wind_speed_10m_mean,314,6.441202229299363,6.564583333333333,5.852083333333334,7.252083333333333,3.0083333333333333,7.845833333333334,1.0216197471494433
2019_2024,regime_weather_calendar,Philadelphia,wind_only,relative_humidity_2m_mean,314,69.92714968152866,70.4375,61.59375,79.1875,41.583333333333336,92.66666666666669,11.2902022784672
2019_2024,regime_weather_calendar,Philadelphia,wind_only,precipitation_sum,314,2.923248407643312,0.1,0.0,2.6,0.0,64.3,6.656582964432851
2019_2024,regime_weather_calendar,Philadelphia,wind_only,shortwave_radiation_sum,314,17.051434394904454,17.0622,12.5289,21.8844,2.6028,31.3056,6.3314629443403065
2019_2024,regime_weather_calendar,Philadelphia,wind_only,wind_direction_10m_dominant,314,189.21112286731235,193.1703877373617,105.13026992862913,274.15435652535666,2.667698250174033,357.1061189626764,98.53121246168342
2019_2024,regime_weather_calendar,Philadelphia,wind_only,pure_wind_run_days,314,2.267515923566879,2.0,1.0,3.0,1.0,6.0,1.2169314870421324
2019_2024,regime_weather_calendar,Philadelphia,wind_only,low_wind_run_days,314,2.5796178343949046,2.0,1.0,3.0,1.0,8.0,1.5277095074345248
2019_2024,regime_weather_calendar,Phoenix,episode,temperature_2m_max,16,43.443749999999994,43.3,42.2,44.05,41.9,46.8,1.4417437358976106
2019_2024,regime_weather_calendar,Phoenix,episode,wind_speed_10m_mean,16,6.108072916666667,6.21875,5.71875,6.473958333333333,5.241666666666666,6.7250000000000005,0.4729181197970822
2019_2024,regime_weather_calendar,Phoenix,episode,relative_humidity_2m_mean,16,24.0234375,24.4375,19.65625,26.864583333333332,13.375,34.916666666666664,5.975140800099903
2019_2024,regime_weather_calendar,Phoenix,episode,precipitation_sum,16,0.05,0.0,0.0,0.0,0.0,0.5,0.14142135623730953
2019_2024,regime_weather_calendar,Phoenix,episode,shortwave_radiation_sum,16,26.136225,26.559,24.1524,27.782999999999998,21.9168,30.1608,2.469132714537637
2019_2024,regime_weather_calendar,Phoenix,episode,wind_direction_10m_dominant,16,179.95802402385175,175.6910147647062,83.53537561549533,268.06712330965615,23.82101838423922,353.6760491385168,111.29411628257085
2019_2024,regime_weather_calendar,Phoenix,episode,pure_wind_run_days,16,0.0,0.0,0.0,0.0,0.0,0.0,0.0
2019_2024,regime_weather_calendar,Phoenix,episode,low_wind_run_days,16,2.875,2.0,2.0,2.25,2.0,8.0,2.0289570391377603
2019_2024,regime_weather_calendar,Phoenix,heat_only,temperature_2m_max,241,43.80082987551867,43.6,42.8,44.6,41.9,47.7,1.302081401105067
2019_2024,regime_weather_calendar,Phoenix,heat_only,wind_speed_10m_mean,241,9.12551867219917,8.987499999999999,7.708333333333333,10.15,6.745833333333334,15.908333333333331,1.7092566158808056
2019_2024,regime_weather_calendar,Phoenix,heat_only,relative_humidity_2m_mean,241,21.098029045643152,20.75,15.666666666666666,26.291666666666668,7.291666666666667,47.208333333333336,6.82080757305833
2019_2024,regime_weather_calendar,Phoenix,heat_only,precipitation_sum,241,0.12489626556016598,0.0,0.0,0.0,0.0,3.9,0.4136757103831404
2019_2024,regime_weather_calendar,Phoenix,heat_only,shortwave_radiation_sum,241,27.408234024896267,27.6408,25.416,29.4948,18.7164,31.7592,2.6218463065183952
2019_2024,regime_weather_calendar,Phoenix,heat_only,wind_direction_10m_dominant,241,220.22711874378717,243.4637350905036,205.4346382974088,259.53407395312456,23.61542909554964,359.53061595585336,67.1438636922528
2019_2024,regime_weather_calendar,Phoenix,heat_only,pure_wind_run_days,241,0.0,0.0,0.0,0.0,0.0,0.0,0.0
2019_2024,regime_weather_calendar,Phoenix,heat_only,low_wind_run_days,241,0.0,0.0,0.0,0.0,0.0,0.0,0.0
2019_2024,regime_weather_calendar,Phoenix,neither,temperature_2m_max,666,35.212312312312314,36.4,32.1,39.4,16.9,41.8,5.026231796658697
2019_2024,regime_weather_calendar,Phoenix,neither,wind_speed_10m_mean,666,9.467517517517518,8.76875,7.6343749999999995,10.591666666666669,6.733333333333333,25.516666666666666,2.4466777245371203
2019_2024,regime_weather_calendar,Phoenix,neither,relative_humidity_2m_mean,666,23.89527027027027,20.229166666666668,15.083333333333334,30.135416666666668,6.708333333333333,80.66666666666667,11.891303210700487
2019_2024,regime_weather_calendar,Phoenix,neither,precipitation_sum,666,0.43018018018018017,0.0,0.0,0.0,0.0,39.0,2.4143005582427794
2019_2024,regime_weather_calendar,Phoenix,neither,shortwave_radiation_sum,666,25.753151351351352,26.576999999999998,22.0869,30.1338,4.2408,32.7348,4.855755678266073
2019_2024,regime_weather_calendar,Phoenix,neither,wind_direction_10m_dominant,666,198.58010638106572,222.0379799276587,167.85448440119808,245.8815793117532,0.6147167222855885,359.6096799623696,78.79283177978812
2019_2024,regime_weather_calendar,Phoenix,neither,pure_wind_run_days,666,0.0,0.0,0.0,0.0,0.0,0.0,0.0
2019_2024,regime_weather_calendar,Phoenix,neither,low_wind_run_days,666,0.0,0.0,0.0,0.0,0.0,0.0,0.0
2019_2024,regime_weather_calendar,Phoenix,other_compound,temperature_2m_max,33,43.445454545454545,43.2,42.6,44.2,41.9,46.5,1.1099242398388367
2019_2024,regime_weather_calendar,Phoenix,other_compound,wind_speed_10m_mean,33,6.08699494949495,6.216666666666666,5.941666666666666,6.441666666666666,4.3500000000000005,6.7125,0.5276818053025008
2019_2024,regime_weather_calendar,Phoenix,other_compound,relative_humidity_2m_mean,33,22.162878787878793,21.83333333333333,15.875,27.666666666666668,7.416666666666667,38.04166666666666,8.252113074009431
2019_2024,regime_weather_calendar,Phoenix,other_compound,precipitation_sum,33,0.16363636363636364,0.0,0.0,0.0,0.0,1.8,0.41594634706457473
2019_2024,regime_weather_calendar,Phoenix,other_compound,shortwave_radiation_sum,33,27.237054545454548,27.1044,25.3728,29.1996,19.5264,32.5116,2.882796112835908
2019_2024,regime_weather_calendar,Phoenix,other_compound,wind_direction_10m_dominant,33,214.61688573485216,232.55553461489544,193.55855074105352,260.2269578334756,38.599396146856165,339.20973960110115,77.59257425672894
2019_2024,regime_weather_calendar,Phoenix,other_compound,pure_wind_run_days,33,0.0,0.0,0.0,0.0,0.0,0.0,0.0
2019_2024,regime_weather_calendar,Phoenix,other_compound,low_wind_run_days,33,1.5151515151515151,1.0,1.0,2.0,1.0,3.0,0.7124435118490149
2019_2024,regime_weather_calendar,Phoenix,wind_only,temperature_2m_max,328,34.80762195121952,35.4,31.575000000000003,38.925,16.4,41.8,4.726763847312752
2019_2024,regime_weather_calendar,Phoenix,wind_only,wind_speed_10m_mean,328,5.7290015243902435,5.841666666666666,5.290625,6.292708333333334,3.5416666666666665,6.729166666666667,0.6960354030346844
2019_2024,regime_weather_calendar,Phoenix,wind_only,relative_humidity_2m_mean,328,32.0282012195122,28.354166666666664,18.65625,40.15625,6.375,84.91666666666667,16.671070350933118
2019_2024,regime_weather_calendar,Phoenix,wind_only,precipitation_sum,328,0.7125,0.0,0.0,0.0,0.0,30.000000000000004,3.2433034986103078
2019_2024,regime_weather_calendar,Phoenix,wind_only,shortwave_radiation_sum,328,23.51912926829268,23.410800000000002,19.4787,27.4005,6.588,32.9004,4.927865910530468
2019_2024,regime_weather_calendar,Phoenix,wind_only,wind_direction_10m_dominant,328,169.1416509563361,174.88202224616413,70.4384910142408,255.7946265211618,0.6952748352678513,359.57302239090154,103.08600943095983
2019_2024,regime_weather_calendar,Phoenix,wind_only,pure_wind_run_days,328,3.152439024390244,2.0,1.0,5.0,1.0,8.0,2.198399507328939
2019_2024,regime_weather_calendar,Phoenix,wind_only,low_wind_run_days,328,3.2408536585365852,2.0,2.0,5.0,1.0,8.0,2.229886354241088
2019_2024,regime_weather_calendar,San Diego,episode,temperature_2m_max,72,32.07361111111111,31.75,30.575000000000003,32.824999999999996,29.7,39.3,2.0217823022326815
2019_2024,regime_weather_calendar,San Diego,episode,wind_speed_10m_mean,72,6.002199074074074,6.054166666666667,5.733333333333333,6.353125,4.9125000000000005,6.658333333333334,0.4547652257105445
2019_2024,regime_weather_calendar,San Diego,episode,relative_humidity_2m_mean,72,57.438657407407405,59.10416666666667,51.74999999999999,64.71875,31.041666666666668,74.54166666666667,9.610382250376315
2019_2024,regime_weather_calendar,San Diego,episode,precipitation_sum,72,0.0041666666666666675,0.0,0.0,0.0,0.0,0.2,0.026203429514280358
2019_2024,regime_weather_calendar,San Diego,episode,shortwave_radiation_sum,72,24.2108,23.745600000000003,21.6369,27.1899,16.5204,31.6512,3.5723693905495284
2019_2024,regime_weather_calendar,San Diego,episode,wind_direction_10m_dominant,72,277.7896433326017,281.26203078146693,261.6591638620776,296.3187001313767,188.74954389404016,336.6127641159213,29.2088884216773
2019_2024,regime_weather_calendar,San Diego,episode,pure_wind_run_days,72,0.0,0.0,0.0,0.0,0.0,0.0,0.0
2019_2024,regime_weather_calendar,San Diego,episode,low_wind_run_days,72,5.555555555555555,5.0,3.0,8.0,2.0,19.0,3.389664858953616
2019_2024,regime_weather_calendar,San Diego,heat_only,temperature_2m_max,140,31.689285714285713,30.9,30.3,32.5,29.7,39.8,1.9483878755174788
2019_2024,regime_weather_calendar,San Diego,heat_only,wind_speed_10m_mean,140,8.007500000000002,7.733333333333333,7.141666666666667,8.617708333333333,6.6875,12.379166666666668,1.081162531751794
2019_2024,regime_weather_calendar,San Diego,heat_only,relative_humidity_2m_mean,140,55.79940476190475,59.08333333333333,52.895833333333336,65.85416666666666,14.416666666666666,76.41666666666667,13.550548724913694
2019_2024,regime_weather_calendar,San Diego,heat_only,precipitation_sum,140,0.16714285714285712,0.0,0.0,0.0,0.0,16.9,1.46008981970401
2019_2024,regime_weather_calendar,San Diego,heat_only,shortwave_radiation_sum,140,25.007991428571422,25.4466,23.2758,27.814500000000002,4.0608,32.1408,4.073062373737684
2019_2024,regime_weather_calendar,San Diego,heat_only,wind_direction_10m_dominant,140,264.6916726049648,293.0691788199136,274.75429938344973,304.9544708567302,12.783232274910114,356.8247482155072,79.78919022973157
2019_2024,regime_weather_calendar,San Diego,heat_only,pure_wind_run_days,140,0.0,0.0,0.0,0.0,0.0,0.0,0.0
2019_2024,regime_weather_calendar,San Diego,heat_only,low_wind_run_days,140,0.0,0.0,0.0,0.0,0.0,0.0,0.0
2019_2024,regime_weather_calendar,San Diego,neither,temperature_2m_max,735,23.91265306122449,24.3,21.4,26.7,14.3,29.6,3.3920712822446952
2019_2024,regime_weather_calendar,San Diego,neither,wind_speed_10m_mean,735,8.40956349206349,7.837499999999999,7.26875,8.904166666666667,6.6625000000000005,20.383333333333333,1.8297946566743233
2019_2024,regime_weather_calendar,San Diego,neither,relative_humidity_2m_mean,735,70.60651927437641,71.625,67.8125,75.1875,14.625,90.125,8.033450641253957
2019_2024,regime_weather_calendar,San Diego,neither,precipitation_sum,735,0.4095238095238095,0.0,0.0,0.0,0.0,30.700000000000003,2.122814097180869
2019_2024,regime_weather_calendar,San Diego,neither,shortwave_radiation_sum,735,24.940334693877553,26.6976,22.318199999999997,28.9692,3.4236,32.184,5.352346573343218
2019_2024,regime_weather_calendar,San Diego,neither,wind_direction_10m_dominant,735,264.09791204074025,272.2669965911727,245.6764034371909,286.9950449525403,17.108467535297013,350.75922607072647,37.75746681724046
2019_2024,regime_weather_calendar,San Diego,neither,pure_wind_run_days,735,0.0,0.0,0.0,0.0,0.0,0.0,0.0
2019_2024,regime_weather_calendar,San Diego,neither,low_wind_run_days,735,0.0,0.0,0.0,0.0,0.0,0.0,0.0
2019_2024,regime_weather_calendar,San Diego,other_compound,temperature_2m_max,38,30.826315789473682,30.4,30.1,31.0,29.9,34.7,1.1778781221139847
2019_2024,regime_weather_calendar,San Diego,other_compound,wind_speed_10m_mean,38,6.087719298245613,6.13125,5.860416666666667,6.454166666666667,5.004166666666666,6.641666666666667,0.4267759521941999
2019_2024,regime_weather_calendar,San Diego,other_compound,relative_humidity_2m_mean,38,62.7171052631579,62.16666666666666,59.47916666666666,67.67708333333333,34.208333333333336,79.25,7.512634240122265
2019_2024,regime_weather_calendar,San Diego,other_compound,precipitation_sum,38,0.3,0.0,0.0,0.0,0.0,10.4,1.6866727201401182
2019_2024,regime_weather_calendar,San Diego,other_compound,shortwave_radiation_sum,38,24.738442105263157,24.8994,21.8079,27.8001,16.6824,31.5504,3.771622607917925
2019_2024,regime_weather_calendar,San Diego,other_compound,wind_direction_10m_dominant,38,265.2025087690505,272.9758962610399,251.99644148614877,290.09300694465617,23.85654500732841,324.96006372837223,49.13308389875401
2019_2024,regime_weather_calendar,San Diego,other_compound,pure_wind_run_days,38,0.0,0.0,0.0,0.0,0.0,0.0,0.0
2019_2024,regime_weather_calendar,San Diego,other_compound,low_wind_run_days,38,4.0,2.0,1.0,4.0,1.0,19.0,5.035012547288373
2019_2024,regime_weather_calendar,San Diego,wind_only,temperature_2m_max,299,25.464882943143813,25.8,23.5,27.7,17.3,29.6,2.745564617732449
2019_2024,regime_weather_calendar,San Diego,wind_only,wind_speed_10m_mean,299,5.969760312151617,6.1125,5.620833333333334,6.433333333333334,3.633333333333333,6.654166666666666,0.5800442172457462
2019_2024,regime_weather_calendar,San Diego,wind_only,relative_humidity_2m_mean,299,69.54264214046823,70.75,65.20833333333333,74.91666666666667,22.58333333333333,84.58333333333333,8.389193662526548
2019_2024,regime_weather_calendar,San Diego,wind_only,precipitation_sum,299,0.052173913043478265,0.0,0.0,0.0,0.0,4.0,0.311664114052818
2019_2024,regime_weather_calendar,San Diego,wind_only,shortwave_radiation_sum,299,24.082133779264215,25.0416,19.8414,28.407600000000002,9.1908,31.6728,4.997149481927433
2019_2024,regime_weather_calendar,San Diego,wind_only,wind_direction_10m_dominant,299,259.0113661734502,261.0244607079392,246.50573210195392,278.2581432963802,6.720859921649669,358.92407306514616,39.456615855743074
2019_2024,regime_weather_calendar,San Diego,wind_only,pure_wind_run_days,299,2.8862876254180603,2.0,1.0,3.0,1.0,9.0,1.9696810794080093
2019_2024,regime_weather_calendar,San Diego,wind_only,low_wind_run_days,299,4.498327759197324,3.0,2.0,6.0,1.0,19.0,4.268170459742848
2019_2024,regime_weather_calendar,Seattle,episode,temperature_2m_max,40,26.305,25.85,25.025000000000002,27.0,24.0,32.6,2.0377149092260307
2019_2024,regime_weather_calendar,Seattle,episode,wind_speed_10m_mean,40,4.985625000000001,5.189583333333333,4.541666666666667,5.522916666666667,3.2291666666666665,5.8500000000000005,0.6997830796884372
2019_2024,regime_weather_calendar,Seattle,episode,relative_humidity_2m_mean,40,68.54791666666668,68.66666666666667,65.6875,71.34375,57.16666666666666,81.20833333333333,5.042408736092639
2019_2024,regime_weather_calendar,Seattle,episode,precipitation_sum,40,0.09,0.0,0.0,0.0,0.0,2.0,0.3600569755483507
2019_2024,regime_weather_calendar,Seattle,episode,shortwave_radiation_sum,40,24.27165,24.7194,21.7926,27.7317,11.7396,29.5848,4.6874860024406395
2019_2024,regime_weather_calendar,Seattle,episode,wind_direction_10m_dominant,40,209.09096942751262,235.37561501453985,120.9287783456913,315.6215110798721,0.1595156257772143,357.822054346374,125.89539060859605
2019_2024,regime_weather_calendar,Seattle,episode,pure_wind_run_days,40,0.0,0.0,0.0,0.0,0.0,0.0,0.0
2019_2024,regime_weather_calendar,Seattle,episode,low_wind_run_days,40,3.4,3.0,2.0,4.0,2.0,9.0,1.7945787306531915
2019_2024,regime_weather_calendar,Seattle,heat_only,temperature_2m_max,179,26.782681564245813,26.2,25.0,28.1,24.0,38.4,2.3174670316905956
2019_2024,regime_weather_calendar,Seattle,heat_only,wind_speed_10m_mean,179,7.826769087523277,7.454166666666667,6.6000000000000005,8.554166666666667,5.870833333333334,13.841666666666669,1.588318639002136
2019_2024,regime_weather_calendar,Seattle,heat_only,relative_humidity_2m_mean,179,66.41340782122904,66.54166666666667,62.08333333333333,71.64583333333334,32.291666666666664,80.25,6.890700283727571
2019_2024,regime_weather_calendar,Seattle,heat_only,precipitation_sum,179,0.1340782122905028,0.0,0.0,0.0,0.0,4.4,0.5821411606536023
2019_2024,regime_weather_calendar,Seattle,heat_only,shortwave_radiation_sum,179,25.174478212290502,26.2188,22.483800000000002,28.539,11.2176,30.9888,4.305497341161337
2019_2024,regime_weather_calendar,Seattle,heat_only,wind_direction_10m_dominant,179,110.85429548556185,30.92397457721271,12.364234208873006,216.27194592813242,1.977146929901193,358.1192588411344,111.78993556158655
2019_2024,regime_weather_calendar,Seattle,heat_only,pure_wind_run_days,179,0.0,0.0,0.0,0.0,0.0,0.0,0.0
2019_2024,regime_weather_calendar,Seattle,heat_only,low_wind_run_days,179,0.0,0.0,0.0,0.0,0.0,0.0,0.0
2019_2024,regime_weather_calendar,Seattle,neither,temperature_2m_max,736,17.132880434782606,17.15,14.2,20.1,6.4,23.9,3.8955659939084066
2019_2024,regime_weather_calendar,Seattle,neither,wind_speed_10m_mean,736,9.724139492753624,8.804166666666667,7.161458333333334,11.551041666666668,5.858333333333333,26.9375,3.3318937885354982
2019_2024,regime_weather_calendar,Seattle,neither,relative_humidity_2m_mean,736,76.00186820652173,75.85416666666666,70.29166666666667,81.66666666666667,42.083333333333336,95.58333333333331,8.080903730582332
2019_2024,regime_weather_calendar,Seattle,neither,precipitation_sum,736,3.48179347826087,0.8,0.0,5.025,0.0,47.0,5.61187710754752
2019_2024,regime_weather_calendar,Seattle,neither,shortwave_radiation_sum,736,14.478060326086956,14.1858,9.0441,19.3095,0.8244,31.2408,6.9446647465804014
2019_2024,regime_weather_calendar,Seattle,neither,wind_direction_10m_dominant,736,164.13090695409807,196.63771598533475,156.82188904141708,209.65856416781727,0.7335908984126065,359.9176054097518,84.14748941782437
2019_2024,regime_weather_calendar,Seattle,neither,pure_wind_run_days,736,0.0,0.0,0.0,0.0,0.0,0.0,0.0
2019_2024,regime_weather_calendar,Seattle,neither,low_wind_run_days,736,0.0,0.0,0.0,0.0,0.0,0.0,0.0
2019_2024,regime_weather_calendar,Seattle,other_compound,temperature_2m_max,65,26.60153846153846,26.1,24.8,27.4,24.0,33.6,2.2241917287306516
2019_2024,regime_weather_calendar,Seattle,other_compound,wind_speed_10m_mean,65,4.892051282051282,5.05,4.483333333333333,5.45,3.1875,5.8500000000000005,0.6963328277851635
2019_2024,regime_weather_calendar,Seattle,other_compound,relative_humidity_2m_mean,65,68.33076923076925,69.0,63.79166666666666,72.41666666666667,52.79166666666666,81.29166666666667,6.126704326916319
2019_2024,regime_weather_calendar,Seattle,other_compound,precipitation_sum,65,0.06153846153846154,0.0,0.0,0.0,0.0,1.7999999999999998,0.26674678283691844
2019_2024,regime_weather_calendar,Seattle,other_compound,shortwave_radiation_sum,65,24.739532307692304,25.0488,22.2408,28.0224,15.6852,30.4056,3.8849290331801627
2019_2024,regime_weather_calendar,Seattle,other_compound,wind_direction_10m_dominant,65,181.43344064317114,222.1268785911932,17.491984217953167,289.49799413833506,0.4343137406876631,358.07798552973577,134.45316622152362
2019_2024,regime_weather_calendar,Seattle,other_compound,pure_wind_run_days,65,0.0,0.0,0.0,0.0,0.0,0.0,0.0
2019_2024,regime_weather_calendar,Seattle,other_compound,low_wind_run_days,65,2.230769230769231,1.0,1.0,2.0,1.0,9.0,2.383335574680675
2019_2024,regime_weather_calendar,Seattle,wind_only,temperature_2m_max,264,18.724999999999998,19.3,16.5,21.725,7.5,23.9,3.6679347386708354
2019_2024,regime_weather_calendar,Seattle,wind_only,wind_speed_10m_mean,264,4.737168560606062,4.858333333333333,4.208333333333334,5.413541666666667,2.2625,5.8375,0.8099546726278273
2019_2024,regime_weather_calendar,Seattle,wind_only,relative_humidity_2m_mean,264,75.86663510101009,75.875,71.04166666666667,81.27083333333333,54.16666666666666,93.45833333333331,7.5570357859510455
2019_2024,regime_weather_calendar,Seattle,wind_only,precipitation_sum,264,1.1314393939393939,0.0,0.0,0.925,0.0,28.6,3.056134548173734
2019_2024,regime_weather_calendar,Seattle,wind_only,shortwave_radiation_sum,264,15.796063636363636,15.3018,10.9998,19.9386,2.5272,30.528,6.155196877587798
2019_2024,regime_weather_calendar,Seattle,wind_only,wind_direction_10m_dominant,264,184.24746262639206,198.8711386342652,75.68542661129223,253.9647618710672,0.9686860560587526,359.98426213988205,112.67007858144835
2019_2024,regime_weather_calendar,Seattle,wind_only,pure_wind_run_days,264,2.090909090909091,2.0,1.0,3.0,1.0,5.0,1.2143285581824308
2019_2024,regime_weather_calendar,Seattle,wind_only,low_wind_run_days,264,2.3257575757575757,2.0,1.0,3.0,1.0,9.0,1.4798839340020198
2019_2024,regime_factorial,Atlanta,compound,no2_ppb,133,13.206127840852131,12.781944666666666,10.534722,15.814931,6.722222333333334,23.939285666666667,3.634308690302509
2019_2024,regime_factorial,Atlanta,compound,n_available_sites,133,2.917293233082707,3.0,3.0,3.0,1.0,3.0,0.34913557282442265
2019_2024,regime_factorial,Atlanta,compound,temperature_2m_max,133,32.86315789473684,32.6,32.1,33.4,31.5,36.5,1.0482650662512834
2019_2024,regime_factorial,Atlanta,compound,wind_speed_10m_mean,133,5.225971177944862,5.370833333333334,4.616666666666666,5.879166666666666,3.1625,6.754166666666666,0.8449821697636888
2019_2024,regime_factorial,Atlanta,compound,relative_humidity_2m_mean,133,69.34022556390977,69.58333333333333,64.41666666666667,75.375,47.04166666666666,87.29166666666667,8.31233177542229
2019_2024,regime_factorial,Atlanta,compound,precipitation_sum,133,1.8977443609022555,0.2,0.0,1.8,0.0,24.9,3.703365917104567
2019_2024,regime_factorial,Atlanta,compound,shortwave_radiation_sum,133,22.432574436090228,22.5108,20.7396,24.1812,15.9336,30.1248,2.61933679663193
2019_2024,regime_factorial,Atlanta,compound,wind_direction_10m_dominant,133,202.14768987253365,212.24640181883177,125.87263671732036,281.48320939501855,9.994275522695014,358.2512291480831,97.92654051162158
2019_2024,regime_factorial,Atlanta,compound,pure_wind_run_days,133,0.0,0.0,0.0,0.0,0.0,0.0,0.0
2019_2024,regime_factorial,Atlanta,compound,low_wind_run_days,133,5.593984962406015,5.0,2.0,8.0,1.0,15.0,3.9924883901179604
2019_2024,regime_factorial,Atlanta,heat_only,no2_ppb,136,11.79544081495098,11.4699065,8.967383666666667,14.101215125000001,4.708333,25.05625,3.710707475289523
2019_2024,regime_factorial,Atlanta,heat_only,n_available_sites,136,2.764705882352941,3.0,3.0,3.0,1.0,3.0,0.5197619699887854
2019_2024,regime_factorial,Atlanta,heat_only,temperature_2m_max,136,32.96544117647059,32.75,32.0,33.8,31.5,36.1,1.1592065406654537
2019_2024,regime_factorial,Atlanta,heat_only,wind_speed_10m_mean,136,9.089460784313724,8.797916666666666,7.807291666666665,9.914583333333333,6.779166666666666,16.658333333333335,1.7905674880648694
2019_2024,regime_factorial,Atlanta,heat_only,relative_humidity_2m_mean,136,66.11305147058823,67.41666666666667,58.91666666666666,71.83333333333334,47.54166666666666,82.75,8.490040322227648
2019_2024,regime_factorial,Atlanta,heat_only,precipitation_sum,136,1.2808823529411764,0.05,0.0,1.525,0.0,22.3,2.8004104118763617
2019_2024,regime_factorial,Atlanta,heat_only,shortwave_radiation_sum,136,23.341526470588235,23.355,21.6711,25.3998,15.696,29.7756,2.9439547767066867
2019_2024,regime_factorial,Atlanta,heat_only,wind_direction_10m_dominant,136,243.51177694998853,258.5899397266005,219.3572706567504,305.4825863420852,0.6692595708394488,351.83377621608537,83.78869139207522
2019_2024,regime_factorial,Atlanta,heat_only,pure_wind_run_days,136,0.0,0.0,0.0,0.0,0.0,0.0,0.0
2019_2024,regime_factorial,Atlanta,heat_only,low_wind_run_days,136,0.0,0.0,0.0,0.0,0.0,0.0,0.0
2019_2024,regime_factorial,Atlanta,neither,no2_ppb,780,11.691522989102566,11.385069333333334,8.980312625,14.19445325,2.2491630000000002,23.159722333333335,3.751935063427714
2019_2024,regime_factorial,Atlanta,neither,n_available_sites,780,2.887179487179487,3.0,3.0,3.0,1.0,3.0,0.3206055624356691
2019_2024,regime_factorial,Atlanta,neither,temperature_2m_max,780,25.35730769230769,26.1,22.8,28.525,10.5,31.4,4.200028783163467
2019_2024,regime_factorial,Atlanta,neither,wind_speed_10m_mean,780,11.078413461538462,10.206249999999999,8.375,12.942708333333334,6.775,28.070833333333336,3.5023691522354663
2019_2024,regime_factorial,Atlanta,neither,relative_humidity_2m_mean,780,70.51971153846154,71.14583333333334,61.96875,80.20833333333333,35.041666666666664,96.75,11.811504138585107
2019_2024,regime_factorial,Atlanta,neither,precipitation_sum,780,3.972692307692308,0.2,0.0,3.525,0.0,99.1,9.069729049976747
2019_2024,regime_factorial,Atlanta,neither,shortwave_radiation_sum,780,18.54576,19.2366,13.7655,23.5809,1.4076,30.7584,6.5934399735740765
2019_2024,regime_factorial,Atlanta,neither,wind_direction_10m_dominant,780,191.2138340143336,189.5679850812463,100.30742989002225,282.67774647338047,1.255932633251943,359.39171834079883,95.79614325156108
2019_2024,regime_factorial,Atlanta,neither,pure_wind_run_days,780,0.0,0.0,0.0,0.0,0.0,0.0,0.0
2019_2024,regime_factorial,Atlanta,neither,low_wind_run_days,780,0.0,0.0,0.0,0.0,0.0,0.0,0.0
2019_2024,regime_factorial,Atlanta,wind_only,no2_ppb,235,12.584550393617022,12.143275000000001,10.130510666666668,14.852083333333333,5.640942,23.737499999999997,3.3623932483458376
2019_2024,regime_factorial,Atlanta,wind_only,n_available_sites,235,2.927659574468085,3.0,3.0,3.0,2.0,3.0,0.2596036818872005
2019_2024,regime_factorial,Atlanta,wind_only,temperature_2m_max,235,27.81531914893617,28.5,26.5,29.95,17.1,31.4,2.937325991255525
2019_2024,regime_factorial,Atlanta,wind_only,wind_speed_10m_mean,235,5.677375886524823,5.904166666666666,5.145833333333334,6.410416666666666,3.1916666666666664,6.770833333333333,0.8842131124287765
2019_2024,regime_factorial,Atlanta,wind_only,relative_humidity_2m_mean,235,74.4,75.625,69.33333333333334,81.35416666666667,50.833333333333336,90.625,9.025857126395081
2019_2024,regime_factorial,Atlanta,wind_only,precipitation_sum,235,3.0119148936170212,0.3,0.0,3.9,0.0,30.2,5.534432482080602
2019_2024,regime_factorial,Atlanta,wind_only,shortwave_radiation_sum,235,19.595642553191492,19.8432,16.704,22.870800000000003,3.546,31.0356,4.835462112447634
2019_2024,regime_factorial,Atlanta,wind_only,wind_direction_10m_dominant,235,188.4894947242805,181.6612540262915,106.25677885480735,273.9596696195467,3.646529794573036,358.15904092563494,96.88835944419887
2019_2024,regime_factorial,Atlanta,wind_only,pure_wind_run_days,235,2.3617021276595747,2.0,1.0,3.0,1.0,6.0,1.5334661580554807
2019_2024,regime_factorial,Atlanta,wind_only,low_wind_run_days,235,3.1829787234042555,2.0,1.0,4.0,1.0,15.0,2.6755716019163582
2019_2024,regime_factorial,Chicago,compound,no2_ppb,98,16.340185492346937,15.27613225,13.0044269375,19.1390624375,7.332971000000001,29.04479175,4.589760617087039
2019_2024,regime_factorial,Chicago,compound,n_available_sites,98,3.5408163265306123,4.0,3.0,4.0,1.0,4.0,0.6606520887813107
2019_2024,regime_factorial,Chicago,compound,temperature_2m_max,98,28.34285714285714,28.1,27.3,28.975,26.9,33.3,1.2465209316291845
2019_2024,regime_factorial,Chicago,compound,wind_speed_10m_mean,98,8.357440476190478,8.479166666666668,7.123958333333333,9.678125000000001,4.3,10.729166666666666,1.6112760023699502
2019_2024,regime_factorial,Chicago,compound,relative_humidity_2m_mean,98,71.99957482993197,73.0,66.54166666666667,78.55208333333333,49.333333333333336,85.58333333333333,8.100204465873626
2019_2024,regime_factorial,Chicago,compound,precipitation_sum,98,1.7704081632653064,0.0,0.0,1.0,0.0,43.2,5.282322380221834
2019_2024,regime_factorial,Chicago,compound,shortwave_radiation_sum,98,23.8783224489796,23.970599999999997,21.8628,26.9577,8.0136,29.7432,3.7397235796888166
2019_2024,regime_factorial,Chicago,compound,wind_direction_10m_dominant,98,181.70762713908908,198.44610774093837,133.85542345709683,227.40590491308527,1.0844747343101533,353.3643259349513,73.97208149743908
2019_2024,regime_factorial,Chicago,compound,pure_wind_run_days,98,0.0,0.0,0.0,0.0,0.0,0.0,0.0
2019_2024,regime_factorial,Chicago,compound,low_wind_run_days,98,3.642857142857143,3.0,2.0,6.0,1.0,8.0,2.1598491738101178
2019_2024,regime_factorial,Chicago,heat_only,no2_ppb,158,12.330566334915613,11.437500125,9.668750187499999,14.726562687500001,5.535417000000001,26.3,3.9836627438536123
2019_2024,regime_factorial,Chicago,heat_only,n_available_sites,158,3.5316455696202533,4.0,3.0,4.0,1.0,4.0,0.5718545768099293
2019_2024,regime_factorial,Chicago,heat_only,temperature_2m_max,158,29.13544303797468,28.8,27.7,30.075000000000003,26.9,35.1,1.7263442449722113
2019_2024,regime_factorial,Chicago,heat_only,wind_speed_10m_mean,158,15.49889240506329,15.139583333333334,12.545833333333334,18.109374999999996,10.75,27.070833333333336,3.6440135560824873
2019_2024,regime_factorial,Chicago,heat_only,relative_humidity_2m_mean,158,69.52215189873418,69.35416666666666,63.625,76.52083333333334,38.25,87.95833333333333,8.921420978489646
2019_2024,regime_factorial,Chicago,heat_only,precipitation_sum,158,2.4202531645569625,0.4,0.0,2.95,0.0,42.4,5.0765447837942785
2019_2024,regime_factorial,Chicago,heat_only,shortwave_radiation_sum,158,22.7001417721519,22.634999999999998,19.3752,26.2791,12.8376,30.7944,4.246376698028105
2019_2024,regime_factorial,Chicago,heat_only,wind_direction_10m_dominant,158,212.88927004078914,213.87176681853407,190.01849415787777,236.18202560875773,1.8784775963948108,343.88593598046924,49.38826631113188
2019_2024,regime_factorial,Chicago,heat_only,pure_wind_run_days,158,0.0,0.0,0.0,0.0,0.0,0.0,0.0
2019_2024,regime_factorial,Chicago,heat_only,low_wind_run_days,158,0.0,0.0,0.0,0.0,0.0,0.0,0.0
2019_2024,regime_factorial,Chicago,neither,no2_ppb,738,11.913474755758807,11.282676041666665,8.4082961875,14.94375,2.2652776666666665,27.83541675,4.7448308225398375
2019_2024,regime_factorial,Chicago,neither,n_available_sites,738,3.6991869918699187,4.0,3.0,4.0,1.0,4.0,0.4931271357796363
2019_2024,regime_factorial,Chicago,neither,temperature_2m_max,738,17.896883468834687,19.1,13.3,23.0,1.4,26.8,6.131904115032647
2019_2024,regime_factorial,Chicago,neither,wind_speed_10m_mean,738,16.644777551942184,15.599999999999998,13.078125,19.164583333333333,10.741666666666667,32.666666666666664,4.561236017903271
2019_2024,regime_factorial,Chicago,neither,relative_humidity_2m_mean,738,70.56769421860885,70.83333333333333,61.46874999999999,80.05208333333333,40.583333333333336,95.45833333333331,11.655523551068125
2019_2024,regime_factorial,Chicago,neither,precipitation_sum,738,3.9750677506775065,0.3999999999999999,0.0,4.5,0.0,79.9,8.037996709878795
2019_2024,regime_factorial,Chicago,neither,shortwave_radiation_sum,738,17.71495609756098,17.9136,11.5623,24.0066,1.5552,31.6584,7.510664599877669
2019_2024,regime_factorial,Chicago,neither,wind_direction_10m_dominant,738,164.71203080352248,175.5660202692369,45.244653970987585,255.29616918254442,0.231032703333652,359.3957435523071,110.31102734884374
2019_2024,regime_factorial,Chicago,neither,pure_wind_run_days,738,0.0,0.0,0.0,0.0,0.0,0.0,0.0
2019_2024,regime_factorial,Chicago,neither,low_wind_run_days,738,0.0,0.0,0.0,0.0,0.0,0.0,0.0
2019_2024,regime_factorial,Chicago,wind_only,no2_ppb,290,16.234420178448275,15.49593675,12.68515625,19.493749875,4.98541675,35.95104175,5.392061768550796
2019_2024,regime_factorial,Chicago,wind_only,n_available_sites,290,3.5448275862068965,4.0,3.0,4.0,1.0,4.0,0.6652970858084055
2019_2024,regime_factorial,Chicago,wind_only,temperature_2m_max,290,21.114827586206893,22.9,18.575,25.275,3.9,26.8,5.378563835459084
2019_2024,regime_factorial,Chicago,wind_only,wind_speed_10m_mean,290,8.601968390804597,8.908333333333333,7.625,9.672916666666667,4.529166666666667,10.729166666666666,1.4001920978416584
2019_2024,regime_factorial,Chicago,wind_only,relative_humidity_2m_mean,290,72.03433908045976,71.91666666666667,64.5,80.23958333333333,41.625,92.58333333333331,10.259589043118865
2019_2024,regime_factorial,Chicago,wind_only,precipitation_sum,290,1.430344827586207,0.0,0.0,0.875,0.0,24.0,3.689484245572754
2019_2024,regime_factorial,Chicago,wind_only,shortwave_radiation_sum,290,20.973016551724136,21.934800000000003,16.6689,25.7031,2.8908,30.906,5.965393525184514
2019_2024,regime_factorial,Chicago,wind_only,wind_direction_10m_dominant,290,131.6100122072791,112.81141891320738,55.38261915042682,195.9127667034087,1.7429254513724182,359.7148266054155,90.87110057164698
2019_2024,regime_factorial,Chicago,wind_only,pure_wind_run_days,290,2.013793103448276,2.0,1.0,3.0,1.0,5.0,1.0619965977604142
2019_2024,regime_factorial,Chicago,wind_only,low_wind_run_days,290,2.6655172413793102,2.0,1.0,3.0,1.0,8.0,1.8116836998829098
2019_2024,regime_factorial,Dallas,compound,no2_ppb,85,7.319532249019607,7.231944333333334,5.282291750000001,8.7666665,2.593961,14.887500000000001,2.638581280057333
2019_2024,regime_factorial,Dallas,compound,n_available_sites,85,3.4352941176470586,4.0,3.0,4.0,1.0,4.0,0.6804595580076995
2019_2024,regime_factorial,Dallas,compound,temperature_2m_max,85,36.71058823529411,36.3,35.5,37.0,35.1,42.6,1.7631832366632858
2019_2024,regime_factorial,Dallas,compound,wind_speed_10m_mean,85,7.497745098039215,7.641666666666667,6.704166666666667,8.5,4.75,9.133333333333333,1.1894130637569127
2019_2024,regime_factorial,Dallas,compound,relative_humidity_2m_mean,85,56.03137254901959,57.25,51.41666666666666,61.958333333333336,35.625,79.25,8.925194580069087
2019_2024,regime_factorial,Dallas,compound,precipitation_sum,85,0.5117647058823529,0.0,0.0,0.1,0.0,12.8,1.8436126390934755
2019_2024,regime_factorial,Dallas,compound,shortwave_radiation_sum,85,24.358912941176474,24.2352,22.6692,26.0856,19.1952,29.2464,2.2921660046355115
2019_2024,regime_factorial,Dallas,compound,wind_direction_10m_dominant,85,137.83475775358104,142.7647746942782,101.24332934758768,165.86322827458596,6.600856170316927,336.5079350914337,53.4798607539383
2019_2024,regime_factorial,Dallas,compound,pure_wind_run_days,85,0.0,0.0,0.0,0.0,0.0,0.0,0.0
2019_2024,regime_factorial,Dallas,compound,low_wind_run_days,85,4.2,3.0,2.0,7.0,1.0,11.0,3.131255643469869
2019_2024,regime_factorial,Dallas,heat_only,no2_ppb,218,3.8596088883792055,3.492708125,2.4592018749999998,4.840081625,0.60664775,12.29895825,1.9832413078909095
2019_2024,regime_factorial,Dallas,heat_only,n_available_sites,218,3.256880733944954,4.0,3.0,4.0,1.0,4.0,0.9248606294284236
2019_2024,regime_factorial,Dallas,heat_only,temperature_2m_max,218,37.60871559633027,37.3,36.2,38.675000000000004,35.1,42.9,1.8109414517822722
2019_2024,regime_factorial,Dallas,heat_only,wind_speed_10m_mean,218,14.200688073394495,13.752083333333335,11.614583333333332,16.257291666666667,9.245833333333334,27.1125,3.333490708351088
2019_2024,regime_factorial,Dallas,heat_only,relative_humidity_2m_mean,218,53.48470948012231,54.85416666666666,45.583333333333336,60.04166666666666,34.0,72.83333333333333,8.563549412354734
2019_2024,regime_factorial,Dallas,heat_only,precipitation_sum,218,0.28394495412844034,0.0,0.0,0.0,0.0,18.4,1.5005280289350087
2019_2024,regime_factorial,Dallas,heat_only,shortwave_radiation_sum,218,25.382559633027526,25.7364,23.8149,27.3528,15.6456,29.3364,2.579109661583547
2019_2024,regime_factorial,Dallas,heat_only,wind_direction_10m_dominant,218,166.71512657772575,175.56419838190652,163.78507807205074,182.71292785301767,9.021469577603652,349.7774043039244,38.64028291216854
2019_2024,regime_factorial,Dallas,heat_only,pure_wind_run_days,218,0.0,0.0,0.0,0.0,0.0,0.0,0.0
2019_2024,regime_factorial,Dallas,heat_only,low_wind_run_days,218,0.0,0.0,0.0,0.0,0.0,0.0,0.0
2019_2024,regime_factorial,Dallas,neither,no2_ppb,686,5.507256203474246,4.9528986249999996,3.456167854166667,7.063778416666667,0.12916650000000002,22.16911075,3.096999391405075
2019_2024,regime_factorial,Dallas,neither,n_available_sites,686,3.6486880466472305,4.0,3.0,4.0,1.0,4.0,0.5996760916960083
2019_2024,regime_factorial,Dallas,neither,temperature_2m_max,686,28.43032069970845,29.5,25.2,32.8,5.3,35.0,5.335490499954409
2019_2024,regime_factorial,Dallas,neither,wind_speed_10m_mean,686,15.250983965014576,14.16875,11.484375,18.175,9.2,35.516666666666666,4.737749970249823
2019_2024,regime_factorial,Dallas,neither,relative_humidity_2m_mean,686,66.99757045675412,68.22916666666666,58.41666666666666,76.10416666666667,28.625,94.66666666666669,12.957169805184991
2019_2024,regime_factorial,Dallas,neither,precipitation_sum,686,4.371137026239067,0.1,0.0,2.975,0.0,91.3,10.325569460842605
2019_2024,regime_factorial,Dallas,neither,shortwave_radiation_sum,686,18.719569679300292,19.269,14.6709,23.796,1.5732,30.5676,6.350817183076548
2019_2024,regime_factorial,Dallas,neither,wind_direction_10m_dominant,686,158.6306770959727,163.08086885298417,120.32906164257258,180.32580708106585,0.5013497592401707,358.56904341628643,80.86440399491109
2019_2024,regime_factorial,Dallas,neither,pure_wind_run_days,686,0.0,0.0,0.0,0.0,0.0,0.0,0.0
2019_2024,regime_factorial,Dallas,neither,low_wind_run_days,686,0.0,0.0,0.0,0.0,0.0,0.0,0.0
2019_2024,regime_factorial,Dallas,wind_only,no2_ppb,295,8.734645571751413,7.893750000000001,5.909384999999999,10.46498625,1.1422222499999999,23.42313075,3.8960724536970415
2019_2024,regime_factorial,Dallas,wind_only,n_available_sites,295,3.545762711864407,4.0,3.0,4.0,2.0,4.0,0.6148176085654546
2019_2024,regime_factorial,Dallas,wind_only,temperature_2m_max,295,30.03389830508474,30.9,28.15,32.9,15.4,35.0,3.9313501069088663
2019_2024,regime_factorial,Dallas,wind_only,wind_speed_10m_mean,295,7.37367231638418,7.454166666666667,6.387499999999999,8.364583333333332,4.316666666666666,9.179166666666667,1.200555742976423
2019_2024,regime_factorial,Dallas,wind_only,relative_humidity_2m_mean,295,66.89265536723164,67.66666666666667,58.5625,75.6875,37.583333333333336,95.45833333333331,12.007575387927943
2019_2024,regime_factorial,Dallas,wind_only,precipitation_sum,295,3.2159322033898308,0.0,0.0,1.05,0.0,83.0,9.329387246220719
2019_2024,regime_factorial,Dallas,wind_only,shortwave_radiation_sum,295,20.485098305084744,21.024,17.378999999999998,24.2352,2.6064,30.33,5.311192015118612
2019_2024,regime_factorial,Dallas,wind_only,wind_direction_10m_dominant,295,121.61907137014185,106.49605642888638,68.68599354160175,158.22755660767,1.7714764559631966,357.304433565903,73.97718983608624
2019_2024,regime_factorial,Dallas,wind_only,pure_wind_run_days,295,3.671186440677966,3.0,1.0,5.0,1.0,12.0,2.964130853525587
2019_2024,regime_factorial,Dallas,wind_only,low_wind_run_days,295,4.057627118644068,3.0,2.0,6.0,1.0,12.0,3.1287673014260684
2019_2024,regime_factorial,Denver,compound,no2_ppb,41,15.885459163821135,15.763735,13.684832,18.3303558,7.3619565,27.3401524,3.741373555286717
2019_2024,regime_factorial,Denver,compound,n_available_sites,41,4.658536585365853,5.0,4.0,5.0,3.0,5.0,0.5748806875152868
2019_2024,regime_factorial,Denver,compound,temperature_2m_max,41,34.19024390243903,33.9,33.3,35.0,32.2,37.4,1.3294368879433087
2019_2024,regime_factorial,Denver,compound,wind_speed_10m_mean,41,6.540345528455284,6.545833333333333,6.2250000000000005,6.8375,5.591666666666666,7.05,0.38127212939463145
2019_2024,regime_factorial,Denver,compound,relative_humidity_2m_mean,41,41.03658536585366,42.04166666666666,34.708333333333336,48.125,23.33333333333333,56.54166666666666,8.227980901499903
2019_2024,regime_factorial,Denver,compound,precipitation_sum,41,0.19024390243902442,0.0,0.0,0.0,0.0,3.1,0.5430492049753781
2019_2024,regime_factorial,Denver,compound,shortwave_radiation_sum,41,26.595921951219513,25.8048,24.7896,28.7172,23.3136,32.0364,2.23319983918952
2019_2024,regime_factorial,Denver,compound,wind_direction_10m_dominant,41,220.35695874778924,221.16465355232387,199.0475671624564,240.57489938867516,103.9661649912552,316.0115329644215,44.817369541542206
2019_2024,regime_factorial,Denver,compound,pure_wind_run_days,41,0.0,0.0,0.0,0.0,0.0,0.0,0.0
2019_2024,regime_factorial,Denver,compound,low_wind_run_days,41,1.5853658536585367,1.0,1.0,2.0,1.0,4.0,0.7738090771016312
2019_2024,regime_factorial,Denver,heat_only,no2_ppb,223,15.225056863079224,15.2137946,12.8425,17.437276400000002,7.1721738,27.1843062,3.4860079265395636
2019_2024,regime_factorial,Denver,heat_only,n_available_sites,223,4.650224215246637,5.0,4.0,5.0,3.0,5.0,0.5643998997150583
2019_2024,regime_factorial,Denver,heat_only,temperature_2m_max,223,34.38206278026906,34.2,33.2,35.5,32.2,38.0,1.4154047126335945
2019_2024,regime_factorial,Denver,heat_only,wind_speed_10m_mean,223,8.96223841554559,8.579166666666667,7.74375,9.702083333333334,7.070833333333333,17.775000000000002,1.5791572852523736
2019_2024,regime_factorial,Denver,heat_only,relative_humidity_2m_mean,223,37.55624065769805,37.875,32.125,43.25,19.166666666666668,57.708333333333336,7.295531321133424
2019_2024,regime_factorial,Denver,heat_only,precipitation_sum,223,0.30493273542600896,0.0,0.0,0.3,0.0,5.7,0.687155561518181
2019_2024,regime_factorial,Denver,heat_only,shortwave_radiation_sum,223,26.354712107623318,26.3808,24.247799999999998,28.8612,16.8228,31.9104,2.9139840221953004
2019_2024,regime_factorial,Denver,heat_only,wind_direction_10m_dominant,223,224.73780667755372,232.92625734799597,201.8775137673039,260.1397780045878,9.977946400911712,353.09995287125,63.7164081672052
2019_2024,regime_factorial,Denver,heat_only,pure_wind_run_days,223,0.0,0.0,0.0,0.0,0.0,0.0,0.0
2019_2024,regime_factorial,Denver,heat_only,low_wind_run_days,223,0.0,0.0,0.0,0.0,0.0,0.0,0.0
2019_2024,regime_factorial,Denver,neither,no2_ppb,676,14.36059389366371,13.392174,10.415730625,16.98223615,3.5826089999999997,54.323715500000006,5.5658488051352375
2019_2024,regime_factorial,Denver,neither,n_available_sites,676,4.71301775147929,5.0,5.0,5.0,2.0,5.0,0.5420474815705824
2019_2024,regime_factorial,Denver,neither,temperature_2m_max,676,23.108136094674553,24.9,19.2,29.0,-6.3,32.1,7.541932678081267
2019_2024,regime_factorial,Denver,neither,wind_speed_10m_mean,676,9.336489151873767,8.627083333333335,7.7625,10.129166666666666,7.070833333333333,22.704166666666666,2.1965285591678905
2019_2024,regime_factorial,Denver,neither,relative_humidity_2m_mean,676,50.163399901380664,47.60416666666667,37.833333333333336,59.17708333333333,21.58333333333333,96.83333333333331,15.884719963040082
2019_2024,regime_factorial,Denver,neither,precipitation_sum,676,1.782544378698225,0.1,0.0,1.4,0.0,39.2,4.081530944373626
2019_2024,regime_factorial,Denver,neither,shortwave_radiation_sum,676,21.874084615384614,22.6458,18.0702,26.3349,4.7916,32.5188,5.7374866002457905
2019_2024,regime_factorial,Denver,neither,wind_direction_10m_dominant,676,178.44954801306517,202.61270776970247,86.47261849286538,248.92910314804791,0.2824470047790842,359.62828845668906,95.84508735064668
2019_2024,regime_factorial,Denver,neither,pure_wind_run_days,676,0.0,0.0,0.0,0.0,0.0,0.0,0.0
2019_2024,regime_factorial,Denver,neither,low_wind_run_days,676,0.0,0.0,0.0,0.0,0.0,0.0,0.0
2019_2024,regime_factorial,Denver,wind_only,no2_ppb,344,15.634040874951552,14.989331775,12.49764515,17.9505124,6.413912999999999,39.8614626,4.598194839146817
2019_2024,regime_factorial,Denver,wind_only,n_available_sites,344,4.752906976744186,5.0,5.0,5.0,2.0,5.0,0.47070783812516437
2019_2024,regime_factorial,Denver,wind_only,temperature_2m_max,344,22.81831395348837,24.1,19.3,28.3,-9.1,32.1,6.976790891457788
2019_2024,regime_factorial,Denver,wind_only,wind_speed_10m_mean,344,6.229808624031008,6.375,5.848958333333334,6.8125,3.329166666666667,7.066666666666666,0.7011309510924234
2019_2024,regime_factorial,Denver,wind_only,relative_humidity_2m_mean,344,56.53718507751938,55.375,44.90624999999999,66.5,23.291666666666668,94.70833333333331,14.51472913359025
2019_2024,regime_factorial,Denver,wind_only,precipitation_sum,344,1.8017441860465115,0.1,0.0,1.6,0.0,27.9,3.8716578565615962
2019_2024,regime_factorial,Denver,wind_only,shortwave_radiation_sum,344,22.116076744186046,23.0112,18.016199999999998,26.4843,6.5304,31.4964,5.545912677747027
2019_2024,regime_factorial,Denver,wind_only,wind_direction_10m_dominant,344,193.14320321352153,212.833279373862,119.98734773375757,255.2820436719224,1.8042287084544204,357.5274118727665,89.25635023752601
2019_2024,regime_factorial,Denver,wind_only,pure_wind_run_days,344,2.3430232558139537,2.0,1.0,3.0,1.0,7.0,1.4523764137684836
2019_2024,regime_factorial,Denver,wind_only,low_wind_run_days,344,2.38953488372093,2.0,1.0,3.0,1.0,7.0,1.4466230159869145
2019_2024,regime_factorial,Houston,compound,no2_ppb,118,8.557919093664246,7.8052579047619055,6.074304375,10.272276892857143,3.202878777777778,18.051190428571427,3.2374641251096534
2019_2024,regime_factorial,Houston,compound,n_available_sites,118,8.491525423728813,9.0,8.0,9.0,1.0,10.0,1.5120358309408426
2019_2024,regime_factorial,Houston,compound,temperature_2m_max,118,34.692372881355936,34.6,33.8,35.175000000000004,33.5,38.9,1.0808477821354783
2019_2024,regime_factorial,Houston,compound,wind_speed_10m_mean,118,6.747387005649718,6.870833333333334,6.078125,7.526041666666667,4.308333333333333,8.179166666666667,0.9540170973184666
2019_2024,regime_factorial,Houston,compound,relative_humidity_2m_mean,118,73.50776836158191,74.66666666666666,70.625,78.03125,47.375,83.45833333333333,6.138028203656773
2019_2024,regime_factorial,Houston,compound,precipitation_sum,118,1.5279661016949153,0.15000000000000002,0.0,1.275,0.0,24.1,3.5679697019051155
2019_2024,regime_factorial,Houston,compound,shortwave_radiation_sum,118,22.872935593220337,23.1966,20.9421,24.5988,14.5656,29.0196,2.6699378414457207
2019_2024,regime_factorial,Houston,compound,wind_direction_10m_dominant,118,176.09400367752653,182.5330129106025,142.13401910906342,214.54268717890426,8.853546362049626,356.8953128165101,72.33258875241819
2019_2024,regime_factorial,Houston,compound,pure_wind_run_days,118,0.0,0.0,0.0,0.0,0.0,0.0,0.0
2019_2024,regime_factorial,Houston,compound,low_wind_run_days,118,8.330508474576272,5.0,3.0,11.0,1.0,23.0,7.835984368367199
2019_2024,regime_factorial,Houston,heat_only,no2_ppb,207,5.813173897222222,5.065277666666667,4.0710780714285715,6.9970008888888895,1.6530303333333334,14.29791675,2.498061673779833
2019_2024,regime_factorial,Houston,heat_only,n_available_sites,207,8.285024154589372,9.0,7.5,9.0,2.0,10.0,1.3691886458619984
2019_2024,regime_factorial,Houston,heat_only,temperature_2m_max,207,35.50917874396136,35.3,34.1,36.4,33.5,41.9,1.6818456118414253
2019_2024,regime_factorial,Houston,heat_only,wind_speed_10m_mean,207,11.572020933977457,10.933333333333332,9.564583333333333,13.233333333333334,8.270833333333334,20.35,2.535147453012005
2019_2024,regime_factorial,Houston,heat_only,relative_humidity_2m_mean,207,70.86171497584542,71.58333333333333,68.02083333333334,74.9375,41.958333333333336,81.45833333333333,6.045914808037536
2019_2024,regime_factorial,Houston,heat_only,precipitation_sum,207,0.5811594202898551,0.0,0.0,0.5,0.0,7.6,1.2166652692398268
2019_2024,regime_factorial,Houston,heat_only,shortwave_radiation_sum,207,23.73198260869565,23.922,22.3236,25.653599999999997,15.0228,28.3176,2.6343712195540174
2019_2024,regime_factorial,Houston,heat_only,wind_direction_10m_dominant,207,174.35928788314126,186.09677969882588,169.95830504272126,198.18623859263758,1.0627890111781586,358.9277565825293,56.46517580686488
2019_2024,regime_factorial,Houston,heat_only,pure_wind_run_days,207,0.0,0.0,0.0,0.0,0.0,0.0,0.0
2019_2024,regime_factorial,Houston,heat_only,low_wind_run_days,207,0.0,0.0,0.0,0.0,0.0,0.0,0.0
2019_2024,regime_factorial,Houston,neither,no2_ppb,664,8.118681682937105,7.509833944444445,5.375509388888889,10.106770825,1.9419465,20.695478555555557,3.5404590893741896
2019_2024,regime_factorial,Houston,neither,n_available_sites,664,8.698795180722891,9.0,8.0,9.0,1.0,10.0,1.0214583341591545
2019_2024,regime_factorial,Houston,neither,temperature_2m_max,664,28.502560240963852,29.2,26.6,31.4,13.2,33.4,3.6752331674300502
2019_2024,regime_factorial,Houston,neither,wind_speed_10m_mean,664,13.386627761044176,12.60625,10.194791666666667,15.796875,8.216666666666667,34.85,3.962251692099359
2019_2024,regime_factorial,Houston,neither,relative_humidity_2m_mean,664,76.29856927710843,78.41666666666667,72.15625,83.5,28.70833333333333,97.5,10.631035999919936
2019_2024,regime_factorial,Houston,neither,precipitation_sum,664,5.325301204819277,0.8,0.0,5.025,0.0,162.9,12.436938058264042
2019_2024,regime_factorial,Houston,neither,shortwave_radiation_sum,664,17.87799578313253,18.691200000000002,13.7025,22.0671,2.124,30.258,6.096521392668466
2019_2024,regime_factorial,Houston,neither,wind_direction_10m_dominant,664,146.5727776019041,147.6505811015919,101.46463877888843,172.48730277817663,1.6580688137949324,358.8484359036668,78.243336373471
2019_2024,regime_factorial,Houston,neither,pure_wind_run_days,664,0.0,0.0,0.0,0.0,0.0,0.0,0.0
2019_2024,regime_factorial,Houston,neither,low_wind_run_days,664,0.0,0.0,0.0,0.0,0.0,0.0,0.0
2019_2024,regime_factorial,Houston,wind_only,no2_ppb,295,11.52894469955744,10.834523714285714,8.670218727777778,13.87372588888889,2.8823453333333333,24.473200888888886,3.9831538747644744
2019_2024,regime_factorial,Houston,wind_only,n_available_sites,295,8.532203389830508,9.0,8.0,9.0,3.0,10.0,1.1656128395934924
2019_2024,regime_factorial,Houston,wind_only,temperature_2m_max,295,30.715593220338977,31.2,29.8,32.4,22.1,33.4,2.2593932958340837
2019_2024,regime_factorial,Houston,wind_only,wind_speed_10m_mean,295,6.511638418079096,6.679166666666667,5.7354166666666675,7.414583333333333,3.6791666666666663,8.204166666666667,1.1334574487496145
2019_2024,regime_factorial,Houston,wind_only,relative_humidity_2m_mean,295,78.07697740112994,79.875,73.97916666666666,83.41666666666667,53.16666666666666,92.875,7.938601212882194
2019_2024,regime_factorial,Houston,wind_only,precipitation_sum,295,4.711525423728813,1.6,0.0,7.300000000000001,0.0,39.6,6.817389932246579
2019_2024,regime_factorial,Houston,wind_only,shortwave_radiation_sum,295,18.974001355932202,19.3968,16.0722,22.0878,5.8824,28.6164,4.487574005453272
2019_2024,regime_factorial,Houston,wind_only,wind_direction_10m_dominant,295,146.02444126784428,138.58808841275487,95.10510050767886,184.93372342287614,2.6342062930408554,359.5023800545546,77.50973013944835
2019_2024,regime_factorial,Houston,wind_only,pure_wind_run_days,295,4.0508474576271185,3.0,2.0,5.0,1.0,15.0,3.2650683068015973
2019_2024,regime_factorial,Houston,wind_only,low_wind_run_days,295,5.03728813559322,4.0,2.0,7.0,1.0,15.0,3.7391975159055177
2019_2024,regime_factorial,Los Angeles,compound,no2_ppb,127,17.415421929348586,16.960170857142856,13.8661086875,20.36636892857143,6.378571571428572,35.1954105,5.331776311101916
2019_2024,regime_factorial,Los Angeles,compound,n_available_sites,127,7.2204724409448815,7.0,7.0,8.0,5.0,8.0,0.6288486055315025
2019_2024,regime_factorial,Los Angeles,compound,temperature_2m_max,127,34.582677165354326,34.0,33.150000000000006,35.55,32.4,44.9,2.0429163129255437
2019_2024,regime_factorial,Los Angeles,compound,wind_speed_10m_mean,127,5.628805774278216,5.741666666666667,5.289583333333333,6.079166666666667,3.8375,6.4,0.5988184702407651
2019_2024,regime_factorial,Los Angeles,compound,relative_humidity_2m_mean,127,49.79297900262467,50.66666666666666,44.41666666666667,57.020833333333336,11.833333333333334,66.875,9.338947339906412
2019_2024,regime_factorial,Los Angeles,compound,precipitation_sum,127,0.003937007874015748,0.0,0.0,0.0,0.0,0.2,0.026432227813156517
2019_2024,regime_factorial,Los Angeles,compound,shortwave_radiation_sum,127,24.479007874015746,24.4872,21.5514,27.5346,16.5384,31.7808,3.5763219800539314
2019_2024,regime_factorial,Los Angeles,compound,wind_direction_10m_dominant,127,221.44832861944604,221.77588022346836,206.38278423178542,235.0603376856603,5.456752951513638,358.19236171343266,41.53289414369098
2019_2024,regime_factorial,Los Angeles,compound,pure_wind_run_days,127,0.0,0.0,0.0,0.0,0.0,0.0,0.0
2019_2024,regime_factorial,Los Angeles,compound,low_wind_run_days,127,7.417322834645669,5.0,2.0,8.0,1.0,29.0,7.42736354865167
2019_2024,regime_factorial,Los Angeles,heat_only,no2_ppb,112,14.779973809149643,13.455913107142855,11.356788421875,16.1832165,4.7091145625,34.49027775,5.391344044527336
2019_2024,regime_factorial,Los Angeles,heat_only,n_available_sites,112,7.214285714285714,7.0,7.0,8.0,5.0,8.0,0.6213697660012001
2019_2024,regime_factorial,Los Angeles,heat_only,temperature_2m_max,112,34.71160714285714,33.8,33.075,35.7,32.4,44.0,2.4102164508127353
2019_2024,regime_factorial,Los Angeles,heat_only,wind_speed_10m_mean,112,7.028608630952381,6.85625,6.611458333333333,7.340624999999999,6.408333333333332,9.525,0.5749304957382593
2019_2024,regime_factorial,Los Angeles,heat_only,relative_humidity_2m_mean,112,48.60267857142857,51.25,44.010416666666664,56.010416666666664,13.875,65.79166666666667,11.682606454101693
2019_2024,regime_factorial,Los Angeles,heat_only,precipitation_sum,112,0.125,0.0,0.0,0.0,0.0,13.2,1.2483863458354822
2019_2024,regime_factorial,Los Angeles,heat_only,shortwave_radiation_sum,112,26.648196428571428,27.7524,24.8328,29.1636,10.8252,31.8204,3.7144289334928877
2019_2024,regime_factorial,Los Angeles,heat_only,wind_direction_10m_dominant,112,211.0229990810451,214.4608453956914,200.47793684855102,225.27250177166616,13.950212429210888,348.6616600521888,47.48243062125952
2019_2024,regime_factorial,Los Angeles,heat_only,pure_wind_run_days,112,0.0,0.0,0.0,0.0,0.0,0.0,0.0
2019_2024,regime_factorial,Los Angeles,heat_only,low_wind_run_days,112,0.0,0.0,0.0,0.0,0.0,0.0,0.0
2019_2024,regime_factorial,Los Angeles,neither,no2_ppb,743,9.13089303495296,8.572395875,6.7619048571428575,10.667089794642857,1.8624998750000001,29.285357142857144,3.6219119904518156
2019_2024,regime_factorial,Los Angeles,neither,n_available_sites,743,7.234185733512786,7.0,7.0,8.0,5.0,8.0,0.5534158596431339
2019_2024,regime_factorial,Los Angeles,neither,temperature_2m_max,743,25.587079407806193,25.9,22.7,28.9,13.2,32.3,3.913687358013348
2019_2024,regime_factorial,Los Angeles,neither,wind_speed_10m_mean,743,7.589692687303724,7.4125,6.920833333333333,7.941666666666666,6.408333333333334,14.575,0.9833295647644607
2019_2024,regime_factorial,Los Angeles,neither,relative_humidity_2m_mean,743,64.59920367877972,66.41666666666667,61.75,70.33333333333333,10.041666666666666,86.83333333333333,10.26553107988038
2019_2024,regime_factorial,Los Angeles,neither,precipitation_sum,743,0.34239569313593543,0.0,0.0,0.0,0.0,45.3,2.315538318200371
2019_2024,regime_factorial,Los Angeles,neither,shortwave_radiation_sum,743,25.59507456258412,27.4284,23.7852,29.1042,3.1176,32.2992,5.13974530829723
2019_2024,regime_factorial,Los Angeles,neither,wind_direction_10m_dominant,743,205.6011897335329,204.46801604865607,195.03737824986234,215.1167638566675,0.8286237982664667,349.1187121382537,33.95136355639191
2019_2024,regime_factorial,Los Angeles,neither,pure_wind_run_days,743,0.0,0.0,0.0,0.0,0.0,0.0,0.0
2019_2024,regime_factorial,Los Angeles,neither,low_wind_run_days,743,0.0,0.0,0.0,0.0,0.0,0.0,0.0
2019_2024,regime_factorial,Los Angeles,wind_only,no2_ppb,302,14.091358687775275,12.836930620535714,10.039657839285713,16.922693464285715,2.644270625,33.9273438125,5.736816376928049
2019_2024,regime_factorial,Los Angeles,wind_only,n_available_sites,302,7.132450331125828,7.0,7.0,7.0,5.0,8.0,0.4777507751669771
2019_2024,regime_factorial,Los Angeles,wind_only,temperature_2m_max,302,26.756622516556295,27.35,24.125,29.6,16.9,32.3,3.6830949695476587
2019_2024,regime_factorial,Los Angeles,wind_only,wind_speed_10m_mean,302,5.581456953642385,5.685416666666667,5.186458333333333,6.0875,3.1,6.404166666666666,0.6191721066263072
2019_2024,regime_factorial,Los Angeles,wind_only,relative_humidity_2m_mean,302,64.05698123620309,65.9375,58.03125,71.75,19.166666666666668,80.95833333333333,10.294091160048342
2019_2024,regime_factorial,Los Angeles,wind_only,precipitation_sum,302,0.11092715231788079,0.0,0.0,0.0,0.0,9.8,0.7081254567163018
2019_2024,regime_factorial,Los Angeles,wind_only,shortwave_radiation_sum,302,21.54142251655629,21.2202,17.7894,25.601399999999998,7.4988,31.1364,4.843430792871773
2019_2024,regime_factorial,Los Angeles,wind_only,wind_direction_10m_dominant,302,212.13802226086494,211.01556285864362,199.34887990935678,223.5815829562822,3.4089227032683627,355.95607511725404,37.55725256492837
2019_2024,regime_factorial,Los Angeles,wind_only,pure_wind_run_days,302,5.397350993377484,4.0,2.0,8.0,1.0,16.0,4.553235453207005
2019_2024,regime_factorial,Los Angeles,wind_only,low_wind_run_days,302,9.016556291390728,6.0,3.0,11.0,1.0,29.0,8.668290480958126
2019_2024,regime_factorial,New York,compound,no2_ppb,98,15.068556973679948,14.894554,12.87656813888889,17.54832180902778,7.816666666666666,30.31845242857143,3.6979450323254777
2019_2024,regime_factorial,New York,compound,n_available_sites,98,8.357142857142858,8.0,8.0,9.0,7.0,9.0,0.6773203722005844
2019_2024,regime_factorial,New York,compound,temperature_2m_max,98,30.753061224489795,30.65,29.7,31.675,28.8,33.7,1.2399038939837281
2019_2024,regime_factorial,New York,compound,wind_speed_10m_mean,98,6.809311224489796,6.933333333333334,6.26875,7.629166666666666,4.116666666666666,8.116666666666667,0.999414526673996
2019_2024,regime_factorial,New York,compound,relative_humidity_2m_mean,98,71.65816326530611,72.33333333333333,66.63541666666667,78.0,47.5,85.5,7.446523168688935
2019_2024,regime_factorial,New York,compound,precipitation_sum,98,2.7357142857142858,0.1,0.0,2.85,0.0,39.6,5.8599505645147465
2019_2024,regime_factorial,New York,compound,shortwave_radiation_sum,98,22.563330612244897,22.8456,20.2959,25.212600000000002,8.9604,29.8404,4.158929669910206
2019_2024,regime_factorial,New York,compound,wind_direction_10m_dominant,98,223.9385796938189,231.51847784083097,177.656355793929,270.58595656391606,8.607234747900218,347.1097591269209,69.15398744190072
2019_2024,regime_factorial,New York,compound,pure_wind_run_days,98,0.0,0.0,0.0,0.0,0.0,0.0,0.0
2019_2024,regime_factorial,New York,compound,low_wind_run_days,98,3.377551020408163,3.0,2.0,4.0,1.0,10.0,2.443233053783867
2019_2024,regime_factorial,New York,heat_only,no2_ppb,142,11.624755117119381,11.498392055555556,9.280983375000002,13.898109250000001,4.087790888888889,18.54702371428571,3.197665475263352
2019_2024,regime_factorial,New York,heat_only,n_available_sites,142,8.492957746478874,9.0,8.0,9.0,6.0,9.0,0.7413470476170311
2019_2024,regime_factorial,New York,heat_only,temperature_2m_max,142,30.862676056338028,30.5,29.5,31.875,28.8,35.5,1.6230436845992997
2019_2024,regime_factorial,New York,heat_only,wind_speed_10m_mean,142,10.915346244131456,10.360416666666666,9.140625,12.469791666666667,8.1875,16.445833333333333,2.1135373389570065
2019_2024,regime_factorial,New York,heat_only,relative_humidity_2m_mean,142,68.8556338028169,69.0625,65.27083333333333,74.10416666666667,48.29166666666666,85.04166666666667,7.085877136698791
2019_2024,regime_factorial,New York,heat_only,precipitation_sum,142,2.084507042253521,0.4,0.0,2.275,0.0,25.5,4.158104037646643
2019_2024,regime_factorial,New York,heat_only,shortwave_radiation_sum,142,22.824785915492956,22.9032,20.9952,25.560000000000002,13.086,29.8872,3.607990004361607
2019_2024,regime_factorial,New York,heat_only,wind_direction_10m_dominant,142,240.03499128391724,235.54754429686483,216.68499749634412,271.6512944698476,0.3581138259815105,344.4461339239091,47.84632368438977
2019_2024,regime_factorial,New York,heat_only,pure_wind_run_days,142,0.0,0.0,0.0,0.0,0.0,0.0,0.0
2019_2024,regime_factorial,New York,heat_only,low_wind_run_days,142,0.0,0.0,0.0,0.0,0.0,0.0,0.0
2019_2024,regime_factorial,New York,neither,no2_ppb,751,11.95612349256811,11.406018555555555,8.860561423611111,14.23138224107143,2.9967593333333333,34.572113571428574,4.323988795512474
2019_2024,regime_factorial,New York,neither,n_available_sites,751,8.366178428761652,8.0,8.0,9.0,4.0,9.0,0.7342124416366568
2019_2024,regime_factorial,New York,neither,temperature_2m_max,751,20.61957390146471,21.3,16.8,25.15,3.7,28.7,5.314890060154705
2019_2024,regime_factorial,New York,neither,wind_speed_10m_mean,751,12.461506879715936,11.466666666666669,9.595833333333331,14.15,8.158333333333333,29.504166666666663,3.7451256973897284
2019_2024,regime_factorial,New York,neither,relative_humidity_2m_mean,751,68.73396582334664,69.04166666666667,60.04166666666667,78.14583333333334,29.666666666666668,94.16666666666669,12.676624538575544
2019_2024,regime_factorial,New York,neither,precipitation_sum,751,3.9575233022636485,0.1,0.0,3.45,0.0,102.6,9.0345230453959
2019_2024,regime_factorial,New York,neither,shortwave_radiation_sum,751,17.22655605858855,17.8632,11.860199999999999,23.3658,0.7919999999999999,30.8484,7.657845325791491
2019_2024,regime_factorial,New York,neither,wind_direction_10m_dominant,751,191.61265516768313,207.9733344921262,90.43782277463501,289.868408989262,0.4440196315656156,359.96536098402,106.34394173256273
2019_2024,regime_factorial,New York,neither,pure_wind_run_days,751,0.0,0.0,0.0,0.0,0.0,0.0,0.0
2019_2024,regime_factorial,New York,neither,low_wind_run_days,751,0.0,0.0,0.0,0.0,0.0,0.0,0.0
2019_2024,regime_factorial,New York,wind_only,no2_ppb,293,16.736232352639632,16.292592555555554,13.03807722222222,19.206223,6.673227444444445,37.603472125,5.269987759673698
2019_2024,regime_factorial,New York,wind_only,n_available_sites,293,8.331058020477816,8.0,8.0,9.0,4.0,9.0,0.7914079962226243
2019_2024,regime_factorial,New York,wind_only,temperature_2m_max,293,23.10102389078498,23.9,20.5,26.8,8.9,28.7,4.419845381303825
2019_2024,regime_factorial,New York,wind_only,wind_speed_10m_mean,293,6.746160409556314,6.8500000000000005,6.1125,7.595833333333334,3.654166666666667,8.15,0.9725542171750822
2019_2024,regime_factorial,New York,wind_only,relative_humidity_2m_mean,293,74.46871444823663,75.625,67.25,81.875,45.583333333333336,95.33333333333331,10.126038387326291
2019_2024,regime_factorial,New York,wind_only,precipitation_sum,293,2.532423208191126,0.1,0.0,2.5,0.0,26.3,5.112247575414971
2019_2024,regime_factorial,New York,wind_only,shortwave_radiation_sum,293,16.65598361774744,16.8624,12.0348,21.4416,2.286,30.9816,6.2717893523085335
2019_2024,regime_factorial,New York,wind_only,wind_direction_10m_dominant,293,176.51963495770102,171.35854741081067,106.99744980465078,249.6980167159296,4.688037661023405,354.37037817136047,90.97398195561863
2019_2024,regime_factorial,New York,wind_only,pure_wind_run_days,293,2.2013651877133107,2.0,1.0,3.0,1.0,5.0,1.2755866954272759
2019_2024,regime_factorial,New York,wind_only,low_wind_run_days,293,2.532423208191126,2.0,1.0,3.0,1.0,10.0,1.7151041139392431
2019_2024,regime_factorial,Philadelphia,compound,no2_ppb,76,9.54307587631579,9.705400725,7.163272225,12.073324399999999,3.82667575,17.084722,3.031736473970897
2019_2024,regime_factorial,Philadelphia,compound,n_available_sites,76,4.5394736842105265,5.0,4.0,5.0,3.0,5.0,0.5759812375111818
2019_2024,regime_factorial,Philadelphia,compound,temperature_2m_max,76,32.43552631578948,32.1,31.475,33.1,30.9,35.3,1.1811524256553765
2019_2024,regime_factorial,Philadelphia,compound,wind_speed_10m_mean,76,6.4606907894736825,6.377083333333333,5.88125,7.371875,3.4791666666666665,7.833333333333333,1.017525442289591
2019_2024,regime_factorial,Philadelphia,compound,relative_humidity_2m_mean,76,68.2532894736842,68.77083333333334,62.947916666666664,74.47916666666667,44.5,82.29166666666667,8.169890982425493
2019_2024,regime_factorial,Philadelphia,compound,precipitation_sum,76,2.2210526315789476,0.1,0.0,2.175,0.0,18.5,3.978184369431988
2019_2024,regime_factorial,Philadelphia,compound,shortwave_radiation_sum,76,22.72774736842105,23.4486,20.2446,25.6023,14.3352,30.474,3.566742526301319
2019_2024,regime_factorial,Philadelphia,compound,wind_direction_10m_dominant,76,221.65185687672582,226.9711830740576,193.8211983820667,261.9475417198852,15.68708662037882,333.17633180974985,67.21942550552444
2019_2024,regime_factorial,Philadelphia,compound,pure_wind_run_days,76,0.0,0.0,0.0,0.0,0.0,0.0,0.0
2019_2024,regime_factorial,Philadelphia,compound,low_wind_run_days,76,3.0789473684210527,2.0,2.0,4.0,1.0,8.0,1.9783033666569734
2019_2024,regime_factorial,Philadelphia,heat_only,no2_ppb,164,8.637145906910568,8.530531666666667,6.875960000000001,10.1976841875,3.07898575,19.152210200000003,2.584249256724463
2019_2024,regime_factorial,Philadelphia,heat_only,n_available_sites,164,4.530487804878049,5.0,4.0,5.0,2.0,5.0,0.6403965459359425
2019_2024,regime_factorial,Philadelphia,heat_only,temperature_2m_max,164,33.073170731707314,32.849999999999994,31.7,34.2,30.9,37.5,1.5165790354188118
2019_2024,regime_factorial,Philadelphia,heat_only,wind_speed_10m_mean,164,10.600203252032522,10.189583333333335,8.864583333333334,12.135416666666666,7.8625,16.541666666666668,2.081922671941908
2019_2024,regime_factorial,Philadelphia,heat_only,relative_humidity_2m_mean,164,66.7223069105691,66.77083333333333,61.65624999999999,73.51041666666667,38.458333333333336,84.83333333333333,8.257165039244612
2019_2024,regime_factorial,Philadelphia,heat_only,precipitation_sum,164,2.5500000000000003,0.2,0.0,2.125,0.0,30.1,5.1902515985683895
2019_2024,regime_factorial,Philadelphia,heat_only,shortwave_radiation_sum,164,22.860834146341464,23.2434,20.499299999999998,25.5555,10.656,30.4452,3.6790744756132727
2019_2024,regime_factorial,Philadelphia,heat_only,wind_direction_10m_dominant,164,236.98129449803034,230.7860535309269,212.0239135098914,258.64248192865625,92.08039579576722,354.4534650525877,39.932135585173555
2019_2024,regime_factorial,Philadelphia,heat_only,pure_wind_run_days,164,0.0,0.0,0.0,0.0,0.0,0.0,0.0
2019_2024,regime_factorial,Philadelphia,heat_only,low_wind_run_days,164,0.0,0.0,0.0,0.0,0.0,0.0,0.0
2019_2024,regime_factorial,Philadelphia,neither,no2_ppb,730,8.764338698378996,8.339716175,6.514528850000001,10.5775845,1.9484418000000001,24.4589362,3.271429586258979
2019_2024,regime_factorial,Philadelphia,neither,n_available_sites,730,4.683561643835616,5.0,4.0,5.0,2.0,5.0,0.578421696889161
2019_2024,regime_factorial,Philadelphia,neither,temperature_2m_max,730,22.558767123287673,23.3,18.825,27.1,6.2,30.8,5.538656878186368
2019_2024,regime_factorial,Philadelphia,neither,wind_speed_10m_mean,730,12.23605593607306,11.279166666666665,9.537499999999998,14.035416666666666,7.854166666666667,27.679166666666664,3.674381961997288
2019_2024,regime_factorial,Philadelphia,neither,relative_humidity_2m_mean,730,64.03498858447489,63.97916666666667,54.09375,74.60416666666667,23.83333333333333,95.25,14.172441452577619
2019_2024,regime_factorial,Philadelphia,neither,precipitation_sum,730,3.8163013698630133,0.0,0.0,3.375,0.0,62.6,8.408808499153963
2019_2024,regime_factorial,Philadelphia,neither,shortwave_radiation_sum,730,17.491334794520547,18.1278,12.4713,23.391000000000002,0.8136,31.356,7.471091669852297
2019_2024,regime_factorial,Philadelphia,neither,wind_direction_10m_dominant,730,202.75927265316722,223.68132976458668,101.51447910036032,294.39081788177526,2.219441785332548,359.7647035809854,104.22722268235374
2019_2024,regime_factorial,Philadelphia,neither,pure_wind_run_days,730,0.0,0.0,0.0,0.0,0.0,0.0,0.0
2019_2024,regime_factorial,Philadelphia,neither,low_wind_run_days,730,0.0,0.0,0.0,0.0,0.0,0.0,0.0
2019_2024,regime_factorial,Philadelphia,wind_only,no2_ppb,314,10.386125290286625,9.7270983,7.748056799999999,12.013791874999999,4.518700600000001,27.2021698,3.8516589286442704
2019_2024,regime_factorial,Philadelphia,wind_only,n_available_sites,314,4.697452229299363,5.0,4.0,5.0,3.0,5.0,0.5429123976412643
2019_2024,regime_factorial,Philadelphia,wind_only,temperature_2m_max,314,25.54044585987261,26.85,22.85,28.9,8.7,30.8,4.179164941573923
2019_2024,regime_factorial,Philadelphia,wind_only,wind_speed_10m_mean,314,6.441202229299363,6.564583333333333,5.852083333333334,7.252083333333333,3.0083333333333333,7.845833333333334,1.0216197471494433
2019_2024,regime_factorial,Philadelphia,wind_only,relative_humidity_2m_mean,314,69.92714968152866,70.4375,61.59375,79.1875,41.583333333333336,92.66666666666669,11.2902022784672
2019_2024,regime_factorial,Philadelphia,wind_only,precipitation_sum,314,2.923248407643312,0.1,0.0,2.6,0.0,64.3,6.656582964432851
2019_2024,regime_factorial,Philadelphia,wind_only,shortwave_radiation_sum,314,17.051434394904454,17.0622,12.5289,21.8844,2.6028,31.3056,6.3314629443403065
2019_2024,regime_factorial,Philadelphia,wind_only,wind_direction_10m_dominant,314,189.21112286731235,193.1703877373617,105.13026992862913,274.15435652535666,2.667698250174033,357.1061189626764,98.53121246168342
2019_2024,regime_factorial,Philadelphia,wind_only,pure_wind_run_days,314,2.267515923566879,2.0,1.0,3.0,1.0,6.0,1.2169314870421324
2019_2024,regime_factorial,Philadelphia,wind_only,low_wind_run_days,314,2.5796178343949046,2.0,1.0,3.0,1.0,8.0,1.5277095074345248
2019_2024,regime_factorial,Phoenix,compound,no2_ppb,49,15.158858176530613,14.3908332,11.4558334,18.4869202,5.3645835,28.088541749999997,5.289567017104781
2019_2024,regime_factorial,Phoenix,compound,n_available_sites,49,4.591836734693878,5.0,4.0,5.0,4.0,5.0,0.49658699082414787
2019_2024,regime_factorial,Phoenix,compound,temperature_2m_max,49,43.44489795918368,43.2,42.3,44.2,41.9,46.8,1.2127896946863523
2019_2024,regime_factorial,Phoenix,compound,wind_speed_10m_mean,49,6.093877551020407,6.216666666666666,5.8125,6.466666666666666,4.3500000000000005,6.7250000000000005,0.5055916372680219
2019_2024,regime_factorial,Phoenix,compound,relative_humidity_2m_mean,49,22.7704081632653,22.916666666666668,16.958333333333332,27.666666666666668,7.416666666666667,38.04166666666666,7.571811504492277
2019_2024,regime_factorial,Phoenix,compound,precipitation_sum,49,0.12653061224489795,0.0,0.0,0.0,0.0,1.8,0.352831115292242
2019_2024,regime_factorial,Phoenix,compound,shortwave_radiation_sum,49,26.8776,27.1044,25.1028,28.404,19.5264,32.5116,2.778052807273469
2019_2024,regime_factorial,Phoenix,compound,wind_direction_10m_dominant,49,203.29970640064795,232.13707595406356,123.8461818714303,264.13456944581054,23.82101838423922,353.6760491385168,90.3003190292352
2019_2024,regime_factorial,Phoenix,compound,pure_wind_run_days,49,0.0,0.0,0.0,0.0,0.0,0.0,0.0
2019_2024,regime_factorial,Phoenix,compound,low_wind_run_days,49,1.9591836734693877,2.0,1.0,2.0,1.0,8.0,1.4282737785153647
2019_2024,regime_factorial,Phoenix,heat_only,no2_ppb,241,11.470134405394191,11.18712125,8.538409,13.877626750000001,4.125000200000001,23.91625,3.8627224468974726
2019_2024,regime_factorial,Phoenix,heat_only,n_available_sites,241,4.580912863070539,5.0,4.0,5.0,4.0,5.0,0.49443654450514213
2019_2024,regime_factorial,Phoenix,heat_only,temperature_2m_max,241,43.80082987551867,43.6,42.8,44.6,41.9,47.7,1.302081401105067
2019_2024,regime_factorial,Phoenix,heat_only,wind_speed_10m_mean,241,9.12551867219917,8.987499999999999,7.708333333333333,10.15,6.745833333333334,15.908333333333331,1.7092566158808056
2019_2024,regime_factorial,Phoenix,heat_only,relative_humidity_2m_mean,241,21.098029045643152,20.75,15.666666666666666,26.291666666666668,7.291666666666667,47.208333333333336,6.82080757305833
2019_2024,regime_factorial,Phoenix,heat_only,precipitation_sum,241,0.12489626556016598,0.0,0.0,0.0,0.0,3.9,0.4136757103831404
2019_2024,regime_factorial,Phoenix,heat_only,shortwave_radiation_sum,241,27.408234024896267,27.6408,25.416,29.4948,18.7164,31.7592,2.6218463065183952
2019_2024,regime_factorial,Phoenix,heat_only,wind_direction_10m_dominant,241,220.22711874378717,243.4637350905036,205.4346382974088,259.53407395312456,23.61542909554964,359.53061595585336,67.1438636922528
2019_2024,regime_factorial,Phoenix,heat_only,pure_wind_run_days,241,0.0,0.0,0.0,0.0,0.0,0.0,0.0
2019_2024,regime_factorial,Phoenix,heat_only,low_wind_run_days,241,0.0,0.0,0.0,0.0,0.0,0.0,0.0
2019_2024,regime_factorial,Phoenix,neither,no2_ppb,666,12.82410808546046,11.769761899999999,9.341391999999999,15.5821649125,1.9791668000000002,29.3183332,5.082517206878319
2019_2024,regime_factorial,Phoenix,neither,n_available_sites,666,4.648648648648648,5.0,4.0,5.0,3.0,5.0,0.5112034802024567
2019_2024,regime_factorial,Phoenix,neither,temperature_2m_max,666,35.212312312312314,36.4,32.1,39.4,16.9,41.8,5.026231796658697
2019_2024,regime_factorial,Phoenix,neither,wind_speed_10m_mean,666,9.467517517517518,8.76875,7.6343749999999995,10.591666666666669,6.733333333333333,25.516666666666666,2.4466777245371203
2019_2024,regime_factorial,Phoenix,neither,relative_humidity_2m_mean,666,23.89527027027027,20.229166666666668,15.083333333333334,30.135416666666668,6.708333333333333,80.66666666666667,11.891303210700487
2019_2024,regime_factorial,Phoenix,neither,precipitation_sum,666,0.43018018018018017,0.0,0.0,0.0,0.0,39.0,2.4143005582427794
2019_2024,regime_factorial,Phoenix,neither,shortwave_radiation_sum,666,25.753151351351352,26.576999999999998,22.0869,30.1338,4.2408,32.7348,4.855755678266073
2019_2024,regime_factorial,Phoenix,neither,wind_direction_10m_dominant,666,198.58010638106572,222.0379799276587,167.85448440119808,245.8815793117532,0.6147167222855885,359.6096799623696,78.79283177978812
2019_2024,regime_factorial,Phoenix,neither,pure_wind_run_days,666,0.0,0.0,0.0,0.0,0.0,0.0,0.0
2019_2024,regime_factorial,Phoenix,neither,low_wind_run_days,666,0.0,0.0,0.0,0.0,0.0,0.0,0.0
2019_2024,regime_factorial,Phoenix,wind_only,no2_ppb,328,16.563789813211383,16.324129,11.79223725,20.5066667,5.3241668,32.536905000000004,5.714569297071178
2019_2024,regime_factorial,Phoenix,wind_only,n_available_sites,328,4.774390243902439,5.0,5.0,5.0,3.0,5.0,0.4669665202517478
2019_2024,regime_factorial,Phoenix,wind_only,temperature_2m_max,328,34.80762195121952,35.4,31.575000000000003,38.925,16.4,41.8,4.726763847312752
2019_2024,regime_factorial,Phoenix,wind_only,wind_speed_10m_mean,328,5.7290015243902435,5.841666666666666,5.290625,6.292708333333334,3.5416666666666665,6.729166666666667,0.6960354030346844
2019_2024,regime_factorial,Phoenix,wind_only,relative_humidity_2m_mean,328,32.0282012195122,28.354166666666664,18.65625,40.15625,6.375,84.91666666666667,16.671070350933118
2019_2024,regime_factorial,Phoenix,wind_only,precipitation_sum,328,0.7125,0.0,0.0,0.0,0.0,30.000000000000004,3.2433034986103078
2019_2024,regime_factorial,Phoenix,wind_only,shortwave_radiation_sum,328,23.51912926829268,23.410800000000002,19.4787,27.4005,6.588,32.9004,4.927865910530468
2019_2024,regime_factorial,Phoenix,wind_only,wind_direction_10m_dominant,328,169.1416509563361,174.88202224616413,70.4384910142408,255.7946265211618,0.6952748352678513,359.57302239090154,103.08600943095983
2019_2024,regime_factorial,Phoenix,wind_only,pure_wind_run_days,328,3.152439024390244,2.0,1.0,5.0,1.0,8.0,2.198399507328939
2019_2024,regime_factorial,Phoenix,wind_only,low_wind_run_days,328,3.2408536585365852,2.0,2.0,5.0,1.0,8.0,2.229886354241088
2019_2024,regime_factorial,San Diego,compound,no2_ppb,110,9.208538645984849,8.048915000000001,6.7075215,10.9565754875,4.0242965,19.34431825,3.5724318013477525
2019_2024,regime_factorial,San Diego,compound,n_available_sites,110,4.009090909090909,4.0,4.0,4.0,2.0,5.0,0.5157243866988095
2019_2024,regime_factorial,San Diego,compound,temperature_2m_max,110,31.64272727272727,31.0,30.2,32.45,29.7,39.3,1.8677592467543909
2019_2024,regime_factorial,San Diego,compound,wind_speed_10m_mean,110,6.031742424242423,6.091666666666667,5.776041666666667,6.372916666666667,4.9125000000000005,6.658333333333334,0.4452050081759822
2019_2024,regime_factorial,San Diego,compound,relative_humidity_2m_mean,110,59.26212121212121,61.29166666666667,54.67708333333333,66.15625,31.041666666666668,79.25,9.256187053648222
2019_2024,regime_factorial,San Diego,compound,precipitation_sum,110,0.10636363636363635,0.0,0.0,0.0,0.0,10.4,0.9930286610170596
2019_2024,regime_factorial,San Diego,compound,shortwave_radiation_sum,110,24.39307636363636,24.3036,21.7134,27.2601,16.5204,31.6512,3.633867491737913
2019_2024,regime_factorial,San Diego,compound,wind_direction_10m_dominant,110,273.4413604833749,278.62750719456494,259.11684066443615,293.76047469726757,23.85654500732841,336.6127641159213,37.56770675904267
2019_2024,regime_factorial,San Diego,compound,pure_wind_run_days,110,0.0,0.0,0.0,0.0,0.0,0.0,0.0
2019_2024,regime_factorial,San Diego,compound,low_wind_run_days,110,5.0181818181818185,4.0,2.0,8.0,1.0,19.0,4.079444597432302
2019_2024,regime_factorial,San Diego,heat_only,no2_ppb,140,8.839248013214286,7.373505,5.872751,11.2385689375,2.756277,23.304274749999998,4.176232552254289
2019_2024,regime_factorial,San Diego,heat_only,n_available_sites,140,3.992857142857143,4.0,4.0,4.0,2.0,5.0,0.4871947090034811
2019_2024,regime_factorial,San Diego,heat_only,temperature_2m_max,140,31.689285714285713,30.9,30.3,32.5,29.7,39.8,1.9483878755174788
2019_2024,regime_factorial,San Diego,heat_only,wind_speed_10m_mean,140,8.007500000000002,7.733333333333333,7.141666666666667,8.617708333333333,6.6875,12.379166666666668,1.081162531751794
2019_2024,regime_factorial,San Diego,heat_only,relative_humidity_2m_mean,140,55.79940476190475,59.08333333333333,52.895833333333336,65.85416666666666,14.416666666666666,76.41666666666667,13.550548724913694
2019_2024,regime_factorial,San Diego,heat_only,precipitation_sum,140,0.16714285714285712,0.0,0.0,0.0,0.0,16.9,1.46008981970401
2019_2024,regime_factorial,San Diego,heat_only,shortwave_radiation_sum,140,25.007991428571422,25.4466,23.2758,27.814500000000002,4.0608,32.1408,4.073062373737684
2019_2024,regime_factorial,San Diego,heat_only,wind_direction_10m_dominant,140,264.6916726049648,293.0691788199136,274.75429938344973,304.9544708567302,12.783232274910114,356.8247482155072,79.78919022973157
2019_2024,regime_factorial,San Diego,heat_only,pure_wind_run_days,140,0.0,0.0,0.0,0.0,0.0,0.0,0.0
2019_2024,regime_factorial,San Diego,heat_only,low_wind_run_days,140,0.0,0.0,0.0,0.0,0.0,0.0,0.0
2019_2024,regime_factorial,San Diego,neither,no2_ppb,735,4.489758805941043,3.9282684000000003,3.0533549166666667,5.2332901000000005,1.0613635000000001,20.418528000000002,2.4043055907687774
2019_2024,regime_factorial,San Diego,neither,n_available_sites,735,3.896598639455782,4.0,4.0,4.0,2.0,5.0,0.6479284707958906
2019_2024,regime_factorial,San Diego,neither,temperature_2m_max,735,23.91265306122449,24.3,21.4,26.7,14.3,29.6,3.3920712822446952
2019_2024,regime_factorial,San Diego,neither,wind_speed_10m_mean,735,8.40956349206349,7.837499999999999,7.26875,8.904166666666667,6.6625000000000005,20.383333333333333,1.8297946566743233
2019_2024,regime_factorial,San Diego,neither,relative_humidity_2m_mean,735,70.60651927437641,71.625,67.8125,75.1875,14.625,90.125,8.033450641253957
2019_2024,regime_factorial,San Diego,neither,precipitation_sum,735,0.4095238095238095,0.0,0.0,0.0,0.0,30.700000000000003,2.122814097180869
2019_2024,regime_factorial,San Diego,neither,shortwave_radiation_sum,735,24.940334693877553,26.6976,22.318199999999997,28.9692,3.4236,32.184,5.352346573343218
2019_2024,regime_factorial,San Diego,neither,wind_direction_10m_dominant,735,264.09791204074025,272.2669965911727,245.6764034371909,286.9950449525403,17.108467535297013,350.75922607072647,37.75746681724046
2019_2024,regime_factorial,San Diego,neither,pure_wind_run_days,735,0.0,0.0,0.0,0.0,0.0,0.0,0.0
2019_2024,regime_factorial,San Diego,neither,low_wind_run_days,735,0.0,0.0,0.0,0.0,0.0,0.0,0.0
2019_2024,regime_factorial,San Diego,wind_only,no2_ppb,299,6.44722281231884,5.50532125,4.342221225,7.3812987,2.20303025,19.267045500000002,3.141176907123388
2019_2024,regime_factorial,San Diego,wind_only,n_available_sites,299,3.9899665551839463,4.0,4.0,4.0,1.0,5.0,0.711765692880919
2019_2024,regime_factorial,San Diego,wind_only,temperature_2m_max,299,25.464882943143813,25.8,23.5,27.7,17.3,29.6,2.745564617732449
2019_2024,regime_factorial,San Diego,wind_only,wind_speed_10m_mean,299,5.969760312151617,6.1125,5.620833333333334,6.433333333333334,3.633333333333333,6.654166666666666,0.5800442172457462
2019_2024,regime_factorial,San Diego,wind_only,relative_humidity_2m_mean,299,69.54264214046823,70.75,65.20833333333333,74.91666666666667,22.58333333333333,84.58333333333333,8.389193662526548
2019_2024,regime_factorial,San Diego,wind_only,precipitation_sum,299,0.052173913043478265,0.0,0.0,0.0,0.0,4.0,0.311664114052818
2019_2024,regime_factorial,San Diego,wind_only,shortwave_radiation_sum,299,24.082133779264215,25.0416,19.8414,28.407600000000002,9.1908,31.6728,4.997149481927433
2019_2024,regime_factorial,San Diego,wind_only,wind_direction_10m_dominant,299,259.0113661734502,261.0244607079392,246.50573210195392,278.2581432963802,6.720859921649669,358.92407306514616,39.456615855743074
2019_2024,regime_factorial,San Diego,wind_only,pure_wind_run_days,299,2.8862876254180603,2.0,1.0,3.0,1.0,9.0,1.9696810794080093
2019_2024,regime_factorial,San Diego,wind_only,low_wind_run_days,299,4.498327759197324,3.0,2.0,6.0,1.0,19.0,4.268170459742848
2019_2024,regime_factorial,Seattle,compound,no2_ppb,104,16.007052615384616,15.034227000000001,11.295405250000002,19.062363875,3.966667,47.7725545,6.800386883897984
2019_2024,regime_factorial,Seattle,compound,n_available_sites,104,1.9134615384615385,2.0,2.0,2.0,1.0,2.0,0.2825190748118817
2019_2024,regime_factorial,Seattle,compound,temperature_2m_max,104,26.469230769230766,26.0,24.8,27.325,24.0,33.6,2.1511828727594895
2019_2024,regime_factorial,Seattle,compound,wind_speed_10m_mean,104,4.934214743589743,5.112500000000001,4.486458333333333,5.482291666666667,3.1875,5.8500000000000005,0.695921300632277
2019_2024,regime_factorial,Seattle,compound,relative_humidity_2m_mean,104,68.34775641025642,68.79166666666666,64.83333333333333,72.0625,52.79166666666666,81.29166666666667,5.70124009849542
2019_2024,regime_factorial,Seattle,compound,precipitation_sum,104,0.07307692307692307,0.0,0.0,0.0,0.0,2.0,0.3056842616357601
2019_2024,regime_factorial,Seattle,compound,shortwave_radiation_sum,104,24.578203846153848,24.9912,22.0878,28.0008,11.7396,30.4056,4.209509419193206
2019_2024,regime_factorial,Seattle,compound,wind_direction_10m_dominant,104,191.5873327340834,230.91116072903736,20.265381597813693,310.1442151256786,0.1595156257772143,358.07798552973577,131.91831276047648
2019_2024,regime_factorial,Seattle,compound,pure_wind_run_days,104,0.0,0.0,0.0,0.0,0.0,0.0,0.0
2019_2024,regime_factorial,Seattle,compound,low_wind_run_days,104,2.6923076923076925,2.0,1.0,3.25,1.0,9.0,2.2472288137391523
2019_2024,regime_factorial,Seattle,heat_only,no2_ppb,179,13.386141891061452,12.380163,9.233498,16.768252000000004,3.020833,37.4586955,5.364306772277163
2019_2024,regime_factorial,Seattle,heat_only,n_available_sites,179,1.8491620111731844,2.0,2.0,2.0,1.0,2.0,0.3588947946194277
2019_2024,regime_factorial,Seattle,heat_only,temperature_2m_max,179,26.782681564245813,26.2,25.0,28.1,24.0,38.4,2.3174670316905956
2019_2024,regime_factorial,Seattle,heat_only,wind_speed_10m_mean,179,7.826769087523277,7.454166666666667,6.6000000000000005,8.554166666666667,5.870833333333334,13.841666666666669,1.588318639002136
2019_2024,regime_factorial,Seattle,heat_only,relative_humidity_2m_mean,179,66.41340782122904,66.54166666666667,62.08333333333333,71.64583333333334,32.291666666666664,80.25,6.890700283727571
2019_2024,regime_factorial,Seattle,heat_only,precipitation_sum,179,0.1340782122905028,0.0,0.0,0.0,0.0,4.4,0.5821411606536023
2019_2024,regime_factorial,Seattle,heat_only,shortwave_radiation_sum,179,25.174478212290502,26.2188,22.483800000000002,28.539,11.2176,30.9888,4.305497341161337
2019_2024,regime_factorial,Seattle,heat_only,wind_direction_10m_dominant,179,110.85429548556185,30.92397457721271,12.364234208873006,216.27194592813242,1.977146929901193,358.1192588411344,111.78993556158655
2019_2024,regime_factorial,Seattle,heat_only,pure_wind_run_days,179,0.0,0.0,0.0,0.0,0.0,0.0,0.0
2019_2024,regime_factorial,Seattle,heat_only,low_wind_run_days,179,0.0,0.0,0.0,0.0,0.0,0.0,0.0
2019_2024,regime_factorial,Seattle,neither,no2_ppb,735,10.00413816802721,9.517909,7.447826,11.97087875,1.8043480000000005,26.626630499999997,3.5692762361947756
2019_2024,regime_factorial,Seattle,neither,n_available_sites,735,1.9142857142857144,2.0,2.0,2.0,1.0,2.0,0.28013231595340243
2019_2024,regime_factorial,Seattle,neither,temperature_2m_max,735,17.129387755102044,17.1,14.2,20.1,6.4,23.9,3.897065413160878
2019_2024,regime_factorial,Seattle,neither,wind_speed_10m_mean,735,9.726910430839004,8.8125,7.15625,11.556250000000002,5.858333333333333,26.9375,3.3333139846890822
2019_2024,regime_factorial,Seattle,neither,relative_humidity_2m_mean,735,76.00277777777778,75.875,70.29166666666667,81.66666666666667,42.083333333333336,95.58333333333331,8.086368858328678
2019_2024,regime_factorial,Seattle,neither,precipitation_sum,735,3.486530612244898,0.8,0.0,5.05,0.0,47.0,5.614225879395934
2019_2024,regime_factorial,Seattle,neither,shortwave_radiation_sum,735,14.4688506122449,14.1696,9.0306,19.2618,0.8244,31.2408,6.944894740621116
2019_2024,regime_factorial,Seattle,neither,wind_direction_10m_dominant,735,164.32871944630563,196.67542583717596,158.13463405742675,209.68606795356789,0.7335908984126065,359.9176054097518,84.03337483265518
2019_2024,regime_factorial,Seattle,neither,pure_wind_run_days,735,0.0,0.0,0.0,0.0,0.0,0.0,0.0
2019_2024,regime_factorial,Seattle,neither,low_wind_run_days,735,0.0,0.0,0.0,0.0,0.0,0.0,0.0
2019_2024,regime_factorial,Seattle,wind_only,no2_ppb,264,13.849542615530302,13.02450175,9.69116825,16.96639475,4.5354165,33.5057065,5.320752099386619
2019_2024,regime_factorial,Seattle,wind_only,n_available_sites,264,1.9356060606060606,2.0,2.0,2.0,1.0,2.0,0.24591957501910672
2019_2024,regime_factorial,Seattle,wind_only,temperature_2m_max,264,18.724999999999998,19.3,16.5,21.725,7.5,23.9,3.6679347386708354
2019_2024,regime_factorial,Seattle,wind_only,wind_speed_10m_mean,264,4.737168560606062,4.858333333333333,4.208333333333334,5.413541666666667,2.2625,5.8375,0.8099546726278273
2019_2024,regime_factorial,Seattle,wind_only,relative_humidity_2m_mean,264,75.86663510101009,75.875,71.04166666666667,81.27083333333333,54.16666666666666,93.45833333333331,7.5570357859510455
2019_2024,regime_factorial,Seattle,wind_only,precipitation_sum,264,1.1314393939393939,0.0,0.0,0.925,0.0,28.6,3.056134548173734
2019_2024,regime_factorial,Seattle,wind_only,shortwave_radiation_sum,264,15.796063636363636,15.3018,10.9998,19.9386,2.5272,30.528,6.155196877587798
2019_2024,regime_factorial,Seattle,wind_only,wind_direction_10m_dominant,264,184.24746262639206,198.8711386342652,75.68542661129223,253.9647618710672,0.9686860560587526,359.98426213988205,112.67007858144835
2019_2024,regime_factorial,Seattle,wind_only,pure_wind_run_days,264,2.090909090909091,2.0,1.0,3.0,1.0,5.0,1.2143285581824308
2019_2024,regime_factorial,Seattle,wind_only,low_wind_run_days,264,2.3257575757575757,2.0,1.0,3.0,1.0,9.0,1.4798839340020198
2019_2024,regime_factorial_weather_calendar,Atlanta,compound,temperature_2m_max,133,32.86315789473684,32.6,32.1,33.4,31.5,36.5,1.0482650662512834
2019_2024,regime_factorial_weather_calendar,Atlanta,compound,wind_speed_10m_mean,133,5.225971177944862,5.370833333333334,4.616666666666666,5.879166666666666,3.1625,6.754166666666666,0.8449821697636888
2019_2024,regime_factorial_weather_calendar,Atlanta,compound,relative_humidity_2m_mean,133,69.34022556390977,69.58333333333333,64.41666666666667,75.375,47.04166666666666,87.29166666666667,8.31233177542229
2019_2024,regime_factorial_weather_calendar,Atlanta,compound,precipitation_sum,133,1.8977443609022555,0.2,0.0,1.8,0.0,24.9,3.703365917104567
2019_2024,regime_factorial_weather_calendar,Atlanta,compound,shortwave_radiation_sum,133,22.432574436090228,22.5108,20.7396,24.1812,15.9336,30.1248,2.61933679663193
2019_2024,regime_factorial_weather_calendar,Atlanta,compound,wind_direction_10m_dominant,133,202.14768987253365,212.24640181883177,125.87263671732036,281.48320939501855,9.994275522695014,358.2512291480831,97.92654051162158
2019_2024,regime_factorial_weather_calendar,Atlanta,compound,pure_wind_run_days,133,0.0,0.0,0.0,0.0,0.0,0.0,0.0
2019_2024,regime_factorial_weather_calendar,Atlanta,compound,low_wind_run_days,133,5.593984962406015,5.0,2.0,8.0,1.0,15.0,3.9924883901179604
2019_2024,regime_factorial_weather_calendar,Atlanta,heat_only,temperature_2m_max,136,32.96544117647059,32.75,32.0,33.8,31.5,36.1,1.1592065406654537
2019_2024,regime_factorial_weather_calendar,Atlanta,heat_only,wind_speed_10m_mean,136,9.089460784313724,8.797916666666666,7.807291666666665,9.914583333333333,6.779166666666666,16.658333333333335,1.7905674880648694
2019_2024,regime_factorial_weather_calendar,Atlanta,heat_only,relative_humidity_2m_mean,136,66.11305147058823,67.41666666666667,58.91666666666666,71.83333333333334,47.54166666666666,82.75,8.490040322227648
2019_2024,regime_factorial_weather_calendar,Atlanta,heat_only,precipitation_sum,136,1.2808823529411764,0.05,0.0,1.525,0.0,22.3,2.8004104118763617
2019_2024,regime_factorial_weather_calendar,Atlanta,heat_only,shortwave_radiation_sum,136,23.341526470588235,23.355,21.6711,25.3998,15.696,29.7756,2.9439547767066867
2019_2024,regime_factorial_weather_calendar,Atlanta,heat_only,wind_direction_10m_dominant,136,243.51177694998853,258.5899397266005,219.3572706567504,305.4825863420852,0.6692595708394488,351.83377621608537,83.78869139207522
2019_2024,regime_factorial_weather_calendar,Atlanta,heat_only,pure_wind_run_days,136,0.0,0.0,0.0,0.0,0.0,0.0,0.0
2019_2024,regime_factorial_weather_calendar,Atlanta,heat_only,low_wind_run_days,136,0.0,0.0,0.0,0.0,0.0,0.0,0.0
2019_2024,regime_factorial_weather_calendar,Atlanta,neither,temperature_2m_max,780,25.35730769230769,26.1,22.8,28.525,10.5,31.4,4.200028783163467
2019_2024,regime_factorial_weather_calendar,Atlanta,neither,wind_speed_10m_mean,780,11.078413461538462,10.206249999999999,8.375,12.942708333333334,6.775,28.070833333333336,3.5023691522354663
2019_2024,regime_factorial_weather_calendar,Atlanta,neither,relative_humidity_2m_mean,780,70.51971153846154,71.14583333333334,61.96875,80.20833333333333,35.041666666666664,96.75,11.811504138585107
2019_2024,regime_factorial_weather_calendar,Atlanta,neither,precipitation_sum,780,3.972692307692308,0.2,0.0,3.525,0.0,99.1,9.069729049976747
2019_2024,regime_factorial_weather_calendar,Atlanta,neither,shortwave_radiation_sum,780,18.54576,19.2366,13.7655,23.5809,1.4076,30.7584,6.5934399735740765
2019_2024,regime_factorial_weather_calendar,Atlanta,neither,wind_direction_10m_dominant,780,191.2138340143336,189.5679850812463,100.30742989002225,282.67774647338047,1.255932633251943,359.39171834079883,95.79614325156108
2019_2024,regime_factorial_weather_calendar,Atlanta,neither,pure_wind_run_days,780,0.0,0.0,0.0,0.0,0.0,0.0,0.0
2019_2024,regime_factorial_weather_calendar,Atlanta,neither,low_wind_run_days,780,0.0,0.0,0.0,0.0,0.0,0.0,0.0
2019_2024,regime_factorial_weather_calendar,Atlanta,wind_only,temperature_2m_max,235,27.81531914893617,28.5,26.5,29.95,17.1,31.4,2.937325991255525
2019_2024,regime_factorial_weather_calendar,Atlanta,wind_only,wind_speed_10m_mean,235,5.677375886524823,5.904166666666666,5.145833333333334,6.410416666666666,3.1916666666666664,6.770833333333333,0.8842131124287765
2019_2024,regime_factorial_weather_calendar,Atlanta,wind_only,relative_humidity_2m_mean,235,74.4,75.625,69.33333333333334,81.35416666666667,50.833333333333336,90.625,9.025857126395081
2019_2024,regime_factorial_weather_calendar,Atlanta,wind_only,precipitation_sum,235,3.0119148936170212,0.3,0.0,3.9,0.0,30.2,5.534432482080602
2019_2024,regime_factorial_weather_calendar,Atlanta,wind_only,shortwave_radiation_sum,235,19.595642553191492,19.8432,16.704,22.870800000000003,3.546,31.0356,4.835462112447634
2019_2024,regime_factorial_weather_calendar,Atlanta,wind_only,wind_direction_10m_dominant,235,188.4894947242805,181.6612540262915,106.25677885480735,273.9596696195467,3.646529794573036,358.15904092563494,96.88835944419887
2019_2024,regime_factorial_weather_calendar,Atlanta,wind_only,pure_wind_run_days,235,2.3617021276595747,2.0,1.0,3.0,1.0,6.0,1.5334661580554807
2019_2024,regime_factorial_weather_calendar,Atlanta,wind_only,low_wind_run_days,235,3.1829787234042555,2.0,1.0,4.0,1.0,15.0,2.6755716019163582
2019_2024,regime_factorial_weather_calendar,Chicago,compound,temperature_2m_max,98,28.34285714285714,28.1,27.3,28.975,26.9,33.3,1.2465209316291845
2019_2024,regime_factorial_weather_calendar,Chicago,compound,wind_speed_10m_mean,98,8.357440476190478,8.479166666666668,7.123958333333333,9.678125000000001,4.3,10.729166666666666,1.6112760023699502
2019_2024,regime_factorial_weather_calendar,Chicago,compound,relative_humidity_2m_mean,98,71.99957482993197,73.0,66.54166666666667,78.55208333333333,49.333333333333336,85.58333333333333,8.100204465873626
2019_2024,regime_factorial_weather_calendar,Chicago,compound,precipitation_sum,98,1.7704081632653064,0.0,0.0,1.0,0.0,43.2,5.282322380221834
2019_2024,regime_factorial_weather_calendar,Chicago,compound,shortwave_radiation_sum,98,23.8783224489796,23.970599999999997,21.8628,26.9577,8.0136,29.7432,3.7397235796888166
2019_2024,regime_factorial_weather_calendar,Chicago,compound,wind_direction_10m_dominant,98,181.70762713908908,198.44610774093837,133.85542345709683,227.40590491308527,1.0844747343101533,353.3643259349513,73.97208149743908
2019_2024,regime_factorial_weather_calendar,Chicago,compound,pure_wind_run_days,98,0.0,0.0,0.0,0.0,0.0,0.0,0.0
2019_2024,regime_factorial_weather_calendar,Chicago,compound,low_wind_run_days,98,3.642857142857143,3.0,2.0,6.0,1.0,8.0,2.1598491738101178
2019_2024,regime_factorial_weather_calendar,Chicago,heat_only,temperature_2m_max,158,29.13544303797468,28.8,27.7,30.075000000000003,26.9,35.1,1.7263442449722113
2019_2024,regime_factorial_weather_calendar,Chicago,heat_only,wind_speed_10m_mean,158,15.49889240506329,15.139583333333334,12.545833333333334,18.109374999999996,10.75,27.070833333333336,3.6440135560824873
2019_2024,regime_factorial_weather_calendar,Chicago,heat_only,relative_humidity_2m_mean,158,69.52215189873418,69.35416666666666,63.625,76.52083333333334,38.25,87.95833333333333,8.921420978489646
2019_2024,regime_factorial_weather_calendar,Chicago,heat_only,precipitation_sum,158,2.4202531645569625,0.4,0.0,2.95,0.0,42.4,5.0765447837942785
2019_2024,regime_factorial_weather_calendar,Chicago,heat_only,shortwave_radiation_sum,158,22.7001417721519,22.634999999999998,19.3752,26.2791,12.8376,30.7944,4.246376698028105
2019_2024,regime_factorial_weather_calendar,Chicago,heat_only,wind_direction_10m_dominant,158,212.88927004078914,213.87176681853407,190.01849415787777,236.18202560875773,1.8784775963948108,343.88593598046924,49.38826631113188
2019_2024,regime_factorial_weather_calendar,Chicago,heat_only,pure_wind_run_days,158,0.0,0.0,0.0,0.0,0.0,0.0,0.0
2019_2024,regime_factorial_weather_calendar,Chicago,heat_only,low_wind_run_days,158,0.0,0.0,0.0,0.0,0.0,0.0,0.0
2019_2024,regime_factorial_weather_calendar,Chicago,neither,temperature_2m_max,738,17.896883468834687,19.1,13.3,23.0,1.4,26.8,6.131904115032647
2019_2024,regime_factorial_weather_calendar,Chicago,neither,wind_speed_10m_mean,738,16.644777551942184,15.599999999999998,13.078125,19.164583333333333,10.741666666666667,32.666666666666664,4.561236017903271
2019_2024,regime_factorial_weather_calendar,Chicago,neither,relative_humidity_2m_mean,738,70.56769421860885,70.83333333333333,61.46874999999999,80.05208333333333,40.583333333333336,95.45833333333331,11.655523551068125
2019_2024,regime_factorial_weather_calendar,Chicago,neither,precipitation_sum,738,3.9750677506775065,0.3999999999999999,0.0,4.5,0.0,79.9,8.037996709878795
2019_2024,regime_factorial_weather_calendar,Chicago,neither,shortwave_radiation_sum,738,17.71495609756098,17.9136,11.5623,24.0066,1.5552,31.6584,7.510664599877669
2019_2024,regime_factorial_weather_calendar,Chicago,neither,wind_direction_10m_dominant,738,164.71203080352248,175.5660202692369,45.244653970987585,255.29616918254442,0.231032703333652,359.3957435523071,110.31102734884374
2019_2024,regime_factorial_weather_calendar,Chicago,neither,pure_wind_run_days,738,0.0,0.0,0.0,0.0,0.0,0.0,0.0
2019_2024,regime_factorial_weather_calendar,Chicago,neither,low_wind_run_days,738,0.0,0.0,0.0,0.0,0.0,0.0,0.0
2019_2024,regime_factorial_weather_calendar,Chicago,wind_only,temperature_2m_max,290,21.114827586206893,22.9,18.575,25.275,3.9,26.8,5.378563835459084
2019_2024,regime_factorial_weather_calendar,Chicago,wind_only,wind_speed_10m_mean,290,8.601968390804597,8.908333333333333,7.625,9.672916666666667,4.529166666666667,10.729166666666666,1.4001920978416584
2019_2024,regime_factorial_weather_calendar,Chicago,wind_only,relative_humidity_2m_mean,290,72.03433908045976,71.91666666666667,64.5,80.23958333333333,41.625,92.58333333333331,10.259589043118865
2019_2024,regime_factorial_weather_calendar,Chicago,wind_only,precipitation_sum,290,1.430344827586207,0.0,0.0,0.875,0.0,24.0,3.689484245572754
2019_2024,regime_factorial_weather_calendar,Chicago,wind_only,shortwave_radiation_sum,290,20.973016551724136,21.934800000000003,16.6689,25.7031,2.8908,30.906,5.965393525184514
2019_2024,regime_factorial_weather_calendar,Chicago,wind_only,wind_direction_10m_dominant,290,131.6100122072791,112.81141891320738,55.38261915042682,195.9127667034087,1.7429254513724182,359.7148266054155,90.87110057164698
2019_2024,regime_factorial_weather_calendar,Chicago,wind_only,pure_wind_run_days,290,2.013793103448276,2.0,1.0,3.0,1.0,5.0,1.0619965977604142
2019_2024,regime_factorial_weather_calendar,Chicago,wind_only,low_wind_run_days,290,2.6655172413793102,2.0,1.0,3.0,1.0,8.0,1.8116836998829098
2019_2024,regime_factorial_weather_calendar,Dallas,compound,temperature_2m_max,85,36.71058823529411,36.3,35.5,37.0,35.1,42.6,1.7631832366632858
2019_2024,regime_factorial_weather_calendar,Dallas,compound,wind_speed_10m_mean,85,7.497745098039215,7.641666666666667,6.704166666666667,8.5,4.75,9.133333333333333,1.1894130637569127
2019_2024,regime_factorial_weather_calendar,Dallas,compound,relative_humidity_2m_mean,85,56.03137254901959,57.25,51.41666666666666,61.958333333333336,35.625,79.25,8.925194580069087
2019_2024,regime_factorial_weather_calendar,Dallas,compound,precipitation_sum,85,0.5117647058823529,0.0,0.0,0.1,0.0,12.8,1.8436126390934755
2019_2024,regime_factorial_weather_calendar,Dallas,compound,shortwave_radiation_sum,85,24.358912941176474,24.2352,22.6692,26.0856,19.1952,29.2464,2.2921660046355115
2019_2024,regime_factorial_weather_calendar,Dallas,compound,wind_direction_10m_dominant,85,137.83475775358104,142.7647746942782,101.24332934758768,165.86322827458596,6.600856170316927,336.5079350914337,53.4798607539383
2019_2024,regime_factorial_weather_calendar,Dallas,compound,pure_wind_run_days,85,0.0,0.0,0.0,0.0,0.0,0.0,0.0
2019_2024,regime_factorial_weather_calendar,Dallas,compound,low_wind_run_days,85,4.2,3.0,2.0,7.0,1.0,11.0,3.131255643469869
2019_2024,regime_factorial_weather_calendar,Dallas,heat_only,temperature_2m_max,218,37.60871559633027,37.3,36.2,38.675000000000004,35.1,42.9,1.8109414517822722
2019_2024,regime_factorial_weather_calendar,Dallas,heat_only,wind_speed_10m_mean,218,14.200688073394495,13.752083333333335,11.614583333333332,16.257291666666667,9.245833333333334,27.1125,3.333490708351088
2019_2024,regime_factorial_weather_calendar,Dallas,heat_only,relative_humidity_2m_mean,218,53.48470948012231,54.85416666666666,45.583333333333336,60.04166666666666,34.0,72.83333333333333,8.563549412354734
2019_2024,regime_factorial_weather_calendar,Dallas,heat_only,precipitation_sum,218,0.28394495412844034,0.0,0.0,0.0,0.0,18.4,1.5005280289350087
2019_2024,regime_factorial_weather_calendar,Dallas,heat_only,shortwave_radiation_sum,218,25.382559633027526,25.7364,23.8149,27.3528,15.6456,29.3364,2.579109661583547
2019_2024,regime_factorial_weather_calendar,Dallas,heat_only,wind_direction_10m_dominant,218,166.71512657772575,175.56419838190652,163.78507807205074,182.71292785301767,9.021469577603652,349.7774043039244,38.64028291216854
2019_2024,regime_factorial_weather_calendar,Dallas,heat_only,pure_wind_run_days,218,0.0,0.0,0.0,0.0,0.0,0.0,0.0
2019_2024,regime_factorial_weather_calendar,Dallas,heat_only,low_wind_run_days,218,0.0,0.0,0.0,0.0,0.0,0.0,0.0
2019_2024,regime_factorial_weather_calendar,Dallas,neither,temperature_2m_max,686,28.43032069970845,29.5,25.2,32.8,5.3,35.0,5.335490499954409
2019_2024,regime_factorial_weather_calendar,Dallas,neither,wind_speed_10m_mean,686,15.250983965014576,14.16875,11.484375,18.175,9.2,35.516666666666666,4.737749970249823
2019_2024,regime_factorial_weather_calendar,Dallas,neither,relative_humidity_2m_mean,686,66.99757045675412,68.22916666666666,58.41666666666666,76.10416666666667,28.625,94.66666666666669,12.957169805184991
2019_2024,regime_factorial_weather_calendar,Dallas,neither,precipitation_sum,686,4.371137026239067,0.1,0.0,2.975,0.0,91.3,10.325569460842605
2019_2024,regime_factorial_weather_calendar,Dallas,neither,shortwave_radiation_sum,686,18.719569679300292,19.269,14.6709,23.796,1.5732,30.5676,6.350817183076548
2019_2024,regime_factorial_weather_calendar,Dallas,neither,wind_direction_10m_dominant,686,158.6306770959727,163.08086885298417,120.32906164257258,180.32580708106585,0.5013497592401707,358.56904341628643,80.86440399491109
2019_2024,regime_factorial_weather_calendar,Dallas,neither,pure_wind_run_days,686,0.0,0.0,0.0,0.0,0.0,0.0,0.0
2019_2024,regime_factorial_weather_calendar,Dallas,neither,low_wind_run_days,686,0.0,0.0,0.0,0.0,0.0,0.0,0.0
2019_2024,regime_factorial_weather_calendar,Dallas,wind_only,temperature_2m_max,295,30.03389830508474,30.9,28.15,32.9,15.4,35.0,3.9313501069088663
2019_2024,regime_factorial_weather_calendar,Dallas,wind_only,wind_speed_10m_mean,295,7.37367231638418,7.454166666666667,6.387499999999999,8.364583333333332,4.316666666666666,9.179166666666667,1.200555742976423
2019_2024,regime_factorial_weather_calendar,Dallas,wind_only,relative_humidity_2m_mean,295,66.89265536723164,67.66666666666667,58.5625,75.6875,37.583333333333336,95.45833333333331,12.007575387927943
2019_2024,regime_factorial_weather_calendar,Dallas,wind_only,precipitation_sum,295,3.2159322033898308,0.0,0.0,1.05,0.0,83.0,9.329387246220719
2019_2024,regime_factorial_weather_calendar,Dallas,wind_only,shortwave_radiation_sum,295,20.485098305084744,21.024,17.378999999999998,24.2352,2.6064,30.33,5.311192015118612
2019_2024,regime_factorial_weather_calendar,Dallas,wind_only,wind_direction_10m_dominant,295,121.61907137014185,106.49605642888638,68.68599354160175,158.22755660767,1.7714764559631966,357.304433565903,73.97718983608624
2019_2024,regime_factorial_weather_calendar,Dallas,wind_only,pure_wind_run_days,295,3.671186440677966,3.0,1.0,5.0,1.0,12.0,2.964130853525587
2019_2024,regime_factorial_weather_calendar,Dallas,wind_only,low_wind_run_days,295,4.057627118644068,3.0,2.0,6.0,1.0,12.0,3.1287673014260684
2019_2024,regime_factorial_weather_calendar,Denver,compound,temperature_2m_max,41,34.19024390243903,33.9,33.3,35.0,32.2,37.4,1.3294368879433087
2019_2024,regime_factorial_weather_calendar,Denver,compound,wind_speed_10m_mean,41,6.540345528455284,6.545833333333333,6.2250000000000005,6.8375,5.591666666666666,7.05,0.38127212939463145
2019_2024,regime_factorial_weather_calendar,Denver,compound,relative_humidity_2m_mean,41,41.03658536585366,42.04166666666666,34.708333333333336,48.125,23.33333333333333,56.54166666666666,8.227980901499903
2019_2024,regime_factorial_weather_calendar,Denver,compound,precipitation_sum,41,0.19024390243902442,0.0,0.0,0.0,0.0,3.1,0.5430492049753781
2019_2024,regime_factorial_weather_calendar,Denver,compound,shortwave_radiation_sum,41,26.595921951219513,25.8048,24.7896,28.7172,23.3136,32.0364,2.23319983918952
2019_2024,regime_factorial_weather_calendar,Denver,compound,wind_direction_10m_dominant,41,220.35695874778924,221.16465355232387,199.0475671624564,240.57489938867516,103.9661649912552,316.0115329644215,44.817369541542206
2019_2024,regime_factorial_weather_calendar,Denver,compound,pure_wind_run_days,41,0.0,0.0,0.0,0.0,0.0,0.0,0.0
2019_2024,regime_factorial_weather_calendar,Denver,compound,low_wind_run_days,41,1.5853658536585367,1.0,1.0,2.0,1.0,4.0,0.7738090771016312
2019_2024,regime_factorial_weather_calendar,Denver,heat_only,temperature_2m_max,223,34.38206278026906,34.2,33.2,35.5,32.2,38.0,1.4154047126335945
2019_2024,regime_factorial_weather_calendar,Denver,heat_only,wind_speed_10m_mean,223,8.96223841554559,8.579166666666667,7.74375,9.702083333333334,7.070833333333333,17.775000000000002,1.5791572852523736
2019_2024,regime_factorial_weather_calendar,Denver,heat_only,relative_humidity_2m_mean,223,37.55624065769805,37.875,32.125,43.25,19.166666666666668,57.708333333333336,7.295531321133424
2019_2024,regime_factorial_weather_calendar,Denver,heat_only,precipitation_sum,223,0.30493273542600896,0.0,0.0,0.3,0.0,5.7,0.687155561518181
2019_2024,regime_factorial_weather_calendar,Denver,heat_only,shortwave_radiation_sum,223,26.354712107623318,26.3808,24.247799999999998,28.8612,16.8228,31.9104,2.9139840221953004
2019_2024,regime_factorial_weather_calendar,Denver,heat_only,wind_direction_10m_dominant,223,224.73780667755372,232.92625734799597,201.8775137673039,260.1397780045878,9.977946400911712,353.09995287125,63.7164081672052
2019_2024,regime_factorial_weather_calendar,Denver,heat_only,pure_wind_run_days,223,0.0,0.0,0.0,0.0,0.0,0.0,0.0
2019_2024,regime_factorial_weather_calendar,Denver,heat_only,low_wind_run_days,223,0.0,0.0,0.0,0.0,0.0,0.0,0.0
2019_2024,regime_factorial_weather_calendar,Denver,neither,temperature_2m_max,676,23.108136094674553,24.9,19.2,29.0,-6.3,32.1,7.541932678081267
2019_2024,regime_factorial_weather_calendar,Denver,neither,wind_speed_10m_mean,676,9.336489151873767,8.627083333333335,7.7625,10.129166666666666,7.070833333333333,22.704166666666666,2.1965285591678905
2019_2024,regime_factorial_weather_calendar,Denver,neither,relative_humidity_2m_mean,676,50.163399901380664,47.60416666666667,37.833333333333336,59.17708333333333,21.58333333333333,96.83333333333331,15.884719963040082
2019_2024,regime_factorial_weather_calendar,Denver,neither,precipitation_sum,676,1.782544378698225,0.1,0.0,1.4,0.0,39.2,4.081530944373626
2019_2024,regime_factorial_weather_calendar,Denver,neither,shortwave_radiation_sum,676,21.874084615384614,22.6458,18.0702,26.3349,4.7916,32.5188,5.7374866002457905
2019_2024,regime_factorial_weather_calendar,Denver,neither,wind_direction_10m_dominant,676,178.44954801306517,202.61270776970247,86.47261849286538,248.92910314804791,0.2824470047790842,359.62828845668906,95.84508735064668
2019_2024,regime_factorial_weather_calendar,Denver,neither,pure_wind_run_days,676,0.0,0.0,0.0,0.0,0.0,0.0,0.0
2019_2024,regime_factorial_weather_calendar,Denver,neither,low_wind_run_days,676,0.0,0.0,0.0,0.0,0.0,0.0,0.0
2019_2024,regime_factorial_weather_calendar,Denver,wind_only,temperature_2m_max,344,22.81831395348837,24.1,19.3,28.3,-9.1,32.1,6.976790891457788
2019_2024,regime_factorial_weather_calendar,Denver,wind_only,wind_speed_10m_mean,344,6.229808624031008,6.375,5.848958333333334,6.8125,3.329166666666667,7.066666666666666,0.7011309510924234
2019_2024,regime_factorial_weather_calendar,Denver,wind_only,relative_humidity_2m_mean,344,56.53718507751938,55.375,44.90624999999999,66.5,23.291666666666668,94.70833333333331,14.51472913359025
2019_2024,regime_factorial_weather_calendar,Denver,wind_only,precipitation_sum,344,1.8017441860465115,0.1,0.0,1.6,0.0,27.9,3.8716578565615962
2019_2024,regime_factorial_weather_calendar,Denver,wind_only,shortwave_radiation_sum,344,22.116076744186046,23.0112,18.016199999999998,26.4843,6.5304,31.4964,5.545912677747027
2019_2024,regime_factorial_weather_calendar,Denver,wind_only,wind_direction_10m_dominant,344,193.14320321352153,212.833279373862,119.98734773375757,255.2820436719224,1.8042287084544204,357.5274118727665,89.25635023752601
2019_2024,regime_factorial_weather_calendar,Denver,wind_only,pure_wind_run_days,344,2.3430232558139537,2.0,1.0,3.0,1.0,7.0,1.4523764137684836
2019_2024,regime_factorial_weather_calendar,Denver,wind_only,low_wind_run_days,344,2.38953488372093,2.0,1.0,3.0,1.0,7.0,1.4466230159869145
2019_2024,regime_factorial_weather_calendar,Houston,compound,temperature_2m_max,118,34.692372881355936,34.6,33.8,35.175000000000004,33.5,38.9,1.0808477821354783
2019_2024,regime_factorial_weather_calendar,Houston,compound,wind_speed_10m_mean,118,6.747387005649718,6.870833333333334,6.078125,7.526041666666667,4.308333333333333,8.179166666666667,0.9540170973184666
2019_2024,regime_factorial_weather_calendar,Houston,compound,relative_humidity_2m_mean,118,73.50776836158191,74.66666666666666,70.625,78.03125,47.375,83.45833333333333,6.138028203656773
2019_2024,regime_factorial_weather_calendar,Houston,compound,precipitation_sum,118,1.5279661016949153,0.15000000000000002,0.0,1.275,0.0,24.1,3.5679697019051155
2019_2024,regime_factorial_weather_calendar,Houston,compound,shortwave_radiation_sum,118,22.872935593220337,23.1966,20.9421,24.5988,14.5656,29.0196,2.6699378414457207
2019_2024,regime_factorial_weather_calendar,Houston,compound,wind_direction_10m_dominant,118,176.09400367752653,182.5330129106025,142.13401910906342,214.54268717890426,8.853546362049626,356.8953128165101,72.33258875241819
2019_2024,regime_factorial_weather_calendar,Houston,compound,pure_wind_run_days,118,0.0,0.0,0.0,0.0,0.0,0.0,0.0
2019_2024,regime_factorial_weather_calendar,Houston,compound,low_wind_run_days,118,8.330508474576272,5.0,3.0,11.0,1.0,23.0,7.835984368367199
2019_2024,regime_factorial_weather_calendar,Houston,heat_only,temperature_2m_max,207,35.50917874396136,35.3,34.1,36.4,33.5,41.9,1.6818456118414253
2019_2024,regime_factorial_weather_calendar,Houston,heat_only,wind_speed_10m_mean,207,11.572020933977457,10.933333333333332,9.564583333333333,13.233333333333334,8.270833333333334,20.35,2.535147453012005
2019_2024,regime_factorial_weather_calendar,Houston,heat_only,relative_humidity_2m_mean,207,70.86171497584542,71.58333333333333,68.02083333333334,74.9375,41.958333333333336,81.45833333333333,6.045914808037536
2019_2024,regime_factorial_weather_calendar,Houston,heat_only,precipitation_sum,207,0.5811594202898551,0.0,0.0,0.5,0.0,7.6,1.2166652692398268
2019_2024,regime_factorial_weather_calendar,Houston,heat_only,shortwave_radiation_sum,207,23.73198260869565,23.922,22.3236,25.653599999999997,15.0228,28.3176,2.6343712195540174
2019_2024,regime_factorial_weather_calendar,Houston,heat_only,wind_direction_10m_dominant,207,174.35928788314126,186.09677969882588,169.95830504272126,198.18623859263758,1.0627890111781586,358.9277565825293,56.46517580686488
2019_2024,regime_factorial_weather_calendar,Houston,heat_only,pure_wind_run_days,207,0.0,0.0,0.0,0.0,0.0,0.0,0.0
2019_2024,regime_factorial_weather_calendar,Houston,heat_only,low_wind_run_days,207,0.0,0.0,0.0,0.0,0.0,0.0,0.0
2019_2024,regime_factorial_weather_calendar,Houston,neither,temperature_2m_max,664,28.502560240963852,29.2,26.6,31.4,13.2,33.4,3.6752331674300502
2019_2024,regime_factorial_weather_calendar,Houston,neither,wind_speed_10m_mean,664,13.386627761044176,12.60625,10.194791666666667,15.796875,8.216666666666667,34.85,3.962251692099359
2019_2024,regime_factorial_weather_calendar,Houston,neither,relative_humidity_2m_mean,664,76.29856927710843,78.41666666666667,72.15625,83.5,28.70833333333333,97.5,10.631035999919936
2019_2024,regime_factorial_weather_calendar,Houston,neither,precipitation_sum,664,5.325301204819277,0.8,0.0,5.025,0.0,162.9,12.436938058264042
2019_2024,regime_factorial_weather_calendar,Houston,neither,shortwave_radiation_sum,664,17.87799578313253,18.691200000000002,13.7025,22.0671,2.124,30.258,6.096521392668466
2019_2024,regime_factorial_weather_calendar,Houston,neither,wind_direction_10m_dominant,664,146.5727776019041,147.6505811015919,101.46463877888843,172.48730277817663,1.6580688137949324,358.8484359036668,78.243336373471
2019_2024,regime_factorial_weather_calendar,Houston,neither,pure_wind_run_days,664,0.0,0.0,0.0,0.0,0.0,0.0,0.0
2019_2024,regime_factorial_weather_calendar,Houston,neither,low_wind_run_days,664,0.0,0.0,0.0,0.0,0.0,0.0,0.0
2019_2024,regime_factorial_weather_calendar,Houston,wind_only,temperature_2m_max,295,30.715593220338977,31.2,29.8,32.4,22.1,33.4,2.2593932958340837
2019_2024,regime_factorial_weather_calendar,Houston,wind_only,wind_speed_10m_mean,295,6.511638418079096,6.679166666666667,5.7354166666666675,7.414583333333333,3.6791666666666663,8.204166666666667,1.1334574487496145
2019_2024,regime_factorial_weather_calendar,Houston,wind_only,relative_humidity_2m_mean,295,78.07697740112994,79.875,73.97916666666666,83.41666666666667,53.16666666666666,92.875,7.938601212882194
2019_2024,regime_factorial_weather_calendar,Houston,wind_only,precipitation_sum,295,4.711525423728813,1.6,0.0,7.300000000000001,0.0,39.6,6.817389932246579
2019_2024,regime_factorial_weather_calendar,Houston,wind_only,shortwave_radiation_sum,295,18.974001355932202,19.3968,16.0722,22.0878,5.8824,28.6164,4.487574005453272
2019_2024,regime_factorial_weather_calendar,Houston,wind_only,wind_direction_10m_dominant,295,146.02444126784428,138.58808841275487,95.10510050767886,184.93372342287614,2.6342062930408554,359.5023800545546,77.50973013944835
2019_2024,regime_factorial_weather_calendar,Houston,wind_only,pure_wind_run_days,295,4.0508474576271185,3.0,2.0,5.0,1.0,15.0,3.2650683068015973
2019_2024,regime_factorial_weather_calendar,Houston,wind_only,low_wind_run_days,295,5.03728813559322,4.0,2.0,7.0,1.0,15.0,3.7391975159055177
2019_2024,regime_factorial_weather_calendar,Los Angeles,compound,temperature_2m_max,127,34.582677165354326,34.0,33.150000000000006,35.55,32.4,44.9,2.0429163129255437
2019_2024,regime_factorial_weather_calendar,Los Angeles,compound,wind_speed_10m_mean,127,5.628805774278216,5.741666666666667,5.289583333333333,6.079166666666667,3.8375,6.4,0.5988184702407651
2019_2024,regime_factorial_weather_calendar,Los Angeles,compound,relative_humidity_2m_mean,127,49.79297900262467,50.66666666666666,44.41666666666667,57.020833333333336,11.833333333333334,66.875,9.338947339906412
2019_2024,regime_factorial_weather_calendar,Los Angeles,compound,precipitation_sum,127,0.003937007874015748,0.0,0.0,0.0,0.0,0.2,0.026432227813156517
2019_2024,regime_factorial_weather_calendar,Los Angeles,compound,shortwave_radiation_sum,127,24.479007874015746,24.4872,21.5514,27.5346,16.5384,31.7808,3.5763219800539314
2019_2024,regime_factorial_weather_calendar,Los Angeles,compound,wind_direction_10m_dominant,127,221.44832861944604,221.77588022346836,206.38278423178542,235.0603376856603,5.456752951513638,358.19236171343266,41.53289414369098
2019_2024,regime_factorial_weather_calendar,Los Angeles,compound,pure_wind_run_days,127,0.0,0.0,0.0,0.0,0.0,0.0,0.0
2019_2024,regime_factorial_weather_calendar,Los Angeles,compound,low_wind_run_days,127,7.417322834645669,5.0,2.0,8.0,1.0,29.0,7.42736354865167
2019_2024,regime_factorial_weather_calendar,Los Angeles,heat_only,temperature_2m_max,112,34.71160714285714,33.8,33.075,35.7,32.4,44.0,2.4102164508127353
2019_2024,regime_factorial_weather_calendar,Los Angeles,heat_only,wind_speed_10m_mean,112,7.028608630952381,6.85625,6.611458333333333,7.340624999999999,6.408333333333332,9.525,0.5749304957382593
2019_2024,regime_factorial_weather_calendar,Los Angeles,heat_only,relative_humidity_2m_mean,112,48.60267857142857,51.25,44.010416666666664,56.010416666666664,13.875,65.79166666666667,11.682606454101693
2019_2024,regime_factorial_weather_calendar,Los Angeles,heat_only,precipitation_sum,112,0.125,0.0,0.0,0.0,0.0,13.2,1.2483863458354822
2019_2024,regime_factorial_weather_calendar,Los Angeles,heat_only,shortwave_radiation_sum,112,26.648196428571428,27.7524,24.8328,29.1636,10.8252,31.8204,3.7144289334928877
2019_2024,regime_factorial_weather_calendar,Los Angeles,heat_only,wind_direction_10m_dominant,112,211.0229990810451,214.4608453956914,200.47793684855102,225.27250177166616,13.950212429210888,348.6616600521888,47.48243062125952
2019_2024,regime_factorial_weather_calendar,Los Angeles,heat_only,pure_wind_run_days,112,0.0,0.0,0.0,0.0,0.0,0.0,0.0
2019_2024,regime_factorial_weather_calendar,Los Angeles,heat_only,low_wind_run_days,112,0.0,0.0,0.0,0.0,0.0,0.0,0.0
2019_2024,regime_factorial_weather_calendar,Los Angeles,neither,temperature_2m_max,743,25.587079407806193,25.9,22.7,28.9,13.2,32.3,3.913687358013348
2019_2024,regime_factorial_weather_calendar,Los Angeles,neither,wind_speed_10m_mean,743,7.589692687303724,7.4125,6.920833333333333,7.941666666666666,6.408333333333334,14.575,0.9833295647644607
2019_2024,regime_factorial_weather_calendar,Los Angeles,neither,relative_humidity_2m_mean,743,64.59920367877972,66.41666666666667,61.75,70.33333333333333,10.041666666666666,86.83333333333333,10.26553107988038
2019_2024,regime_factorial_weather_calendar,Los Angeles,neither,precipitation_sum,743,0.34239569313593543,0.0,0.0,0.0,0.0,45.3,2.315538318200371
2019_2024,regime_factorial_weather_calendar,Los Angeles,neither,shortwave_radiation_sum,743,25.59507456258412,27.4284,23.7852,29.1042,3.1176,32.2992,5.13974530829723
2019_2024,regime_factorial_weather_calendar,Los Angeles,neither,wind_direction_10m_dominant,743,205.6011897335329,204.46801604865607,195.03737824986234,215.1167638566675,0.8286237982664667,349.1187121382537,33.95136355639191
2019_2024,regime_factorial_weather_calendar,Los Angeles,neither,pure_wind_run_days,743,0.0,0.0,0.0,0.0,0.0,0.0,0.0
2019_2024,regime_factorial_weather_calendar,Los Angeles,neither,low_wind_run_days,743,0.0,0.0,0.0,0.0,0.0,0.0,0.0
2019_2024,regime_factorial_weather_calendar,Los Angeles,wind_only,temperature_2m_max,302,26.756622516556295,27.35,24.125,29.6,16.9,32.3,3.6830949695476587
2019_2024,regime_factorial_weather_calendar,Los Angeles,wind_only,wind_speed_10m_mean,302,5.581456953642385,5.685416666666667,5.186458333333333,6.0875,3.1,6.404166666666666,0.6191721066263072
2019_2024,regime_factorial_weather_calendar,Los Angeles,wind_only,relative_humidity_2m_mean,302,64.05698123620309,65.9375,58.03125,71.75,19.166666666666668,80.95833333333333,10.294091160048342
2019_2024,regime_factorial_weather_calendar,Los Angeles,wind_only,precipitation_sum,302,0.11092715231788079,0.0,0.0,0.0,0.0,9.8,0.7081254567163018
2019_2024,regime_factorial_weather_calendar,Los Angeles,wind_only,shortwave_radiation_sum,302,21.54142251655629,21.2202,17.7894,25.601399999999998,7.4988,31.1364,4.843430792871773
2019_2024,regime_factorial_weather_calendar,Los Angeles,wind_only,wind_direction_10m_dominant,302,212.13802226086494,211.01556285864362,199.34887990935678,223.5815829562822,3.4089227032683627,355.95607511725404,37.55725256492837
2019_2024,regime_factorial_weather_calendar,Los Angeles,wind_only,pure_wind_run_days,302,5.397350993377484,4.0,2.0,8.0,1.0,16.0,4.553235453207005
2019_2024,regime_factorial_weather_calendar,Los Angeles,wind_only,low_wind_run_days,302,9.016556291390728,6.0,3.0,11.0,1.0,29.0,8.668290480958126
2019_2024,regime_factorial_weather_calendar,New York,compound,temperature_2m_max,98,30.753061224489795,30.65,29.7,31.675,28.8,33.7,1.2399038939837281
2019_2024,regime_factorial_weather_calendar,New York,compound,wind_speed_10m_mean,98,6.809311224489796,6.933333333333334,6.26875,7.629166666666666,4.116666666666666,8.116666666666667,0.999414526673996
2019_2024,regime_factorial_weather_calendar,New York,compound,relative_humidity_2m_mean,98,71.65816326530611,72.33333333333333,66.63541666666667,78.0,47.5,85.5,7.446523168688935
2019_2024,regime_factorial_weather_calendar,New York,compound,precipitation_sum,98,2.7357142857142858,0.1,0.0,2.85,0.0,39.6,5.8599505645147465
2019_2024,regime_factorial_weather_calendar,New York,compound,shortwave_radiation_sum,98,22.563330612244897,22.8456,20.2959,25.212600000000002,8.9604,29.8404,4.158929669910206
2019_2024,regime_factorial_weather_calendar,New York,compound,wind_direction_10m_dominant,98,223.9385796938189,231.51847784083097,177.656355793929,270.58595656391606,8.607234747900218,347.1097591269209,69.15398744190072
2019_2024,regime_factorial_weather_calendar,New York,compound,pure_wind_run_days,98,0.0,0.0,0.0,0.0,0.0,0.0,0.0
2019_2024,regime_factorial_weather_calendar,New York,compound,low_wind_run_days,98,3.377551020408163,3.0,2.0,4.0,1.0,10.0,2.443233053783867
2019_2024,regime_factorial_weather_calendar,New York,heat_only,temperature_2m_max,142,30.862676056338028,30.5,29.5,31.875,28.8,35.5,1.6230436845992997
2019_2024,regime_factorial_weather_calendar,New York,heat_only,wind_speed_10m_mean,142,10.915346244131456,10.360416666666666,9.140625,12.469791666666667,8.1875,16.445833333333333,2.1135373389570065
2019_2024,regime_factorial_weather_calendar,New York,heat_only,relative_humidity_2m_mean,142,68.8556338028169,69.0625,65.27083333333333,74.10416666666667,48.29166666666666,85.04166666666667,7.085877136698791
2019_2024,regime_factorial_weather_calendar,New York,heat_only,precipitation_sum,142,2.084507042253521,0.4,0.0,2.275,0.0,25.5,4.158104037646643
2019_2024,regime_factorial_weather_calendar,New York,heat_only,shortwave_radiation_sum,142,22.824785915492956,22.9032,20.9952,25.560000000000002,13.086,29.8872,3.607990004361607
2019_2024,regime_factorial_weather_calendar,New York,heat_only,wind_direction_10m_dominant,142,240.03499128391724,235.54754429686483,216.68499749634412,271.6512944698476,0.3581138259815105,344.4461339239091,47.84632368438977
2019_2024,regime_factorial_weather_calendar,New York,heat_only,pure_wind_run_days,142,0.0,0.0,0.0,0.0,0.0,0.0,0.0
2019_2024,regime_factorial_weather_calendar,New York,heat_only,low_wind_run_days,142,0.0,0.0,0.0,0.0,0.0,0.0,0.0
2019_2024,regime_factorial_weather_calendar,New York,neither,temperature_2m_max,751,20.61957390146471,21.3,16.8,25.15,3.7,28.7,5.314890060154705
2019_2024,regime_factorial_weather_calendar,New York,neither,wind_speed_10m_mean,751,12.461506879715936,11.466666666666669,9.595833333333331,14.15,8.158333333333333,29.504166666666663,3.7451256973897284
2019_2024,regime_factorial_weather_calendar,New York,neither,relative_humidity_2m_mean,751,68.73396582334664,69.04166666666667,60.04166666666667,78.14583333333334,29.666666666666668,94.16666666666669,12.676624538575544
2019_2024,regime_factorial_weather_calendar,New York,neither,precipitation_sum,751,3.9575233022636485,0.1,0.0,3.45,0.0,102.6,9.0345230453959
2019_2024,regime_factorial_weather_calendar,New York,neither,shortwave_radiation_sum,751,17.22655605858855,17.8632,11.860199999999999,23.3658,0.7919999999999999,30.8484,7.657845325791491
2019_2024,regime_factorial_weather_calendar,New York,neither,wind_direction_10m_dominant,751,191.61265516768313,207.9733344921262,90.43782277463501,289.868408989262,0.4440196315656156,359.96536098402,106.34394173256273
2019_2024,regime_factorial_weather_calendar,New York,neither,pure_wind_run_days,751,0.0,0.0,0.0,0.0,0.0,0.0,0.0
2019_2024,regime_factorial_weather_calendar,New York,neither,low_wind_run_days,751,0.0,0.0,0.0,0.0,0.0,0.0,0.0
2019_2024,regime_factorial_weather_calendar,New York,wind_only,temperature_2m_max,293,23.10102389078498,23.9,20.5,26.8,8.9,28.7,4.419845381303825
2019_2024,regime_factorial_weather_calendar,New York,wind_only,wind_speed_10m_mean,293,6.746160409556314,6.8500000000000005,6.1125,7.595833333333334,3.654166666666667,8.15,0.9725542171750822
2019_2024,regime_factorial_weather_calendar,New York,wind_only,relative_humidity_2m_mean,293,74.46871444823663,75.625,67.25,81.875,45.583333333333336,95.33333333333331,10.126038387326291
2019_2024,regime_factorial_weather_calendar,New York,wind_only,precipitation_sum,293,2.532423208191126,0.1,0.0,2.5,0.0,26.3,5.112247575414971
2019_2024,regime_factorial_weather_calendar,New York,wind_only,shortwave_radiation_sum,293,16.65598361774744,16.8624,12.0348,21.4416,2.286,30.9816,6.2717893523085335
2019_2024,regime_factorial_weather_calendar,New York,wind_only,wind_direction_10m_dominant,293,176.51963495770102,171.35854741081067,106.99744980465078,249.6980167159296,4.688037661023405,354.37037817136047,90.97398195561863
2019_2024,regime_factorial_weather_calendar,New York,wind_only,pure_wind_run_days,293,2.2013651877133107,2.0,1.0,3.0,1.0,5.0,1.2755866954272759
2019_2024,regime_factorial_weather_calendar,New York,wind_only,low_wind_run_days,293,2.532423208191126,2.0,1.0,3.0,1.0,10.0,1.7151041139392431
2019_2024,regime_factorial_weather_calendar,Philadelphia,compound,temperature_2m_max,76,32.43552631578948,32.1,31.475,33.1,30.9,35.3,1.1811524256553765
2019_2024,regime_factorial_weather_calendar,Philadelphia,compound,wind_speed_10m_mean,76,6.4606907894736825,6.377083333333333,5.88125,7.371875,3.4791666666666665,7.833333333333333,1.017525442289591
2019_2024,regime_factorial_weather_calendar,Philadelphia,compound,relative_humidity_2m_mean,76,68.2532894736842,68.77083333333334,62.947916666666664,74.47916666666667,44.5,82.29166666666667,8.169890982425493
2019_2024,regime_factorial_weather_calendar,Philadelphia,compound,precipitation_sum,76,2.2210526315789476,0.1,0.0,2.175,0.0,18.5,3.978184369431988
2019_2024,regime_factorial_weather_calendar,Philadelphia,compound,shortwave_radiation_sum,76,22.72774736842105,23.4486,20.2446,25.6023,14.3352,30.474,3.566742526301319
2019_2024,regime_factorial_weather_calendar,Philadelphia,compound,wind_direction_10m_dominant,76,221.65185687672582,226.9711830740576,193.8211983820667,261.9475417198852,15.68708662037882,333.17633180974985,67.21942550552444
2019_2024,regime_factorial_weather_calendar,Philadelphia,compound,pure_wind_run_days,76,0.0,0.0,0.0,0.0,0.0,0.0,0.0
2019_2024,regime_factorial_weather_calendar,Philadelphia,compound,low_wind_run_days,76,3.0789473684210527,2.0,2.0,4.0,1.0,8.0,1.9783033666569734
2019_2024,regime_factorial_weather_calendar,Philadelphia,heat_only,temperature_2m_max,164,33.073170731707314,32.849999999999994,31.7,34.2,30.9,37.5,1.5165790354188118
2019_2024,regime_factorial_weather_calendar,Philadelphia,heat_only,wind_speed_10m_mean,164,10.600203252032522,10.189583333333335,8.864583333333334,12.135416666666666,7.8625,16.541666666666668,2.081922671941908
2019_2024,regime_factorial_weather_calendar,Philadelphia,heat_only,relative_humidity_2m_mean,164,66.7223069105691,66.77083333333333,61.65624999999999,73.51041666666667,38.458333333333336,84.83333333333333,8.257165039244612
2019_2024,regime_factorial_weather_calendar,Philadelphia,heat_only,precipitation_sum,164,2.5500000000000003,0.2,0.0,2.125,0.0,30.1,5.1902515985683895
2019_2024,regime_factorial_weather_calendar,Philadelphia,heat_only,shortwave_radiation_sum,164,22.860834146341464,23.2434,20.499299999999998,25.5555,10.656,30.4452,3.6790744756132727
2019_2024,regime_factorial_weather_calendar,Philadelphia,heat_only,wind_direction_10m_dominant,164,236.98129449803034,230.7860535309269,212.0239135098914,258.64248192865625,92.08039579576722,354.4534650525877,39.932135585173555
2019_2024,regime_factorial_weather_calendar,Philadelphia,heat_only,pure_wind_run_days,164,0.0,0.0,0.0,0.0,0.0,0.0,0.0
2019_2024,regime_factorial_weather_calendar,Philadelphia,heat_only,low_wind_run_days,164,0.0,0.0,0.0,0.0,0.0,0.0,0.0
2019_2024,regime_factorial_weather_calendar,Philadelphia,neither,temperature_2m_max,730,22.558767123287673,23.3,18.825,27.1,6.2,30.8,5.538656878186368
2019_2024,regime_factorial_weather_calendar,Philadelphia,neither,wind_speed_10m_mean,730,12.23605593607306,11.279166666666665,9.537499999999998,14.035416666666666,7.854166666666667,27.679166666666664,3.674381961997288
2019_2024,regime_factorial_weather_calendar,Philadelphia,neither,relative_humidity_2m_mean,730,64.03498858447489,63.97916666666667,54.09375,74.60416666666667,23.83333333333333,95.25,14.172441452577619
2019_2024,regime_factorial_weather_calendar,Philadelphia,neither,precipitation_sum,730,3.8163013698630133,0.0,0.0,3.375,0.0,62.6,8.408808499153963
2019_2024,regime_factorial_weather_calendar,Philadelphia,neither,shortwave_radiation_sum,730,17.491334794520547,18.1278,12.4713,23.391000000000002,0.8136,31.356,7.471091669852297
2019_2024,regime_factorial_weather_calendar,Philadelphia,neither,wind_direction_10m_dominant,730,202.75927265316722,223.68132976458668,101.51447910036032,294.39081788177526,2.219441785332548,359.7647035809854,104.22722268235374
2019_2024,regime_factorial_weather_calendar,Philadelphia,neither,pure_wind_run_days,730,0.0,0.0,0.0,0.0,0.0,0.0,0.0
2019_2024,regime_factorial_weather_calendar,Philadelphia,neither,low_wind_run_days,730,0.0,0.0,0.0,0.0,0.0,0.0,0.0
2019_2024,regime_factorial_weather_calendar,Philadelphia,wind_only,temperature_2m_max,314,25.54044585987261,26.85,22.85,28.9,8.7,30.8,4.179164941573923
2019_2024,regime_factorial_weather_calendar,Philadelphia,wind_only,wind_speed_10m_mean,314,6.441202229299363,6.564583333333333,5.852083333333334,7.252083333333333,3.0083333333333333,7.845833333333334,1.0216197471494433
2019_2024,regime_factorial_weather_calendar,Philadelphia,wind_only,relative_humidity_2m_mean,314,69.92714968152866,70.4375,61.59375,79.1875,41.583333333333336,92.66666666666669,11.2902022784672
2019_2024,regime_factorial_weather_calendar,Philadelphia,wind_only,precipitation_sum,314,2.923248407643312,0.1,0.0,2.6,0.0,64.3,6.656582964432851
2019_2024,regime_factorial_weather_calendar,Philadelphia,wind_only,shortwave_radiation_sum,314,17.051434394904454,17.0622,12.5289,21.8844,2.6028,31.3056,6.3314629443403065
2019_2024,regime_factorial_weather_calendar,Philadelphia,wind_only,wind_direction_10m_dominant,314,189.21112286731235,193.1703877373617,105.13026992862913,274.15435652535666,2.667698250174033,357.1061189626764,98.53121246168342
2019_2024,regime_factorial_weather_calendar,Philadelphia,wind_only,pure_wind_run_days,314,2.267515923566879,2.0,1.0,3.0,1.0,6.0,1.2169314870421324
2019_2024,regime_factorial_weather_calendar,Philadelphia,wind_only,low_wind_run_days,314,2.5796178343949046,2.0,1.0,3.0,1.0,8.0,1.5277095074345248
2019_2024,regime_factorial_weather_calendar,Phoenix,compound,temperature_2m_max,49,43.44489795918368,43.2,42.3,44.2,41.9,46.8,1.2127896946863523
2019_2024,regime_factorial_weather_calendar,Phoenix,compound,wind_speed_10m_mean,49,6.093877551020407,6.216666666666666,5.8125,6.466666666666666,4.3500000000000005,6.7250000000000005,0.5055916372680219
2019_2024,regime_factorial_weather_calendar,Phoenix,compound,relative_humidity_2m_mean,49,22.7704081632653,22.916666666666668,16.958333333333332,27.666666666666668,7.416666666666667,38.04166666666666,7.571811504492277
2019_2024,regime_factorial_weather_calendar,Phoenix,compound,precipitation_sum,49,0.12653061224489795,0.0,0.0,0.0,0.0,1.8,0.352831115292242
2019_2024,regime_factorial_weather_calendar,Phoenix,compound,shortwave_radiation_sum,49,26.8776,27.1044,25.1028,28.404,19.5264,32.5116,2.778052807273469
2019_2024,regime_factorial_weather_calendar,Phoenix,compound,wind_direction_10m_dominant,49,203.29970640064795,232.13707595406356,123.8461818714303,264.13456944581054,23.82101838423922,353.6760491385168,90.3003190292352
2019_2024,regime_factorial_weather_calendar,Phoenix,compound,pure_wind_run_days,49,0.0,0.0,0.0,0.0,0.0,0.0,0.0
2019_2024,regime_factorial_weather_calendar,Phoenix,compound,low_wind_run_days,49,1.9591836734693877,2.0,1.0,2.0,1.0,8.0,1.4282737785153647
2019_2024,regime_factorial_weather_calendar,Phoenix,heat_only,temperature_2m_max,241,43.80082987551867,43.6,42.8,44.6,41.9,47.7,1.302081401105067
2019_2024,regime_factorial_weather_calendar,Phoenix,heat_only,wind_speed_10m_mean,241,9.12551867219917,8.987499999999999,7.708333333333333,10.15,6.745833333333334,15.908333333333331,1.7092566158808056
2019_2024,regime_factorial_weather_calendar,Phoenix,heat_only,relative_humidity_2m_mean,241,21.098029045643152,20.75,15.666666666666666,26.291666666666668,7.291666666666667,47.208333333333336,6.82080757305833
2019_2024,regime_factorial_weather_calendar,Phoenix,heat_only,precipitation_sum,241,0.12489626556016598,0.0,0.0,0.0,0.0,3.9,0.4136757103831404
2019_2024,regime_factorial_weather_calendar,Phoenix,heat_only,shortwave_radiation_sum,241,27.408234024896267,27.6408,25.416,29.4948,18.7164,31.7592,2.6218463065183952
2019_2024,regime_factorial_weather_calendar,Phoenix,heat_only,wind_direction_10m_dominant,241,220.22711874378717,243.4637350905036,205.4346382974088,259.53407395312456,23.61542909554964,359.53061595585336,67.1438636922528
2019_2024,regime_factorial_weather_calendar,Phoenix,heat_only,pure_wind_run_days,241,0.0,0.0,0.0,0.0,0.0,0.0,0.0
2019_2024,regime_factorial_weather_calendar,Phoenix,heat_only,low_wind_run_days,241,0.0,0.0,0.0,0.0,0.0,0.0,0.0
2019_2024,regime_factorial_weather_calendar,Phoenix,neither,temperature_2m_max,666,35.212312312312314,36.4,32.1,39.4,16.9,41.8,5.026231796658697
2019_2024,regime_factorial_weather_calendar,Phoenix,neither,wind_speed_10m_mean,666,9.467517517517518,8.76875,7.6343749999999995,10.591666666666669,6.733333333333333,25.516666666666666,2.4466777245371203
2019_2024,regime_factorial_weather_calendar,Phoenix,neither,relative_humidity_2m_mean,666,23.89527027027027,20.229166666666668,15.083333333333334,30.135416666666668,6.708333333333333,80.66666666666667,11.891303210700487
2019_2024,regime_factorial_weather_calendar,Phoenix,neither,precipitation_sum,666,0.43018018018018017,0.0,0.0,0.0,0.0,39.0,2.4143005582427794
2019_2024,regime_factorial_weather_calendar,Phoenix,neither,shortwave_radiation_sum,666,25.753151351351352,26.576999999999998,22.0869,30.1338,4.2408,32.7348,4.855755678266073
2019_2024,regime_factorial_weather_calendar,Phoenix,neither,wind_direction_10m_dominant,666,198.58010638106572,222.0379799276587,167.85448440119808,245.8815793117532,0.6147167222855885,359.6096799623696,78.79283177978812
2019_2024,regime_factorial_weather_calendar,Phoenix,neither,pure_wind_run_days,666,0.0,0.0,0.0,0.0,0.0,0.0,0.0
2019_2024,regime_factorial_weather_calendar,Phoenix,neither,low_wind_run_days,666,0.0,0.0,0.0,0.0,0.0,0.0,0.0
2019_2024,regime_factorial_weather_calendar,Phoenix,wind_only,temperature_2m_max,328,34.80762195121952,35.4,31.575000000000003,38.925,16.4,41.8,4.726763847312752
2019_2024,regime_factorial_weather_calendar,Phoenix,wind_only,wind_speed_10m_mean,328,5.7290015243902435,5.841666666666666,5.290625,6.292708333333334,3.5416666666666665,6.729166666666667,0.6960354030346844
2019_2024,regime_factorial_weather_calendar,Phoenix,wind_only,relative_humidity_2m_mean,328,32.0282012195122,28.354166666666664,18.65625,40.15625,6.375,84.91666666666667,16.671070350933118
2019_2024,regime_factorial_weather_calendar,Phoenix,wind_only,precipitation_sum,328,0.7125,0.0,0.0,0.0,0.0,30.000000000000004,3.2433034986103078
2019_2024,regime_factorial_weather_calendar,Phoenix,wind_only,shortwave_radiation_sum,328,23.51912926829268,23.410800000000002,19.4787,27.4005,6.588,32.9004,4.927865910530468
2019_2024,regime_factorial_weather_calendar,Phoenix,wind_only,wind_direction_10m_dominant,328,169.1416509563361,174.88202224616413,70.4384910142408,255.7946265211618,0.6952748352678513,359.57302239090154,103.08600943095983
2019_2024,regime_factorial_weather_calendar,Phoenix,wind_only,pure_wind_run_days,328,3.152439024390244,2.0,1.0,5.0,1.0,8.0,2.198399507328939
2019_2024,regime_factorial_weather_calendar,Phoenix,wind_only,low_wind_run_days,328,3.2408536585365852,2.0,2.0,5.0,1.0,8.0,2.229886354241088
2019_2024,regime_factorial_weather_calendar,San Diego,compound,temperature_2m_max,110,31.64272727272727,31.0,30.2,32.45,29.7,39.3,1.8677592467543909
2019_2024,regime_factorial_weather_calendar,San Diego,compound,wind_speed_10m_mean,110,6.031742424242423,6.091666666666667,5.776041666666667,6.372916666666667,4.9125000000000005,6.658333333333334,0.4452050081759822
2019_2024,regime_factorial_weather_calendar,San Diego,compound,relative_humidity_2m_mean,110,59.26212121212121,61.29166666666667,54.67708333333333,66.15625,31.041666666666668,79.25,9.256187053648222
2019_2024,regime_factorial_weather_calendar,San Diego,compound,precipitation_sum,110,0.10636363636363635,0.0,0.0,0.0,0.0,10.4,0.9930286610170596
2019_2024,regime_factorial_weather_calendar,San Diego,compound,shortwave_radiation_sum,110,24.39307636363636,24.3036,21.7134,27.2601,16.5204,31.6512,3.633867491737913
2019_2024,regime_factorial_weather_calendar,San Diego,compound,wind_direction_10m_dominant,110,273.4413604833749,278.62750719456494,259.11684066443615,293.76047469726757,23.85654500732841,336.6127641159213,37.56770675904267
2019_2024,regime_factorial_weather_calendar,San Diego,compound,pure_wind_run_days,110,0.0,0.0,0.0,0.0,0.0,0.0,0.0
2019_2024,regime_factorial_weather_calendar,San Diego,compound,low_wind_run_days,110,5.0181818181818185,4.0,2.0,8.0,1.0,19.0,4.079444597432302
2019_2024,regime_factorial_weather_calendar,San Diego,heat_only,temperature_2m_max,140,31.689285714285713,30.9,30.3,32.5,29.7,39.8,1.9483878755174788
2019_2024,regime_factorial_weather_calendar,San Diego,heat_only,wind_speed_10m_mean,140,8.007500000000002,7.733333333333333,7.141666666666667,8.617708333333333,6.6875,12.379166666666668,1.081162531751794
2019_2024,regime_factorial_weather_calendar,San Diego,heat_only,relative_humidity_2m_mean,140,55.79940476190475,59.08333333333333,52.895833333333336,65.85416666666666,14.416666666666666,76.41666666666667,13.550548724913694
2019_2024,regime_factorial_weather_calendar,San Diego,heat_only,precipitation_sum,140,0.16714285714285712,0.0,0.0,0.0,0.0,16.9,1.46008981970401
2019_2024,regime_factorial_weather_calendar,San Diego,heat_only,shortwave_radiation_sum,140,25.007991428571422,25.4466,23.2758,27.814500000000002,4.0608,32.1408,4.073062373737684
2019_2024,regime_factorial_weather_calendar,San Diego,heat_only,wind_direction_10m_dominant,140,264.6916726049648,293.0691788199136,274.75429938344973,304.9544708567302,12.783232274910114,356.8247482155072,79.78919022973157
2019_2024,regime_factorial_weather_calendar,San Diego,heat_only,pure_wind_run_days,140,0.0,0.0,0.0,0.0,0.0,0.0,0.0
2019_2024,regime_factorial_weather_calendar,San Diego,heat_only,low_wind_run_days,140,0.0,0.0,0.0,0.0,0.0,0.0,0.0
2019_2024,regime_factorial_weather_calendar,San Diego,neither,temperature_2m_max,735,23.91265306122449,24.3,21.4,26.7,14.3,29.6,3.3920712822446952
2019_2024,regime_factorial_weather_calendar,San Diego,neither,wind_speed_10m_mean,735,8.40956349206349,7.837499999999999,7.26875,8.904166666666667,6.6625000000000005,20.383333333333333,1.8297946566743233
2019_2024,regime_factorial_weather_calendar,San Diego,neither,relative_humidity_2m_mean,735,70.60651927437641,71.625,67.8125,75.1875,14.625,90.125,8.033450641253957
2019_2024,regime_factorial_weather_calendar,San Diego,neither,precipitation_sum,735,0.4095238095238095,0.0,0.0,0.0,0.0,30.700000000000003,2.122814097180869
2019_2024,regime_factorial_weather_calendar,San Diego,neither,shortwave_radiation_sum,735,24.940334693877553,26.6976,22.318199999999997,28.9692,3.4236,32.184,5.352346573343218
2019_2024,regime_factorial_weather_calendar,San Diego,neither,wind_direction_10m_dominant,735,264.09791204074025,272.2669965911727,245.6764034371909,286.9950449525403,17.108467535297013,350.75922607072647,37.75746681724046
2019_2024,regime_factorial_weather_calendar,San Diego,neither,pure_wind_run_days,735,0.0,0.0,0.0,0.0,0.0,0.0,0.0
2019_2024,regime_factorial_weather_calendar,San Diego,neither,low_wind_run_days,735,0.0,0.0,0.0,0.0,0.0,0.0,0.0
2019_2024,regime_factorial_weather_calendar,San Diego,wind_only,temperature_2m_max,299,25.464882943143813,25.8,23.5,27.7,17.3,29.6,2.745564617732449
2019_2024,regime_factorial_weather_calendar,San Diego,wind_only,wind_speed_10m_mean,299,5.969760312151617,6.1125,5.620833333333334,6.433333333333334,3.633333333333333,6.654166666666666,0.5800442172457462
2019_2024,regime_factorial_weather_calendar,San Diego,wind_only,relative_humidity_2m_mean,299,69.54264214046823,70.75,65.20833333333333,74.91666666666667,22.58333333333333,84.58333333333333,8.389193662526548
2019_2024,regime_factorial_weather_calendar,San Diego,wind_only,precipitation_sum,299,0.052173913043478265,0.0,0.0,0.0,0.0,4.0,0.311664114052818
2019_2024,regime_factorial_weather_calendar,San Diego,wind_only,shortwave_radiation_sum,299,24.082133779264215,25.0416,19.8414,28.407600000000002,9.1908,31.6728,4.997149481927433
2019_2024,regime_factorial_weather_calendar,San Diego,wind_only,wind_direction_10m_dominant,299,259.0113661734502,261.0244607079392,246.50573210195392,278.2581432963802,6.720859921649669,358.92407306514616,39.456615855743074
2019_2024,regime_factorial_weather_calendar,San Diego,wind_only,pure_wind_run_days,299,2.8862876254180603,2.0,1.0,3.0,1.0,9.0,1.9696810794080093
2019_2024,regime_factorial_weather_calendar,San Diego,wind_only,low_wind_run_days,299,4.498327759197324,3.0,2.0,6.0,1.0,19.0,4.268170459742848
2019_2024,regime_factorial_weather_calendar,Seattle,compound,temperature_2m_max,105,26.488571428571426,26.0,24.8,27.4,24.0,33.6,2.1499693327738725
2019_2024,regime_factorial_weather_calendar,Seattle,compound,wind_speed_10m_mean,105,4.927698412698413,5.104166666666667,4.483333333333333,5.479166666666667,3.1875,5.8500000000000005,0.6957788682412295
2019_2024,regime_factorial_weather_calendar,Seattle,compound,relative_humidity_2m_mean,105,68.41349206349207,68.875,64.95833333333333,72.125,52.79166666666666,81.29166666666667,5.713608523257532
2019_2024,regime_factorial_weather_calendar,Seattle,compound,precipitation_sum,105,0.07238095238095238,0.0,0.0,0.0,0.0,2.0,0.30429465669846734
2019_2024,regime_factorial_weather_calendar,Seattle,compound,shortwave_radiation_sum,105,24.561291428571426,24.9336,22.158,27.9936,11.7396,30.4056,4.19280554806303
2019_2024,regime_factorial_weather_calendar,Seattle,compound,wind_direction_10m_dominant,105,191.96964208482504,230.97176391899015,20.36472354289661,308.7983781023665,0.1595156257772143,358.07798552973577,131.34099482625876
2019_2024,regime_factorial_weather_calendar,Seattle,compound,pure_wind_run_days,105,0.0,0.0,0.0,0.0,0.0,0.0,0.0
2019_2024,regime_factorial_weather_calendar,Seattle,compound,low_wind_run_days,105,2.676190476190476,2.0,1.0,3.0,1.0,9.0,2.242488479068416
2019_2024,regime_factorial_weather_calendar,Seattle,heat_only,temperature_2m_max,179,26.782681564245813,26.2,25.0,28.1,24.0,38.4,2.3174670316905956
2019_2024,regime_factorial_weather_calendar,Seattle,heat_only,wind_speed_10m_mean,179,7.826769087523277,7.454166666666667,6.6000000000000005,8.554166666666667,5.870833333333334,13.841666666666669,1.588318639002136
2019_2024,regime_factorial_weather_calendar,Seattle,heat_only,relative_humidity_2m_mean,179,66.41340782122904,66.54166666666667,62.08333333333333,71.64583333333334,32.291666666666664,80.25,6.890700283727571
2019_2024,regime_factorial_weather_calendar,Seattle,heat_only,precipitation_sum,179,0.1340782122905028,0.0,0.0,0.0,0.0,4.4,0.5821411606536023
2019_2024,regime_factorial_weather_calendar,Seattle,heat_only,shortwave_radiation_sum,179,25.174478212290502,26.2188,22.483800000000002,28.539,11.2176,30.9888,4.305497341161337
2019_2024,regime_factorial_weather_calendar,Seattle,heat_only,wind_direction_10m_dominant,179,110.85429548556185,30.92397457721271,12.364234208873006,216.27194592813242,1.977146929901193,358.1192588411344,111.78993556158655
2019_2024,regime_factorial_weather_calendar,Seattle,heat_only,pure_wind_run_days,179,0.0,0.0,0.0,0.0,0.0,0.0,0.0
2019_2024,regime_factorial_weather_calendar,Seattle,heat_only,low_wind_run_days,179,0.0,0.0,0.0,0.0,0.0,0.0,0.0
2019_2024,regime_factorial_weather_calendar,Seattle,neither,temperature_2m_max,736,17.132880434782606,17.15,14.2,20.1,6.4,23.9,3.8955659939084066
2019_2024,regime_factorial_weather_calendar,Seattle,neither,wind_speed_10m_mean,736,9.724139492753624,8.804166666666667,7.161458333333334,11.551041666666668,5.858333333333333,26.9375,3.3318937885354982
2019_2024,regime_factorial_weather_calendar,Seattle,neither,relative_humidity_2m_mean,736,76.00186820652173,75.85416666666666,70.29166666666667,81.66666666666667,42.083333333333336,95.58333333333331,8.080903730582332
2019_2024,regime_factorial_weather_calendar,Seattle,neither,precipitation_sum,736,3.48179347826087,0.8,0.0,5.025,0.0,47.0,5.61187710754752
2019_2024,regime_factorial_weather_calendar,Seattle,neither,shortwave_radiation_sum,736,14.478060326086956,14.1858,9.0441,19.3095,0.8244,31.2408,6.9446647465804014
2019_2024,regime_factorial_weather_calendar,Seattle,neither,wind_direction_10m_dominant,736,164.13090695409807,196.63771598533475,156.82188904141708,209.65856416781727,0.7335908984126065,359.9176054097518,84.14748941782437
2019_2024,regime_factorial_weather_calendar,Seattle,neither,pure_wind_run_days,736,0.0,0.0,0.0,0.0,0.0,0.0,0.0
2019_2024,regime_factorial_weather_calendar,Seattle,neither,low_wind_run_days,736,0.0,0.0,0.0,0.0,0.0,0.0,0.0
2019_2024,regime_factorial_weather_calendar,Seattle,wind_only,temperature_2m_max,264,18.724999999999998,19.3,16.5,21.725,7.5,23.9,3.6679347386708354
2019_2024,regime_factorial_weather_calendar,Seattle,wind_only,wind_speed_10m_mean,264,4.737168560606062,4.858333333333333,4.208333333333334,5.413541666666667,2.2625,5.8375,0.8099546726278273
2019_2024,regime_factorial_weather_calendar,Seattle,wind_only,relative_humidity_2m_mean,264,75.86663510101009,75.875,71.04166666666667,81.27083333333333,54.16666666666666,93.45833333333331,7.5570357859510455
2019_2024,regime_factorial_weather_calendar,Seattle,wind_only,precipitation_sum,264,1.1314393939393939,0.0,0.0,0.925,0.0,28.6,3.056134548173734
2019_2024,regime_factorial_weather_calendar,Seattle,wind_only,shortwave_radiation_sum,264,15.796063636363636,15.3018,10.9998,19.9386,2.5272,30.528,6.155196877587798
2019_2024,regime_factorial_weather_calendar,Seattle,wind_only,wind_direction_10m_dominant,264,184.24746262639206,198.8711386342652,75.68542661129223,253.9647618710672,0.9686860560587526,359.98426213988205,112.67007858144835
2019_2024,regime_factorial_weather_calendar,Seattle,wind_only,pure_wind_run_days,264,2.090909090909091,2.0,1.0,3.0,1.0,5.0,1.2143285581824308
2019_2024,regime_factorial_weather_calendar,Seattle,wind_only,low_wind_run_days,264,2.3257575757575757,2.0,1.0,3.0,1.0,9.0,1.4798839340020198
2019_2024,wind_duration_class,Atlanta,isolated_wind_only,no2_ppb,90,12.7104185,12.102318,10.031597333333334,15.483735583333333,5.640942,23.737499999999997,3.826483494808036
2019_2024,wind_duration_class,Atlanta,isolated_wind_only,n_available_sites,90,2.922222222222222,3.0,3.0,3.0,2.0,3.0,0.2693219858921545
2019_2024,wind_duration_class,Atlanta,isolated_wind_only,temperature_2m_max,90,27.31555555555555,28.05,25.974999999999998,29.65,17.1,31.4,3.1159218201061676
2019_2024,wind_duration_class,Atlanta,isolated_wind_only,wind_speed_10m_mean,90,5.923472222222223,6.125,5.7125,6.422916666666667,3.345833333333333,6.770833333333333,0.723653839247349
2019_2024,wind_duration_class,Atlanta,isolated_wind_only,relative_humidity_2m_mean,90,72.99212962962963,74.22916666666666,65.19791666666667,82.11458333333333,50.833333333333336,90.45833333333331,10.554906480552996
2019_2024,wind_duration_class,Atlanta,isolated_wind_only,precipitation_sum,90,2.922222222222222,0.3,0.0,4.45,0.0,25.9,4.918841961498382
2019_2024,wind_duration_class,Atlanta,isolated_wind_only,shortwave_radiation_sum,90,20.23124,20.203200000000002,16.6617,24.57,6.335999999999999,31.0356,5.299290749253489
2019_2024,wind_duration_class,Atlanta,isolated_wind_only,wind_direction_10m_dominant,90,185.5407873270634,174.15223241658828,109.76144627601809,269.39647539593244,6.053438106552953,349.6502750844834,92.67095446498536
2019_2024,wind_duration_class,Atlanta,isolated_wind_only,pure_wind_run_days,90,1.0,1.0,1.0,1.0,1.0,1.0,0.0
2019_2024,wind_duration_class,Atlanta,isolated_wind_only,low_wind_run_days,90,1.6222222222222222,1.0,1.0,1.0,1.0,15.0,2.0366185776824532
2019_2024,wind_duration_class,Atlanta,not_wind_only,no2_ppb,1049,11.897028489196058,11.596464666666668,9.160606,14.329166666666667,2.2491630000000002,25.05625,3.761827794812012
2019_2024,wind_duration_class,Atlanta,not_wind_only,n_available_sites,1049,2.875119161105815,3.0,3.0,3.0,1.0,3.0,0.3584325105286569
2019_2024,wind_duration_class,Atlanta,not_wind_only,temperature_2m_max,1049,27.29532888465205,28.0,24.0,31.5,10.5,36.5,4.9321103893451
2019_2024,wind_duration_class,Atlanta,not_wind_only,wind_speed_10m_mean,1049,10.078535112805849,9.404166666666669,7.591666666666666,11.941666666666668,3.1625,28.070833333333336,3.671559287493639
2019_2024,wind_duration_class,Atlanta,not_wind_only,relative_humidity_2m_mean,1049,69.79885605338417,70.08333333333333,61.583333333333336,78.41666666666667,35.041666666666664,96.75,11.129522720710716
2019_2024,wind_duration_class,Atlanta,not_wind_only,precipitation_sum,1049,3.360629170638704,0.2,0.0,3.0,0.0,99.1,8.061943156979092
2019_2024,wind_duration_class,Atlanta,not_wind_only,shortwave_radiation_sum,1049,19.660317254528124,20.9772,16.073999999999998,24.2532,1.4076,30.7584,6.160664561977687
2019_2024,wind_duration_class,Atlanta,not_wind_only,wind_direction_10m_dominant,1049,199.38039556665936,206.65962362958305,108.25291488963578,286.5247298262506,0.6692595708394488,359.39171834079883,96.109020847056
2019_2024,wind_duration_class,Atlanta,not_wind_only,pure_wind_run_days,1049,0.0,0.0,0.0,0.0,0.0,0.0,0.0
2019_2024,wind_duration_class,Atlanta,not_wind_only,low_wind_run_days,1049,0.7092469018112488,0.0,0.0,0.0,0.0,15.0,2.339977879016524
2019_2024,wind_duration_class,Atlanta,persistent_wind_only,no2_ppb,145,12.506425362068965,12.251010333333333,10.317316,14.616666666666665,5.996554666666666,21.766865,3.0505968865169515
2019_2024,wind_duration_class,Atlanta,persistent_wind_only,n_available_sites,145,2.9310344827586206,3.0,3.0,3.0,2.0,3.0,0.2542738138578039
2019_2024,wind_duration_class,Atlanta,persistent_wind_only,temperature_2m_max,145,28.125517241379313,28.8,27.0,30.3,18.8,31.4,2.786868496238326
2019_2024,wind_duration_class,Atlanta,persistent_wind_only,wind_speed_10m_mean,145,5.524626436781609,5.670833333333333,4.925,6.3625,3.1916666666666664,6.770833333333333,0.9409950178206143
2019_2024,wind_duration_class,Atlanta,persistent_wind_only,relative_humidity_2m_mean,145,75.27385057471264,75.95833333333333,71.33333333333333,81.0,51.375,90.625,7.843439883735332
2019_2024,wind_duration_class,Atlanta,persistent_wind_only,precipitation_sum,145,3.0675862068965514,0.3,0.0,3.2,0.0,30.2,5.900139861320388
2019_2024,wind_duration_class,Atlanta,persistent_wind_only,shortwave_radiation_sum,145,19.201133793103445,19.692,16.74,22.5576,3.546,29.286,4.497722774425543
2019_2024,wind_duration_class,Atlanta,persistent_wind_only,wind_direction_10m_dominant,145,190.31972690186348,191.3200313950879,103.3451412170146,281.726294808308,3.646529794573036,358.15904092563494,99.6887173552465
2019_2024,wind_duration_class,Atlanta,persistent_wind_only,pure_wind_run_days,145,3.206896551724138,3.0,2.0,4.0,2.0,6.0,1.3939180976066163
2019_2024,wind_duration_class,Atlanta,persistent_wind_only,low_wind_run_days,145,4.151724137931034,3.0,2.0,5.0,2.0,15.0,2.569400693424762
2019_2024,wind_duration_class,Chicago,isolated_wind_only,no2_ppb,118,15.471989233050847,14.524131791666665,12.228996187499998,17.706771125,6.43333325,31.19798,5.010524988217291
2019_2024,wind_duration_class,Chicago,isolated_wind_only,n_available_sites,118,3.5254237288135593,4.0,3.0,4.0,1.0,4.0,0.636656120288266
2019_2024,wind_duration_class,Chicago,isolated_wind_only,temperature_2m_max,118,20.93728813559322,22.75,17.775,25.4,3.9,26.8,5.416984947022494
2019_2024,wind_duration_class,Chicago,isolated_wind_only,wind_speed_10m_mean,118,8.712994350282488,8.958333333333334,7.873958333333333,9.690624999999999,4.529166666666667,10.729166666666666,1.3142670768000657
2019_2024,wind_duration_class,Chicago,isolated_wind_only,relative_humidity_2m_mean,118,73.051906779661,73.66666666666666,63.87499999999999,81.83333333333333,50.25,92.58333333333331,10.596883972098182
2019_2024,wind_duration_class,Chicago,isolated_wind_only,precipitation_sum,118,2.223728813559322,0.0,0.0,1.725,0.0,24.0,4.619036750993213
2019_2024,wind_duration_class,Chicago,isolated_wind_only,shortwave_radiation_sum,118,20.04263389830508,20.7486,14.895900000000001,24.471899999999998,2.8908,30.7908,6.297487800475017
2019_2024,wind_duration_class,Chicago,isolated_wind_only,wind_direction_10m_dominant,118,128.41121986635372,102.96612496321893,48.282734167016116,201.60381410290302,1.7429254513724182,356.10248005266544,90.52764065738091
2019_2024,wind_duration_class,Chicago,isolated_wind_only,pure_wind_run_days,118,1.0,1.0,1.0,1.0,1.0,1.0,0.0
2019_2024,wind_duration_class,Chicago,isolated_wind_only,low_wind_run_days,118,1.576271186440678,1.0,1.0,1.0,1.0,7.0,1.398453233825454
2019_2024,wind_duration_class,Chicago,not_wind_only,no2_ppb,994,12.416209284624413,11.824984125,8.971701604166668,15.321874875,2.2652776666666665,29.04479175,4.794251266214828
2019_2024,wind_duration_class,Chicago,not_wind_only,n_available_sites,994,3.6569416498993963,4.0,3.0,4.0,1.0,4.0,0.5291284732502335
2019_2024,wind_duration_class,Chicago,not_wind_only,temperature_2m_max,994,20.71317907444668,21.95,15.8,26.9,1.4,35.1,7.173290039027616
2019_2024,wind_duration_class,Chicago,not_wind_only,wind_speed_10m_mean,994,15.645573440643863,15.04375,12.309375,18.378124999999997,4.3,32.666666666666664,4.8766745741228785
2019_2024,wind_duration_class,Chicago,not_wind_only,relative_humidity_2m_mean,994,70.54267270288396,70.91666666666667,62.510416666666664,78.98958333333333,38.25,95.45833333333331,10.963446395628996
2019_2024,wind_duration_class,Chicago,not_wind_only,precipitation_sum,994,3.51056338028169,0.3,0.0,3.6750000000000003,0.0,79.9,7.443213626393099
2019_2024,wind_duration_class,Chicago,not_wind_only,shortwave_radiation_sum,994,19.11502575452716,20.1582,13.593599999999999,24.7482,1.5552,31.6584,7.198993954670077
2019_2024,wind_duration_class,Chicago,not_wind_only,wind_direction_10m_dominant,994,174.04560448599096,191.2685650311825,80.17808782577903,244.8056985474298,0.231032703333652,359.3957435523071,101.30252834865033
2019_2024,wind_duration_class,Chicago,not_wind_only,pure_wind_run_days,994,0.0,0.0,0.0,0.0,0.0,0.0,0.0
2019_2024,wind_duration_class,Chicago,not_wind_only,low_wind_run_days,994,0.3591549295774648,0.0,0.0,0.0,0.0,8.0,1.2791541492343168
2019_2024,wind_duration_class,Chicago,persistent_wind_only,no2_ppb,172,16.75748326889535,16.282986166666667,12.889322625,20.353571458333334,4.98541675,35.95104175,5.593177943313464
2019_2024,wind_duration_class,Chicago,persistent_wind_only,n_available_sites,172,3.558139534883721,4.0,3.0,4.0,1.0,4.0,0.6857727303750845
2019_2024,wind_duration_class,Chicago,persistent_wind_only,temperature_2m_max,172,21.236627906976743,22.95,19.375,25.2,4.7,26.8,5.36448099994294
2019_2024,wind_duration_class,Chicago,persistent_wind_only,wind_speed_10m_mean,172,8.52579941860465,8.877083333333333,7.554166666666667,9.66875,5.141666666666667,10.729166666666666,1.455076098876422
2019_2024,wind_duration_class,Chicago,persistent_wind_only,relative_humidity_2m_mean,172,71.33624031007751,71.02083333333334,65.30208333333333,78.61458333333334,41.625,92.16666666666669,9.99283428020599
2019_2024,wind_duration_class,Chicago,persistent_wind_only,precipitation_sum,172,0.886046511627907,0.0,0.0,0.4,0.0,22.8,2.77042284824139
2019_2024,wind_duration_class,Chicago,persistent_wind_only,shortwave_radiation_sum,172,21.611302325581395,22.2048,17.9082,26.1648,3.5352,30.906,5.656899268837331
2019_2024,wind_duration_class,Chicago,persistent_wind_only,wind_direction_10m_dominant,172,133.80453253419302,113.19864708305857,58.78560222615529,189.11143280697792,3.3495925706881327,359.7148266054155,91.30482067858976
2019_2024,wind_duration_class,Chicago,persistent_wind_only,pure_wind_run_days,172,2.7093023255813953,2.0,2.0,3.0,2.0,5.0,0.842806215818002
2019_2024,wind_duration_class,Chicago,persistent_wind_only,low_wind_run_days,172,3.4127906976744184,3.0,2.0,4.0,2.0,8.0,1.6818464172275158
2019_2024,wind_duration_class,Dallas,isolated_wind_only,no2_ppb,80,9.12049326875,7.6665045,5.63072925,11.141145937500001,2.4909090000000003,23.42313075,4.571425214399186
2019_2024,wind_duration_class,Dallas,isolated_wind_only,n_available_sites,80,3.7375,4.0,4.0,4.0,2.0,4.0,0.49666610030268166
2019_2024,wind_duration_class,Dallas,isolated_wind_only,temperature_2m_max,80,28.3675,28.9,25.0,32.5,15.4,34.8,4.910845012233354
2019_2024,wind_duration_class,Dallas,isolated_wind_only,wind_speed_10m_mean,80,7.4475,7.527083333333334,6.455208333333333,8.402083333333334,4.516666666666667,9.179166666666667,1.1823961493545379
2019_2024,wind_duration_class,Dallas,isolated_wind_only,relative_humidity_2m_mean,80,65.56770833333334,65.02083333333333,57.510416666666664,74.60416666666667,37.583333333333336,95.45833333333331,12.714416948433287
2019_2024,wind_duration_class,Dallas,isolated_wind_only,precipitation_sum,80,3.755,0.0,0.0,0.55,0.0,83.0,11.751163691365456
2019_2024,wind_duration_class,Dallas,isolated_wind_only,shortwave_radiation_sum,80,20.833425,21.798000000000002,17.91,24.9417,2.6064,29.718,5.807696825732233
2019_2024,wind_duration_class,Dallas,isolated_wind_only,wind_direction_10m_dominant,80,126.84956272170578,121.46650159261097,72.19597294862652,159.77675644429223,1.7714764559631966,344.3302158175504,73.35741260407261
2019_2024,wind_duration_class,Dallas,isolated_wind_only,pure_wind_run_days,80,1.0,1.0,1.0,1.0,1.0,1.0,0.0
2019_2024,wind_duration_class,Dallas,isolated_wind_only,low_wind_run_days,80,1.3875,1.0,1.0,1.0,1.0,8.0,1.247719438603228
2019_2024,wind_duration_class,Dallas,not_wind_only,no2_ppb,989,5.2998308740310085,4.704212,3.161111333333334,6.8612373333333325,0.12916650000000002,22.16911075,2.990686504172933
2019_2024,wind_duration_class,Dallas,not_wind_only,n_available_sites,989,3.5439838220424673,4.0,3.0,4.0,1.0,4.0,0.7094908248224494
2019_2024,wind_duration_class,Dallas,not_wind_only,temperature_2m_max,989,31.165116279069768,32.4,27.4,35.6,5.3,42.9,6.141793388247026
2019_2024,wind_duration_class,Dallas,not_wind_only,wind_speed_10m_mean,989,14.353117627232896,13.545833333333334,10.820833333333333,17.270833333333332,4.75,35.516666666666666,4.767747265439491
2019_2024,wind_duration_class,Dallas,not_wind_only,relative_humidity_2m_mean,989,63.076508257499164,63.29166666666666,54.125,72.375,28.625,94.66666666666669,13.21079837692665
2019_2024,wind_duration_class,Dallas,not_wind_only,precipitation_sum,989,3.1385237613751262,0.0,0.0,1.2,0.0,91.3,8.84024670391755
2019_2024,wind_duration_class,Dallas,not_wind_only,shortwave_radiation_sum,989,20.67293265925177,22.1292,17.049599999999998,25.632,1.5732,30.5676,6.2115650887173
2019_2024,wind_duration_class,Dallas,not_wind_only,wind_direction_10m_dominant,989,158.62537562268543,165.7503594861252,128.60786269239125,180.48829877233143,0.5013497592401707,358.56904341628643,71.8079358480392
2019_2024,wind_duration_class,Dallas,not_wind_only,pure_wind_run_days,989,0.0,0.0,0.0,0.0,0.0,0.0,0.0
2019_2024,wind_duration_class,Dallas,not_wind_only,low_wind_run_days,989,0.3609706774519717,0.0,0.0,0.0,0.0,11.0,1.4902291308720421
2019_2024,wind_duration_class,Dallas,persistent_wind_only,no2_ppb,215,8.591074335658913,7.91068825,5.983378666666667,10.396391875,1.1422222499999999,20.77878775,3.6142627181396656
2019_2024,wind_duration_class,Dallas,persistent_wind_only,n_available_sites,215,3.474418604651163,4.0,3.0,4.0,2.0,4.0,0.6398353406960664
2019_2024,wind_duration_class,Dallas,persistent_wind_only,temperature_2m_max,215,30.65395348837209,31.4,29.2,33.0,17.4,35.0,3.3024446761373696
2019_2024,wind_duration_class,Dallas,persistent_wind_only,wind_speed_10m_mean,215,7.346201550387596,7.429166666666667,6.370833333333334,8.364583333333332,4.316666666666666,9.141666666666667,1.2088210464645173
2019_2024,wind_duration_class,Dallas,persistent_wind_only,relative_humidity_2m_mean,215,67.3856589147287,68.875,58.72916666666667,76.04166666666667,41.208333333333336,91.625,11.726222368510891
2019_2024,wind_duration_class,Dallas,persistent_wind_only,precipitation_sum,215,3.0153488372093022,0.0,0.0,1.2000000000000002,0.0,69.2,8.273372259602988
2019_2024,wind_duration_class,Dallas,persistent_wind_only,shortwave_radiation_sum,215,20.355488372093024,20.9664,17.040599999999998,24.049799999999998,4.7124,30.33,5.122535570992076
2019_2024,wind_duration_class,Dallas,persistent_wind_only,wind_direction_10m_dominant,215,119.67284203002507,101.41310452600425,66.19827546323629,156.6149105740758,2.608047278048828,357.304433565903,74.2823964487126
2019_2024,wind_duration_class,Dallas,persistent_wind_only,pure_wind_run_days,215,4.665116279069768,4.0,2.0,6.0,2.0,12.0,2.9001195367669745
2019_2024,wind_duration_class,Dallas,persistent_wind_only,low_wind_run_days,215,5.051162790697674,4.0,3.0,6.0,2.0,12.0,3.0359506427396106
2019_2024,wind_duration_class,Denver,isolated_wind_only,no2_ppb,119,15.669032662885154,14.892092200000002,12.3869565,18.141258925,6.413912999999999,32.6710875,4.574551564030018
2019_2024,wind_duration_class,Denver,isolated_wind_only,n_available_sites,119,4.638655462184874,5.0,4.0,5.0,2.0,5.0,0.5634502134169199
2019_2024,wind_duration_class,Denver,isolated_wind_only,temperature_2m_max,119,22.26134453781513,24.8,19.15,28.5,-9.1,32.1,8.727291202671074
2019_2024,wind_duration_class,Denver,isolated_wind_only,wind_speed_10m_mean,119,6.362675070028011,6.479166666666667,6.13125,6.841666666666666,4.6625000000000005,7.0625,0.5744919649738864
2019_2024,wind_duration_class,Denver,isolated_wind_only,relative_humidity_2m_mean,119,54.89355742296919,53.125,43.27083333333333,63.25,30.291666666666668,88.08333333333333,14.639630739165298
2019_2024,wind_duration_class,Denver,isolated_wind_only,precipitation_sum,119,1.253781512605042,0.2,0.0,1.2000000000000002,0.0,13.2,2.274761671851167
2019_2024,wind_duration_class,Denver,isolated_wind_only,shortwave_radiation_sum,119,22.17327731092437,22.7268,18.1476,26.424,8.225999999999999,31.0104,5.278938269284982
2019_2024,wind_duration_class,Denver,isolated_wind_only,wind_direction_10m_dominant,119,182.3527628446911,201.2591080600968,104.52432092404868,240.905359833071,1.8042287084544204,354.44671565828986,86.89787491665574
2019_2024,wind_duration_class,Denver,isolated_wind_only,pure_wind_run_days,119,1.0,1.0,1.0,1.0,1.0,1.0,0.0
2019_2024,wind_duration_class,Denver,isolated_wind_only,low_wind_run_days,119,1.0756302521008403,1.0,1.0,1.0,1.0,3.0,0.29572272473469485
2019_2024,wind_duration_class,Denver,not_wind_only,no2_ppb,940,14.632184019468086,14.0962609,11.12256425,17.2530167,3.5826089999999997,54.323715500000006,5.09347808647124
2019_2024,wind_duration_class,Denver,not_wind_only,n_available_sites,940,4.695744680851064,5.0,4.0,5.0,2.0,5.0,0.5489684185079023
2019_2024,wind_duration_class,Denver,not_wind_only,temperature_2m_max,940,26.26606382978723,28.2,22.1,32.7,-6.3,38.0,8.185466446964881
2019_2024,wind_duration_class,Denver,not_wind_only,wind_speed_10m_mean,940,9.125744680851065,8.545833333333333,7.694791666666666,9.9,5.591666666666666,22.704166666666666,2.0962371588463804
2019_2024,wind_duration_class,Denver,not_wind_only,relative_humidity_2m_mean,940,46.774468085106385,43.9375,35.98958333333333,54.04166666666666,19.166666666666668,96.83333333333331,15.05778764342614
2019_2024,wind_duration_class,Denver,not_wind_only,precipitation_sum,940,1.3625531914893618,0.0,0.0,0.8999999999999999,0.0,39.2,3.5428912869701574
2019_2024,wind_duration_class,Denver,not_wind_only,shortwave_radiation_sum,940,23.142994468085107,24.427799999999998,19.6398,27.293400000000002,4.7916,32.5188,5.478418192929906
2019_2024,wind_duration_class,Denver,not_wind_only,wind_direction_10m_dominant,940,191.25857516445308,214.7957151906444,124.37683316369814,252.10825486527878,0.2824470047790842,359.62828845668906,89.83438616843843
2019_2024,wind_duration_class,Denver,not_wind_only,pure_wind_run_days,940,0.0,0.0,0.0,0.0,0.0,0.0,0.0
2019_2024,wind_duration_class,Denver,not_wind_only,low_wind_run_days,940,0.06914893617021277,0.0,0.0,0.0,0.0,4.0,0.36119745108134926
2019_2024,wind_duration_class,Denver,persistent_wind_only,no2_ppb,225,15.615534107111111,15.001489799999998,12.5997322,17.6626086,7.4034784,39.8614626,4.620718281312366
2019_2024,wind_duration_class,Denver,persistent_wind_only,n_available_sites,225,4.8133333333333335,5.0,5.0,5.0,3.0,5.0,0.40178174601214955
2019_2024,wind_duration_class,Denver,persistent_wind_only,temperature_2m_max,225,23.112888888888886,24.0,19.7,28.0,4.0,32.1,5.844622307783021
2019_2024,wind_duration_class,Denver,persistent_wind_only,wind_speed_10m_mean,225,6.159537037037037,6.266666666666667,5.7125,6.791666666666667,3.329166666666667,7.066666666666666,0.751358424953842
2019_2024,wind_duration_class,Denver,persistent_wind_only,relative_humidity_2m_mean,225,57.40648148148148,56.708333333333336,46.41666666666666,67.45833333333333,23.291666666666668,94.70833333333331,14.405047948603478
2019_2024,wind_duration_class,Denver,persistent_wind_only,precipitation_sum,225,2.091555555555556,0.1,0.0,1.6,0.0,27.9,4.470265829601366
2019_2024,wind_duration_class,Denver,persistent_wind_only,shortwave_radiation_sum,225,22.085824000000002,23.184,18.0,26.4816,6.5304,31.4964,5.69334587851969
2019_2024,wind_duration_class,Denver,persistent_wind_only,wind_direction_10m_dominant,225,198.85014723081406,215.4450123449062,129.41221791786677,262.94841268374404,6.381023056966841,357.5274118727665,90.14736641112283
2019_2024,wind_duration_class,Denver,persistent_wind_only,pure_wind_run_days,225,3.0533333333333332,3.0,2.0,4.0,2.0,7.0,1.3285330255586423
2019_2024,wind_duration_class,Denver,persistent_wind_only,low_wind_run_days,225,3.0844444444444443,3.0,2.0,4.0,2.0,7.0,1.325228342109449
2019_2024,wind_duration_class,Houston,isolated_wind_only,no2_ppb,66,11.69911576506734,11.29276788888889,8.779973506944444,14.0553386875,3.7744444444444443,21.8870833,3.99417135220355
2019_2024,wind_duration_class,Houston,isolated_wind_only,n_available_sites,66,8.575757575757576,9.0,8.0,9.0,5.0,10.0,1.0085878331852993
2019_2024,wind_duration_class,Houston,isolated_wind_only,temperature_2m_max,66,30.090909090909093,30.75,28.875,32.475,22.1,33.4,2.9973181485981906
2019_2024,wind_duration_class,Houston,isolated_wind_only,wind_speed_10m_mean,66,6.987373737373738,7.2958333333333325,6.402083333333334,7.75,4.55,8.183333333333334,0.9304456730401568
2019_2024,wind_duration_class,Houston,isolated_wind_only,relative_humidity_2m_mean,66,77.04482323232324,78.72916666666666,71.79166666666666,82.17708333333334,55.29166666666666,92.875,8.349744451429032
2019_2024,wind_duration_class,Houston,isolated_wind_only,precipitation_sum,66,4.61060606060606,0.95,0.0,7.1000000000000005,0.0,34.300000000000004,7.098518345680506
2019_2024,wind_duration_class,Houston,isolated_wind_only,shortwave_radiation_sum,66,19.14981818181818,18.8298,15.5061,22.6593,8.208,28.6164,4.991191469622616
2019_2024,wind_duration_class,Houston,isolated_wind_only,wind_direction_10m_dominant,66,150.57933610898976,137.84814273171315,110.89289819503668,175.0196022176391,4.9413684077985565,352.56540451125045,74.902158118814
2019_2024,wind_duration_class,Houston,isolated_wind_only,pure_wind_run_days,66,1.0,1.0,1.0,1.0,1.0,1.0,0.0
2019_2024,wind_duration_class,Houston,isolated_wind_only,low_wind_run_days,66,1.893939393939394,1.0,1.0,1.0,1.0,9.0,1.9932871025503254
2019_2024,wind_duration_class,Houston,not_wind_only,no2_ppb,989,7.688540027550676,7.087755166666668,4.95036225,9.637963111111112,1.6530303333333334,20.695478555555557,3.4504103267756174
2019_2024,wind_duration_class,Houston,not_wind_only,n_available_sites,989,8.587462082912033,9.0,8.0,9.0,1.0,10.0,1.1791390746285613
2019_2024,wind_duration_class,Houston,not_wind_only,temperature_2m_max,989,30.70758341759353,31.3,27.9,33.9,13.2,41.9,4.448230454288715
2019_2024,wind_duration_class,Houston,not_wind_only,wind_speed_10m_mean,989,12.214682339063028,11.454166666666666,9.25,14.65,4.308333333333333,34.85,4.069713315377588
2019_2024,wind_duration_class,Houston,not_wind_only,relative_humidity_2m_mean,989,74.82764577013818,76.08333333333333,70.375,81.0,28.70833333333333,97.5,9.637536908123018
2019_2024,wind_duration_class,Houston,not_wind_only,precipitation_sum,989,3.8792719919110215,0.3,0.0,2.5,0.0,162.9,10.486060975080752
2019_2024,wind_duration_class,Houston,not_wind_only,shortwave_radiation_sum,989,19.699207280080888,20.9052,16.372799999999998,23.9976,2.124,30.258,5.837127028859323
2019_2024,wind_duration_class,Houston,not_wind_only,wind_direction_10m_dominant,989,155.9108082441079,159.0046935107444,113.60833691858323,190.6016275461788,1.0627890111781586,358.9277565825293,74.6398703541672
2019_2024,wind_duration_class,Houston,not_wind_only,pure_wind_run_days,989,0.0,0.0,0.0,0.0,0.0,0.0,0.0
2019_2024,wind_duration_class,Houston,not_wind_only,low_wind_run_days,989,0.993933265925177,0.0,0.0,0.0,0.0,23.0,3.8171734778386117
2019_2024,wind_duration_class,Houston,persistent_wind_only,no2_ppb,229,11.47989976364629,10.8190943,8.648555555555555,13.829861166666667,2.8823453333333333,24.473200888888886,3.987385789113912
2019_2024,wind_duration_class,Houston,persistent_wind_only,n_available_sites,229,8.519650655021834,9.0,8.0,9.0,3.0,10.0,1.2088155215507919
2019_2024,wind_duration_class,Houston,persistent_wind_only,temperature_2m_max,229,30.895633187772926,31.3,29.9,32.3,22.5,33.4,1.9687198988929964
2019_2024,wind_duration_class,Houston,persistent_wind_only,wind_speed_10m_mean,229,6.3745269286754,6.454166666666667,5.625,7.291666666666667,3.6791666666666663,8.204166666666667,1.1512664600833276
2019_2024,wind_duration_class,Houston,persistent_wind_only,relative_humidity_2m_mean,229,78.37445414847161,80.08333333333333,74.33333333333333,83.58333333333333,53.16666666666666,92.29166666666669,7.809695383864277
2019_2024,wind_duration_class,Houston,persistent_wind_only,precipitation_sum,229,4.740611353711791,1.7,0.0,7.4,0.0,39.6,6.749929276565974
2019_2024,wind_duration_class,Houston,persistent_wind_only,shortwave_radiation_sum,229,18.92332925764192,19.512,16.2504,21.8556,5.8824,27.6192,4.342142812110518
2019_2024,wind_duration_class,Houston,persistent_wind_only,wind_direction_10m_dominant,229,144.7116768158111,138.58808841275487,90.0736243219866,185.4185455064897,2.6342062930408554,359.5023800545546,78.35606182102184
2019_2024,wind_duration_class,Houston,persistent_wind_only,pure_wind_run_days,229,4.930131004366812,4.0,3.0,6.0,2.0,15.0,3.2055886615367712
2019_2024,wind_duration_class,Houston,persistent_wind_only,low_wind_run_days,229,5.943231441048035,5.0,3.0,8.0,2.0,15.0,3.6347868543976367
2019_2024,wind_duration_class,Los Angeles,isolated_wind_only,no2_ppb,64,12.046777680173307,11.062748071428572,9.322172575892857,14.109645446428571,5.247411666666667,30.47465985714286,4.673095152126898
2019_2024,wind_duration_class,Los Angeles,isolated_wind_only,n_available_sites,64,7.125,7.0,7.0,7.0,6.0,8.0,0.4879500364742666
2019_2024,wind_duration_class,Los Angeles,isolated_wind_only,temperature_2m_max,64,27.4375,29.049999999999997,24.875,30.625,16.9,32.3,4.158277268445413
2019_2024,wind_duration_class,Los Angeles,isolated_wind_only,wind_speed_10m_mean,64,5.8291666666666675,5.9875,5.5843750000000005,6.151041666666666,4.220833333333333,6.4,0.48972522710185623
2019_2024,wind_duration_class,Los Angeles,isolated_wind_only,relative_humidity_2m_mean,64,62.742838541666664,63.45833333333333,59.63541666666666,67.53125,24.541666666666668,79.5,9.102216170437632
2019_2024,wind_duration_class,Los Angeles,isolated_wind_only,precipitation_sum,64,0.37812500000000004,0.0,0.0,0.0,0.0,9.8,1.4828617495417329
2019_2024,wind_duration_class,Los Angeles,isolated_wind_only,shortwave_radiation_sum,64,23.62516875,24.768,19.6677,27.936,12.8664,31.1364,5.149082081268744
2019_2024,wind_duration_class,Los Angeles,isolated_wind_only,wind_direction_10m_dominant,64,214.27744414129768,213.11035772162552,204.17555959897032,222.00593632134647,162.1549724562054,355.95607511725404,27.267110921380187
2019_2024,wind_duration_class,Los Angeles,isolated_wind_only,pure_wind_run_days,64,1.0,1.0,1.0,1.0,1.0,1.0,0.0
2019_2024,wind_duration_class,Los Angeles,isolated_wind_only,low_wind_run_days,64,2.265625,1.0,1.0,3.0,1.0,11.0,2.324761039093887
2019_2024,wind_duration_class,Los Angeles,not_wind_only,no2_ppb,982,10.846608122833075,9.599344580357144,7.447951875,12.998329127976191,1.8624998750000001,35.1954105,5.142410952308696
2019_2024,wind_duration_class,Los Angeles,not_wind_only,n_available_sites,982,7.2301425661914465,7.0,7.0,8.0,5.0,8.0,0.5711263439512134
2019_2024,wind_duration_class,Los Angeles,not_wind_only,temperature_2m_max,982,27.791140529531567,27.75,23.825,32.175000000000004,13.2,44.9,5.281778046252468
2019_2024,wind_duration_class,Los Angeles,not_wind_only,wind_speed_10m_mean,982,7.272102002715546,7.1625000000000005,6.641666666666667,7.791666666666667,3.8375,14.575,1.1169508392450087
2019_2024,wind_duration_class,Los Angeles,not_wind_only,relative_humidity_2m_mean,982,60.85989477257298,63.79166666666666,55.760416666666664,69.16666666666667,10.041666666666666,86.83333333333333,12.245448327914731
2019_2024,wind_duration_class,Los Angeles,not_wind_only,precipitation_sum,982,0.2738289205702648,0.0,0.0,0.0,0.0,45.3,2.060921629899057
2019_2024,wind_duration_class,Los Angeles,not_wind_only,shortwave_radiation_sum,982,25.570847657841146,27.1206,23.5143,29.0259,3.1176,32.2992,4.844813561094288
2019_2024,wind_duration_class,Los Angeles,not_wind_only,wind_direction_10m_dominant,982,208.26904032969617,206.69861854461675,196.50789865893955,220.0311247872624,0.8286237982664667,358.19236171343266,37.11159980299119
2019_2024,wind_duration_class,Los Angeles,not_wind_only,pure_wind_run_days,982,0.0,0.0,0.0,0.0,0.0,0.0,0.0
2019_2024,wind_duration_class,Los Angeles,not_wind_only,low_wind_run_days,982,0.9592668024439919,0.0,0.0,0.0,0.0,29.0,3.6451090871166514
2019_2024,wind_duration_class,Los Angeles,persistent_wind_only,no2_ppb,238,14.641161983937149,13.257886928571427,10.278152870535715,17.723621625000003,2.644270625,33.9273438125,5.878862839621218
2019_2024,wind_duration_class,Los Angeles,persistent_wind_only,n_available_sites,238,7.1344537815126055,7.0,7.0,7.0,5.0,8.0,0.47599542152709184
2019_2024,wind_duration_class,Los Angeles,persistent_wind_only,temperature_2m_max,238,26.573529411764707,27.1,23.9,29.275,17.2,32.2,3.5317267476131846
2019_2024,wind_duration_class,Los Angeles,persistent_wind_only,wind_speed_10m_mean,238,5.51484593837535,5.629166666666666,5.128125,6.020833333333334,3.1,6.404166666666666,0.6341318663637381
2019_2024,wind_duration_class,Los Angeles,persistent_wind_only,relative_humidity_2m_mean,238,64.41036414565825,66.625,57.875,72.375,19.166666666666668,80.95833333333333,10.581538601402919
2019_2024,wind_duration_class,Los Angeles,persistent_wind_only,precipitation_sum,238,0.03907563025210084,0.0,0.0,0.0,0.0,1.3,0.16696087920288472
2019_2024,wind_duration_class,Los Angeles,persistent_wind_only,shortwave_radiation_sum,238,20.98108739495798,20.5398,17.6607,24.804000000000002,7.4988,31.0824,4.61065057954687
2019_2024,wind_duration_class,Los Angeles,persistent_wind_only,wind_direction_10m_dominant,238,211.562715536715,210.79184963475743,199.20219086094392,224.119425286976,3.4089227032683627,342.4280121228805,39.90298351885761
2019_2024,wind_duration_class,Los Angeles,persistent_wind_only,pure_wind_run_days,238,6.579831932773109,5.0,3.0,8.0,2.0,16.0,4.438983040716561
2019_2024,wind_duration_class,Los Angeles,persistent_wind_only,low_wind_run_days,238,10.831932773109244,7.0,4.0,17.0,2.0,29.0,8.853061476938292
2019_2024,wind_duration_class,New York,isolated_wind_only,no2_ppb,121,16.25887106578775,16.06875,13.03807722222222,18.960937625,6.7175,36.221693875,4.796946131955829
2019_2024,wind_duration_class,New York,isolated_wind_only,n_available_sites,121,8.289256198347108,8.0,8.0,9.0,4.0,9.0,0.8107405722437319
2019_2024,wind_duration_class,New York,isolated_wind_only,temperature_2m_max,121,22.835537190082643,24.2,19.7,27.0,8.9,28.7,5.06897194547593
2019_2024,wind_duration_class,New York,isolated_wind_only,wind_speed_10m_mean,121,6.943732782369144,7.154166666666666,6.245833333333334,7.670833333333333,4.541666666666667,8.141666666666667,0.9244007887693907
2019_2024,wind_duration_class,New York,isolated_wind_only,relative_humidity_2m_mean,121,72.71522038567493,73.625,65.5,80.0,45.583333333333336,90.70833333333331,9.477152330400624
2019_2024,wind_duration_class,New York,isolated_wind_only,precipitation_sum,121,2.693388429752066,0.2,0.0,2.8000000000000003,0.0,26.0,5.233700659144702
2019_2024,wind_duration_class,New York,isolated_wind_only,shortwave_radiation_sum,121,17.470621487603307,17.9136,13.176,21.6324,4.266,30.9816,5.65266240420103
2019_2024,wind_duration_class,New York,isolated_wind_only,wind_direction_10m_dominant,121,184.14021754268262,175.5655257663733,123.96290222829232,251.02407786327885,4.688037661023405,354.37037817136047,85.3534529953771
2019_2024,wind_duration_class,New York,isolated_wind_only,pure_wind_run_days,121,1.0,1.0,1.0,1.0,1.0,1.0,0.0
2019_2024,wind_duration_class,New York,isolated_wind_only,low_wind_run_days,121,1.3471074380165289,1.0,1.0,1.0,1.0,7.0,0.9722032006534856
2019_2024,wind_duration_class,New York,not_wind_only,no2_ppb,991,12.216430426811542,11.705218777777779,9.238360604166667,14.557638944444443,2.9967593333333333,34.572113571428574,4.226974579567441
2019_2024,wind_duration_class,New York,not_wind_only,n_available_sites,991,8.383451059535822,8.0,8.0,9.0,4.0,9.0,0.7304963010411037
2019_2024,wind_duration_class,New York,not_wind_only,temperature_2m_max,991,23.089404641775985,23.8,18.3,28.55,3.7,35.5,6.4057753888236855
2019_2024,wind_duration_class,New York,not_wind_only,wind_speed_10m_mean,991,11.681012445341407,10.895833333333334,8.99375,13.610416666666667,4.116666666666666,29.504166666666663,3.775630109706451
2019_2024,wind_duration_class,New York,not_wind_only,relative_humidity_2m_mean,991,69.0405734947864,69.625,61.4375,77.3125,29.666666666666668,94.16666666666669,11.622332137019963
2019_2024,wind_duration_class,New York,not_wind_only,precipitation_sum,991,3.5683148335015136,0.1,0.0,3.1,0.0,102.6,8.25600761281141
2019_2024,wind_duration_class,New York,not_wind_only,shortwave_radiation_sum,991,18.55647790110999,20.0484,13.5918,24.3126,0.7919999999999999,30.8484,7.3156737443632425
2019_2024,wind_duration_class,New York,not_wind_only,wind_direction_10m_dominant,991,201.74778365614583,223.5169415669059,116.88211669682957,286.1943160051861,0.3581138259815105,359.96536098402,98.48347080560312
2019_2024,wind_duration_class,New York,not_wind_only,pure_wind_run_days,991,0.0,0.0,0.0,0.0,0.0,0.0,0.0
2019_2024,wind_duration_class,New York,not_wind_only,low_wind_run_days,991,0.3340060544904137,0.0,0.0,0.0,0.0,10.0,1.2658865205031566
2019_2024,wind_duration_class,New York,persistent_wind_only,no2_ppb,172,17.0720504672273,16.480909006944444,13.044456239583333,19.2759448125,6.673227444444445,37.603472125,5.567972449467484
2019_2024,wind_duration_class,New York,persistent_wind_only,n_available_sites,172,8.36046511627907,8.0,8.0,9.0,4.0,9.0,0.7785545265572562
2019_2024,wind_duration_class,New York,persistent_wind_only,temperature_2m_max,172,23.287790697674417,23.85,20.7,26.650000000000002,12.1,28.7,3.9040871973900946
2019_2024,wind_duration_class,New York,persistent_wind_only,wind_speed_10m_mean,172,6.607170542635659,6.722916666666667,5.883333333333333,7.418749999999999,3.654166666666667,8.15,0.9840947285107998
2019_2024,wind_duration_class,New York,persistent_wind_only,relative_humidity_2m_mean,172,75.70227713178294,78.16666666666666,69.97916666666667,83.29166666666667,46.25,95.33333333333331,10.409442605293442
2019_2024,wind_duration_class,New York,persistent_wind_only,precipitation_sum,172,2.419186046511628,0.05,0.0,2.25,0.0,26.3,5.0373497894087915
2019_2024,wind_duration_class,New York,persistent_wind_only,shortwave_radiation_sum,172,16.08289534883721,15.872399999999999,11.2644,21.0429,2.286,30.8628,6.629201258033309
2019_2024,wind_duration_class,New York,persistent_wind_only,wind_direction_10m_dominant,172,171.15864372059187,168.53349290877458,98.7558335362464,245.6589712071726,8.235561421103291,349.5305011919148,94.60517759419794
2019_2024,wind_duration_class,New York,persistent_wind_only,pure_wind_run_days,172,3.046511627906977,3.0,2.0,4.0,2.0,5.0,1.0191956092539256
2019_2024,wind_duration_class,New York,persistent_wind_only,low_wind_run_days,172,3.366279069767442,3.0,2.0,4.0,2.0,10.0,1.6328578230215385
2019_2024,wind_duration_class,Philadelphia,isolated_wind_only,no2_ppb,109,10.323112478440368,9.966364666666665,7.9412682000000006,11.5134912,4.518700600000001,24.4680302,3.756508943925165
2019_2024,wind_duration_class,Philadelphia,isolated_wind_only,n_available_sites,109,4.6880733944954125,5.0,4.0,5.0,3.0,5.0,0.5391565378822263
2019_2024,wind_duration_class,Philadelphia,isolated_wind_only,temperature_2m_max,109,25.519266055045875,26.9,23.4,29.0,8.7,30.8,4.5940677743799485
2019_2024,wind_duration_class,Philadelphia,isolated_wind_only,wind_speed_10m_mean,109,6.679396024464831,6.770833333333333,6.1875,7.475,4.1375,7.841666666666668,0.8554044469697193
2019_2024,wind_duration_class,Philadelphia,isolated_wind_only,relative_humidity_2m_mean,109,67.64946483180428,66.25,58.333333333333336,78.0,41.583333333333336,92.66666666666669,11.777521467949922
2019_2024,wind_duration_class,Philadelphia,isolated_wind_only,precipitation_sum,109,2.8688073394495417,0.0,0.0,2.9,0.0,25.9,5.581097350742429
2019_2024,wind_duration_class,Philadelphia,isolated_wind_only,shortwave_radiation_sum,109,17.965915596330273,18.7596,12.78,23.6556,3.7008,31.3056,6.862447876415074
2019_2024,wind_duration_class,Philadelphia,isolated_wind_only,wind_direction_10m_dominant,109,190.15551245417137,213.49681954720165,88.84046829530547,286.1945007845634,2.667698250174033,349.351574080514,102.5777453934258
2019_2024,wind_duration_class,Philadelphia,isolated_wind_only,pure_wind_run_days,109,1.0,1.0,1.0,1.0,1.0,1.0,0.0
2019_2024,wind_duration_class,Philadelphia,isolated_wind_only,low_wind_run_days,109,1.2844036697247707,1.0,1.0,1.0,1.0,6.0,0.7339863647848728
2019_2024,wind_duration_class,Philadelphia,not_wind_only,no2_ppb,970,8.803848397061856,8.513993966666668,6.6608438,10.599549875,1.9484418000000001,24.4589362,3.151996802018636
2019_2024,wind_duration_class,Philadelphia,not_wind_only,n_available_sites,970,4.64639175257732,5.0,4.0,5.0,2.0,5.0,0.5920982708701406
2019_2024,wind_duration_class,Philadelphia,not_wind_only,temperature_2m_max,970,25.110309278350517,26.0,20.3,30.8,6.2,37.5,6.589252038153348
2019_2024,wind_duration_class,Philadelphia,not_wind_only,wind_speed_10m_mean,970,11.506975945017182,10.720833333333331,8.977083333333333,13.354166666666666,3.4791666666666665,27.679166666666664,3.674680075107426
2019_2024,wind_duration_class,Philadelphia,not_wind_only,relative_humidity_2m_mean,970,64.81984536082474,65.4375,56.09375,74.0,23.83333333333333,95.25,13.028675079649014
2019_2024,wind_duration_class,Philadelphia,not_wind_only,precipitation_sum,970,3.477216494845361,0.1,0.0,2.975,0.0,62.6,7.701137551809116
2019_2024,wind_duration_class,Philadelphia,not_wind_only,shortwave_radiation_sum,970,18.80944329896907,20.1276,14.5386,24.2091,0.8136,31.356,7.109505759649006
2019_2024,wind_duration_class,Philadelphia,not_wind_only,wind_direction_10m_dominant,970,210.0255076877528,226.66009445013978,147.32990361660003,287.6977621734745,2.219441785332548,359.7647035809854,94.67851208125147
2019_2024,wind_duration_class,Philadelphia,not_wind_only,pure_wind_run_days,970,0.0,0.0,0.0,0.0,0.0,0.0,0.0
2019_2024,wind_duration_class,Philadelphia,not_wind_only,low_wind_run_days,970,0.24123711340206186,0.0,0.0,0.0,0.0,8.0,0.9940745578099014
2019_2024,wind_duration_class,Philadelphia,persistent_wind_only,no2_ppb,205,10.419629663414634,9.5982086,7.6794202,12.3498032,4.564151,27.2021698,3.90998709119496
2019_2024,wind_duration_class,Philadelphia,persistent_wind_only,n_available_sites,205,4.702439024390244,5.0,4.0,5.0,3.0,5.0,0.5461486388562492
2019_2024,wind_duration_class,Philadelphia,persistent_wind_only,temperature_2m_max,205,25.551707317073166,26.8,22.6,28.8,15.0,30.8,3.9526684350010997
2019_2024,wind_duration_class,Philadelphia,persistent_wind_only,wind_speed_10m_mean,205,6.314552845528456,6.470833333333334,5.65,7.154166666666666,3.0083333333333333,7.845833333333334,1.0805372270899378
2019_2024,wind_duration_class,Philadelphia,persistent_wind_only,relative_humidity_2m_mean,205,71.13821138211382,72.91666666666667,63.29166666666666,79.625,42.5,92.54166666666669,10.858011574784246
2019_2024,wind_duration_class,Philadelphia,persistent_wind_only,precipitation_sum,205,2.95219512195122,0.1,0.0,2.4,0.0,64.3,7.1758416573355746
2019_2024,wind_duration_class,Philadelphia,persistent_wind_only,shortwave_radiation_sum,205,16.565198048780488,16.614,12.528,20.9484,2.6028,30.4596,5.99087436578859
2019_2024,wind_duration_class,Philadelphia,persistent_wind_only,wind_direction_10m_dominant,205,188.70898401381174,188.36587347065077,115.19954651791276,270.41957822704,6.1178245690787145,357.1061189626764,96.5630777110202
2019_2024,wind_duration_class,Philadelphia,persistent_wind_only,pure_wind_run_days,205,2.9414634146341463,3.0,2.0,4.0,2.0,6.0,0.9784380333851285
2019_2024,wind_duration_class,Philadelphia,persistent_wind_only,low_wind_run_days,205,3.268292682926829,3.0,2.0,4.0,2.0,8.0,1.3866377420372908
2019_2024,wind_duration_class,Phoenix,isolated_wind_only,no2_ppb,83,15.750078209036142,16.08524375,10.3734308,20.045416699999997,5.3241668,30.275000000000002,5.9435432734528355
2019_2024,wind_duration_class,Phoenix,isolated_wind_only,n_available_sites,83,4.662650602409639,5.0,4.0,5.0,3.0,5.0,0.500660744727014
2019_2024,wind_duration_class,Phoenix,isolated_wind_only,temperature_2m_max,83,36.43855421686747,38.0,33.45,40.2,21.5,41.8,4.632436837664548
2019_2024,wind_duration_class,Phoenix,isolated_wind_only,wind_speed_10m_mean,83,5.904819277108435,5.954166666666667,5.460416666666667,6.420833333333334,4.416666666666667,6.729166666666667,0.5799274416141561
2019_2024,wind_duration_class,Phoenix,isolated_wind_only,relative_humidity_2m_mean,83,26.362449799196785,24.416666666666668,15.770833333333332,35.70833333333333,6.375,64.875,12.250702953497564
2019_2024,wind_duration_class,Phoenix,isolated_wind_only,precipitation_sum,83,0.16987951807228915,0.0,0.0,0.0,0.0,3.1,0.5112717142526926
2019_2024,wind_duration_class,Phoenix,isolated_wind_only,shortwave_radiation_sum,83,25.075171084337356,24.9516,21.6126,29.0106,13.6296,32.9004,4.861239065087642
2019_2024,wind_duration_class,Phoenix,isolated_wind_only,wind_direction_10m_dominant,83,200.45536133616142,211.959428844048,134.7188167172073,266.83756931411676,20.66010594040148,356.9639092946892,90.16191855023598
2019_2024,wind_duration_class,Phoenix,isolated_wind_only,pure_wind_run_days,83,1.0,1.0,1.0,1.0,1.0,1.0,0.0
2019_2024,wind_duration_class,Phoenix,isolated_wind_only,low_wind_run_days,83,1.1566265060240963,1.0,1.0,1.0,1.0,3.0,0.427183850031678
2019_2024,wind_duration_class,Phoenix,not_wind_only,no2_ppb,956,12.602450237726638,11.767845,9.213333200000001,15.0857903375,1.9791668000000002,29.3183332,4.88229816255724
2019_2024,wind_duration_class,Phoenix,not_wind_only,n_available_sites,956,4.628661087866109,5.0,4.0,5.0,3.0,5.0,0.506682760804851
2019_2024,wind_duration_class,Phoenix,not_wind_only,temperature_2m_max,956,37.799372384937236,39.0,34.0,42.5,16.9,47.7,5.786498061445363
2019_2024,wind_duration_class,Phoenix,not_wind_only,wind_speed_10m_mean,956,9.208385634588565,8.666666666666666,7.483333333333333,10.260416666666666,4.3500000000000005,25.516666666666666,2.337038965094613
2019_2024,wind_duration_class,Phoenix,not_wind_only,relative_humidity_2m_mean,956,23.132452928870293,20.625,15.25,28.260416666666668,6.708333333333333,80.66666666666667,10.700201091475556
2019_2024,wind_duration_class,Phoenix,not_wind_only,precipitation_sum,956,0.33765690376569035,0.0,0.0,0.0,0.0,39.0,2.0316924447403735
2019_2024,wind_duration_class,Phoenix,not_wind_only,shortwave_radiation_sum,956,26.22801841004184,27.1062,23.6871,29.8521,4.2408,32.7348,4.366265615508128
2019_2024,wind_duration_class,Phoenix,not_wind_only,wind_direction_10m_dominant,956,204.2790502935923,227.08045567970953,174.84434415949514,250.784692541832,0.6147167222855885,359.6096799623696,77.15416373952803
2019_2024,wind_duration_class,Phoenix,not_wind_only,pure_wind_run_days,956,0.0,0.0,0.0,0.0,0.0,0.0,0.0
2019_2024,wind_duration_class,Phoenix,not_wind_only,low_wind_run_days,956,0.100418410041841,0.0,0.0,0.0,0.0,8.0,0.5379423981269744
2019_2024,wind_duration_class,Phoenix,persistent_wind_only,no2_ppb,245,16.839455377074835,16.417499799999998,12.2425,20.65,5.3266666,32.536905000000004,5.620632536657932
2019_2024,wind_duration_class,Phoenix,persistent_wind_only,n_available_sites,245,4.812244897959184,5.0,5.0,5.0,3.0,5.0,0.4497871322852114
2019_2024,wind_duration_class,Phoenix,persistent_wind_only,temperature_2m_max,245,34.25510204081632,35.1,31.4,38.0,16.4,41.8,4.638879759152297
2019_2024,wind_duration_class,Phoenix,persistent_wind_only,wind_speed_10m_mean,245,5.669438775510203,5.75,5.170833333333333,6.25,3.5416666666666665,6.720833333333334,0.7226073314918808
2019_2024,wind_duration_class,Phoenix,persistent_wind_only,relative_humidity_2m_mean,245,33.94761904761905,29.541666666666668,19.33333333333333,44.833333333333336,8.416666666666666,84.91666666666667,17.53308591708705
2019_2024,wind_duration_class,Phoenix,persistent_wind_only,precipitation_sum,245,0.896326530612245,0.0,0.0,0.0,0.0,30.000000000000004,3.7249527964208795
2019_2024,wind_duration_class,Phoenix,persistent_wind_only,shortwave_radiation_sum,245,22.991980408163265,22.8348,19.2996,26.6724,6.588,32.3784,4.847671811202032
2019_2024,wind_duration_class,Phoenix,persistent_wind_only,wind_direction_10m_dominant,245,158.53333274602792,149.67684227003068,65.10116082797563,253.15159087078445,0.6952748352678513,359.57302239090154,105.18115081818455
2019_2024,wind_duration_class,Phoenix,persistent_wind_only,pure_wind_run_days,245,3.8816326530612244,3.0,2.0,6.0,2.0,8.0,2.089755796913287
2019_2024,wind_duration_class,Phoenix,persistent_wind_only,low_wind_run_days,245,3.946938775510204,3.0,2.0,6.0,2.0,8.0,2.1504004622105954
2019_2024,wind_duration_class,San Diego,isolated_wind_only,no2_ppb,80,5.8342355948958335,5.449155825,3.9168020625000004,6.768091499999999,2.20303025,15.2898295,2.543117918549056
2019_2024,wind_duration_class,San Diego,isolated_wind_only,n_available_sites,80,3.975,4.0,4.0,4.0,1.0,5.0,0.6930943275164233
2019_2024,wind_duration_class,San Diego,isolated_wind_only,temperature_2m_max,80,25.02375,25.799999999999997,22.575000000000003,27.8,17.3,29.6,3.2277375291312067
2019_2024,wind_duration_class,San Diego,isolated_wind_only,wind_speed_10m_mean,80,6.242239583333333,6.327083333333334,6.092708333333333,6.513541666666667,5.3,6.645833333333333,0.35002558158847513
2019_2024,wind_duration_class,San Diego,isolated_wind_only,relative_humidity_2m_mean,80,69.7,70.72916666666666,65.48958333333333,74.41666666666667,48.04166666666666,82.66666666666667,7.426918908442039
2019_2024,wind_duration_class,San Diego,isolated_wind_only,precipitation_sum,80,0.11000000000000001,0.0,0.0,0.0,0.0,1.9,0.35883073122418885
2019_2024,wind_duration_class,San Diego,isolated_wind_only,shortwave_radiation_sum,80,24.75099,26.198999999999998,21.8007,29.3157,9.1908,31.6728,5.604890617787923
2019_2024,wind_duration_class,San Diego,isolated_wind_only,wind_direction_10m_dominant,80,257.3425709492986,259.0302497637523,244.2296832188158,277.0299347857388,47.97818355432787,322.6071370260794,34.44116972166256
2019_2024,wind_duration_class,San Diego,isolated_wind_only,pure_wind_run_days,80,1.0,1.0,1.0,1.0,1.0,1.0,0.0
2019_2024,wind_duration_class,San Diego,isolated_wind_only,low_wind_run_days,80,1.5125,1.0,1.0,1.0,1.0,9.0,1.558916777441099
2019_2024,wind_duration_class,San Diego,not_wind_only,no2_ppb,985,5.634930655101523,4.5886365,3.345238,6.73538975,1.0613635000000001,23.304274749999998,3.4723846369160363
2019_2024,wind_duration_class,San Diego,not_wind_only,n_available_sites,985,3.9228426395939087,4.0,4.0,4.0,2.0,5.0,0.6149691318589632
2019_2024,wind_duration_class,San Diego,not_wind_only,temperature_2m_max,985,25.881218274111674,26.0,22.3,29.7,14.3,39.8,4.572796743680535
2019_2024,wind_duration_class,San Diego,not_wind_only,wind_speed_10m_mean,985,8.086873942470389,7.649999999999999,7.045833333333333,8.708333333333334,4.9125000000000005,20.383333333333333,1.7987216428263173
2019_2024,wind_duration_class,San Diego,not_wind_only,relative_humidity_2m_mean,985,67.23506768189509,69.45833333333333,64.04166666666667,73.66666666666667,14.416666666666666,90.125,10.852234957857968
2019_2024,wind_duration_class,San Diego,not_wind_only,precipitation_sum,985,0.34121827411167516,0.0,0.0,0.0,0.0,30.700000000000003,1.9457078408910062
2019_2024,wind_duration_class,San Diego,not_wind_only,shortwave_radiation_sum,985,24.88883573604061,26.1792,22.2624,28.7388,3.4236,32.184,5.02065375612422
2019_2024,wind_duration_class,San Diego,not_wind_only,wind_direction_10m_dominant,985,265.2257351957466,275.16956223374666,248.88582987064515,291.6337326665169,12.783232274910114,356.8247482155072,46.12595626658103
2019_2024,wind_duration_class,San Diego,not_wind_only,pure_wind_run_days,985,0.0,0.0,0.0,0.0,0.0,0.0,0.0
2019_2024,wind_duration_class,San Diego,not_wind_only,low_wind_run_days,985,0.5604060913705584,0.0,0.0,0.0,0.0,19.0,2.084265442919453
2019_2024,wind_duration_class,San Diego,persistent_wind_only,no2_ppb,219,6.671145083523593,5.623133125,4.4280736,7.7448535000000005,2.2727273333333335,19.267045500000002,3.3099752537063827
2019_2024,wind_duration_class,San Diego,persistent_wind_only,n_available_sites,219,3.9954337899543377,4.0,4.0,4.0,2.0,5.0,0.7199497745923463
2019_2024,wind_duration_class,San Diego,persistent_wind_only,temperature_2m_max,219,25.626027397260277,25.8,23.85,27.7,17.7,29.6,2.536035376417018
2019_2024,wind_duration_class,San Diego,persistent_wind_only,wind_speed_10m_mean,219,5.870224505327245,6.0,5.541666666666667,6.375,3.633333333333333,6.654166666666666,0.6150790920302848
2019_2024,wind_duration_class,San Diego,persistent_wind_only,relative_humidity_2m_mean,219,69.4851598173516,70.75,64.97916666666666,75.10416666666666,22.58333333333333,84.58333333333333,8.729507740401731
2019_2024,wind_duration_class,San Diego,persistent_wind_only,precipitation_sum,219,0.031050228310502286,0.0,0.0,0.0,0.0,4.0,0.2905930226364588
2019_2024,wind_duration_class,San Diego,persistent_wind_only,shortwave_radiation_sum,219,23.83780273972603,24.0912,19.1934,28.2258,11.1528,31.248,4.7462566084832
2019_2024,wind_duration_class,San Diego,persistent_wind_only,wind_direction_10m_dominant,219,259.6209717347841,262.53744948841603,247.8434473090498,279.69192034104697,6.720859921649669,358.92407306514616,41.19322320272595
2019_2024,wind_duration_class,San Diego,persistent_wind_only,pure_wind_run_days,219,3.5753424657534247,3.0,2.0,4.0,2.0,9.0,1.8763458158642619
2019_2024,wind_duration_class,San Diego,persistent_wind_only,low_wind_run_days,219,5.589041095890411,4.0,2.0,8.0,2.0,19.0,4.4221158633975834
2019_2024,wind_duration_class,Seattle,isolated_wind_only,no2_ppb,106,13.273032353773582,12.71562475,9.664990999999999,15.901086625000001,4.5354165,28.857699000000004,4.839592548439061
2019_2024,wind_duration_class,Seattle,isolated_wind_only,n_available_sites,106,1.9433962264150944,2.0,2.0,2.0,1.0,2.0,0.232181730106286
2019_2024,wind_duration_class,Seattle,isolated_wind_only,temperature_2m_max,106,18.193396226415093,18.25,15.3,21.875,8.5,23.9,4.0589059954136255
2019_2024,wind_duration_class,Seattle,isolated_wind_only,wind_speed_10m_mean,106,4.870440251572328,5.025,4.529166666666667,5.419791666666667,2.504166666666667,5.8375,0.7426410418439364
2019_2024,wind_duration_class,Seattle,isolated_wind_only,relative_humidity_2m_mean,106,75.32114779874213,75.77083333333334,70.14583333333333,80.66666666666667,54.16666666666666,91.625,7.878770968678383
2019_2024,wind_duration_class,Seattle,isolated_wind_only,precipitation_sum,106,1.5179245283018865,0.05,0.0,1.175,0.0,28.6,3.865668110056387
2019_2024,wind_duration_class,Seattle,isolated_wind_only,shortwave_radiation_sum,106,15.7356,15.4278,9.909,19.9728,2.7792,30.528,6.482361284064848
2019_2024,wind_duration_class,Seattle,isolated_wind_only,wind_direction_10m_dominant,106,200.93370460250034,205.11698911488782,138.4458537311094,316.0907409154338,1.825048875813996,359.8576762652231,112.37096322967417
2019_2024,wind_duration_class,Seattle,isolated_wind_only,pure_wind_run_days,106,1.0,1.0,1.0,1.0,1.0,1.0,0.0
2019_2024,wind_duration_class,Seattle,isolated_wind_only,low_wind_run_days,106,1.4056603773584906,1.0,1.0,1.0,1.0,9.0,1.4194452429888467
2019_2024,wind_duration_class,Seattle,not_wind_only,no2_ppb,1018,11.212077037328095,10.1952445,7.89550625,13.464488625000001,1.8043480000000005,47.7725545,4.811691615533134
2019_2024,wind_duration_class,Seattle,not_wind_only,n_available_sites,1018,1.9027504911591355,2.0,2.0,2.0,1.0,2.0,0.296442855194761
2019_2024,wind_duration_class,Seattle,not_wind_only,temperature_2m_max,1018,19.780943025540275,19.5,15.4,24.3,6.4,38.4,5.536610101907682
2019_2024,wind_duration_class,Seattle,not_wind_only,wind_speed_10m_mean,1018,8.903172069417158,7.99375,6.555208333333334,10.383333333333333,3.1875,26.9375,3.2886078202632856
2019_2024,wind_duration_class,Seattle,not_wind_only,relative_humidity_2m_mean,1018,73.53458578912901,73.27083333333334,67.71875,79.73958333333333,32.291666666666664,95.58333333333331,8.653058376191607
2019_2024,wind_duration_class,Seattle,not_wind_only,precipitation_sum,1018,2.5483300589390963,0.0,0.0,2.6750000000000003,0.0,47.0,5.0105848787382605
2019_2024,wind_duration_class,Seattle,not_wind_only,shortwave_radiation_sum,1018,17.38405697445972,17.456400000000002,11.2302,24.1722,0.8244,31.2408,7.8718432089048
2019_2024,wind_duration_class,Seattle,not_wind_only,wind_direction_10m_dominant,1018,157.7108156083447,196.74991332188267,30.99699976621668,212.88217679166152,0.1595156257772143,359.9176054097518,97.88661238013404
2019_2024,wind_duration_class,Seattle,not_wind_only,pure_wind_run_days,1018,0.0,0.0,0.0,0.0,0.0,0.0,0.0
2019_2024,wind_duration_class,Seattle,not_wind_only,low_wind_run_days,1018,0.275049115913556,0.0,0.0,0.0,0.0,9.0,1.0848859976377274
2019_2024,wind_duration_class,Seattle,persistent_wind_only,no2_ppb,158,14.236315322784813,13.683288000000001,9.818002750000002,17.497942625,4.933605,33.5057065,5.602260561194838
2019_2024,wind_duration_class,Seattle,persistent_wind_only,n_available_sites,158,1.9303797468354431,2.0,2.0,2.0,1.0,2.0,0.25531518195157793
2019_2024,wind_duration_class,Seattle,persistent_wind_only,temperature_2m_max,158,19.08164556962025,19.8,17.175,21.6,7.5,23.9,3.3466750988896456
2019_2024,wind_duration_class,Seattle,persistent_wind_only,wind_speed_10m_mean,158,4.647758438818566,4.664583333333333,4.089583333333334,5.3,2.2625,5.8375,0.8426529867645033
2019_2024,wind_duration_class,Seattle,persistent_wind_only,relative_humidity_2m_mean,158,76.23259493670886,75.97916666666666,72.33333333333334,81.72916666666667,56.0,93.45833333333331,7.335904199752275
2019_2024,wind_duration_class,Seattle,persistent_wind_only,precipitation_sum,158,0.8721518987341773,0.0,0.0,0.7000000000000001,0.0,23.8,2.341671062577928
2019_2024,wind_duration_class,Seattle,persistent_wind_only,shortwave_radiation_sum,158,15.836627848101267,15.179400000000001,11.8152,19.7919,2.5272,29.9736,5.946300385610152
2019_2024,wind_duration_class,Seattle,persistent_wind_only,wind_direction_10m_dominant,158,173.05289522469914,195.67048904415282,45.3453201657997,243.4798803053439,0.9686860560587526,359.98426213988205,111.8316610369906
2019_2024,wind_duration_class,Seattle,persistent_wind_only,pure_wind_run_days,158,2.8227848101265822,2.0,2.0,4.0,2.0,5.0,1.0618994359152365
2019_2024,wind_duration_class,Seattle,persistent_wind_only,low_wind_run_days,158,2.9430379746835444,2.0,2.0,4.0,2.0,6.0,1.168829077565012
2019_2024,wind_duration_class_weather_calendar,Atlanta,isolated_wind_only,temperature_2m_max,90,27.31555555555555,28.05,25.974999999999998,29.65,17.1,31.4,3.1159218201061676
2019_2024,wind_duration_class_weather_calendar,Atlanta,isolated_wind_only,wind_speed_10m_mean,90,5.923472222222223,6.125,5.7125,6.422916666666667,3.345833333333333,6.770833333333333,0.723653839247349
2019_2024,wind_duration_class_weather_calendar,Atlanta,isolated_wind_only,relative_humidity_2m_mean,90,72.99212962962963,74.22916666666666,65.19791666666667,82.11458333333333,50.833333333333336,90.45833333333331,10.554906480552996
2019_2024,wind_duration_class_weather_calendar,Atlanta,isolated_wind_only,precipitation_sum,90,2.922222222222222,0.3,0.0,4.45,0.0,25.9,4.918841961498382
2019_2024,wind_duration_class_weather_calendar,Atlanta,isolated_wind_only,shortwave_radiation_sum,90,20.23124,20.203200000000002,16.6617,24.57,6.335999999999999,31.0356,5.299290749253489
2019_2024,wind_duration_class_weather_calendar,Atlanta,isolated_wind_only,wind_direction_10m_dominant,90,185.5407873270634,174.15223241658828,109.76144627601809,269.39647539593244,6.053438106552953,349.6502750844834,92.67095446498536
2019_2024,wind_duration_class_weather_calendar,Atlanta,isolated_wind_only,pure_wind_run_days,90,1.0,1.0,1.0,1.0,1.0,1.0,0.0
2019_2024,wind_duration_class_weather_calendar,Atlanta,isolated_wind_only,low_wind_run_days,90,1.6222222222222222,1.0,1.0,1.0,1.0,15.0,2.0366185776824532
2019_2024,wind_duration_class_weather_calendar,Atlanta,not_wind_only,temperature_2m_max,1049,27.29532888465205,28.0,24.0,31.5,10.5,36.5,4.9321103893451
2019_2024,wind_duration_class_weather_calendar,Atlanta,not_wind_only,wind_speed_10m_mean,1049,10.078535112805849,9.404166666666669,7.591666666666666,11.941666666666668,3.1625,28.070833333333336,3.671559287493639
2019_2024,wind_duration_class_weather_calendar,Atlanta,not_wind_only,relative_humidity_2m_mean,1049,69.79885605338417,70.08333333333333,61.583333333333336,78.41666666666667,35.041666666666664,96.75,11.129522720710716
2019_2024,wind_duration_class_weather_calendar,Atlanta,not_wind_only,precipitation_sum,1049,3.360629170638704,0.2,0.0,3.0,0.0,99.1,8.061943156979092
2019_2024,wind_duration_class_weather_calendar,Atlanta,not_wind_only,shortwave_radiation_sum,1049,19.660317254528124,20.9772,16.073999999999998,24.2532,1.4076,30.7584,6.160664561977687
2019_2024,wind_duration_class_weather_calendar,Atlanta,not_wind_only,wind_direction_10m_dominant,1049,199.38039556665936,206.65962362958305,108.25291488963578,286.5247298262506,0.6692595708394488,359.39171834079883,96.109020847056
2019_2024,wind_duration_class_weather_calendar,Atlanta,not_wind_only,pure_wind_run_days,1049,0.0,0.0,0.0,0.0,0.0,0.0,0.0
2019_2024,wind_duration_class_weather_calendar,Atlanta,not_wind_only,low_wind_run_days,1049,0.7092469018112488,0.0,0.0,0.0,0.0,15.0,2.339977879016524
2019_2024,wind_duration_class_weather_calendar,Atlanta,persistent_wind_only,temperature_2m_max,145,28.125517241379313,28.8,27.0,30.3,18.8,31.4,2.786868496238326
2019_2024,wind_duration_class_weather_calendar,Atlanta,persistent_wind_only,wind_speed_10m_mean,145,5.524626436781609,5.670833333333333,4.925,6.3625,3.1916666666666664,6.770833333333333,0.9409950178206143
2019_2024,wind_duration_class_weather_calendar,Atlanta,persistent_wind_only,relative_humidity_2m_mean,145,75.27385057471264,75.95833333333333,71.33333333333333,81.0,51.375,90.625,7.843439883735332
2019_2024,wind_duration_class_weather_calendar,Atlanta,persistent_wind_only,precipitation_sum,145,3.0675862068965514,0.3,0.0,3.2,0.0,30.2,5.900139861320388
2019_2024,wind_duration_class_weather_calendar,Atlanta,persistent_wind_only,shortwave_radiation_sum,145,19.201133793103445,19.692,16.74,22.5576,3.546,29.286,4.497722774425543
2019_2024,wind_duration_class_weather_calendar,Atlanta,persistent_wind_only,wind_direction_10m_dominant,145,190.31972690186348,191.3200313950879,103.3451412170146,281.726294808308,3.646529794573036,358.15904092563494,99.6887173552465
2019_2024,wind_duration_class_weather_calendar,Atlanta,persistent_wind_only,pure_wind_run_days,145,3.206896551724138,3.0,2.0,4.0,2.0,6.0,1.3939180976066163
2019_2024,wind_duration_class_weather_calendar,Atlanta,persistent_wind_only,low_wind_run_days,145,4.151724137931034,3.0,2.0,5.0,2.0,15.0,2.569400693424762
2019_2024,wind_duration_class_weather_calendar,Chicago,isolated_wind_only,temperature_2m_max,118,20.93728813559322,22.75,17.775,25.4,3.9,26.8,5.416984947022494
2019_2024,wind_duration_class_weather_calendar,Chicago,isolated_wind_only,wind_speed_10m_mean,118,8.712994350282488,8.958333333333334,7.873958333333333,9.690624999999999,4.529166666666667,10.729166666666666,1.3142670768000657
2019_2024,wind_duration_class_weather_calendar,Chicago,isolated_wind_only,relative_humidity_2m_mean,118,73.051906779661,73.66666666666666,63.87499999999999,81.83333333333333,50.25,92.58333333333331,10.596883972098182
2019_2024,wind_duration_class_weather_calendar,Chicago,isolated_wind_only,precipitation_sum,118,2.223728813559322,0.0,0.0,1.725,0.0,24.0,4.619036750993213
2019_2024,wind_duration_class_weather_calendar,Chicago,isolated_wind_only,shortwave_radiation_sum,118,20.04263389830508,20.7486,14.895900000000001,24.471899999999998,2.8908,30.7908,6.297487800475017
2019_2024,wind_duration_class_weather_calendar,Chicago,isolated_wind_only,wind_direction_10m_dominant,118,128.41121986635372,102.96612496321893,48.282734167016116,201.60381410290302,1.7429254513724182,356.10248005266544,90.52764065738091
2019_2024,wind_duration_class_weather_calendar,Chicago,isolated_wind_only,pure_wind_run_days,118,1.0,1.0,1.0,1.0,1.0,1.0,0.0
2019_2024,wind_duration_class_weather_calendar,Chicago,isolated_wind_only,low_wind_run_days,118,1.576271186440678,1.0,1.0,1.0,1.0,7.0,1.398453233825454
2019_2024,wind_duration_class_weather_calendar,Chicago,not_wind_only,temperature_2m_max,994,20.71317907444668,21.95,15.8,26.9,1.4,35.1,7.173290039027616
2019_2024,wind_duration_class_weather_calendar,Chicago,not_wind_only,wind_speed_10m_mean,994,15.645573440643863,15.04375,12.309375,18.378124999999997,4.3,32.666666666666664,4.8766745741228785
2019_2024,wind_duration_class_weather_calendar,Chicago,not_wind_only,relative_humidity_2m_mean,994,70.54267270288396,70.91666666666667,62.510416666666664,78.98958333333333,38.25,95.45833333333331,10.963446395628996
2019_2024,wind_duration_class_weather_calendar,Chicago,not_wind_only,precipitation_sum,994,3.51056338028169,0.3,0.0,3.6750000000000003,0.0,79.9,7.443213626393099
2019_2024,wind_duration_class_weather_calendar,Chicago,not_wind_only,shortwave_radiation_sum,994,19.11502575452716,20.1582,13.593599999999999,24.7482,1.5552,31.6584,7.198993954670077
2019_2024,wind_duration_class_weather_calendar,Chicago,not_wind_only,wind_direction_10m_dominant,994,174.04560448599096,191.2685650311825,80.17808782577903,244.8056985474298,0.231032703333652,359.3957435523071,101.30252834865033
2019_2024,wind_duration_class_weather_calendar,Chicago,not_wind_only,pure_wind_run_days,994,0.0,0.0,0.0,0.0,0.0,0.0,0.0
2019_2024,wind_duration_class_weather_calendar,Chicago,not_wind_only,low_wind_run_days,994,0.3591549295774648,0.0,0.0,0.0,0.0,8.0,1.2791541492343168
2019_2024,wind_duration_class_weather_calendar,Chicago,persistent_wind_only,temperature_2m_max,172,21.236627906976743,22.95,19.375,25.2,4.7,26.8,5.36448099994294
2019_2024,wind_duration_class_weather_calendar,Chicago,persistent_wind_only,wind_speed_10m_mean,172,8.52579941860465,8.877083333333333,7.554166666666667,9.66875,5.141666666666667,10.729166666666666,1.455076098876422
2019_2024,wind_duration_class_weather_calendar,Chicago,persistent_wind_only,relative_humidity_2m_mean,172,71.33624031007751,71.02083333333334,65.30208333333333,78.61458333333334,41.625,92.16666666666669,9.99283428020599
2019_2024,wind_duration_class_weather_calendar,Chicago,persistent_wind_only,precipitation_sum,172,0.886046511627907,0.0,0.0,0.4,0.0,22.8,2.77042284824139
2019_2024,wind_duration_class_weather_calendar,Chicago,persistent_wind_only,shortwave_radiation_sum,172,21.611302325581395,22.2048,17.9082,26.1648,3.5352,30.906,5.656899268837331
2019_2024,wind_duration_class_weather_calendar,Chicago,persistent_wind_only,wind_direction_10m_dominant,172,133.80453253419302,113.19864708305857,58.78560222615529,189.11143280697792,3.3495925706881327,359.7148266054155,91.30482067858976
2019_2024,wind_duration_class_weather_calendar,Chicago,persistent_wind_only,pure_wind_run_days,172,2.7093023255813953,2.0,2.0,3.0,2.0,5.0,0.842806215818002
2019_2024,wind_duration_class_weather_calendar,Chicago,persistent_wind_only,low_wind_run_days,172,3.4127906976744184,3.0,2.0,4.0,2.0,8.0,1.6818464172275158
2019_2024,wind_duration_class_weather_calendar,Dallas,isolated_wind_only,temperature_2m_max,80,28.3675,28.9,25.0,32.5,15.4,34.8,4.910845012233354
2019_2024,wind_duration_class_weather_calendar,Dallas,isolated_wind_only,wind_speed_10m_mean,80,7.4475,7.527083333333334,6.455208333333333,8.402083333333334,4.516666666666667,9.179166666666667,1.1823961493545379
2019_2024,wind_duration_class_weather_calendar,Dallas,isolated_wind_only,relative_humidity_2m_mean,80,65.56770833333334,65.02083333333333,57.510416666666664,74.60416666666667,37.583333333333336,95.45833333333331,12.714416948433287
2019_2024,wind_duration_class_weather_calendar,Dallas,isolated_wind_only,precipitation_sum,80,3.755,0.0,0.0,0.55,0.0,83.0,11.751163691365456
2019_2024,wind_duration_class_weather_calendar,Dallas,isolated_wind_only,shortwave_radiation_sum,80,20.833425,21.798000000000002,17.91,24.9417,2.6064,29.718,5.807696825732233
2019_2024,wind_duration_class_weather_calendar,Dallas,isolated_wind_only,wind_direction_10m_dominant,80,126.84956272170578,121.46650159261097,72.19597294862652,159.77675644429223,1.7714764559631966,344.3302158175504,73.35741260407261
2019_2024,wind_duration_class_weather_calendar,Dallas,isolated_wind_only,pure_wind_run_days,80,1.0,1.0,1.0,1.0,1.0,1.0,0.0
2019_2024,wind_duration_class_weather_calendar,Dallas,isolated_wind_only,low_wind_run_days,80,1.3875,1.0,1.0,1.0,1.0,8.0,1.247719438603228
2019_2024,wind_duration_class_weather_calendar,Dallas,not_wind_only,temperature_2m_max,989,31.165116279069768,32.4,27.4,35.6,5.3,42.9,6.141793388247026
2019_2024,wind_duration_class_weather_calendar,Dallas,not_wind_only,wind_speed_10m_mean,989,14.353117627232896,13.545833333333334,10.820833333333333,17.270833333333332,4.75,35.516666666666666,4.767747265439491
2019_2024,wind_duration_class_weather_calendar,Dallas,not_wind_only,relative_humidity_2m_mean,989,63.076508257499164,63.29166666666666,54.125,72.375,28.625,94.66666666666669,13.21079837692665
2019_2024,wind_duration_class_weather_calendar,Dallas,not_wind_only,precipitation_sum,989,3.1385237613751262,0.0,0.0,1.2,0.0,91.3,8.84024670391755
2019_2024,wind_duration_class_weather_calendar,Dallas,not_wind_only,shortwave_radiation_sum,989,20.67293265925177,22.1292,17.049599999999998,25.632,1.5732,30.5676,6.2115650887173
2019_2024,wind_duration_class_weather_calendar,Dallas,not_wind_only,wind_direction_10m_dominant,989,158.62537562268543,165.7503594861252,128.60786269239125,180.48829877233143,0.5013497592401707,358.56904341628643,71.8079358480392
2019_2024,wind_duration_class_weather_calendar,Dallas,not_wind_only,pure_wind_run_days,989,0.0,0.0,0.0,0.0,0.0,0.0,0.0
2019_2024,wind_duration_class_weather_calendar,Dallas,not_wind_only,low_wind_run_days,989,0.3609706774519717,0.0,0.0,0.0,0.0,11.0,1.4902291308720421
2019_2024,wind_duration_class_weather_calendar,Dallas,persistent_wind_only,temperature_2m_max,215,30.65395348837209,31.4,29.2,33.0,17.4,35.0,3.3024446761373696
2019_2024,wind_duration_class_weather_calendar,Dallas,persistent_wind_only,wind_speed_10m_mean,215,7.346201550387596,7.429166666666667,6.370833333333334,8.364583333333332,4.316666666666666,9.141666666666667,1.2088210464645173
2019_2024,wind_duration_class_weather_calendar,Dallas,persistent_wind_only,relative_humidity_2m_mean,215,67.3856589147287,68.875,58.72916666666667,76.04166666666667,41.208333333333336,91.625,11.726222368510891
2019_2024,wind_duration_class_weather_calendar,Dallas,persistent_wind_only,precipitation_sum,215,3.0153488372093022,0.0,0.0,1.2000000000000002,0.0,69.2,8.273372259602988
2019_2024,wind_duration_class_weather_calendar,Dallas,persistent_wind_only,shortwave_radiation_sum,215,20.355488372093024,20.9664,17.040599999999998,24.049799999999998,4.7124,30.33,5.122535570992076
2019_2024,wind_duration_class_weather_calendar,Dallas,persistent_wind_only,wind_direction_10m_dominant,215,119.67284203002507,101.41310452600425,66.19827546323629,156.6149105740758,2.608047278048828,357.304433565903,74.2823964487126
2019_2024,wind_duration_class_weather_calendar,Dallas,persistent_wind_only,pure_wind_run_days,215,4.665116279069768,4.0,2.0,6.0,2.0,12.0,2.9001195367669745
2019_2024,wind_duration_class_weather_calendar,Dallas,persistent_wind_only,low_wind_run_days,215,5.051162790697674,4.0,3.0,6.0,2.0,12.0,3.0359506427396106
2019_2024,wind_duration_class_weather_calendar,Denver,isolated_wind_only,temperature_2m_max,119,22.26134453781513,24.8,19.15,28.5,-9.1,32.1,8.727291202671074
2019_2024,wind_duration_class_weather_calendar,Denver,isolated_wind_only,wind_speed_10m_mean,119,6.362675070028011,6.479166666666667,6.13125,6.841666666666666,4.6625000000000005,7.0625,0.5744919649738864
2019_2024,wind_duration_class_weather_calendar,Denver,isolated_wind_only,relative_humidity_2m_mean,119,54.89355742296919,53.125,43.27083333333333,63.25,30.291666666666668,88.08333333333333,14.639630739165298
2019_2024,wind_duration_class_weather_calendar,Denver,isolated_wind_only,precipitation_sum,119,1.253781512605042,0.2,0.0,1.2000000000000002,0.0,13.2,2.274761671851167
2019_2024,wind_duration_class_weather_calendar,Denver,isolated_wind_only,shortwave_radiation_sum,119,22.17327731092437,22.7268,18.1476,26.424,8.225999999999999,31.0104,5.278938269284982
2019_2024,wind_duration_class_weather_calendar,Denver,isolated_wind_only,wind_direction_10m_dominant,119,182.3527628446911,201.2591080600968,104.52432092404868,240.905359833071,1.8042287084544204,354.44671565828986,86.89787491665574
2019_2024,wind_duration_class_weather_calendar,Denver,isolated_wind_only,pure_wind_run_days,119,1.0,1.0,1.0,1.0,1.0,1.0,0.0
2019_2024,wind_duration_class_weather_calendar,Denver,isolated_wind_only,low_wind_run_days,119,1.0756302521008403,1.0,1.0,1.0,1.0,3.0,0.29572272473469485
2019_2024,wind_duration_class_weather_calendar,Denver,not_wind_only,temperature_2m_max,940,26.26606382978723,28.2,22.1,32.7,-6.3,38.0,8.185466446964881
2019_2024,wind_duration_class_weather_calendar,Denver,not_wind_only,wind_speed_10m_mean,940,9.125744680851065,8.545833333333333,7.694791666666666,9.9,5.591666666666666,22.704166666666666,2.0962371588463804
2019_2024,wind_duration_class_weather_calendar,Denver,not_wind_only,relative_humidity_2m_mean,940,46.774468085106385,43.9375,35.98958333333333,54.04166666666666,19.166666666666668,96.83333333333331,15.05778764342614
2019_2024,wind_duration_class_weather_calendar,Denver,not_wind_only,precipitation_sum,940,1.3625531914893618,0.0,0.0,0.8999999999999999,0.0,39.2,3.5428912869701574
2019_2024,wind_duration_class_weather_calendar,Denver,not_wind_only,shortwave_radiation_sum,940,23.142994468085107,24.427799999999998,19.6398,27.293400000000002,4.7916,32.5188,5.478418192929906
2019_2024,wind_duration_class_weather_calendar,Denver,not_wind_only,wind_direction_10m_dominant,940,191.25857516445308,214.7957151906444,124.37683316369814,252.10825486527878,0.2824470047790842,359.62828845668906,89.83438616843843
2019_2024,wind_duration_class_weather_calendar,Denver,not_wind_only,pure_wind_run_days,940,0.0,0.0,0.0,0.0,0.0,0.0,0.0
2019_2024,wind_duration_class_weather_calendar,Denver,not_wind_only,low_wind_run_days,940,0.06914893617021277,0.0,0.0,0.0,0.0,4.0,0.36119745108134926
2019_2024,wind_duration_class_weather_calendar,Denver,persistent_wind_only,temperature_2m_max,225,23.112888888888886,24.0,19.7,28.0,4.0,32.1,5.844622307783021
2019_2024,wind_duration_class_weather_calendar,Denver,persistent_wind_only,wind_speed_10m_mean,225,6.159537037037037,6.266666666666667,5.7125,6.791666666666667,3.329166666666667,7.066666666666666,0.751358424953842
2019_2024,wind_duration_class_weather_calendar,Denver,persistent_wind_only,relative_humidity_2m_mean,225,57.40648148148148,56.708333333333336,46.41666666666666,67.45833333333333,23.291666666666668,94.70833333333331,14.405047948603478
2019_2024,wind_duration_class_weather_calendar,Denver,persistent_wind_only,precipitation_sum,225,2.091555555555556,0.1,0.0,1.6,0.0,27.9,4.470265829601366
2019_2024,wind_duration_class_weather_calendar,Denver,persistent_wind_only,shortwave_radiation_sum,225,22.085824000000002,23.184,18.0,26.4816,6.5304,31.4964,5.69334587851969
2019_2024,wind_duration_class_weather_calendar,Denver,persistent_wind_only,wind_direction_10m_dominant,225,198.85014723081406,215.4450123449062,129.41221791786677,262.94841268374404,6.381023056966841,357.5274118727665,90.14736641112283
2019_2024,wind_duration_class_weather_calendar,Denver,persistent_wind_only,pure_wind_run_days,225,3.0533333333333332,3.0,2.0,4.0,2.0,7.0,1.3285330255586423
2019_2024,wind_duration_class_weather_calendar,Denver,persistent_wind_only,low_wind_run_days,225,3.0844444444444443,3.0,2.0,4.0,2.0,7.0,1.325228342109449
2019_2024,wind_duration_class_weather_calendar,Houston,isolated_wind_only,temperature_2m_max,66,30.090909090909093,30.75,28.875,32.475,22.1,33.4,2.9973181485981906
2019_2024,wind_duration_class_weather_calendar,Houston,isolated_wind_only,wind_speed_10m_mean,66,6.987373737373738,7.2958333333333325,6.402083333333334,7.75,4.55,8.183333333333334,0.9304456730401568
2019_2024,wind_duration_class_weather_calendar,Houston,isolated_wind_only,relative_humidity_2m_mean,66,77.04482323232324,78.72916666666666,71.79166666666666,82.17708333333334,55.29166666666666,92.875,8.349744451429032
2019_2024,wind_duration_class_weather_calendar,Houston,isolated_wind_only,precipitation_sum,66,4.61060606060606,0.95,0.0,7.1000000000000005,0.0,34.300000000000004,7.098518345680506
2019_2024,wind_duration_class_weather_calendar,Houston,isolated_wind_only,shortwave_radiation_sum,66,19.14981818181818,18.8298,15.5061,22.6593,8.208,28.6164,4.991191469622616
2019_2024,wind_duration_class_weather_calendar,Houston,isolated_wind_only,wind_direction_10m_dominant,66,150.57933610898976,137.84814273171315,110.89289819503668,175.0196022176391,4.9413684077985565,352.56540451125045,74.902158118814
2019_2024,wind_duration_class_weather_calendar,Houston,isolated_wind_only,pure_wind_run_days,66,1.0,1.0,1.0,1.0,1.0,1.0,0.0
2019_2024,wind_duration_class_weather_calendar,Houston,isolated_wind_only,low_wind_run_days,66,1.893939393939394,1.0,1.0,1.0,1.0,9.0,1.9932871025503254
2019_2024,wind_duration_class_weather_calendar,Houston,not_wind_only,temperature_2m_max,989,30.70758341759353,31.3,27.9,33.9,13.2,41.9,4.448230454288715
2019_2024,wind_duration_class_weather_calendar,Houston,not_wind_only,wind_speed_10m_mean,989,12.214682339063028,11.454166666666666,9.25,14.65,4.308333333333333,34.85,4.069713315377588
2019_2024,wind_duration_class_weather_calendar,Houston,not_wind_only,relative_humidity_2m_mean,989,74.82764577013818,76.08333333333333,70.375,81.0,28.70833333333333,97.5,9.637536908123018
2019_2024,wind_duration_class_weather_calendar,Houston,not_wind_only,precipitation_sum,989,3.8792719919110215,0.3,0.0,2.5,0.0,162.9,10.486060975080752
2019_2024,wind_duration_class_weather_calendar,Houston,not_wind_only,shortwave_radiation_sum,989,19.699207280080888,20.9052,16.372799999999998,23.9976,2.124,30.258,5.837127028859323
2019_2024,wind_duration_class_weather_calendar,Houston,not_wind_only,wind_direction_10m_dominant,989,155.9108082441079,159.0046935107444,113.60833691858323,190.6016275461788,1.0627890111781586,358.9277565825293,74.6398703541672
2019_2024,wind_duration_class_weather_calendar,Houston,not_wind_only,pure_wind_run_days,989,0.0,0.0,0.0,0.0,0.0,0.0,0.0
2019_2024,wind_duration_class_weather_calendar,Houston,not_wind_only,low_wind_run_days,989,0.993933265925177,0.0,0.0,0.0,0.0,23.0,3.8171734778386117
2019_2024,wind_duration_class_weather_calendar,Houston,persistent_wind_only,temperature_2m_max,229,30.895633187772926,31.3,29.9,32.3,22.5,33.4,1.9687198988929964
2019_2024,wind_duration_class_weather_calendar,Houston,persistent_wind_only,wind_speed_10m_mean,229,6.3745269286754,6.454166666666667,5.625,7.291666666666667,3.6791666666666663,8.204166666666667,1.1512664600833276
2019_2024,wind_duration_class_weather_calendar,Houston,persistent_wind_only,relative_humidity_2m_mean,229,78.37445414847161,80.08333333333333,74.33333333333333,83.58333333333333,53.16666666666666,92.29166666666669,7.809695383864277
2019_2024,wind_duration_class_weather_calendar,Houston,persistent_wind_only,precipitation_sum,229,4.740611353711791,1.7,0.0,7.4,0.0,39.6,6.749929276565974
2019_2024,wind_duration_class_weather_calendar,Houston,persistent_wind_only,shortwave_radiation_sum,229,18.92332925764192,19.512,16.2504,21.8556,5.8824,27.6192,4.342142812110518
2019_2024,wind_duration_class_weather_calendar,Houston,persistent_wind_only,wind_direction_10m_dominant,229,144.7116768158111,138.58808841275487,90.0736243219866,185.4185455064897,2.6342062930408554,359.5023800545546,78.35606182102184
2019_2024,wind_duration_class_weather_calendar,Houston,persistent_wind_only,pure_wind_run_days,229,4.930131004366812,4.0,3.0,6.0,2.0,15.0,3.2055886615367712
2019_2024,wind_duration_class_weather_calendar,Houston,persistent_wind_only,low_wind_run_days,229,5.943231441048035,5.0,3.0,8.0,2.0,15.0,3.6347868543976367
2019_2024,wind_duration_class_weather_calendar,Los Angeles,isolated_wind_only,temperature_2m_max,64,27.4375,29.049999999999997,24.875,30.625,16.9,32.3,4.158277268445413
2019_2024,wind_duration_class_weather_calendar,Los Angeles,isolated_wind_only,wind_speed_10m_mean,64,5.8291666666666675,5.9875,5.5843750000000005,6.151041666666666,4.220833333333333,6.4,0.48972522710185623
2019_2024,wind_duration_class_weather_calendar,Los Angeles,isolated_wind_only,relative_humidity_2m_mean,64,62.742838541666664,63.45833333333333,59.63541666666666,67.53125,24.541666666666668,79.5,9.102216170437632
2019_2024,wind_duration_class_weather_calendar,Los Angeles,isolated_wind_only,precipitation_sum,64,0.37812500000000004,0.0,0.0,0.0,0.0,9.8,1.4828617495417329
2019_2024,wind_duration_class_weather_calendar,Los Angeles,isolated_wind_only,shortwave_radiation_sum,64,23.62516875,24.768,19.6677,27.936,12.8664,31.1364,5.149082081268744
2019_2024,wind_duration_class_weather_calendar,Los Angeles,isolated_wind_only,wind_direction_10m_dominant,64,214.27744414129768,213.11035772162552,204.17555959897032,222.00593632134647,162.1549724562054,355.95607511725404,27.267110921380187
2019_2024,wind_duration_class_weather_calendar,Los Angeles,isolated_wind_only,pure_wind_run_days,64,1.0,1.0,1.0,1.0,1.0,1.0,0.0
2019_2024,wind_duration_class_weather_calendar,Los Angeles,isolated_wind_only,low_wind_run_days,64,2.265625,1.0,1.0,3.0,1.0,11.0,2.324761039093887
2019_2024,wind_duration_class_weather_calendar,Los Angeles,not_wind_only,temperature_2m_max,982,27.791140529531567,27.75,23.825,32.175000000000004,13.2,44.9,5.281778046252468
2019_2024,wind_duration_class_weather_calendar,Los Angeles,not_wind_only,wind_speed_10m_mean,982,7.272102002715546,7.1625000000000005,6.641666666666667,7.791666666666667,3.8375,14.575,1.1169508392450087
2019_2024,wind_duration_class_weather_calendar,Los Angeles,not_wind_only,relative_humidity_2m_mean,982,60.85989477257298,63.79166666666666,55.760416666666664,69.16666666666667,10.041666666666666,86.83333333333333,12.245448327914731
2019_2024,wind_duration_class_weather_calendar,Los Angeles,not_wind_only,precipitation_sum,982,0.2738289205702648,0.0,0.0,0.0,0.0,45.3,2.060921629899057
2019_2024,wind_duration_class_weather_calendar,Los Angeles,not_wind_only,shortwave_radiation_sum,982,25.570847657841146,27.1206,23.5143,29.0259,3.1176,32.2992,4.844813561094288
2019_2024,wind_duration_class_weather_calendar,Los Angeles,not_wind_only,wind_direction_10m_dominant,982,208.26904032969617,206.69861854461675,196.50789865893955,220.0311247872624,0.8286237982664667,358.19236171343266,37.11159980299119
2019_2024,wind_duration_class_weather_calendar,Los Angeles,not_wind_only,pure_wind_run_days,982,0.0,0.0,0.0,0.0,0.0,0.0,0.0
2019_2024,wind_duration_class_weather_calendar,Los Angeles,not_wind_only,low_wind_run_days,982,0.9592668024439919,0.0,0.0,0.0,0.0,29.0,3.6451090871166514
2019_2024,wind_duration_class_weather_calendar,Los Angeles,persistent_wind_only,temperature_2m_max,238,26.573529411764707,27.1,23.9,29.275,17.2,32.2,3.5317267476131846
2019_2024,wind_duration_class_weather_calendar,Los Angeles,persistent_wind_only,wind_speed_10m_mean,238,5.51484593837535,5.629166666666666,5.128125,6.020833333333334,3.1,6.404166666666666,0.6341318663637381
2019_2024,wind_duration_class_weather_calendar,Los Angeles,persistent_wind_only,relative_humidity_2m_mean,238,64.41036414565825,66.625,57.875,72.375,19.166666666666668,80.95833333333333,10.581538601402919
2019_2024,wind_duration_class_weather_calendar,Los Angeles,persistent_wind_only,precipitation_sum,238,0.03907563025210084,0.0,0.0,0.0,0.0,1.3,0.16696087920288472
2019_2024,wind_duration_class_weather_calendar,Los Angeles,persistent_wind_only,shortwave_radiation_sum,238,20.98108739495798,20.5398,17.6607,24.804000000000002,7.4988,31.0824,4.61065057954687
2019_2024,wind_duration_class_weather_calendar,Los Angeles,persistent_wind_only,wind_direction_10m_dominant,238,211.562715536715,210.79184963475743,199.20219086094392,224.119425286976,3.4089227032683627,342.4280121228805,39.90298351885761
2019_2024,wind_duration_class_weather_calendar,Los Angeles,persistent_wind_only,pure_wind_run_days,238,6.579831932773109,5.0,3.0,8.0,2.0,16.0,4.438983040716561
2019_2024,wind_duration_class_weather_calendar,Los Angeles,persistent_wind_only,low_wind_run_days,238,10.831932773109244,7.0,4.0,17.0,2.0,29.0,8.853061476938292
2019_2024,wind_duration_class_weather_calendar,New York,isolated_wind_only,temperature_2m_max,121,22.835537190082643,24.2,19.7,27.0,8.9,28.7,5.06897194547593
2019_2024,wind_duration_class_weather_calendar,New York,isolated_wind_only,wind_speed_10m_mean,121,6.943732782369144,7.154166666666666,6.245833333333334,7.670833333333333,4.541666666666667,8.141666666666667,0.9244007887693907
2019_2024,wind_duration_class_weather_calendar,New York,isolated_wind_only,relative_humidity_2m_mean,121,72.71522038567493,73.625,65.5,80.0,45.583333333333336,90.70833333333331,9.477152330400624
2019_2024,wind_duration_class_weather_calendar,New York,isolated_wind_only,precipitation_sum,121,2.693388429752066,0.2,0.0,2.8000000000000003,0.0,26.0,5.233700659144702
2019_2024,wind_duration_class_weather_calendar,New York,isolated_wind_only,shortwave_radiation_sum,121,17.470621487603307,17.9136,13.176,21.6324,4.266,30.9816,5.65266240420103
2019_2024,wind_duration_class_weather_calendar,New York,isolated_wind_only,wind_direction_10m_dominant,121,184.14021754268262,175.5655257663733,123.96290222829232,251.02407786327885,4.688037661023405,354.37037817136047,85.3534529953771
2019_2024,wind_duration_class_weather_calendar,New York,isolated_wind_only,pure_wind_run_days,121,1.0,1.0,1.0,1.0,1.0,1.0,0.0
2019_2024,wind_duration_class_weather_calendar,New York,isolated_wind_only,low_wind_run_days,121,1.3471074380165289,1.0,1.0,1.0,1.0,7.0,0.9722032006534856
2019_2024,wind_duration_class_weather_calendar,New York,not_wind_only,temperature_2m_max,991,23.089404641775985,23.8,18.3,28.55,3.7,35.5,6.4057753888236855
2019_2024,wind_duration_class_weather_calendar,New York,not_wind_only,wind_speed_10m_mean,991,11.681012445341407,10.895833333333334,8.99375,13.610416666666667,4.116666666666666,29.504166666666663,3.775630109706451
2019_2024,wind_duration_class_weather_calendar,New York,not_wind_only,relative_humidity_2m_mean,991,69.0405734947864,69.625,61.4375,77.3125,29.666666666666668,94.16666666666669,11.622332137019963
2019_2024,wind_duration_class_weather_calendar,New York,not_wind_only,precipitation_sum,991,3.5683148335015136,0.1,0.0,3.1,0.0,102.6,8.25600761281141
2019_2024,wind_duration_class_weather_calendar,New York,not_wind_only,shortwave_radiation_sum,991,18.55647790110999,20.0484,13.5918,24.3126,0.7919999999999999,30.8484,7.3156737443632425
2019_2024,wind_duration_class_weather_calendar,New York,not_wind_only,wind_direction_10m_dominant,991,201.74778365614583,223.5169415669059,116.88211669682957,286.1943160051861,0.3581138259815105,359.96536098402,98.48347080560312
2019_2024,wind_duration_class_weather_calendar,New York,not_wind_only,pure_wind_run_days,991,0.0,0.0,0.0,0.0,0.0,0.0,0.0
2019_2024,wind_duration_class_weather_calendar,New York,not_wind_only,low_wind_run_days,991,0.3340060544904137,0.0,0.0,0.0,0.0,10.0,1.2658865205031566
2019_2024,wind_duration_class_weather_calendar,New York,persistent_wind_only,temperature_2m_max,172,23.287790697674417,23.85,20.7,26.650000000000002,12.1,28.7,3.9040871973900946
2019_2024,wind_duration_class_weather_calendar,New York,persistent_wind_only,wind_speed_10m_mean,172,6.607170542635659,6.722916666666667,5.883333333333333,7.418749999999999,3.654166666666667,8.15,0.9840947285107998
2019_2024,wind_duration_class_weather_calendar,New York,persistent_wind_only,relative_humidity_2m_mean,172,75.70227713178294,78.16666666666666,69.97916666666667,83.29166666666667,46.25,95.33333333333331,10.409442605293442
2019_2024,wind_duration_class_weather_calendar,New York,persistent_wind_only,precipitation_sum,172,2.419186046511628,0.05,0.0,2.25,0.0,26.3,5.0373497894087915
2019_2024,wind_duration_class_weather_calendar,New York,persistent_wind_only,shortwave_radiation_sum,172,16.08289534883721,15.872399999999999,11.2644,21.0429,2.286,30.8628,6.629201258033309
2019_2024,wind_duration_class_weather_calendar,New York,persistent_wind_only,wind_direction_10m_dominant,172,171.15864372059187,168.53349290877458,98.7558335362464,245.6589712071726,8.235561421103291,349.5305011919148,94.60517759419794
2019_2024,wind_duration_class_weather_calendar,New York,persistent_wind_only,pure_wind_run_days,172,3.046511627906977,3.0,2.0,4.0,2.0,5.0,1.0191956092539256
2019_2024,wind_duration_class_weather_calendar,New York,persistent_wind_only,low_wind_run_days,172,3.366279069767442,3.0,2.0,4.0,2.0,10.0,1.6328578230215385
2019_2024,wind_duration_class_weather_calendar,Philadelphia,isolated_wind_only,temperature_2m_max,109,25.519266055045875,26.9,23.4,29.0,8.7,30.8,4.5940677743799485
2019_2024,wind_duration_class_weather_calendar,Philadelphia,isolated_wind_only,wind_speed_10m_mean,109,6.679396024464831,6.770833333333333,6.1875,7.475,4.1375,7.841666666666668,0.8554044469697193
2019_2024,wind_duration_class_weather_calendar,Philadelphia,isolated_wind_only,relative_humidity_2m_mean,109,67.64946483180428,66.25,58.333333333333336,78.0,41.583333333333336,92.66666666666669,11.777521467949922
2019_2024,wind_duration_class_weather_calendar,Philadelphia,isolated_wind_only,precipitation_sum,109,2.8688073394495417,0.0,0.0,2.9,0.0,25.9,5.581097350742429
2019_2024,wind_duration_class_weather_calendar,Philadelphia,isolated_wind_only,shortwave_radiation_sum,109,17.965915596330273,18.7596,12.78,23.6556,3.7008,31.3056,6.862447876415074
2019_2024,wind_duration_class_weather_calendar,Philadelphia,isolated_wind_only,wind_direction_10m_dominant,109,190.15551245417137,213.49681954720165,88.84046829530547,286.1945007845634,2.667698250174033,349.351574080514,102.5777453934258
2019_2024,wind_duration_class_weather_calendar,Philadelphia,isolated_wind_only,pure_wind_run_days,109,1.0,1.0,1.0,1.0,1.0,1.0,0.0
2019_2024,wind_duration_class_weather_calendar,Philadelphia,isolated_wind_only,low_wind_run_days,109,1.2844036697247707,1.0,1.0,1.0,1.0,6.0,0.7339863647848728
2019_2024,wind_duration_class_weather_calendar,Philadelphia,not_wind_only,temperature_2m_max,970,25.110309278350517,26.0,20.3,30.8,6.2,37.5,6.589252038153348
2019_2024,wind_duration_class_weather_calendar,Philadelphia,not_wind_only,wind_speed_10m_mean,970,11.506975945017182,10.720833333333331,8.977083333333333,13.354166666666666,3.4791666666666665,27.679166666666664,3.674680075107426
2019_2024,wind_duration_class_weather_calendar,Philadelphia,not_wind_only,relative_humidity_2m_mean,970,64.81984536082474,65.4375,56.09375,74.0,23.83333333333333,95.25,13.028675079649014
2019_2024,wind_duration_class_weather_calendar,Philadelphia,not_wind_only,precipitation_sum,970,3.477216494845361,0.1,0.0,2.975,0.0,62.6,7.701137551809116
2019_2024,wind_duration_class_weather_calendar,Philadelphia,not_wind_only,shortwave_radiation_sum,970,18.80944329896907,20.1276,14.5386,24.2091,0.8136,31.356,7.109505759649006
2019_2024,wind_duration_class_weather_calendar,Philadelphia,not_wind_only,wind_direction_10m_dominant,970,210.0255076877528,226.66009445013978,147.32990361660003,287.6977621734745,2.219441785332548,359.7647035809854,94.67851208125147
2019_2024,wind_duration_class_weather_calendar,Philadelphia,not_wind_only,pure_wind_run_days,970,0.0,0.0,0.0,0.0,0.0,0.0,0.0
2019_2024,wind_duration_class_weather_calendar,Philadelphia,not_wind_only,low_wind_run_days,970,0.24123711340206186,0.0,0.0,0.0,0.0,8.0,0.9940745578099014
2019_2024,wind_duration_class_weather_calendar,Philadelphia,persistent_wind_only,temperature_2m_max,205,25.551707317073166,26.8,22.6,28.8,15.0,30.8,3.9526684350010997
2019_2024,wind_duration_class_weather_calendar,Philadelphia,persistent_wind_only,wind_speed_10m_mean,205,6.314552845528456,6.470833333333334,5.65,7.154166666666666,3.0083333333333333,7.845833333333334,1.0805372270899378
2019_2024,wind_duration_class_weather_calendar,Philadelphia,persistent_wind_only,relative_humidity_2m_mean,205,71.13821138211382,72.91666666666667,63.29166666666666,79.625,42.5,92.54166666666669,10.858011574784246
2019_2024,wind_duration_class_weather_calendar,Philadelphia,persistent_wind_only,precipitation_sum,205,2.95219512195122,0.1,0.0,2.4,0.0,64.3,7.1758416573355746
2019_2024,wind_duration_class_weather_calendar,Philadelphia,persistent_wind_only,shortwave_radiation_sum,205,16.565198048780488,16.614,12.528,20.9484,2.6028,30.4596,5.99087436578859
2019_2024,wind_duration_class_weather_calendar,Philadelphia,persistent_wind_only,wind_direction_10m_dominant,205,188.70898401381174,188.36587347065077,115.19954651791276,270.41957822704,6.1178245690787145,357.1061189626764,96.5630777110202
2019_2024,wind_duration_class_weather_calendar,Philadelphia,persistent_wind_only,pure_wind_run_days,205,2.9414634146341463,3.0,2.0,4.0,2.0,6.0,0.9784380333851285
2019_2024,wind_duration_class_weather_calendar,Philadelphia,persistent_wind_only,low_wind_run_days,205,3.268292682926829,3.0,2.0,4.0,2.0,8.0,1.3866377420372908
2019_2024,wind_duration_class_weather_calendar,Phoenix,isolated_wind_only,temperature_2m_max,83,36.43855421686747,38.0,33.45,40.2,21.5,41.8,4.632436837664548
2019_2024,wind_duration_class_weather_calendar,Phoenix,isolated_wind_only,wind_speed_10m_mean,83,5.904819277108435,5.954166666666667,5.460416666666667,6.420833333333334,4.416666666666667,6.729166666666667,0.5799274416141561
2019_2024,wind_duration_class_weather_calendar,Phoenix,isolated_wind_only,relative_humidity_2m_mean,83,26.362449799196785,24.416666666666668,15.770833333333332,35.70833333333333,6.375,64.875,12.250702953497564
2019_2024,wind_duration_class_weather_calendar,Phoenix,isolated_wind_only,precipitation_sum,83,0.16987951807228915,0.0,0.0,0.0,0.0,3.1,0.5112717142526926
2019_2024,wind_duration_class_weather_calendar,Phoenix,isolated_wind_only,shortwave_radiation_sum,83,25.075171084337356,24.9516,21.6126,29.0106,13.6296,32.9004,4.861239065087642
2019_2024,wind_duration_class_weather_calendar,Phoenix,isolated_wind_only,wind_direction_10m_dominant,83,200.45536133616142,211.959428844048,134.7188167172073,266.83756931411676,20.66010594040148,356.9639092946892,90.16191855023598
2019_2024,wind_duration_class_weather_calendar,Phoenix,isolated_wind_only,pure_wind_run_days,83,1.0,1.0,1.0,1.0,1.0,1.0,0.0
2019_2024,wind_duration_class_weather_calendar,Phoenix,isolated_wind_only,low_wind_run_days,83,1.1566265060240963,1.0,1.0,1.0,1.0,3.0,0.427183850031678
2019_2024,wind_duration_class_weather_calendar,Phoenix,not_wind_only,temperature_2m_max,956,37.799372384937236,39.0,34.0,42.5,16.9,47.7,5.786498061445363
2019_2024,wind_duration_class_weather_calendar,Phoenix,not_wind_only,wind_speed_10m_mean,956,9.208385634588565,8.666666666666666,7.483333333333333,10.260416666666666,4.3500000000000005,25.516666666666666,2.337038965094613
2019_2024,wind_duration_class_weather_calendar,Phoenix,not_wind_only,relative_humidity_2m_mean,956,23.132452928870293,20.625,15.25,28.260416666666668,6.708333333333333,80.66666666666667,10.700201091475556
2019_2024,wind_duration_class_weather_calendar,Phoenix,not_wind_only,precipitation_sum,956,0.33765690376569035,0.0,0.0,0.0,0.0,39.0,2.0316924447403735
2019_2024,wind_duration_class_weather_calendar,Phoenix,not_wind_only,shortwave_radiation_sum,956,26.22801841004184,27.1062,23.6871,29.8521,4.2408,32.7348,4.366265615508128
2019_2024,wind_duration_class_weather_calendar,Phoenix,not_wind_only,wind_direction_10m_dominant,956,204.2790502935923,227.08045567970953,174.84434415949514,250.784692541832,0.6147167222855885,359.6096799623696,77.15416373952803
2019_2024,wind_duration_class_weather_calendar,Phoenix,not_wind_only,pure_wind_run_days,956,0.0,0.0,0.0,0.0,0.0,0.0,0.0
2019_2024,wind_duration_class_weather_calendar,Phoenix,not_wind_only,low_wind_run_days,956,0.100418410041841,0.0,0.0,0.0,0.0,8.0,0.5379423981269744
2019_2024,wind_duration_class_weather_calendar,Phoenix,persistent_wind_only,temperature_2m_max,245,34.25510204081632,35.1,31.4,38.0,16.4,41.8,4.638879759152297
2019_2024,wind_duration_class_weather_calendar,Phoenix,persistent_wind_only,wind_speed_10m_mean,245,5.669438775510203,5.75,5.170833333333333,6.25,3.5416666666666665,6.720833333333334,0.7226073314918808
2019_2024,wind_duration_class_weather_calendar,Phoenix,persistent_wind_only,relative_humidity_2m_mean,245,33.94761904761905,29.541666666666668,19.33333333333333,44.833333333333336,8.416666666666666,84.91666666666667,17.53308591708705
2019_2024,wind_duration_class_weather_calendar,Phoenix,persistent_wind_only,precipitation_sum,245,0.896326530612245,0.0,0.0,0.0,0.0,30.000000000000004,3.7249527964208795
2019_2024,wind_duration_class_weather_calendar,Phoenix,persistent_wind_only,shortwave_radiation_sum,245,22.991980408163265,22.8348,19.2996,26.6724,6.588,32.3784,4.847671811202032
2019_2024,wind_duration_class_weather_calendar,Phoenix,persistent_wind_only,wind_direction_10m_dominant,245,158.53333274602792,149.67684227003068,65.10116082797563,253.15159087078445,0.6952748352678513,359.57302239090154,105.18115081818455
2019_2024,wind_duration_class_weather_calendar,Phoenix,persistent_wind_only,pure_wind_run_days,245,3.8816326530612244,3.0,2.0,6.0,2.0,8.0,2.089755796913287
2019_2024,wind_duration_class_weather_calendar,Phoenix,persistent_wind_only,low_wind_run_days,245,3.946938775510204,3.0,2.0,6.0,2.0,8.0,2.1504004622105954
2019_2024,wind_duration_class_weather_calendar,San Diego,isolated_wind_only,temperature_2m_max,80,25.02375,25.799999999999997,22.575000000000003,27.8,17.3,29.6,3.2277375291312067
2019_2024,wind_duration_class_weather_calendar,San Diego,isolated_wind_only,wind_speed_10m_mean,80,6.242239583333333,6.327083333333334,6.092708333333333,6.513541666666667,5.3,6.645833333333333,0.35002558158847513
2019_2024,wind_duration_class_weather_calendar,San Diego,isolated_wind_only,relative_humidity_2m_mean,80,69.7,70.72916666666666,65.48958333333333,74.41666666666667,48.04166666666666,82.66666666666667,7.426918908442039
2019_2024,wind_duration_class_weather_calendar,San Diego,isolated_wind_only,precipitation_sum,80,0.11000000000000001,0.0,0.0,0.0,0.0,1.9,0.35883073122418885
2019_2024,wind_duration_class_weather_calendar,San Diego,isolated_wind_only,shortwave_radiation_sum,80,24.75099,26.198999999999998,21.8007,29.3157,9.1908,31.6728,5.604890617787923
2019_2024,wind_duration_class_weather_calendar,San Diego,isolated_wind_only,wind_direction_10m_dominant,80,257.3425709492986,259.0302497637523,244.2296832188158,277.0299347857388,47.97818355432787,322.6071370260794,34.44116972166256
2019_2024,wind_duration_class_weather_calendar,San Diego,isolated_wind_only,pure_wind_run_days,80,1.0,1.0,1.0,1.0,1.0,1.0,0.0
2019_2024,wind_duration_class_weather_calendar,San Diego,isolated_wind_only,low_wind_run_days,80,1.5125,1.0,1.0,1.0,1.0,9.0,1.558916777441099
2019_2024,wind_duration_class_weather_calendar,San Diego,not_wind_only,temperature_2m_max,985,25.881218274111674,26.0,22.3,29.7,14.3,39.8,4.572796743680535
2019_2024,wind_duration_class_weather_calendar,San Diego,not_wind_only,wind_speed_10m_mean,985,8.086873942470389,7.649999999999999,7.045833333333333,8.708333333333334,4.9125000000000005,20.383333333333333,1.7987216428263173
2019_2024,wind_duration_class_weather_calendar,San Diego,not_wind_only,relative_humidity_2m_mean,985,67.23506768189509,69.45833333333333,64.04166666666667,73.66666666666667,14.416666666666666,90.125,10.852234957857968
2019_2024,wind_duration_class_weather_calendar,San Diego,not_wind_only,precipitation_sum,985,0.34121827411167516,0.0,0.0,0.0,0.0,30.700000000000003,1.9457078408910062
2019_2024,wind_duration_class_weather_calendar,San Diego,not_wind_only,shortwave_radiation_sum,985,24.88883573604061,26.1792,22.2624,28.7388,3.4236,32.184,5.02065375612422
2019_2024,wind_duration_class_weather_calendar,San Diego,not_wind_only,wind_direction_10m_dominant,985,265.2257351957466,275.16956223374666,248.88582987064515,291.6337326665169,12.783232274910114,356.8247482155072,46.12595626658103
2019_2024,wind_duration_class_weather_calendar,San Diego,not_wind_only,pure_wind_run_days,985,0.0,0.0,0.0,0.0,0.0,0.0,0.0
2019_2024,wind_duration_class_weather_calendar,San Diego,not_wind_only,low_wind_run_days,985,0.5604060913705584,0.0,0.0,0.0,0.0,19.0,2.084265442919453
2019_2024,wind_duration_class_weather_calendar,San Diego,persistent_wind_only,temperature_2m_max,219,25.626027397260277,25.8,23.85,27.7,17.7,29.6,2.536035376417018
2019_2024,wind_duration_class_weather_calendar,San Diego,persistent_wind_only,wind_speed_10m_mean,219,5.870224505327245,6.0,5.541666666666667,6.375,3.633333333333333,6.654166666666666,0.6150790920302848
2019_2024,wind_duration_class_weather_calendar,San Diego,persistent_wind_only,relative_humidity_2m_mean,219,69.4851598173516,70.75,64.97916666666666,75.10416666666666,22.58333333333333,84.58333333333333,8.729507740401731
2019_2024,wind_duration_class_weather_calendar,San Diego,persistent_wind_only,precipitation_sum,219,0.031050228310502286,0.0,0.0,0.0,0.0,4.0,0.2905930226364588
2019_2024,wind_duration_class_weather_calendar,San Diego,persistent_wind_only,shortwave_radiation_sum,219,23.83780273972603,24.0912,19.1934,28.2258,11.1528,31.248,4.7462566084832
2019_2024,wind_duration_class_weather_calendar,San Diego,persistent_wind_only,wind_direction_10m_dominant,219,259.6209717347841,262.53744948841603,247.8434473090498,279.69192034104697,6.720859921649669,358.92407306514616,41.19322320272595
2019_2024,wind_duration_class_weather_calendar,San Diego,persistent_wind_only,pure_wind_run_days,219,3.5753424657534247,3.0,2.0,4.0,2.0,9.0,1.8763458158642619
2019_2024,wind_duration_class_weather_calendar,San Diego,persistent_wind_only,low_wind_run_days,219,5.589041095890411,4.0,2.0,8.0,2.0,19.0,4.4221158633975834
2019_2024,wind_duration_class_weather_calendar,Seattle,isolated_wind_only,temperature_2m_max,106,18.193396226415093,18.25,15.3,21.875,8.5,23.9,4.0589059954136255
2019_2024,wind_duration_class_weather_calendar,Seattle,isolated_wind_only,wind_speed_10m_mean,106,4.870440251572328,5.025,4.529166666666667,5.419791666666667,2.504166666666667,5.8375,0.7426410418439364
2019_2024,wind_duration_class_weather_calendar,Seattle,isolated_wind_only,relative_humidity_2m_mean,106,75.32114779874213,75.77083333333334,70.14583333333333,80.66666666666667,54.16666666666666,91.625,7.878770968678383
2019_2024,wind_duration_class_weather_calendar,Seattle,isolated_wind_only,precipitation_sum,106,1.5179245283018865,0.05,0.0,1.175,0.0,28.6,3.865668110056387
2019_2024,wind_duration_class_weather_calendar,Seattle,isolated_wind_only,shortwave_radiation_sum,106,15.7356,15.4278,9.909,19.9728,2.7792,30.528,6.482361284064848
2019_2024,wind_duration_class_weather_calendar,Seattle,isolated_wind_only,wind_direction_10m_dominant,106,200.93370460250034,205.11698911488782,138.4458537311094,316.0907409154338,1.825048875813996,359.8576762652231,112.37096322967417
2019_2024,wind_duration_class_weather_calendar,Seattle,isolated_wind_only,pure_wind_run_days,106,1.0,1.0,1.0,1.0,1.0,1.0,0.0
2019_2024,wind_duration_class_weather_calendar,Seattle,isolated_wind_only,low_wind_run_days,106,1.4056603773584906,1.0,1.0,1.0,1.0,9.0,1.4194452429888467
2019_2024,wind_duration_class_weather_calendar,Seattle,not_wind_only,temperature_2m_max,1020,19.789411764705882,19.5,15.4,24.325,6.4,38.4,5.537908049199839
2019_2024,wind_duration_class_weather_calendar,Seattle,not_wind_only,wind_speed_10m_mean,1020,8.897418300653593,7.989583333333334,6.551041666666667,10.375,3.1875,26.9375,3.2888265802429935
2019_2024,wind_duration_class_weather_calendar,Seattle,not_wind_only,relative_humidity_2m_mean,1020,73.53803104575162,73.3125,67.73958333333333,79.71875,32.291666666666664,95.58333333333331,8.644912474884503
2019_2024,wind_duration_class_weather_calendar,Seattle,not_wind_only,precipitation_sum,1020,2.543333333333333,0.0,0.0,2.625,0.0,47.0,5.006935784843783
2019_2024,wind_duration_class_weather_calendar,Seattle,not_wind_only,shortwave_radiation_sum,1020,17.393156470588234,17.4816,11.2554,24.1542,0.8244,31.2408,7.866871565693448
2019_2024,wind_duration_class_weather_calendar,Seattle,not_wind_only,wind_direction_10m_dominant,1020,157.64713610690035,196.74991332188267,30.87905349640792,212.93512315372033,0.1595156257772143,359.9176054097518,97.91480150365777
2019_2024,wind_duration_class_weather_calendar,Seattle,not_wind_only,pure_wind_run_days,1020,0.0,0.0,0.0,0.0,0.0,0.0,0.0
2019_2024,wind_duration_class_weather_calendar,Seattle,not_wind_only,low_wind_run_days,1020,0.2754901960784314,0.0,0.0,0.0,0.0,9.0,1.084092876541294
2019_2024,wind_duration_class_weather_calendar,Seattle,persistent_wind_only,temperature_2m_max,158,19.08164556962025,19.8,17.175,21.6,7.5,23.9,3.3466750988896456
2019_2024,wind_duration_class_weather_calendar,Seattle,persistent_wind_only,wind_speed_10m_mean,158,4.647758438818566,4.664583333333333,4.089583333333334,5.3,2.2625,5.8375,0.8426529867645033
2019_2024,wind_duration_class_weather_calendar,Seattle,persistent_wind_only,relative_humidity_2m_mean,158,76.23259493670886,75.97916666666666,72.33333333333334,81.72916666666667,56.0,93.45833333333331,7.335904199752275
2019_2024,wind_duration_class_weather_calendar,Seattle,persistent_wind_only,precipitation_sum,158,0.8721518987341773,0.0,0.0,0.7000000000000001,0.0,23.8,2.341671062577928
2019_2024,wind_duration_class_weather_calendar,Seattle,persistent_wind_only,shortwave_radiation_sum,158,15.836627848101267,15.179400000000001,11.8152,19.7919,2.5272,29.9736,5.946300385610152
2019_2024,wind_duration_class_weather_calendar,Seattle,persistent_wind_only,wind_direction_10m_dominant,158,173.05289522469914,195.67048904415282,45.3453201657997,243.4798803053439,0.9686860560587526,359.98426213988205,111.8316610369906
2019_2024,wind_duration_class_weather_calendar,Seattle,persistent_wind_only,pure_wind_run_days,158,2.8227848101265822,2.0,2.0,4.0,2.0,5.0,1.0618994359152365
2019_2024,wind_duration_class_weather_calendar,Seattle,persistent_wind_only,low_wind_run_days,158,2.9430379746835444,2.0,2.0,4.0,2.0,6.0,1.168829077565012
2025,regime,Atlanta,episode,no2_ppb,13,11.164033743589743,10.925595333333334,9.8375,12.340700666666669,8.621085666666668,15.49686,1.9873399052870624
2025,regime,Atlanta,episode,n_available_sites,13,3.0,3.0,3.0,3.0,3.0,3.0,0.0
2025,regime,Atlanta,episode,temperature_2m_max,13,33.161538461538456,32.8,32.1,33.9,31.5,37.1,1.5108157076771813
2025,regime,Atlanta,episode,wind_speed_10m_mean,13,5.178205128205128,5.316666666666666,4.625,5.708333333333333,3.6875,6.7625,0.920656019011379
2025,regime,Atlanta,episode,relative_humidity_2m_mean,13,71.49358974358974,69.20833333333333,66.95833333333333,77.79166666666667,57.083333333333336,83.29166666666667,7.396837689117243
2025,regime,Atlanta,episode,precipitation_sum,13,2.7153846153846155,2.1,0.2,3.2,0.0,9.3,3.21891445310531
2025,regime,Atlanta,episode,shortwave_radiation_sum,13,23.34544615384615,23.5224,21.744,25.2432,17.8344,26.6688,2.3844997269222548
2025,regime,Atlanta,episode,wind_direction_10m_dominant,13,173.3654486888302,135.37300693846493,56.35017083062216,272.3024977421504,17.5585297755239,341.0101479098073,124.82581721756812
2025,regime,Atlanta,episode,pure_wind_run_days,13,0.0,0.0,0.0,0.0,0.0,0.0,0.0
2025,regime,Atlanta,episode,low_wind_run_days,13,5.923076923076923,8.0,3.0,8.0,2.0,8.0,2.7526211284742907
2025,regime,Atlanta,heat_only,no2_ppb,20,8.86166915,8.875694499999998,6.495138666666667,10.988706333333333,5.801973666666666,13.743055666666665,2.542315204499694
2025,regime,Atlanta,heat_only,n_available_sites,20,2.85,3.0,3.0,3.0,1.0,3.0,0.4893604849295929
2025,regime,Atlanta,heat_only,temperature_2m_max,20,32.95,32.8,32.425,33.3,31.8,35.5,0.8935440966351786
2025,regime,Atlanta,heat_only,wind_speed_10m_mean,20,9.067916666666667,8.854166666666668,8.071875,10.229166666666666,6.795833333333333,11.791666666666666,1.542687014168529
2025,regime,Atlanta,heat_only,relative_humidity_2m_mean,20,67.71666666666667,68.47916666666667,61.333333333333336,72.07291666666667,54.875,83.58333333333333,7.345305219793786
2025,regime,Atlanta,heat_only,precipitation_sum,20,1.3750000000000002,0.3,0.0,0.6250000000000001,0.0,15.1,3.435859656468432
2025,regime,Atlanta,heat_only,shortwave_radiation_sum,20,23.588100000000004,24.2928,22.1616,25.069499999999998,17.1252,28.0008,2.5017735414364703
2025,regime,Atlanta,heat_only,wind_direction_10m_dominant,20,246.66006056756675,265.5864230180417,201.53608790615658,303.0721135185585,68.07249554301333,352.3836307484868,85.42025891859159
2025,regime,Atlanta,heat_only,pure_wind_run_days,20,0.0,0.0,0.0,0.0,0.0,0.0,0.0
2025,regime,Atlanta,heat_only,low_wind_run_days,20,0.0,0.0,0.0,0.0,0.0,0.0,0.0
2025,regime,Atlanta,neither,no2_ppb,134,10.57705027363184,10.038304166666666,7.765988750000001,13.36052625,3.4562500000000003,24.333333,3.673535963060151
2025,regime,Atlanta,neither,n_available_sites,134,2.6044776119402986,3.0,2.0,3.0,1.0,3.0,0.5622010546155136
2025,regime,Atlanta,neither,temperature_2m_max,134,25.436567164179106,26.45,23.55,28.375,11.4,31.4,4.31136879760812
2025,regime,Atlanta,neither,wind_speed_10m_mean,134,11.35634328358209,10.614583333333334,8.727083333333333,13.804166666666667,6.8125,19.35833333333333,3.246952724268492
2025,regime,Atlanta,neither,relative_humidity_2m_mean,134,71.65111940298507,71.60416666666667,62.08333333333333,81.27083333333334,42.5,94.66666666666669,11.97966578086487
2025,regime,Atlanta,neither,precipitation_sum,134,3.9328358208955225,0.4,0.0,5.25,0.0,35.9,6.71687109532321
2025,regime,Atlanta,neither,shortwave_radiation_sum,134,17.790985074626864,18.3978,14.5656,22.5855,1.7748,28.5336,6.543596461381127
2025,regime,Atlanta,neither,wind_direction_10m_dominant,134,178.3961523949765,174.06621209260572,87.33858784263538,254.15274938576465,0.147780701950776,353.5193309824505,93.19584774012058
2025,regime,Atlanta,neither,pure_wind_run_days,134,0.0,0.0,0.0,0.0,0.0,0.0,0.0
2025,regime,Atlanta,neither,low_wind_run_days,134,0.0,0.0,0.0,0.0,0.0,0.0,0.0
2025,regime,Atlanta,other_compound,no2_ppb,4,10.088800166666667,9.2891865,8.380070083333333,10.997916583333334,7.6809943333333335,14.095833333333333,2.8311838685686674
2025,regime,Atlanta,other_compound,n_available_sites,4,3.0,3.0,3.0,3.0,3.0,3.0,0.0
2025,regime,Atlanta,other_compound,temperature_2m_max,4,32.5,32.099999999999994,31.825,32.775,31.6,34.2,1.1690451944500135
2025,regime,Atlanta,other_compound,wind_speed_10m_mean,4,5.921875,5.775,5.544791666666667,6.152083333333334,5.466666666666668,6.670833333333333,0.5460969995068369
2025,regime,Atlanta,other_compound,relative_humidity_2m_mean,4,74.68750000000001,76.89583333333334,74.22916666666667,77.35416666666667,67.41666666666667,77.54166666666667,4.867515622299874
2025,regime,Atlanta,other_compound,precipitation_sum,4,4.2,4.15,2.775,5.575,2.1,6.4,1.9916492328386208
2025,regime,Atlanta,other_compound,shortwave_radiation_sum,4,23.4108,23.274,22.630499999999998,24.054299999999998,21.942,25.1532,1.3630299189672974
2025,regime,Atlanta,other_compound,wind_direction_10m_dominant,4,291.95563067688425,276.041463961339,272.2534540524997,295.7436405857236,267.32957086731426,348.4100239175448,37.90021775403662
2025,regime,Atlanta,other_compound,pure_wind_run_days,4,0.0,0.0,0.0,0.0,0.0,0.0,0.0
2025,regime,Atlanta,other_compound,low_wind_run_days,4,3.0,1.5,1.0,3.5,1.0,8.0,3.366501646120693
2025,regime,Atlanta,wind_only,no2_ppb,39,11.41629137179487,11.39375,9.424744166666667,13.448866833333334,4.745833,18.154167,3.2299277794324004
2025,regime,Atlanta,wind_only,n_available_sites,39,2.6153846153846154,3.0,2.0,3.0,1.0,3.0,0.6733804983414345
2025,regime,Atlanta,wind_only,temperature_2m_max,39,28.21794871794872,28.9,26.9,30.1,21.0,31.3,2.5559910833869464
2025,regime,Atlanta,wind_only,wind_speed_10m_mean,39,5.768055555555556,6.0125,5.1375,6.304166666666667,4.295833333333333,6.6875,0.7204652070172557
2025,regime,Atlanta,wind_only,relative_humidity_2m_mean,39,73.50213675213675,74.375,66.52083333333334,81.5625,54.79166666666666,90.58333333333331,9.029273120906124
2025,regime,Atlanta,wind_only,precipitation_sum,39,2.8,0.6000000000000001,0.0,3.9499999999999997,0.0,15.7,4.1345145454231735
2025,regime,Atlanta,wind_only,shortwave_radiation_sum,39,19.162615384615385,19.0692,17.685000000000002,20.8566,7.128,28.2744,4.210869479756711
2025,regime,Atlanta,wind_only,wind_direction_10m_dominant,39,164.18543793448362,141.9322867092338,78.969414789095,256.43806671207443,17.241034757227137,343.1439747793429,103.4090512989959
2025,regime,Atlanta,wind_only,pure_wind_run_days,39,2.3333333333333335,2.0,1.0,4.0,1.0,4.0,1.3245323570650436
2025,regime,Atlanta,wind_only,low_wind_run_days,39,3.4615384615384617,3.0,1.0,4.5,1.0,8.0,2.5323813823330488
2025,regime,Chicago,episode,no2_ppb,14,16.144211708333337,15.789583499999999,12.511024395833333,18.639354333333337,11.216667000000001,24.036458,4.259733802506608
2025,regime,Chicago,episode,n_available_sites,14,3.2857142857142856,3.0,3.0,3.75,3.0,4.0,0.4688072309384954
2025,regime,Chicago,episode,temperature_2m_max,14,29.035714285714285,29.4,28.45,29.675,27.2,30.5,1.0499869177625634
2025,regime,Chicago,episode,wind_speed_10m_mean,14,7.501190476190475,7.435416666666667,6.647916666666666,8.513541666666667,4.870833333333334,10.083333333333334,1.3409791085154794
2025,regime,Chicago,episode,relative_humidity_2m_mean,14,74.8690476190476,74.75,70.34375,79.32291666666666,61.083333333333336,88.04166666666667,8.439181252928524
2025,regime,Chicago,episode,precipitation_sum,14,2.1928571428571426,0.15000000000000002,0.0,0.675,0.0,25.4,6.708027829596219
2025,regime,Chicago,episode,shortwave_radiation_sum,14,24.5988,25.401600000000002,23.531399999999998,27.3735,10.7388,29.9196,4.5302893723164175
2025,regime,Chicago,episode,wind_direction_10m_dominant,14,196.13248376582604,196.3520384357523,159.2621659351403,231.17128482145267,79.81575759594357,324.66108899559464,65.06920089682775
2025,regime,Chicago,episode,pure_wind_run_days,14,0.0,0.0,0.0,0.0,0.0,0.0,0.0
2025,regime,Chicago,episode,low_wind_run_days,14,5.571428571428571,5.0,5.0,7.0,3.0,7.0,1.4525460784051258
2025,regime,Chicago,heat_only,no2_ppb,24,10.109441739583334,10.828819541666668,7.9161459375,11.9802603125,4.522222,16.814583250000002,3.3472952833842418
2025,regime,Chicago,heat_only,n_available_sites,24,3.6666666666666665,4.0,3.0,4.0,3.0,4.0,0.48154341234307685
2025,regime,Chicago,heat_only,temperature_2m_max,24,29.541666666666668,29.3,28.1,30.875,27.0,32.2,1.6823680687770382
2025,regime,Chicago,heat_only,wind_speed_10m_mean,24,16.273611111111112,15.660416666666666,13.735416666666666,17.822916666666668,11.266666666666666,27.875,3.776166291879788
2025,regime,Chicago,heat_only,relative_humidity_2m_mean,24,71.8888888888889,72.4375,68.09375,78.89583333333333,52.458333333333336,87.66666666666667,8.676882797904257
2025,regime,Chicago,heat_only,precipitation_sum,24,4.666666666666667,0.25,0.0,9.675,0.0,22.4,7.361218393165906
2025,regime,Chicago,heat_only,shortwave_radiation_sum,24,23.47935,24.343200000000003,22.404600000000002,26.0397,13.608,29.826,4.470855497650262
2025,regime,Chicago,heat_only,wind_direction_10m_dominant,24,203.8398176644042,205.29223164553957,178.75668268665584,218.6724633850591,134.552236605596,296.5761998110874,37.71655158750961
2025,regime,Chicago,heat_only,pure_wind_run_days,24,0.0,0.0,0.0,0.0,0.0,0.0,0.0
2025,regime,Chicago,heat_only,low_wind_run_days,24,0.0,0.0,0.0,0.0,0.0,0.0,0.0
2025,regime,Chicago,neither,no2_ppb,106,11.207593205974844,10.567708249999999,8.673958500000001,13.045312500000001,3.186111,22.05066275,4.266992146914787
2025,regime,Chicago,neither,n_available_sites,106,3.5754716981132075,4.0,3.0,4.0,2.0,4.0,0.5846954959642655
2025,regime,Chicago,neither,temperature_2m_max,106,17.119811320754714,18.1,12.225,21.975,3.9,26.2,5.8967371092401315
2025,regime,Chicago,neither,wind_speed_10m_mean,106,16.405856918238996,15.1375,12.658333333333333,19.701041666666665,10.745833333333332,28.7375,4.694894882293709
2025,regime,Chicago,neither,relative_humidity_2m_mean,106,71.44536163522014,71.4375,63.614583333333336,78.84375,49.41666666666666,93.16666666666669,10.472838014831781
2025,regime,Chicago,neither,precipitation_sum,106,2.6820754716981132,0.1,0.0,1.7,0.0,33.1,6.229970529163824
2025,regime,Chicago,neither,shortwave_radiation_sum,106,18.139279245283017,17.6796,13.5108,23.1534,4.7484,30.4308,6.440070163810581
2025,regime,Chicago,neither,wind_direction_10m_dominant,106,138.00204193038394,96.0627887945892,35.330598815251335,243.27162948677898,0.1528526832850116,359.4170846363575,113.76574565962667
2025,regime,Chicago,neither,pure_wind_run_days,106,0.0,0.0,0.0,0.0,0.0,0.0,0.0
2025,regime,Chicago,neither,low_wind_run_days,106,0.0,0.0,0.0,0.0,0.0,0.0,0.0
2025,regime,Chicago,other_compound,no2_ppb,10,18.211800899999997,17.9796875,13.979876166666667,21.5231534375,12.290624999999999,27.54963775,4.940154105190231
2025,regime,Chicago,other_compound,n_available_sites,10,3.7,4.0,3.25,4.0,3.0,4.0,0.48304589153964794
2025,regime,Chicago,other_compound,temperature_2m_max,10,28.089999999999996,27.55,27.200000000000003,29.15,26.9,30.0,1.128863735502799
2025,regime,Chicago,other_compound,wind_speed_10m_mean,10,8.893333333333334,9.154166666666667,7.835416666666667,9.780208333333334,7.395833333333333,10.179166666666667,1.0717493200083084
2025,regime,Chicago,other_compound,relative_humidity_2m_mean,10,74.325,75.0,73.8125,78.70833333333333,58.875,86.91666666666667,8.977720193709718
2025,regime,Chicago,other_compound,precipitation_sum,10,4.140000000000001,1.25,0.0,6.85,0.0,14.7,5.40004115210657
2025,regime,Chicago,other_compound,shortwave_radiation_sum,10,19.29996,18.2196,15.8247,21.5082,15.5592,25.6788,3.95331488449883
2025,regime,Chicago,other_compound,wind_direction_10m_dominant,10,172.640560494193,189.82799193546464,129.79146321591418,202.537586504589,94.29996033244636,244.53677292337727,50.32452568919652
2025,regime,Chicago,other_compound,pure_wind_run_days,10,0.0,0.0,0.0,0.0,0.0,0.0,0.0
2025,regime,Chicago,other_compound,low_wind_run_days,10,3.4,3.0,2.25,4.5,1.0,8.0,2.1186998109427604
2025,regime,Chicago,wind_only,no2_ppb,60,14.581996201388892,13.81356425,11.3901910625,17.747395770833336,6.3260415,27.057291749999997,4.65327759900512
2025,regime,Chicago,wind_only,n_available_sites,60,3.5833333333333335,4.0,3.0,4.0,2.0,4.0,0.5301636033600228
2025,regime,Chicago,wind_only,temperature_2m_max,60,21.011666666666667,22.700000000000003,18.275,25.4,7.5,26.7,5.195307258875484
2025,regime,Chicago,wind_only,wind_speed_10m_mean,60,8.875069444444444,8.991666666666667,8.077083333333334,9.940625,5.570833333333333,10.625,1.3237158639974655
2025,regime,Chicago,wind_only,relative_humidity_2m_mean,60,73.93888888888888,72.64583333333334,69.0,78.14583333333333,57.0,90.45833333333331,8.183387797502872
2025,regime,Chicago,wind_only,precipitation_sum,60,1.8800000000000001,0.0,0.0,0.8500000000000001,0.0,52.0,7.047293025201296
2025,regime,Chicago,wind_only,shortwave_radiation_sum,60,21.0084,21.240000000000002,17.078400000000002,25.2864,7.0632,31.0284,5.704296628605375
2025,regime,Chicago,wind_only,wind_direction_10m_dominant,60,113.31791207538274,74.3486528076979,52.522391423852426,153.59547994303335,9.481538863954947,349.9136566722788,89.13248775856472
2025,regime,Chicago,wind_only,pure_wind_run_days,60,2.3333333333333335,2.0,1.0,3.0,1.0,5.0,1.2975422225149513
2025,regime,Chicago,wind_only,low_wind_run_days,60,3.3333333333333335,3.0,1.75,5.0,1.0,8.0,2.274893677282051
2025,regime,Dallas,episode,no2_ppb,6,7.715319111111111,8.410145,6.198135,8.99139475,5.429848333333333,9.395833333333334,1.774595512214227
2025,regime,Dallas,episode,n_available_sites,6,3.0,3.0,3.0,3.0,3.0,3.0,0.0
2025,regime,Dallas,episode,temperature_2m_max,6,37.63333333333333,37.900000000000006,37.025,38.775,35.2,39.0,1.4541893503483874
2025,regime,Dallas,episode,wind_speed_10m_mean,6,7.370833333333334,6.972916666666666,6.737500000000001,7.952083333333334,6.508333333333333,8.833333333333334,0.9382089911694045
2025,regime,Dallas,episode,relative_humidity_2m_mean,6,51.631944444444436,52.29166666666666,48.166666666666664,53.697916666666664,43.25,61.0,6.1129085109269345
2025,regime,Dallas,episode,precipitation_sum,6,1.25,0.05,0.0,0.17500000000000002,0.0,7.2,2.915990397789403
2025,regime,Dallas,episode,shortwave_radiation_sum,6,24.883799999999997,24.8508,23.6439,26.0847,21.7332,28.1304,2.254234128035507
2025,regime,Dallas,episode,wind_direction_10m_dominant,6,157.08867269754657,174.39610964579373,137.4192217822546,186.8990699181612,66.11497198051816,211.46452907648185,52.79144383899011
2025,regime,Dallas,episode,pure_wind_run_days,6,0.0,0.0,0.0,0.0,0.0,0.0,0.0
2025,regime,Dallas,episode,low_wind_run_days,6,8.666666666666666,9.0,8.25,9.0,8.0,9.0,0.5163977794943223
2025,regime,Dallas,heat_only,no2_ppb,17,4.22053368627451,3.905060333333333,3.0975463333333333,5.300700666666667,2.5196970000000003,9.780707333333334,1.7754053864220876
2025,regime,Dallas,heat_only,n_available_sites,17,3.0,3.0,3.0,3.0,3.0,3.0,0.0
2025,regime,Dallas,heat_only,temperature_2m_max,17,36.03529411764706,35.8,35.5,36.6,35.1,37.4,0.6642111641550712
2025,regime,Dallas,heat_only,wind_speed_10m_mean,17,13.39877450980392,12.741666666666667,11.233333333333334,14.5,9.55,20.875,3.300634134116617
2025,regime,Dallas,heat_only,relative_humidity_2m_mean,17,60.296568627450974,60.79166666666666,58.208333333333336,61.91666666666666,54.458333333333336,66.625,3.2669457507584485
2025,regime,Dallas,heat_only,precipitation_sum,17,0.22352941176470587,0.0,0.0,0.1,0.0,1.8,0.5596085816942789
2025,regime,Dallas,heat_only,shortwave_radiation_sum,17,25.451788235294117,25.8552,23.7168,27.1764,19.5912,28.5876,2.540944187177857
2025,regime,Dallas,heat_only,wind_direction_10m_dominant,17,176.9848761149508,173.33459374764985,170.54921798676202,179.08435106092622,162.41526848437908,204.29111322643973,10.838522737224546
2025,regime,Dallas,heat_only,pure_wind_run_days,17,0.0,0.0,0.0,0.0,0.0,0.0,0.0
2025,regime,Dallas,heat_only,low_wind_run_days,17,0.0,0.0,0.0,0.0,0.0,0.0,0.0
2025,regime,Dallas,neither,no2_ppb,120,6.044661018055555,5.305368333333333,3.4982699999999998,7.790549416666667,1.8036363333333334,15.992575666666665,3.291135402475835
2025,regime,Dallas,neither,n_available_sites,120,2.908333333333333,3.0,3.0,3.0,2.0,3.0,0.28976470701963286
2025,regime,Dallas,neither,temperature_2m_max,120,29.624166666666667,30.9,27.175,33.225,8.7,35.0,4.568562575428101
2025,regime,Dallas,neither,wind_speed_10m_mean,120,14.407152777777776,12.993750000000002,10.673958333333331,16.690625,9.2375,28.266666666666666,4.551716202154911
2025,regime,Dallas,neither,relative_humidity_2m_mean,120,67.97986111111112,69.10416666666666,61.84375,74.61458333333333,35.75,92.54166666666669,11.151970689553476
2025,regime,Dallas,neither,precipitation_sum,120,4.384166666666667,0.3,0.0,2.8000000000000003,0.0,53.0,9.627499093509083
2025,regime,Dallas,neither,shortwave_radiation_sum,120,19.70127,20.424599999999998,15.4755,24.4422,4.5828,29.7684,6.121133453047467
2025,regime,Dallas,neither,wind_direction_10m_dominant,120,160.65941227253506,170.28882417046367,137.30649125469745,185.1238265975628,0.1899249019135559,358.36549244520126,70.37278041338722
2025,regime,Dallas,neither,pure_wind_run_days,120,0.0,0.0,0.0,0.0,0.0,0.0,0.0
2025,regime,Dallas,neither,low_wind_run_days,120,0.0,0.0,0.0,0.0,0.0,0.0,0.0
2025,regime,Dallas,other_compound,no2_ppb,6,7.89897488888889,6.512992499999999,6.28952975,9.8174285,4.950883666666667,12.283031333333334,2.9488255099237706
2025,regime,Dallas,other_compound,n_available_sites,6,2.6666666666666665,3.0,2.25,3.0,2.0,3.0,0.5163977794943222
2025,regime,Dallas,other_compound,temperature_2m_max,6,35.98333333333333,35.95,35.725,36.25,35.5,36.5,0.3816630276391286
2025,regime,Dallas,other_compound,wind_speed_10m_mean,6,8.143055555555556,8.341666666666667,7.549999999999999,8.867708333333333,6.908333333333334,8.9375,0.8530120923114923
2025,regime,Dallas,other_compound,relative_humidity_2m_mean,6,54.55555555555554,54.64583333333333,50.38541666666666,57.09375,48.66666666666666,62.5,5.226911310884459
2025,regime,Dallas,other_compound,precipitation_sum,6,0.05000000000000001,0.0,0.0,0.07500000000000001,0.0,0.2,0.08366600265340757
2025,regime,Dallas,other_compound,shortwave_radiation_sum,6,24.0408,23.5206,23.2272,24.1704,22.6296,27.0576,1.5814763532851195
2025,regime,Dallas,other_compound,wind_direction_10m_dominant,6,155.8965097574314,162.77361418263953,80.31432633350238,165.54148446934948,38.10266316285495,352.4371620677449,112.49283492829491
2025,regime,Dallas,other_compound,pure_wind_run_days,6,0.0,0.0,0.0,0.0,0.0,0.0,0.0
2025,regime,Dallas,other_compound,low_wind_run_days,6,6.0,8.0,4.25,8.0,1.0,8.0,3.1622776601683795
2025,regime,Dallas,wind_only,no2_ppb,65,10.699348456410256,10.171211666666666,7.975396666666666,12.685918000000001,3.3651516666666663,19.490744666666668,3.659812602768838
2025,regime,Dallas,wind_only,n_available_sites,65,2.953846153846154,3.0,3.0,3.0,2.0,3.0,0.2114510308831301
2025,regime,Dallas,wind_only,temperature_2m_max,65,30.173846153846153,31.3,28.3,32.8,18.9,34.9,3.5863576980638086
2025,regime,Dallas,wind_only,wind_speed_10m_mean,65,6.957692307692308,7.054166666666667,5.9375,7.979166666666667,4.358333333333333,9.05,1.2814674677337863
2025,regime,Dallas,wind_only,relative_humidity_2m_mean,65,65.33653846153845,62.625,57.66666666666666,72.08333333333333,49.083333333333336,89.41666666666667,10.353525580873056
2025,regime,Dallas,wind_only,precipitation_sum,65,1.5092307692307692,0.0,0.0,0.5,0.0,41.0,5.537901313813606
2025,regime,Dallas,wind_only,shortwave_radiation_sum,65,20.394775384615386,20.0628,18.252,23.2488,5.9292,28.872,4.565810325055632
2025,regime,Dallas,wind_only,wind_direction_10m_dominant,65,135.93919071425128,118.58509680318132,82.26695058748152,164.25111184978525,16.156418707909893,358.4198712661387,79.41536035369448
2025,regime,Dallas,wind_only,pure_wind_run_days,65,3.923076923076923,3.0,2.0,5.0,1.0,9.0,2.6710700823107176
2025,regime,Dallas,wind_only,low_wind_run_days,65,4.476923076923077,3.0,2.0,6.0,1.0,9.0,2.9848978851236074
2025,regime,Denver,heat_only,no2_ppb,39,12.901378887179488,12.821557799999999,10.95343295,14.551185,7.972029000000001,18.521783,2.826423114373921
2025,regime,Denver,heat_only,n_available_sites,39,4.641025641025641,5.0,4.0,5.0,4.0,5.0,0.48597051498058946
2025,regime,Denver,heat_only,temperature_2m_max,39,34.312820512820515,33.8,32.9,35.5,32.4,37.2,1.5030109232329705
2025,regime,Denver,heat_only,wind_speed_10m_mean,39,9.079059829059828,8.491666666666667,7.872916666666667,10.129166666666666,7.070833333333333,13.775,1.5508252398928961
2025,regime,Denver,heat_only,relative_humidity_2m_mean,39,37.199786324786324,36.75,31.75,42.60416666666666,24.0,49.625,7.09589430318077
2025,regime,Denver,heat_only,precipitation_sum,39,0.458974358974359,0.0,0.0,0.45,0.0,4.4,0.8984542130845884
2025,regime,Denver,heat_only,shortwave_radiation_sum,39,27.18443076923077,27.18,25.0506,28.9962,21.9708,32.2812,2.597302269071329
2025,regime,Denver,heat_only,wind_direction_10m_dominant,39,209.28152321543445,213.72415725469688,182.22865263568266,237.17466631735456,0.0794366687999533,346.94187679419724,60.653223371185625
2025,regime,Denver,heat_only,pure_wind_run_days,39,0.0,0.0,0.0,0.0,0.0,0.0,0.0
2025,regime,Denver,heat_only,low_wind_run_days,39,0.0,0.0,0.0,0.0,0.0,0.0,0.0
2025,regime,Denver,neither,no2_ppb,115,13.213641532463766,12.38478275,10.1178803,15.604728300000001,6.157292,27.8037148,4.247371437434821
2025,regime,Denver,neither,n_available_sites,115,4.739130434782608,5.0,4.5,5.0,3.0,5.0,0.46049089980415564
2025,regime,Denver,neither,temperature_2m_max,115,23.277391304347827,24.0,19.85,28.5,0.4,32.1,6.402590770430978
2025,regime,Denver,neither,wind_speed_10m_mean,115,8.879891304347826,8.3375,7.635416666666666,9.585416666666667,7.070833333333333,15.6125,1.6938277740922467
2025,regime,Denver,neither,relative_humidity_2m_mean,115,52.85905797101449,49.79166666666666,43.35416666666667,60.75,28.70833333333333,89.20833333333333,14.832136777631604
2025,regime,Denver,neither,precipitation_sum,115,2.008695652173913,0.2,0.0,1.95,0.0,24.3,3.9691477987932298
2025,regime,Denver,neither,shortwave_radiation_sum,115,21.39195130434782,21.8052,16.2774,26.1612,3.6684,31.4028,6.011648981161129
2025,regime,Denver,neither,wind_direction_10m_dominant,115,190.45790960719415,212.38437114781675,88.96838212313057,261.2094953908657,2.0121039015855016,344.4168202756068,95.67902593128754
2025,regime,Denver,neither,pure_wind_run_days,115,0.0,0.0,0.0,0.0,0.0,0.0,0.0
2025,regime,Denver,neither,low_wind_run_days,115,0.0,0.0,0.0,0.0,0.0,0.0,0.0
2025,regime,Denver,other_compound,no2_ppb,2,15.522898625,15.522898625,15.322142312499999,15.723654937500001,15.121386,15.92441125,0.5678245997390233
2025,regime,Denver,other_compound,n_available_sites,2,4.0,4.0,4.0,4.0,4.0,4.0,0.0
2025,regime,Denver,other_compound,temperature_2m_max,2,33.95,33.95,33.375,34.525,32.8,35.1,1.6263455967290623
2025,regime,Denver,other_compound,wind_speed_10m_mean,2,6.195833333333334,6.195833333333334,6.054166666666667,6.3375,5.9125000000000005,6.479166666666667,0.4006938426723768
2025,regime,Denver,other_compound,relative_humidity_2m_mean,2,36.375,36.375,35.854166666666664,36.89583333333333,35.333333333333336,37.41666666666666,1.4731391274719656
2025,regime,Denver,other_compound,precipitation_sum,2,0.15,0.15,0.075,0.22499999999999998,0.0,0.3,0.21213203435596426
2025,regime,Denver,other_compound,shortwave_radiation_sum,2,26.46,26.46,25.2864,27.6336,24.1128,28.8072,3.3194420736021297
2025,regime,Denver,other_compound,wind_direction_10m_dominant,2,229.8548647440351,229.8548647440351,222.48338886355344,237.22634062451675,215.11191298307176,244.59781650499843,20.849682329766654
2025,regime,Denver,other_compound,pure_wind_run_days,2,0.0,0.0,0.0,0.0,0.0,0.0,0.0
2025,regime,Denver,other_compound,low_wind_run_days,2,1.5,1.5,1.25,1.75,1.0,2.0,0.7071067811865476
2025,regime,Denver,wind_only,no2_ppb,58,14.009333030459768,12.687077000000002,11.2550825625,16.1888397,6.952944,25.736582,4.4930440690925675
2025,regime,Denver,wind_only,n_available_sites,58,4.775862068965517,5.0,5.0,5.0,3.0,5.0,0.46047661990959277
2025,regime,Denver,wind_only,temperature_2m_max,58,22.81551724137931,23.95,20.025,27.025000000000002,5.4,31.7,5.92200184634542
2025,regime,Denver,wind_only,wind_speed_10m_mean,58,6.000646551724137,6.1625000000000005,5.310416666666667,6.639583333333333,4.2875000000000005,7.066666666666666,0.7961518076694589
2025,regime,Denver,wind_only,relative_humidity_2m_mean,58,60.525143678160916,61.0,50.28124999999999,69.72916666666666,35.958333333333336,85.66666666666667,12.949394821614291
2025,regime,Denver,wind_only,precipitation_sum,58,2.1189655172413793,0.6000000000000001,0.0,2.775,0.0,13.3,3.166793546666901
2025,regime,Denver,wind_only,shortwave_radiation_sum,58,20.653510344827588,21.114,17.5311,24.2127,7.1316,30.6144,5.141935977297651
2025,regime,Denver,wind_only,wind_direction_10m_dominant,58,176.7450737099892,190.62784216695695,102.27574514423877,250.86711119414625,2.6212782452823653,355.8311381386033,98.63768995094973
2025,regime,Denver,wind_only,pure_wind_run_days,58,3.310344827586207,1.5,1.0,3.0,1.0,11.0,3.807687959681848
2025,regime,Denver,wind_only,low_wind_run_days,58,3.3275862068965516,2.0,1.0,3.0,1.0,11.0,3.7992978623456146
2025,regime,Houston,episode,no2_ppb,4,6.07740385,5.39161305,4.984835175,6.484181725000001,4.74075,8.7856393,1.850548761083898
2025,regime,Houston,episode,n_available_sites,4,10.0,10.0,10.0,10.0,10.0,10.0,0.0
2025,regime,Houston,episode,temperature_2m_max,4,34.525,34.5,34.475,34.55,34.4,34.7,0.12583057392118097
2025,regime,Houston,episode,wind_speed_10m_mean,4,6.372916666666666,6.204166666666666,5.725,6.852083333333333,5.1875,7.895833333333333,1.1491215445174083
2025,regime,Houston,episode,relative_humidity_2m_mean,4,75.95833333333333,76.29166666666666,75.32291666666667,76.92708333333333,72.91666666666667,78.33333333333333,2.24871362404441
2025,regime,Houston,episode,precipitation_sum,4,0.45000000000000007,0.05,0.0,0.5,0.0,1.7000000000000002,0.834665601703261
2025,regime,Houston,episode,shortwave_radiation_sum,4,24.944399999999998,24.4908,23.9022,25.533,23.4972,27.2988,1.6793450151770486
2025,regime,Houston,episode,wind_direction_10m_dominant,4,206.10761880366655,180.942739190487,177.42379305796555,209.626564936188,171.77123554714058,290.7737612865516,56.62517141228175
2025,regime,Houston,episode,pure_wind_run_days,4,0.0,0.0,0.0,0.0,0.0,0.0,0.0
2025,regime,Houston,episode,low_wind_run_days,4,7.5,7.5,3.0,12.0,3.0,12.0,5.196152422706632
2025,regime,Houston,heat_only,no2_ppb,5,6.328652699999999,4.7662501,4.1976087,8.12625,3.8489880000000003,10.7041667,2.9794154735456138
2025,regime,Houston,heat_only,n_available_sites,5,9.8,10.0,10.0,10.0,9.0,10.0,0.4472135954999579
2025,regime,Houston,heat_only,temperature_2m_max,5,33.82,33.7,33.6,33.9,33.6,34.3,0.29495762407505044
2025,regime,Houston,heat_only,wind_speed_10m_mean,5,10.034166666666668,10.091666666666669,10.004166666666666,10.125,8.404166666666667,11.545833333333334,1.112934528123236
2025,regime,Houston,heat_only,relative_humidity_2m_mean,5,77.24166666666666,76.70833333333333,76.58333333333333,77.95833333333333,75.875,79.08333333333333,1.2738693243639838
2025,regime,Houston,heat_only,precipitation_sum,5,0.4,0.0,0.0,0.1,0.0,1.9,0.8396427811873333
2025,regime,Houston,heat_only,shortwave_radiation_sum,5,23.07312,24.894,24.7968,25.3008,14.7636,25.6104,4.65658531887906
2025,regime,Houston,heat_only,wind_direction_10m_dominant,5,207.98042292973793,181.28865204936452,174.54510764508828,225.9428172379036,173.07203324674663,285.0535044695867,48.24902620391434
2025,regime,Houston,heat_only,pure_wind_run_days,5,0.0,0.0,0.0,0.0,0.0,0.0,0.0
2025,regime,Houston,heat_only,low_wind_run_days,5,0.0,0.0,0.0,0.0,0.0,0.0,0.0
2025,regime,Houston,neither,no2_ppb,119,6.982035955415501,6.281363600000001,4.375252555555555,9.3237743125,1.9076262222222222,17.661666599999997,3.4648860432065747
2025,regime,Houston,neither,n_available_sites,119,9.453781512605042,10.0,9.0,10.0,8.0,10.0,0.5930086911596767
2025,regime,Houston,neither,temperature_2m_max,119,29.6672268907563,30.4,28.2,31.8,15.6,33.4,3.012659989244751
2025,regime,Houston,neither,wind_speed_10m_mean,119,12.707703081232493,11.208333333333334,9.683333333333334,14.366666666666667,8.2125,27.9,4.28227132540742
2025,regime,Houston,neither,relative_humidity_2m_mean,119,77.08648459383751,79.20833333333333,75.35416666666666,81.95833333333333,40.54166666666666,88.95833333333333,8.378542901824718
2025,regime,Houston,neither,precipitation_sum,119,4.671428571428571,1.1,0.0,4.5,0.0,61.1,9.434296816216081
2025,regime,Houston,neither,shortwave_radiation_sum,119,19.720769747899155,19.9548,16.5852,22.9968,5.8032,28.1052,4.592929685065776
2025,regime,Houston,neither,wind_direction_10m_dominant,119,162.07179260659612,157.7694125514321,140.51910914352578,175.4162677267018,23.40465708421132,356.6995019662218,62.73890417696327
2025,regime,Houston,neither,pure_wind_run_days,119,0.0,0.0,0.0,0.0,0.0,0.0,0.0
2025,regime,Houston,neither,low_wind_run_days,119,0.0,0.0,0.0,0.0,0.0,0.0,0.0
2025,regime,Houston,other_compound,no2_ppb,9,8.408377962962964,7.5868183,6.9333214,9.4793183,5.6706704000000006,13.6610688,2.4533238461259494
2025,regime,Houston,other_compound,n_available_sites,9,9.88888888888889,10.0,10.0,10.0,9.0,10.0,0.33333333333333337
2025,regime,Houston,other_compound,temperature_2m_max,9,33.96666666666667,33.7,33.6,34.0,33.5,35.0,0.5499999999999989
2025,regime,Houston,other_compound,wind_speed_10m_mean,9,5.8671296296296305,5.929166666666667,5.620833333333334,6.595833333333334,4.375,7.316666666666666,0.9636164260287107
2025,regime,Houston,other_compound,relative_humidity_2m_mean,9,75.42129629629629,77.41666666666667,74.70833333333333,77.75,64.83333333333333,79.25,4.511243883172002
2025,regime,Houston,other_compound,precipitation_sum,9,0.3222222222222222,0.1,0.0,0.5,0.0,1.2,0.4265494630689909
2025,regime,Houston,other_compound,shortwave_radiation_sum,9,23.647199999999998,23.8608,22.7088,24.228,20.2068,28.1592,2.1937030610362918
2025,regime,Houston,other_compound,wind_direction_10m_dominant,9,195.83702614197605,203.0719427311556,174.2961141952388,237.706972121337,11.30887263066011,330.44058588367284,88.02431698515038
2025,regime,Houston,other_compound,pure_wind_run_days,9,0.0,0.0,0.0,0.0,0.0,0.0,0.0
2025,regime,Houston,other_compound,low_wind_run_days,9,14.666666666666666,17.0,12.0,17.0,6.0,17.0,3.905124837953327
2025,regime,Houston,wind_only,no2_ppb,77,11.144987075824572,11.041956666666668,8.122569888888888,13.4496014,5.7300129,21.0999637,3.612307110482178
2025,regime,Houston,wind_only,n_available_sites,77,9.64935064935065,10.0,9.0,10.0,7.0,10.0,0.6018881205321557
2025,regime,Houston,wind_only,temperature_2m_max,77,30.906493506493515,31.3,30.3,32.1,22.3,33.4,1.965648256691982
2025,regime,Houston,wind_only,wind_speed_10m_mean,77,6.5552489177489175,6.508333333333333,5.825,7.470833333333334,4.104166666666667,8.104166666666666,0.9943878985855295
2025,regime,Houston,wind_only,relative_humidity_2m_mean,77,78.60335497835497,80.41666666666667,75.25,83.25,55.375,92.25,7.102681297582091
2025,regime,Houston,wind_only,precipitation_sum,77,4.1688311688311686,0.9,0.0,4.3,0.0,37.1,7.588361235961081
2025,regime,Houston,wind_only,shortwave_radiation_sum,77,19.419148051948056,19.9548,17.6184,21.6828,6.03,26.7948,3.7746998784012926
2025,regime,Houston,wind_only,wind_direction_10m_dominant,77,131.63090532809662,122.98432682403153,72.27650404405576,172.54027057458018,17.104335189958398,358.57865419170497,77.95980315084509
2025,regime,Houston,wind_only,pure_wind_run_days,77,4.636363636363637,4.0,3.0,5.0,1.0,9.0,2.7668578554642984
2025,regime,Houston,wind_only,low_wind_run_days,77,7.584415584415584,6.0,3.0,9.0,1.0,17.0,5.071464673078207
2025,regime,Los Angeles,episode,no2_ppb,9,16.291164726984125,14.74962407142857,13.047222285714286,15.6186904,8.094047642857143,26.778087142857146,6.125643157783802
2025,regime,Los Angeles,episode,n_available_sites,9,6.777777777777778,7.0,7.0,7.0,5.0,7.0,0.6666666666666667
2025,regime,Los Angeles,episode,temperature_2m_max,9,34.05555555555556,33.7,33.1,35.1,32.5,35.6,1.1555422007775298
2025,regime,Los Angeles,episode,wind_speed_10m_mean,9,5.81851851851852,5.995833333333334,5.425,6.029166666666666,4.925,6.370833333333334,0.48252496657084765
2025,regime,Los Angeles,episode,relative_humidity_2m_mean,9,49.99074074074073,51.083333333333336,47.04166666666666,53.833333333333336,39.41666666666666,57.625,5.685087162865909
2025,regime,Los Angeles,episode,precipitation_sum,9,0.0,0.0,0.0,0.0,0.0,0.0,0.0
2025,regime,Los Angeles,episode,shortwave_radiation_sum,9,24.4496,25.9344,25.1136,27.1008,16.711199999999998,28.6848,4.5454067144756145
2025,regime,Los Angeles,episode,wind_direction_10m_dominant,9,173.79372240575626,216.1088243448941,207.5797744447937,221.91137975693604,13.107043555870836,225.2537276972528,87.67266964050465
2025,regime,Los Angeles,episode,pure_wind_run_days,9,0.0,0.0,0.0,0.0,0.0,0.0,0.0
2025,regime,Los Angeles,episode,low_wind_run_days,9,4.444444444444445,4.0,3.0,4.0,2.0,9.0,2.6977356760397746
2025,regime,Los Angeles,heat_only,no2_ppb,10,11.812073361904762,11.94523817857143,9.179613,13.411408708333333,7.784821285714286,16.556845142857142,3.0417770349638382
2025,regime,Los Angeles,heat_only,n_available_sites,10,6.9,7.0,7.0,7.0,6.0,7.0,0.31622776601683794
2025,regime,Los Angeles,heat_only,temperature_2m_max,10,33.58,33.4,32.65,34.275,32.4,35.5,1.048596946188361
2025,regime,Los Angeles,heat_only,wind_speed_10m_mean,10,6.717916666666667,6.679166666666667,6.512500000000001,6.8375,6.425,7.1875,0.2458454956187918
2025,regime,Los Angeles,heat_only,relative_humidity_2m_mean,10,54.56666666666666,55.8125,52.458333333333336,57.24999999999999,43.29166666666666,59.958333333333336,4.9002865877390605
2025,regime,Los Angeles,heat_only,precipitation_sum,10,0.01,0.0,0.0,0.0,0.0,0.1,0.03162277660168379
2025,regime,Los Angeles,heat_only,shortwave_radiation_sum,10,25.451639999999998,24.9048,24.156,27.7191,17.5716,31.2912,3.7456163626297876
2025,regime,Los Angeles,heat_only,wind_direction_10m_dominant,10,216.30948401332518,217.16114616253782,204.1186925857288,226.19414889836133,196.99071980458555,240.54887013008957,13.97888948266074
2025,regime,Los Angeles,heat_only,pure_wind_run_days,10,0.0,0.0,0.0,0.0,0.0,0.0,0.0
2025,regime,Los Angeles,heat_only,low_wind_run_days,10,0.0,0.0,0.0,0.0,0.0,0.0,0.0
2025,regime,Los Angeles,neither,no2_ppb,131,8.058926192293713,7.857945,6.3161904642857145,9.215625035714286,3.554761785714286,16.18898792857143,2.4870414818383426
2025,regime,Los Angeles,neither,n_available_sites,131,6.99236641221374,7.0,7.0,7.0,6.0,7.0,0.08737040566610378
2025,regime,Los Angeles,neither,temperature_2m_max,131,25.269465648854965,26.0,23.0,27.65,16.3,32.3,3.6617333669635204
2025,regime,Los Angeles,neither,wind_speed_10m_mean,131,7.613136132315522,7.508333333333333,6.935416666666667,7.9624999999999995,6.420833333333333,13.9875,1.099003709815707
2025,regime,Los Angeles,neither,relative_humidity_2m_mean,131,66.45388040712467,67.875,63.4375,71.04166666666666,33.208333333333336,80.45833333333333,7.053447988267465
2025,regime,Los Angeles,neither,precipitation_sum,131,0.44351145038167944,0.0,0.0,0.0,0.0,41.2,3.632526123293037
2025,regime,Los Angeles,neither,shortwave_radiation_sum,131,26.179419847328244,27.7416,24.8868,29.242800000000003,7.851599999999999,31.5108,4.744034906918856
2025,regime,Los Angeles,neither,wind_direction_10m_dominant,131,207.02290621605016,204.1666608254378,195.2297552647005,213.1707846036751,150.413421645962,334.34177142642454,22.51435700795465
2025,regime,Los Angeles,neither,pure_wind_run_days,131,0.0,0.0,0.0,0.0,0.0,0.0,0.0
2025,regime,Los Angeles,neither,low_wind_run_days,131,0.0,0.0,0.0,0.0,0.0,0.0,0.0
2025,regime,Los Angeles,other_compound,no2_ppb,5,12.577030757142857,12.02636057142857,11.485876428571428,13.16845242857143,10.440773857142858,15.763690500000001,2.034823633338655
2025,regime,Los Angeles,other_compound,n_available_sites,5,7.0,7.0,7.0,7.0,7.0,7.0,0.0
2025,regime,Los Angeles,other_compound,temperature_2m_max,5,34.440000000000005,34.4,32.9,34.9,32.6,37.4,1.919114379082184
2025,regime,Los Angeles,other_compound,wind_speed_10m_mean,5,5.785833333333334,5.979166666666667,5.870833333333334,6.070833333333333,4.6875,6.320833333333333,0.6360795722409438
2025,regime,Los Angeles,other_compound,relative_humidity_2m_mean,5,54.20833333333333,55.625,51.16666666666666,58.583333333333336,42.5,63.16666666666666,7.869817518708916
2025,regime,Los Angeles,other_compound,precipitation_sum,5,0.0,0.0,0.0,0.0,0.0,0.0,0.0
2025,regime,Los Angeles,other_compound,shortwave_radiation_sum,5,26.082,25.0452,23.9076,29.6136,22.1112,29.7324,3.4412149366175897
2025,regime,Los Angeles,other_compound,wind_direction_10m_dominant,5,223.6194768540178,216.40175131622908,215.37444352259803,232.3819349767352,212.46673343204384,241.4725210224828,12.648830784355054
2025,regime,Los Angeles,other_compound,pure_wind_run_days,5,0.0,0.0,0.0,0.0,0.0,0.0,0.0
2025,regime,Los Angeles,other_compound,low_wind_run_days,5,2.6,2.0,2.0,4.0,1.0,4.0,1.3416407864998738
2025,regime,Los Angeles,wind_only,no2_ppb,59,13.113335361783696,11.752678428571429,9.928901892857143,15.797956595238094,5.303869071428571,26.727579333333335,4.797425319449574
2025,regime,Los Angeles,wind_only,n_available_sites,59,6.898305084745763,7.0,7.0,7.0,5.0,7.0,0.35694659381449295
2025,regime,Los Angeles,wind_only,temperature_2m_max,59,26.728813559322038,26.8,24.9,29.85,17.5,32.2,3.596360749014809
2025,regime,Los Angeles,wind_only,wind_speed_10m_mean,59,5.524293785310735,5.595833333333334,4.927083333333334,6.112500000000001,4.2875,6.404166666666666,0.6516617575872531
2025,regime,Los Angeles,wind_only,relative_humidity_2m_mean,59,65.5367231638418,65.33333333333333,59.3125,72.85416666666666,47.54166666666666,82.79166666666667,8.381324043196253
2025,regime,Los Angeles,wind_only,precipitation_sum,59,0.18305084745762715,0.0,0.0,0.0,0.0,8.8,1.1475840503171755
2025,regime,Los Angeles,wind_only,shortwave_radiation_sum,59,20.818800000000003,19.1232,16.714799999999997,25.3656,9.6048,31.4388,5.138064021292121
2025,regime,Los Angeles,wind_only,wind_direction_10m_dominant,59,211.24595619534531,207.7845091166101,199.9783429906082,226.41332759772058,13.411834900362765,344.98267038624687,42.49362307432192
2025,regime,Los Angeles,wind_only,pure_wind_run_days,59,4.423728813559322,5.0,2.0,7.0,1.0,9.0,2.847887237636595
2025,regime,Los Angeles,wind_only,low_wind_run_days,59,5.3559322033898304,5.0,3.0,9.0,1.0,9.0,2.857311926199209
2025,regime,New York,episode,no2_ppb,7,15.408579579081634,15.06222942857143,13.2169216875,18.3827753125,10.679288125,18.9191455,3.2748592637864924
2025,regime,New York,episode,n_available_sites,7,7.857142857142857,8.0,8.0,8.0,7.0,8.0,0.37796447300922725
2025,regime,New York,episode,temperature_2m_max,7,32.628571428571426,32.2,31.200000000000003,33.95,30.2,35.7,2.031185438534426
2025,regime,New York,episode,wind_speed_10m_mean,7,6.426785714285714,7.079166666666667,5.389583333333333,7.285416666666666,4.558333333333334,8.0,1.346387607617914
2025,regime,New York,episode,relative_humidity_2m_mean,7,73.67857142857143,71.54166666666667,69.52083333333334,79.08333333333334,66.29166666666667,80.70833333333333,5.854263753925773
2025,regime,New York,episode,precipitation_sum,7,4.0285714285714285,1.0,0.4,4.0,0.0,18.4,6.642969789111464
2025,regime,New York,episode,shortwave_radiation_sum,7,22.2912,23.868,21.339,24.6204,14.4432,25.8084,4.037997682020137
2025,regime,New York,episode,wind_direction_10m_dominant,7,259.2619576518685,247.48833524958823,230.8372870831474,279.2198390125302,212.94472886155296,334.2863872605831,43.73050605264314
2025,regime,New York,episode,pure_wind_run_days,7,0.0,0.0,0.0,0.0,0.0,0.0,0.0
2025,regime,New York,episode,low_wind_run_days,7,3.2857142857142856,3.0,2.5,4.0,2.0,5.0,1.2535663410560174
2025,regime,New York,heat_only,no2_ppb,20,12.343787383035714,11.860714330357142,10.2128191875,15.202425683035715,7.466314142857143,17.3424705,3.0504216676675284
2025,regime,New York,heat_only,n_available_sites,20,7.45,7.5,7.0,8.0,6.0,8.0,0.6048053188292994
2025,regime,New York,heat_only,temperature_2m_max,20,31.05,30.65,29.675,31.6,28.8,36.6,1.94949386143929
2025,regime,New York,heat_only,wind_speed_10m_mean,20,10.583333333333334,10.806250000000002,9.026041666666668,11.398958333333333,8.283333333333333,15.041666666666666,1.7567596058839403
2025,regime,New York,heat_only,relative_humidity_2m_mean,20,70.56458333333333,70.625,64.55208333333333,78.89583333333333,58.41666666666666,83.20833333333333,8.23446254197948
2025,regime,New York,heat_only,precipitation_sum,20,5.64,0.15000000000000002,0.0,5.3,0.0,35.5,10.51126713779577
2025,regime,New York,heat_only,shortwave_radiation_sum,20,22.52106,23.2416,19.548000000000002,26.5095,12.636,29.0412,4.965424587601537
2025,regime,New York,heat_only,wind_direction_10m_dominant,20,222.30952109024756,224.64201353475272,207.70439696496598,260.75859072865586,26.79654774254571,344.5270095036189,71.69219815760209
2025,regime,New York,heat_only,pure_wind_run_days,20,0.0,0.0,0.0,0.0,0.0,0.0,0.0
2025,regime,New York,heat_only,low_wind_run_days,20,0.0,0.0,0.0,0.0,0.0,0.0,0.0
2025,regime,New York,neither,no2_ppb,133,12.151496187262797,11.47163825,8.748809571428572,14.766666571428571,3.8662365000000003,27.355683874999997,4.659467744024615
2025,regime,New York,neither,n_available_sites,133,7.360902255639098,7.0,7.0,8.0,5.0,8.0,0.6317165871134519
2025,regime,New York,neither,temperature_2m_max,133,20.50676691729323,21.1,17.2,24.6,5.1,28.7,5.33844256440422
2025,regime,New York,neither,wind_speed_10m_mean,133,12.721334586466165,11.829166666666666,9.3625,14.579166666666667,8.1625,26.96666666666667,3.9198965176881826
2025,regime,New York,neither,relative_humidity_2m_mean,133,69.09398496240601,67.41666666666667,59.083333333333336,78.875,42.16666666666666,92.54166666666669,11.912696739014713
2025,regime,New York,neither,precipitation_sum,133,3.145864661654135,0.1,0.0,3.8,0.0,38.4,6.030258440592132
2025,regime,New York,neither,shortwave_radiation_sum,133,15.77067969924812,16.0992,10.0368,21.9312,1.2276,29.8224,7.649098569189422
2025,regime,New York,neither,wind_direction_10m_dominant,133,175.39084505369817,188.35295624368368,82.22836651773062,275.19530791978207,5.695110839049583,351.4937659341677,104.19613399668066
2025,regime,New York,neither,pure_wind_run_days,133,0.0,0.0,0.0,0.0,0.0,0.0,0.0
2025,regime,New York,neither,low_wind_run_days,133,0.0,0.0,0.0,0.0,0.0,0.0,0.0
2025,regime,New York,other_compound,no2_ppb,11,13.840616131493507,13.824153125,12.006405285714287,16.750660142857143,6.686490624999999,19.887691875,3.796485066885734
2025,regime,New York,other_compound,n_available_sites,11,7.363636363636363,7.0,7.0,8.0,7.0,8.0,0.504524979109513
2025,regime,New York,other_compound,temperature_2m_max,11,31.127272727272725,29.9,29.65,31.6,29.4,35.2,2.0866676348143756
2025,regime,New York,other_compound,wind_speed_10m_mean,11,6.856439393939394,7.291666666666667,6.4125,7.725,4.3875,7.975,1.2445650785911055
2025,regime,New York,other_compound,relative_humidity_2m_mean,11,72.22727272727273,73.0,66.35416666666666,77.9375,60.0,83.54166666666667,7.776954997967009
2025,regime,New York,other_compound,precipitation_sum,11,2.2363636363636363,0.4,0.15,2.3,0.0,11.5,3.706284588984696
2025,regime,New York,other_compound,shortwave_radiation_sum,11,23.50341818181818,23.7528,20.4894,26.647199999999998,17.424,28.1016,3.80206841122518
2025,regime,New York,other_compound,wind_direction_10m_dominant,11,210.90523669760557,209.41859470717583,184.43178323421807,230.27287825942068,128.87998069025014,319.2377503305882,50.48142192299396
2025,regime,New York,other_compound,pure_wind_run_days,11,0.0,0.0,0.0,0.0,0.0,0.0,0.0
2025,regime,New York,other_compound,low_wind_run_days,11,2.090909090909091,2.0,1.0,3.0,1.0,4.0,1.1361818036340359
2025,regime,New York,wind_only,no2_ppb,43,15.814652757336653,15.702819571428572,12.632247035714286,18.443973098214286,7.485937625,22.537499999999998,3.7929889394915017
2025,regime,New York,wind_only,n_available_sites,43,7.441860465116279,8.0,7.0,8.0,6.0,8.0,0.6287677132370127
2025,regime,New York,wind_only,temperature_2m_max,43,23.85116279069767,24.3,21.65,26.75,12.5,28.3,3.7469588997849628
2025,regime,New York,wind_only,wind_speed_10m_mean,43,6.875775193798449,6.854166666666667,6.3916666666666675,7.366666666666667,4.870833333333334,8.041666666666666,0.806245901415874
2025,regime,New York,wind_only,relative_humidity_2m_mean,43,72.81104651162791,74.04166666666667,66.66666666666667,78.39583333333334,49.16666666666666,89.79166666666667,8.88016071747328
2025,regime,New York,wind_only,precipitation_sum,43,1.2883720930232558,0.0,0.0,1.35,0.0,12.5,2.7433217006921327
2025,regime,New York,wind_only,shortwave_radiation_sum,43,18.08447441860465,17.945999999999998,13.689,22.2984,4.914,30.276,5.842902578916661
2025,regime,New York,wind_only,wind_direction_10m_dominant,43,167.79395401329757,157.34054791790794,101.83790615085661,235.77119901440346,0.8318045592801674,356.5970308666871,98.4470863304919
2025,regime,New York,wind_only,pure_wind_run_days,43,2.2093023255813953,2.0,1.0,3.0,1.0,4.0,1.0814042796044612
2025,regime,New York,wind_only,low_wind_run_days,43,2.5813953488372094,2.0,1.5,4.0,1.0,5.0,1.3135295624409915
2025,regime,Philadelphia,episode,no2_ppb,10,8.300528475,8.34983875,6.8114533,10.367536274999999,2.799745,11.7168122,2.6702999101920137
2025,regime,Philadelphia,episode,n_available_sites,10,4.5,4.5,4.0,5.0,4.0,5.0,0.5270462766947299
2025,regime,Philadelphia,episode,temperature_2m_max,10,33.22,32.5,31.8,34.7,31.4,36.0,1.6956152603438996
2025,regime,Philadelphia,episode,wind_speed_10m_mean,10,6.277083333333334,6.510416666666666,5.810416666666667,6.9625,4.170833333333333,7.395833333333333,1.0107681232973633
2025,regime,Philadelphia,episode,relative_humidity_2m_mean,10,72.52916666666667,73.85416666666666,66.28125,77.57291666666667,61.833333333333336,82.58333333333333,7.016488792062292
2025,regime,Philadelphia,episode,precipitation_sum,10,2.0200000000000005,0.8999999999999999,0.0,2.3000000000000003,0.0,8.2,2.7887870720679504
2025,regime,Philadelphia,episode,shortwave_radiation_sum,10,22.09608,22.7916,20.1789,24.4854,14.9616,26.8992,3.985472547139172
2025,regime,Philadelphia,episode,wind_direction_10m_dominant,10,215.1140922453431,213.87563452851282,181.65088241814857,260.47631088116964,116.54071142292906,320.90015454347656,63.96092993079185
2025,regime,Philadelphia,episode,pure_wind_run_days,10,0.0,0.0,0.0,0.0,0.0,0.0,0.0
2025,regime,Philadelphia,episode,low_wind_run_days,10,4.1,3.5,3.0,5.5,3.0,6.0,1.3703203194062976
2025,regime,Philadelphia,heat_only,no2_ppb,23,9.002978282608694,9.6285682,7.836691699999999,10.53232725,1.9211542499999998,14.20956,2.7425210637564654
2025,regime,Philadelphia,heat_only,n_available_sites,23,4.739130434782608,5.0,4.5,5.0,4.0,5.0,0.4489777585448795
2025,regime,Philadelphia,heat_only,temperature_2m_max,23,33.23478260869565,32.7,31.65,33.849999999999994,30.9,38.8,2.214540521941325
2025,regime,Philadelphia,heat_only,wind_speed_10m_mean,23,9.834057971014493,9.595833333333331,8.545833333333334,10.245833333333334,7.866666666666667,13.741666666666667,1.7176954534285258
2025,regime,Philadelphia,heat_only,relative_humidity_2m_mean,23,68.46014492753623,67.66666666666667,59.3125,76.72916666666666,53.458333333333336,83.54166666666667,9.04090275942143
2025,regime,Philadelphia,heat_only,precipitation_sum,23,5.1130434782608685,0.8,0.0,2.4,0.0,55.7,12.769754904312203
2025,regime,Philadelphia,heat_only,shortwave_radiation_sum,23,23.14486956521739,24.57,18.8874,26.150399999999998,11.4228,29.8404,4.763105408185522
2025,regime,Philadelphia,heat_only,wind_direction_10m_dominant,23,223.883699974748,233.2137921689637,203.75664557718423,256.9488608854799,64.71954982813523,333.73497268850684,68.87560134767462
2025,regime,Philadelphia,heat_only,pure_wind_run_days,23,0.0,0.0,0.0,0.0,0.0,0.0,0.0
2025,regime,Philadelphia,heat_only,low_wind_run_days,23,0.0,0.0,0.0,0.0,0.0,0.0,0.0
2025,regime,Philadelphia,neither,no2_ppb,129,8.403883615116278,8.353025800000001,6.507309000000001,10.4294638,2.6477437999999998,16.0060928,2.7784844171818524
2025,regime,Philadelphia,neither,n_available_sites,129,4.728682170542636,5.0,4.0,5.0,4.0,5.0,0.44637319700868233
2025,regime,Philadelphia,neither,temperature_2m_max,129,22.133333333333333,22.6,18.7,26.3,6.4,30.8,5.475604038216545
2025,regime,Philadelphia,neither,wind_speed_10m_mean,129,12.672545219638241,11.554166666666667,9.816666666666666,14.775,7.891666666666667,25.058333333333334,3.793393487433115
2025,regime,Philadelphia,neither,relative_humidity_2m_mean,129,64.21770025839794,62.583333333333336,53.5,76.625,33.25,90.66666666666669,14.325965812097404
2025,regime,Philadelphia,neither,precipitation_sum,129,3.06046511627907,0.1,0.0,2.6,0.0,45.2,6.289070611543231
2025,regime,Philadelphia,neither,shortwave_radiation_sum,129,15.952074418604653,16.3116,10.0872,23.0184,1.422,30.1644,7.82327806353696
2025,regime,Philadelphia,neither,wind_direction_10m_dominant,129,182.6316761420887,203.08569914458187,75.21234561759776,281.3578788408713,3.152596551361217,354.0581551918467,108.26555146207015
2025,regime,Philadelphia,neither,pure_wind_run_days,129,0.0,0.0,0.0,0.0,0.0,0.0,0.0
2025,regime,Philadelphia,neither,low_wind_run_days,129,0.0,0.0,0.0,0.0,0.0,0.0,0.0
2025,regime,Philadelphia,other_compound,no2_ppb,5,7.513559320000001,7.9252866,6.6494254,8.291358800000001,6.2111002,8.4906256,1.0213076288101506
2025,regime,Philadelphia,other_compound,n_available_sites,5,5.0,5.0,5.0,5.0,5.0,5.0,0.0
2025,regime,Philadelphia,other_compound,temperature_2m_max,5,31.619999999999997,31.4,31.3,31.9,30.9,32.6,0.6534523701081825
2025,regime,Philadelphia,other_compound,wind_speed_10m_mean,5,6.477500000000001,7.104166666666667,6.154166666666666,7.354166666666667,4.1625000000000005,7.6125,1.406524973116368
2025,regime,Philadelphia,other_compound,relative_humidity_2m_mean,5,74.24166666666666,76.625,75.625,79.625,57.5,81.83333333333333,9.675884613592473
2025,regime,Philadelphia,other_compound,precipitation_sum,5,7.659999999999999,6.6,6.1000000000000005,11.7,0.0,13.9,5.419686337787455
2025,regime,Philadelphia,other_compound,shortwave_radiation_sum,5,19.81656,18.7164,16.0164,22.8996,12.906,28.5444,6.1050744113401265
2025,regime,Philadelphia,other_compound,wind_direction_10m_dominant,5,182.96189467010254,168.15529570788917,159.376886597653,198.59526761294768,111.38342059175112,277.29860284027166,61.32451138807444
2025,regime,Philadelphia,other_compound,pure_wind_run_days,5,0.0,0.0,0.0,0.0,0.0,0.0,0.0
2025,regime,Philadelphia,other_compound,low_wind_run_days,5,2.2,2.0,2.0,2.0,1.0,4.0,1.0954451150103321
2025,regime,Philadelphia,wind_only,no2_ppb,47,9.398959626595744,9.523031999999999,6.897086425,11.521284125,4.0626022,20.1639264,2.9154420458510963
2025,regime,Philadelphia,wind_only,n_available_sites,47,4.723404255319149,5.0,4.0,5.0,4.0,5.0,0.4521507857175268
2025,regime,Philadelphia,wind_only,temperature_2m_max,47,26.70212765957447,27.4,25.4,29.2,15.6,30.8,3.4064829090185835
2025,regime,Philadelphia,wind_only,wind_speed_10m_mean,47,6.316489361702127,6.5375000000000005,5.560416666666667,6.8875,3.95,7.8125,0.9175390930108682
2025,regime,Philadelphia,wind_only,relative_humidity_2m_mean,47,68.09308510638297,67.25,60.35416666666666,74.6875,49.333333333333336,86.66666666666667,9.942490933544466
2025,regime,Philadelphia,wind_only,precipitation_sum,47,1.5297872340425533,0.0,0.0,0.95,0.0,10.6,3.0367255601485583
2025,regime,Philadelphia,wind_only,shortwave_radiation_sum,47,17.70388085106383,17.0532,13.553999999999998,20.2086,7.4052,30.2292,5.747775371190912
2025,regime,Philadelphia,wind_only,wind_direction_10m_dominant,47,192.61436832409237,202.6566255890066,113.80307197418398,251.46067160331216,10.474317044933642,359.4403951350924,93.89087171931014
2025,regime,Philadelphia,wind_only,pure_wind_run_days,47,2.276595744680851,2.0,1.0,3.5,1.0,4.0,1.2104998547056371
2025,regime,Philadelphia,wind_only,low_wind_run_days,47,2.595744680851064,2.0,1.0,4.0,1.0,6.0,1.484112594874314
2025,regime,Phoenix,episode,no2_ppb,2,12.5038541,12.5038541,11.29484365,13.712864549999999,10.0858332,14.921875,3.4195979508815975
2025,regime,Phoenix,episode,n_available_sites,2,4.5,4.5,4.25,4.75,4.0,5.0,0.7071067811865476
2025,regime,Phoenix,episode,temperature_2m_max,2,42.9,42.9,42.7,43.099999999999994,42.5,43.3,0.565685424949236
2025,regime,Phoenix,episode,wind_speed_10m_mean,2,5.354166666666667,5.354166666666667,4.956250000000001,5.752083333333333,4.558333333333334,6.15,1.1254782933885883
2025,regime,Phoenix,episode,relative_humidity_2m_mean,2,30.479166666666664,30.479166666666664,29.739583333333332,31.218749999999996,29.0,31.95833333333333,2.0918575610101997
2025,regime,Phoenix,episode,precipitation_sum,2,0.05,0.05,0.025,0.07500000000000001,0.0,0.1,0.07071067811865477
2025,regime,Phoenix,episode,shortwave_radiation_sum,2,23.1732,23.1732,22.9716,23.3748,22.77,23.5764,0.5702109083488319
2025,regime,Phoenix,episode,wind_direction_10m_dominant,2,180.47055258817278,180.47055258817278,136.3282376102096,224.61286756613592,92.18592263224647,268.75518254409906,124.85332103276097
2025,regime,Phoenix,episode,pure_wind_run_days,2,0.0,0.0,0.0,0.0,0.0,0.0,0.0
2025,regime,Phoenix,episode,low_wind_run_days,2,2.0,2.0,2.0,2.0,2.0,2.0,0.0
2025,regime,Phoenix,heat_only,no2_ppb,42,12.581027846031745,13.018117075,10.1484610625,15.0429881,6.452777666666667,18.127886333333333,3.2272378749403434
2025,regime,Phoenix,heat_only,n_available_sites,42,4.190476190476191,4.0,3.25,5.0,3.0,5.0,0.8333914033193509
2025,regime,Phoenix,heat_only,temperature_2m_max,42,43.949999999999996,43.8,42.7,45.1,41.9,47.7,1.5127506847284327
2025,regime,Phoenix,heat_only,wind_speed_10m_mean,42,9.286507936507936,9.420833333333334,7.811458333333334,10.288541666666667,6.741666666666667,14.004166666666668,1.6541227159086682
2025,regime,Phoenix,heat_only,relative_humidity_2m_mean,42,17.913690476190474,17.729166666666668,13.489583333333334,21.5,8.958333333333334,29.45833333333333,5.488658490360783
2025,regime,Phoenix,heat_only,precipitation_sum,42,0.0761904761904762,0.0,0.0,0.0,0.0,1.9,0.2994381110448521
2025,regime,Phoenix,heat_only,shortwave_radiation_sum,42,29.045314285714284,29.2608,27.6687,30.6477,24.5124,32.058,2.0045062800151587
2025,regime,Phoenix,heat_only,wind_direction_10m_dominant,42,246.00330905022724,246.65983946170041,239.64959671324954,263.0192281972239,118.88771626512415,296.9834378982052,33.826232871379084
2025,regime,Phoenix,heat_only,pure_wind_run_days,42,0.0,0.0,0.0,0.0,0.0,0.0,0.0
2025,regime,Phoenix,heat_only,low_wind_run_days,42,0.0,0.0,0.0,0.0,0.0,0.0,0.0
2025,regime,Phoenix,neither,no2_ppb,95,11.783738440526317,10.370238,8.6700377,14.6438095,4.883333333333334,28.2085712,4.595245997330213
2025,regime,Phoenix,neither,n_available_sites,95,4.652631578947369,5.0,4.0,5.0,3.0,5.0,0.614858936470894
2025,regime,Phoenix,neither,temperature_2m_max,95,35.247368421052634,37.2,32.2,39.55,18.5,41.7,5.796107316328469
2025,regime,Phoenix,neither,wind_speed_10m_mean,95,9.50219298245614,8.424999999999999,7.539583333333333,10.927083333333332,6.75,18.27083333333333,2.51619399315306
2025,regime,Phoenix,neither,relative_humidity_2m_mean,95,26.932894736842105,23.95833333333333,14.583333333333334,37.02083333333333,9.125,78.375,15.374030912222853
2025,regime,Phoenix,neither,precipitation_sum,95,0.8736842105263158,0.0,0.0,0.2,0.0,22.8,2.9888164072484282
2025,regime,Phoenix,neither,shortwave_radiation_sum,95,25.486408421052634,25.8912,21.96,29.9232,9.9468,32.31,5.318878351756073
2025,regime,Phoenix,neither,wind_direction_10m_dominant,95,194.5533943408211,220.84648104054995,153.6307764711538,248.65996247070535,2.182179313507958,359.6379116780841,81.23243843483296
2025,regime,Phoenix,neither,pure_wind_run_days,95,0.0,0.0,0.0,0.0,0.0,0.0,0.0
2025,regime,Phoenix,neither,low_wind_run_days,95,0.0,0.0,0.0,0.0,0.0,0.0,0.0
2025,regime,Phoenix,other_compound,no2_ppb,3,15.382916649999999,15.29791675,14.896458375,15.826874974999999,14.495,16.3558332,0.9333240524092195
2025,regime,Phoenix,other_compound,n_available_sites,3,4.666666666666667,5.0,4.5,5.0,4.0,5.0,0.5773502691896258
2025,regime,Phoenix,other_compound,temperature_2m_max,3,43.20000000000001,42.8,42.7,43.5,42.6,44.2,0.8717797887081365
2025,regime,Phoenix,other_compound,wind_speed_10m_mean,3,5.409722222222222,4.95,4.80625,5.783333333333333,4.6625000000000005,6.616666666666667,1.0550830448270323
2025,regime,Phoenix,other_compound,relative_humidity_2m_mean,3,14.791666666666666,13.25,12.604166666666668,16.208333333333336,11.958333333333334,19.166666666666668,3.843510042193782
2025,regime,Phoenix,other_compound,precipitation_sum,3,0.0,0.0,0.0,0.0,0.0,0.0,0.0
2025,regime,Phoenix,other_compound,shortwave_radiation_sum,3,29.2872,29.6064,28.087200000000003,30.6468,26.568,31.6872,2.5744841502716613
2025,regime,Phoenix,other_compound,wind_direction_10m_dominant,3,260.05401310314573,271.7907748886991,229.45987805046377,296.5165290486044,187.12898121222844,321.24228320850966,67.8226225237166
2025,regime,Phoenix,other_compound,pure_wind_run_days,3,0.0,0.0,0.0,0.0,0.0,0.0,0.0
2025,regime,Phoenix,other_compound,low_wind_run_days,3,1.3333333333333333,1.0,1.0,1.5,1.0,2.0,0.5773502691896257
2025,regime,Phoenix,wind_only,no2_ppb,72,17.293928351388885,16.666145625,12.662416749999998,21.0822918,7.161666599999999,27.323333400000003,5.504851076436068
2025,regime,Phoenix,wind_only,n_available_sites,72,4.694444444444445,5.0,4.0,5.0,4.0,5.0,0.4638749494218194
2025,regime,Phoenix,wind_only,temperature_2m_max,72,33.669444444444444,33.849999999999994,30.5,37.725,23.0,41.5,4.677836230532981
2025,regime,Phoenix,wind_only,wind_speed_10m_mean,72,5.663020833333334,5.854166666666667,5.262499999999999,6.147916666666667,3.4125,6.691666666666666,0.7429282991632331
2025,regime,Phoenix,wind_only,relative_humidity_2m_mean,72,34.08043981481482,31.9375,19.635416666666668,46.385416666666664,9.25,81.54166666666667,16.944033470974297
2025,regime,Phoenix,wind_only,precipitation_sum,72,0.37916666666666665,0.0,0.0,0.0,0.0,10.5,1.4439711967007542
2025,regime,Phoenix,wind_only,shortwave_radiation_sum,72,23.11755,21.6864,18.959400000000002,27.7929,11.124,31.4784,5.0889794357755544
2025,regime,Phoenix,wind_only,wind_direction_10m_dominant,72,165.86181827054966,166.9819034271226,72.44352890546298,250.6970943230242,0.3940390598276525,355.5461260995765,103.68402397886078
2025,regime,Phoenix,wind_only,pure_wind_run_days,72,3.888888888888889,4.0,2.0,6.0,1.0,7.0,2.0456450172931304
2025,regime,Phoenix,wind_only,low_wind_run_days,72,3.9027777777777777,4.0,2.0,6.0,1.0,7.0,2.0290823723706772
2025,regime,San Diego,episode,no2_ppb,6,6.762154416666667,6.888500875,5.712053375,7.424270625,5.1152055,8.7579545,1.3721188604687886
2025,regime,San Diego,episode,n_available_sites,6,4.0,4.0,4.0,4.0,4.0,4.0,0.0
2025,regime,San Diego,episode,temperature_2m_max,6,30.549999999999997,30.35,30.025,31.125,29.9,31.4,0.6655824516917493
2025,regime,San Diego,episode,wind_speed_10m_mean,6,5.7875000000000005,5.941666666666666,5.668749999999999,6.164583333333333,4.579166666666667,6.445833333333333,0.660607885040572
2025,regime,San Diego,episode,relative_humidity_2m_mean,6,65.26388888888889,66.45833333333334,60.78124999999999,69.13541666666667,57.0,72.75,6.074575126127176
2025,regime,San Diego,episode,precipitation_sum,6,0.016666666666666666,0.0,0.0,0.0,0.0,0.1,0.040824829046386304
2025,regime,San Diego,episode,shortwave_radiation_sum,6,24.470399999999998,24.924599999999998,23.0598,25.8417,21.3588,27.0288,2.1440370146058587
2025,regime,San Diego,episode,wind_direction_10m_dominant,6,280.79503650548,280.70500979612007,267.44630718590656,294.53190780185645,259.7962186800834,301.3963673076194,17.15618625618124
2025,regime,San Diego,episode,pure_wind_run_days,6,0.0,0.0,0.0,0.0,0.0,0.0,0.0
2025,regime,San Diego,episode,low_wind_run_days,6,3.3333333333333335,4.0,2.5,4.0,2.0,4.0,1.0327955589886446
2025,regime,San Diego,heat_only,no2_ppb,8,9.016752789583334,7.748656708333334,6.4469934166666665,9.213755125,4.2802489999999995,21.0363204,5.195847597693125
2025,regime,San Diego,heat_only,n_available_sites,8,3.75,4.0,3.0,4.0,3.0,5.0,0.7071067811865476
2025,regime,San Diego,heat_only,temperature_2m_max,8,31.35,31.25,30.275,32.2,29.8,33.2,1.2558434843334807
2025,regime,San Diego,heat_only,wind_speed_10m_mean,8,7.214583333333334,7.110416666666666,6.9541666666666675,7.352083333333333,6.720833333333334,8.108333333333333,0.43122771393991005
2025,regime,San Diego,heat_only,relative_humidity_2m_mean,8,63.32291666666666,66.29166666666666,62.3125,70.20833333333333,34.041666666666664,77.20833333333333,13.25804169713073
2025,regime,San Diego,heat_only,precipitation_sum,8,0.0125,0.0,0.0,0.0,0.0,0.1,0.03535533905932738
2025,regime,San Diego,heat_only,shortwave_radiation_sum,8,23.432850000000002,23.9634,21.834899999999998,24.848999999999997,17.5248,28.7388,3.2928987034873356
2025,regime,San Diego,heat_only,wind_direction_10m_dominant,8,262.8317658515766,293.93045854560444,279.6009235039145,303.2710935061971,30.80193677723364,319.1693235719295,94.79744590227703
2025,regime,San Diego,heat_only,pure_wind_run_days,8,0.0,0.0,0.0,0.0,0.0,0.0,0.0
2025,regime,San Diego,heat_only,low_wind_run_days,8,0.0,0.0,0.0,0.0,0.0,0.0,0.0
2025,regime,San Diego,neither,no2_ppb,137,4.7523331871046235,4.251353,3.4277057499999994,5.45822525,2.35876625,15.278714200000001,2.0908452191576274
2025,regime,San Diego,neither,n_available_sites,137,4.007299270072993,4.0,4.0,4.0,3.0,5.0,0.4925377018260141
2025,regime,San Diego,neither,temperature_2m_max,137,23.982481751824817,24.9,21.7,26.2,15.7,29.6,3.3768872242099235
2025,regime,San Diego,neither,wind_speed_10m_mean,137,8.44367396593674,7.791666666666667,7.274999999999999,8.9125,6.670833333333333,19.0625,2.0948632601642996
2025,regime,San Diego,neither,relative_humidity_2m_mean,137,71.53558394160584,71.79166666666667,68.20833333333333,75.41666666666667,49.75,84.625,5.774107472096047
2025,regime,San Diego,neither,precipitation_sum,137,0.41167883211678835,0.0,0.0,0.1,0.0,6.300000000000001,1.1740494085598794
2025,regime,San Diego,neither,shortwave_radiation_sum,137,24.671745985401458,26.8776,20.8224,29.0664,6.048,31.0392,5.605819470530479
2025,regime,San Diego,neither,wind_direction_10m_dominant,137,270.5417239261426,275.6432654175589,250.75677279881148,290.5898208193639,183.30138485703048,331.3043173940649,29.04273507522077
2025,regime,San Diego,neither,pure_wind_run_days,137,0.0,0.0,0.0,0.0,0.0,0.0,0.0
2025,regime,San Diego,neither,low_wind_run_days,137,0.0,0.0,0.0,0.0,0.0,0.0,0.0
2025,regime,San Diego,other_compound,no2_ppb,7,9.469758914285714,7.3814395,6.177224125,12.26844715,4.75946975,17.2560606,4.944950590689486
2025,regime,San Diego,other_compound,n_available_sites,7,4.285714285714286,4.0,4.0,4.5,4.0,5.0,0.48795003647426666
2025,regime,San Diego,other_compound,temperature_2m_max,7,31.18571428571429,31.0,30.75,31.4,30.3,32.7,0.7798046153333791
2025,regime,San Diego,other_compound,wind_speed_10m_mean,7,6.202380952380953,6.158333333333334,6.106249999999999,6.395833333333334,5.633333333333333,6.620833333333334,0.3200554887406495
2025,regime,San Diego,other_compound,relative_humidity_2m_mean,7,56.17261904761904,58.5,48.125,59.89583333333333,43.083333333333336,75.58333333333333,11.270568352076834
2025,regime,San Diego,other_compound,precipitation_sum,7,0.0,0.0,0.0,0.0,0.0,0.0,0.0
2025,regime,San Diego,other_compound,shortwave_radiation_sum,7,24.878057142857138,24.6312,21.470399999999998,28.6182,17.258399999999998,32.0796,5.3220708321909
2025,regime,San Diego,other_compound,wind_direction_10m_dominant,7,276.57771994312606,283.2637983442782,281.17415928714536,292.12974261019207,184.6607794264016,321.5116580365277,43.066818017507345
2025,regime,San Diego,other_compound,pure_wind_run_days,7,0.0,0.0,0.0,0.0,0.0,0.0,0.0
2025,regime,San Diego,other_compound,low_wind_run_days,7,3.0,2.0,1.5,4.5,1.0,6.0,2.160246899469287
2025,regime,San Diego,wind_only,no2_ppb,56,6.515134505654762,5.6444265,4.6344656875,7.7694621999999995,3.1052355,15.789523800000001,2.757959027365215
2025,regime,San Diego,wind_only,n_available_sites,56,4.196428571428571,4.0,4.0,5.0,3.0,5.0,0.5533252489890834
2025,regime,San Diego,wind_only,temperature_2m_max,56,26.02857142857143,26.35,24.45,28.2,19.4,29.6,2.4198207511161787
2025,regime,San Diego,wind_only,wind_speed_10m_mean,56,5.842633928571429,5.9,5.461458333333334,6.329166666666667,4.108333333333333,6.595833333333334,0.6071704280568266
2025,regime,San Diego,wind_only,relative_humidity_2m_mean,56,68.36160714285714,69.54166666666667,63.552083333333336,73.98958333333333,41.958333333333336,82.5,8.095052061301422
2025,regime,San Diego,wind_only,precipitation_sum,56,0.28214285714285714,0.0,0.0,0.0,0.0,15.0,2.0047314164116976
2025,regime,San Diego,wind_only,shortwave_radiation_sum,56,24.905764285714287,26.424,20.4444,29.6118,4.4244,31.7916,5.504082264066407
2025,regime,San Diego,wind_only,wind_direction_10m_dominant,56,262.6001111448041,268.81305733419083,251.16587761738577,280.57758566421217,7.067672219149596,348.28002758433007,41.87166440649813
2025,regime,San Diego,wind_only,pure_wind_run_days,56,3.5357142857142856,3.0,2.0,5.0,1.0,8.0,2.303864624450015
2025,regime,San Diego,wind_only,low_wind_run_days,56,4.0,4.0,2.0,6.0,1.0,8.0,2.3817487845545915
2025,regime,Seattle,episode,no2_ppb,8,19.0453978125,16.217222166666666,14.27395825,24.6720315,11.647430500000002,28.787499999999998,6.753636284609541
2025,regime,Seattle,episode,n_available_sites,8,2.375,3.0,1.75,3.0,1.0,3.0,0.9161253813129043
2025,regime,Seattle,episode,temperature_2m_max,8,26.7875,27.0,24.9,28.05,24.7,29.2,1.8114220932736804
2025,regime,Seattle,episode,wind_speed_10m_mean,8,4.977083333333333,5.070833333333333,4.629166666666666,5.4468749999999995,4.220833333333333,5.483333333333333,0.49957819509649637
2025,regime,Seattle,episode,relative_humidity_2m_mean,8,66.921875,67.95833333333334,63.791666666666664,70.0625,61.16666666666666,71.45833333333333,3.969029252142784
2025,regime,Seattle,episode,precipitation_sum,8,0.05,0.0,0.0,0.0,0.0,0.4,0.14142135623730953
2025,regime,Seattle,episode,shortwave_radiation_sum,8,24.93585,23.5674,22.7331,27.6921,20.1384,30.2616,3.707218971142654
2025,regime,Seattle,episode,wind_direction_10m_dominant,8,226.32325579681628,249.39282684277438,170.86844169838378,346.7721557124778,17.09500467880024,354.5866852870735,138.8606005970118
2025,regime,Seattle,episode,pure_wind_run_days,8,0.0,0.0,0.0,0.0,0.0,0.0,0.0
2025,regime,Seattle,episode,low_wind_run_days,8,3.125,3.0,2.75,4.0,2.0,4.0,0.8345229603962802
2025,regime,Seattle,heat_only,no2_ppb,24,11.301288805555556,11.57839675,9.055429333333334,13.813888916666668,4.316667,17.816214000000002,3.3610165148433566
2025,regime,Seattle,heat_only,n_available_sites,24,2.4583333333333335,3.0,2.0,3.0,1.0,3.0,0.721060008759246
2025,regime,Seattle,heat_only,temperature_2m_max,24,26.65833333333333,26.950000000000003,24.675,28.125,24.0,31.6,1.9776834640705196
2025,regime,Seattle,heat_only,wind_speed_10m_mean,24,8.215798611111111,7.947916666666666,7.344791666666667,9.384375,6.05,10.9,1.4453067156714998
2025,regime,Seattle,heat_only,relative_humidity_2m_mean,24,65.0954861111111,65.22916666666666,62.39583333333333,68.38541666666667,58.333333333333336,69.5,3.392377412947448
2025,regime,Seattle,heat_only,precipitation_sum,24,0.025000000000000005,0.0,0.0,0.0,0.0,0.6000000000000001,0.12247448713915891
2025,regime,Seattle,heat_only,shortwave_radiation_sum,24,26.650050000000004,28.3194,24.871499999999997,29.5803,18.5652,30.3264,3.7486145444162027
2025,regime,Seattle,heat_only,wind_direction_10m_dominant,24,98.27876908459196,18.231229979906935,9.325425711131002,214.35212916111146,2.7850350984435965,359.35973538936634,121.64965145904006
2025,regime,Seattle,heat_only,pure_wind_run_days,24,0.0,0.0,0.0,0.0,0.0,0.0,0.0
2025,regime,Seattle,heat_only,low_wind_run_days,24,0.0,0.0,0.0,0.0,0.0,0.0,0.0
2025,regime,Seattle,neither,no2_ppb,126,9.911272197089946,9.576841666666667,7.1984147499999995,12.486760083333335,2.9709540000000003,20.5354165,3.6333740070994796
2025,regime,Seattle,neither,n_available_sites,126,2.7142857142857144,3.0,3.0,3.0,1.0,3.0,0.5492852498604763
2025,regime,Seattle,neither,temperature_2m_max,126,17.645238095238092,17.65,14.6,20.7,9.2,23.8,3.6304844226159605
2025,regime,Seattle,neither,wind_speed_10m_mean,126,9.261441798941798,8.172916666666666,7.130208333333334,10.753125,5.945833333333333,20.47083333333333,2.908020753809288
2025,regime,Seattle,neither,relative_humidity_2m_mean,126,74.96626984126985,74.66666666666666,69.30208333333334,80.05208333333333,54.458333333333336,92.95833333333331,7.976194989337742
2025,regime,Seattle,neither,precipitation_sum,126,2.9761904761904763,0.2,0.0,3.075,0.0,28.3,5.4055886424540835
2025,regime,Seattle,neither,shortwave_radiation_sum,126,15.004800000000001,15.269400000000001,10.1952,20.8629,1.08,29.0304,6.807299740813534
2025,regime,Seattle,neither,wind_direction_10m_dominant,126,166.99676839439775,196.58070461973762,166.10352567259153,212.12587268272705,0.1261576048581608,355.3890669092715,87.78503068142052
2025,regime,Seattle,neither,pure_wind_run_days,126,0.0,0.0,0.0,0.0,0.0,0.0,0.0
2025,regime,Seattle,neither,low_wind_run_days,126,0.0,0.0,0.0,0.0,0.0,0.0,0.0
2025,regime,Seattle,other_compound,no2_ppb,10,17.430427299999998,17.2444445,16.130112750000002,20.16770825,9.352898666666666,24.200120666666667,4.4104738517176045
2025,regime,Seattle,other_compound,n_available_sites,10,2.4,3.0,1.5,3.0,1.0,3.0,0.9660917830792958
2025,regime,Seattle,other_compound,temperature_2m_max,10,26.359999999999996,25.35,24.425,27.15,24.2,31.2,2.4654050827850216
2025,regime,Seattle,other_compound,wind_speed_10m_mean,10,4.705,4.7979166666666675,4.595833333333333,5.214583333333334,2.9916666666666667,5.375,0.7086540668194553
2025,regime,Seattle,other_compound,relative_humidity_2m_mean,10,69.7,69.85416666666666,63.08333333333333,76.52083333333333,56.333333333333336,83.79166666666667,9.158725516490806
2025,regime,Seattle,other_compound,precipitation_sum,10,0.05,0.0,0.0,0.0,0.0,0.5,0.15811388300841897
2025,regime,Seattle,other_compound,shortwave_radiation_sum,10,24.9786,26.1198,21.8601,27.6354,18.7668,30.2112,4.149550115373955
2025,regime,Seattle,other_compound,wind_direction_10m_dominant,10,214.86412870033368,239.6824052277285,80.5222023174233,341.5205916530924,1.4534741378683893,355.3448931865681,143.71957088571432
2025,regime,Seattle,other_compound,pure_wind_run_days,10,0.0,0.0,0.0,0.0,0.0,0.0,0.0
2025,regime,Seattle,other_compound,low_wind_run_days,10,1.9,1.0,1.0,2.75,1.0,5.0,1.3703203194062978
2025,regime,Seattle,wind_only,no2_ppb,43,12.753492786821703,13.220833333333331,9.689458250000001,15.701887166666666,5.337500000000001,19.915277666666668,4.174473321118293
2025,regime,Seattle,wind_only,n_available_sites,43,2.627906976744186,3.0,2.0,3.0,1.0,3.0,0.5783085275572237
2025,regime,Seattle,wind_only,temperature_2m_max,43,19.51860465116279,20.1,17.2,22.05,12.0,23.8,3.221671838536002
2025,regime,Seattle,wind_only,wind_speed_10m_mean,43,4.997480620155039,5.058333333333334,4.643750000000001,5.5458333333333325,3.4291666666666667,5.8375,0.6098393645390605
2025,regime,Seattle,wind_only,relative_humidity_2m_mean,43,74.35271317829458,75.20833333333333,68.41666666666666,80.25,57.5,87.5,7.561106603656587
2025,regime,Seattle,wind_only,precipitation_sum,43,0.8790697674418604,0.0,0.0,0.25,0.0,18.7,3.0215541680159745
2025,regime,Seattle,wind_only,shortwave_radiation_sum,43,17.583990697674416,16.9488,11.5884,24.381,2.7432,29.7432,7.021395347141747
2025,regime,Seattle,wind_only,wind_direction_10m_dominant,43,179.46021000485885,221.29322773615232,21.938043376068585,309.6248228784178,1.8329993621013492,357.9113486293046,130.67066545476538
2025,regime,Seattle,wind_only,pure_wind_run_days,43,1.9767441860465116,2.0,1.0,3.0,1.0,4.0,1.0115610777177464
2025,regime,Seattle,wind_only,low_wind_run_days,43,2.2093023255813953,2.0,1.0,3.0,1.0,5.0,1.2258746058550105
2025,regime_weather_calendar,Atlanta,episode,temperature_2m_max,15,32.99333333333333,32.8,32.0,33.65,31.5,37.1,1.4752562327883763
2025,regime_weather_calendar,Atlanta,episode,wind_speed_10m_mean,15,5.1241666666666665,4.808333333333334,4.658333333333333,5.70625,3.6875,6.7625,0.8643128521254363
2025,regime_weather_calendar,Atlanta,episode,relative_humidity_2m_mean,15,70.74166666666666,68.5,66.70833333333333,76.70833333333334,57.083333333333336,83.29166666666667,7.1689711134441625
2025,regime_weather_calendar,Atlanta,episode,precipitation_sum,15,2.366666666666667,1.2,0.15000000000000002,3.05,0.0,9.3,3.1192184613335137
2025,regime_weather_calendar,Atlanta,episode,shortwave_radiation_sum,15,22.89168,22.9716,21.4272,25.0866,17.8344,26.6688,2.5127879164670577
2025,regime_weather_calendar,Atlanta,episode,wind_direction_10m_dominant,15,160.82089704671256,119.48926971522845,53.3298763737139,264.5097779284467,17.5585297755239,341.0101479098073,120.71208398919003
2025,regime_weather_calendar,Atlanta,episode,pure_wind_run_days,15,0.0,0.0,0.0,0.0,0.0,0.0,0.0
2025,regime_weather_calendar,Atlanta,episode,low_wind_run_days,15,5.8,8.0,3.0,8.0,2.0,8.0,2.5690465157330262
2025,regime_weather_calendar,Atlanta,heat_only,temperature_2m_max,20,32.95,32.8,32.425,33.3,31.8,35.5,0.8935440966351786
2025,regime_weather_calendar,Atlanta,heat_only,wind_speed_10m_mean,20,9.067916666666667,8.854166666666668,8.071875,10.229166666666666,6.795833333333333,11.791666666666666,1.542687014168529
2025,regime_weather_calendar,Atlanta,heat_only,relative_humidity_2m_mean,20,67.71666666666667,68.47916666666667,61.333333333333336,72.07291666666667,54.875,83.58333333333333,7.345305219793786
2025,regime_weather_calendar,Atlanta,heat_only,precipitation_sum,20,1.3750000000000002,0.3,0.0,0.6250000000000001,0.0,15.1,3.435859656468432
2025,regime_weather_calendar,Atlanta,heat_only,shortwave_radiation_sum,20,23.588100000000004,24.2928,22.1616,25.069499999999998,17.1252,28.0008,2.5017735414364703
2025,regime_weather_calendar,Atlanta,heat_only,wind_direction_10m_dominant,20,246.66006056756675,265.5864230180417,201.53608790615658,303.0721135185585,68.07249554301333,352.3836307484868,85.42025891859159
2025,regime_weather_calendar,Atlanta,heat_only,pure_wind_run_days,20,0.0,0.0,0.0,0.0,0.0,0.0,0.0
2025,regime_weather_calendar,Atlanta,heat_only,low_wind_run_days,20,0.0,0.0,0.0,0.0,0.0,0.0,0.0
2025,regime_weather_calendar,Atlanta,neither,temperature_2m_max,136,25.49926470588235,26.55,23.65,28.424999999999997,11.4,31.4,4.310357832074139
2025,regime_weather_calendar,Atlanta,neither,wind_speed_10m_mean,136,11.312683823529412,10.579166666666667,8.717708333333334,13.745833333333335,6.8125,19.35833333333333,3.2433202908699106
2025,regime_weather_calendar,Atlanta,neither,relative_humidity_2m_mean,136,71.6029411764706,71.29166666666667,62.416666666666664,81.22916666666666,42.5,94.66666666666669,11.897251668031624
2025,regime_weather_calendar,Atlanta,neither,precipitation_sum,136,3.877941176470589,0.35,0.0,5.1499999999999995,0.0,35.9,6.682167436975328
2025,regime_weather_calendar,Atlanta,neither,shortwave_radiation_sum,136,17.80665882352941,18.3978,14.623199999999999,22.5477,1.7748,28.5336,6.497030008749246
2025,regime_weather_calendar,Atlanta,neither,wind_direction_10m_dominant,136,177.58663843331385,172.75960754494463,87.47820123060845,251.47997807499428,0.147780701950776,353.5193309824505,92.74630151715105
2025,regime_weather_calendar,Atlanta,neither,pure_wind_run_days,136,0.0,0.0,0.0,0.0,0.0,0.0,0.0
2025,regime_weather_calendar,Atlanta,neither,low_wind_run_days,136,0.0,0.0,0.0,0.0,0.0,0.0,0.0
2025,regime_weather_calendar,Atlanta,other_compound,temperature_2m_max,4,32.5,32.099999999999994,31.825,32.775,31.6,34.2,1.1690451944500135
2025,regime_weather_calendar,Atlanta,other_compound,wind_speed_10m_mean,4,5.921875,5.775,5.544791666666667,6.152083333333334,5.466666666666668,6.670833333333333,0.5460969995068369
2025,regime_weather_calendar,Atlanta,other_compound,relative_humidity_2m_mean,4,74.68750000000001,76.89583333333334,74.22916666666667,77.35416666666667,67.41666666666667,77.54166666666667,4.867515622299874
2025,regime_weather_calendar,Atlanta,other_compound,precipitation_sum,4,4.2,4.15,2.775,5.575,2.1,6.4,1.9916492328386208
2025,regime_weather_calendar,Atlanta,other_compound,shortwave_radiation_sum,4,23.4108,23.274,22.630499999999998,24.054299999999998,21.942,25.1532,1.3630299189672974
2025,regime_weather_calendar,Atlanta,other_compound,wind_direction_10m_dominant,4,291.95563067688425,276.041463961339,272.2534540524997,295.7436405857236,267.32957086731426,348.4100239175448,37.90021775403662
2025,regime_weather_calendar,Atlanta,other_compound,pure_wind_run_days,4,0.0,0.0,0.0,0.0,0.0,0.0,0.0
2025,regime_weather_calendar,Atlanta,other_compound,low_wind_run_days,4,3.0,1.5,1.0,3.5,1.0,8.0,3.366501646120693
2025,regime_weather_calendar,Atlanta,wind_only,temperature_2m_max,39,28.21794871794872,28.9,26.9,30.1,21.0,31.3,2.5559910833869464
2025,regime_weather_calendar,Atlanta,wind_only,wind_speed_10m_mean,39,5.768055555555556,6.0125,5.1375,6.304166666666667,4.295833333333333,6.6875,0.7204652070172557
2025,regime_weather_calendar,Atlanta,wind_only,relative_humidity_2m_mean,39,73.50213675213675,74.375,66.52083333333334,81.5625,54.79166666666666,90.58333333333331,9.029273120906124
2025,regime_weather_calendar,Atlanta,wind_only,precipitation_sum,39,2.8,0.6000000000000001,0.0,3.9499999999999997,0.0,15.7,4.1345145454231735
2025,regime_weather_calendar,Atlanta,wind_only,shortwave_radiation_sum,39,19.162615384615385,19.0692,17.685000000000002,20.8566,7.128,28.2744,4.210869479756711
2025,regime_weather_calendar,Atlanta,wind_only,wind_direction_10m_dominant,39,164.18543793448362,141.9322867092338,78.969414789095,256.43806671207443,17.241034757227137,343.1439747793429,103.4090512989959
2025,regime_weather_calendar,Atlanta,wind_only,pure_wind_run_days,39,2.3333333333333335,2.0,1.0,4.0,1.0,4.0,1.3245323570650436
2025,regime_weather_calendar,Atlanta,wind_only,low_wind_run_days,39,3.4615384615384617,3.0,1.0,4.5,1.0,8.0,2.5323813823330488
2025,regime_weather_calendar,Chicago,episode,temperature_2m_max,14,29.035714285714285,29.4,28.45,29.675,27.2,30.5,1.0499869177625634
2025,regime_weather_calendar,Chicago,episode,wind_speed_10m_mean,14,7.501190476190475,7.435416666666667,6.647916666666666,8.513541666666667,4.870833333333334,10.083333333333334,1.3409791085154794
2025,regime_weather_calendar,Chicago,episode,relative_humidity_2m_mean,14,74.8690476190476,74.75,70.34375,79.32291666666666,61.083333333333336,88.04166666666667,8.439181252928524
2025,regime_weather_calendar,Chicago,episode,precipitation_sum,14,2.1928571428571426,0.15000000000000002,0.0,0.675,0.0,25.4,6.708027829596219
2025,regime_weather_calendar,Chicago,episode,shortwave_radiation_sum,14,24.5988,25.401600000000002,23.531399999999998,27.3735,10.7388,29.9196,4.5302893723164175
2025,regime_weather_calendar,Chicago,episode,wind_direction_10m_dominant,14,196.13248376582604,196.3520384357523,159.2621659351403,231.17128482145267,79.81575759594357,324.66108899559464,65.06920089682775
2025,regime_weather_calendar,Chicago,episode,pure_wind_run_days,14,0.0,0.0,0.0,0.0,0.0,0.0,0.0
2025,regime_weather_calendar,Chicago,episode,low_wind_run_days,14,5.571428571428571,5.0,5.0,7.0,3.0,7.0,1.4525460784051258
2025,regime_weather_calendar,Chicago,heat_only,temperature_2m_max,24,29.541666666666668,29.3,28.1,30.875,27.0,32.2,1.6823680687770382
2025,regime_weather_calendar,Chicago,heat_only,wind_speed_10m_mean,24,16.273611111111112,15.660416666666666,13.735416666666666,17.822916666666668,11.266666666666666,27.875,3.776166291879788
2025,regime_weather_calendar,Chicago,heat_only,relative_humidity_2m_mean,24,71.8888888888889,72.4375,68.09375,78.89583333333333,52.458333333333336,87.66666666666667,8.676882797904257
2025,regime_weather_calendar,Chicago,heat_only,precipitation_sum,24,4.666666666666667,0.25,0.0,9.675,0.0,22.4,7.361218393165906
2025,regime_weather_calendar,Chicago,heat_only,shortwave_radiation_sum,24,23.47935,24.343200000000003,22.404600000000002,26.0397,13.608,29.826,4.470855497650262
2025,regime_weather_calendar,Chicago,heat_only,wind_direction_10m_dominant,24,203.8398176644042,205.29223164553957,178.75668268665584,218.6724633850591,134.552236605596,296.5761998110874,37.71655158750961
2025,regime_weather_calendar,Chicago,heat_only,pure_wind_run_days,24,0.0,0.0,0.0,0.0,0.0,0.0,0.0
2025,regime_weather_calendar,Chicago,heat_only,low_wind_run_days,24,0.0,0.0,0.0,0.0,0.0,0.0,0.0
2025,regime_weather_calendar,Chicago,neither,temperature_2m_max,106,17.119811320754714,18.1,12.225,21.975,3.9,26.2,5.8967371092401315
2025,regime_weather_calendar,Chicago,neither,wind_speed_10m_mean,106,16.405856918238996,15.1375,12.658333333333333,19.701041666666665,10.745833333333332,28.7375,4.694894882293709
2025,regime_weather_calendar,Chicago,neither,relative_humidity_2m_mean,106,71.44536163522014,71.4375,63.614583333333336,78.84375,49.41666666666666,93.16666666666669,10.472838014831781
2025,regime_weather_calendar,Chicago,neither,precipitation_sum,106,2.6820754716981132,0.1,0.0,1.7,0.0,33.1,6.229970529163824
2025,regime_weather_calendar,Chicago,neither,shortwave_radiation_sum,106,18.139279245283017,17.6796,13.5108,23.1534,4.7484,30.4308,6.440070163810581
2025,regime_weather_calendar,Chicago,neither,wind_direction_10m_dominant,106,138.00204193038394,96.0627887945892,35.330598815251335,243.27162948677898,0.1528526832850116,359.4170846363575,113.76574565962667
2025,regime_weather_calendar,Chicago,neither,pure_wind_run_days,106,0.0,0.0,0.0,0.0,0.0,0.0,0.0
2025,regime_weather_calendar,Chicago,neither,low_wind_run_days,106,0.0,0.0,0.0,0.0,0.0,0.0,0.0
2025,regime_weather_calendar,Chicago,other_compound,temperature_2m_max,10,28.089999999999996,27.55,27.200000000000003,29.15,26.9,30.0,1.128863735502799
2025,regime_weather_calendar,Chicago,other_compound,wind_speed_10m_mean,10,8.893333333333334,9.154166666666667,7.835416666666667,9.780208333333334,7.395833333333333,10.179166666666667,1.0717493200083084
2025,regime_weather_calendar,Chicago,other_compound,relative_humidity_2m_mean,10,74.325,75.0,73.8125,78.70833333333333,58.875,86.91666666666667,8.977720193709718
2025,regime_weather_calendar,Chicago,other_compound,precipitation_sum,10,4.140000000000001,1.25,0.0,6.85,0.0,14.7,5.40004115210657
2025,regime_weather_calendar,Chicago,other_compound,shortwave_radiation_sum,10,19.29996,18.2196,15.8247,21.5082,15.5592,25.6788,3.95331488449883
2025,regime_weather_calendar,Chicago,other_compound,wind_direction_10m_dominant,10,172.640560494193,189.82799193546464,129.79146321591418,202.537586504589,94.29996033244636,244.53677292337727,50.32452568919652
2025,regime_weather_calendar,Chicago,other_compound,pure_wind_run_days,10,0.0,0.0,0.0,0.0,0.0,0.0,0.0
2025,regime_weather_calendar,Chicago,other_compound,low_wind_run_days,10,3.4,3.0,2.25,4.5,1.0,8.0,2.1186998109427604
2025,regime_weather_calendar,Chicago,wind_only,temperature_2m_max,60,21.011666666666667,22.700000000000003,18.275,25.4,7.5,26.7,5.195307258875484
2025,regime_weather_calendar,Chicago,wind_only,wind_speed_10m_mean,60,8.875069444444444,8.991666666666667,8.077083333333334,9.940625,5.570833333333333,10.625,1.3237158639974655
2025,regime_weather_calendar,Chicago,wind_only,relative_humidity_2m_mean,60,73.93888888888888,72.64583333333334,69.0,78.14583333333333,57.0,90.45833333333331,8.183387797502872
2025,regime_weather_calendar,Chicago,wind_only,precipitation_sum,60,1.8800000000000001,0.0,0.0,0.8500000000000001,0.0,52.0,7.047293025201296
2025,regime_weather_calendar,Chicago,wind_only,shortwave_radiation_sum,60,21.0084,21.240000000000002,17.078400000000002,25.2864,7.0632,31.0284,5.704296628605375
2025,regime_weather_calendar,Chicago,wind_only,wind_direction_10m_dominant,60,113.31791207538274,74.3486528076979,52.522391423852426,153.59547994303335,9.481538863954947,349.9136566722788,89.13248775856472
2025,regime_weather_calendar,Chicago,wind_only,pure_wind_run_days,60,2.3333333333333335,2.0,1.0,3.0,1.0,5.0,1.2975422225149513
2025,regime_weather_calendar,Chicago,wind_only,low_wind_run_days,60,3.3333333333333335,3.0,1.75,5.0,1.0,8.0,2.274893677282051
2025,regime_weather_calendar,Dallas,episode,temperature_2m_max,6,37.63333333333333,37.900000000000006,37.025,38.775,35.2,39.0,1.4541893503483874
2025,regime_weather_calendar,Dallas,episode,wind_speed_10m_mean,6,7.370833333333334,6.972916666666666,6.737500000000001,7.952083333333334,6.508333333333333,8.833333333333334,0.9382089911694045
2025,regime_weather_calendar,Dallas,episode,relative_humidity_2m_mean,6,51.631944444444436,52.29166666666666,48.166666666666664,53.697916666666664,43.25,61.0,6.1129085109269345
2025,regime_weather_calendar,Dallas,episode,precipitation_sum,6,1.25,0.05,0.0,0.17500000000000002,0.0,7.2,2.915990397789403
2025,regime_weather_calendar,Dallas,episode,shortwave_radiation_sum,6,24.883799999999997,24.8508,23.6439,26.0847,21.7332,28.1304,2.254234128035507
2025,regime_weather_calendar,Dallas,episode,wind_direction_10m_dominant,6,157.08867269754657,174.39610964579373,137.4192217822546,186.8990699181612,66.11497198051816,211.46452907648185,52.79144383899011
2025,regime_weather_calendar,Dallas,episode,pure_wind_run_days,6,0.0,0.0,0.0,0.0,0.0,0.0,0.0
2025,regime_weather_calendar,Dallas,episode,low_wind_run_days,6,8.666666666666666,9.0,8.25,9.0,8.0,9.0,0.5163977794943223
2025,regime_weather_calendar,Dallas,heat_only,temperature_2m_max,17,36.03529411764706,35.8,35.5,36.6,35.1,37.4,0.6642111641550712
2025,regime_weather_calendar,Dallas,heat_only,wind_speed_10m_mean,17,13.39877450980392,12.741666666666667,11.233333333333334,14.5,9.55,20.875,3.300634134116617
2025,regime_weather_calendar,Dallas,heat_only,relative_humidity_2m_mean,17,60.296568627450974,60.79166666666666,58.208333333333336,61.91666666666666,54.458333333333336,66.625,3.2669457507584485
2025,regime_weather_calendar,Dallas,heat_only,precipitation_sum,17,0.22352941176470587,0.0,0.0,0.1,0.0,1.8,0.5596085816942789
2025,regime_weather_calendar,Dallas,heat_only,shortwave_radiation_sum,17,25.451788235294117,25.8552,23.7168,27.1764,19.5912,28.5876,2.540944187177857
2025,regime_weather_calendar,Dallas,heat_only,wind_direction_10m_dominant,17,176.9848761149508,173.33459374764985,170.54921798676202,179.08435106092622,162.41526848437908,204.29111322643973,10.838522737224546
2025,regime_weather_calendar,Dallas,heat_only,pure_wind_run_days,17,0.0,0.0,0.0,0.0,0.0,0.0,0.0
2025,regime_weather_calendar,Dallas,heat_only,low_wind_run_days,17,0.0,0.0,0.0,0.0,0.0,0.0,0.0
2025,regime_weather_calendar,Dallas,neither,temperature_2m_max,120,29.624166666666667,30.9,27.175,33.225,8.7,35.0,4.568562575428101
2025,regime_weather_calendar,Dallas,neither,wind_speed_10m_mean,120,14.407152777777776,12.993750000000002,10.673958333333331,16.690625,9.2375,28.266666666666666,4.551716202154911
2025,regime_weather_calendar,Dallas,neither,relative_humidity_2m_mean,120,67.97986111111112,69.10416666666666,61.84375,74.61458333333333,35.75,92.54166666666669,11.151970689553476
2025,regime_weather_calendar,Dallas,neither,precipitation_sum,120,4.384166666666667,0.3,0.0,2.8000000000000003,0.0,53.0,9.627499093509083
2025,regime_weather_calendar,Dallas,neither,shortwave_radiation_sum,120,19.70127,20.424599999999998,15.4755,24.4422,4.5828,29.7684,6.121133453047467
2025,regime_weather_calendar,Dallas,neither,wind_direction_10m_dominant,120,160.65941227253506,170.28882417046367,137.30649125469745,185.1238265975628,0.1899249019135559,358.36549244520126,70.37278041338722
2025,regime_weather_calendar,Dallas,neither,pure_wind_run_days,120,0.0,0.0,0.0,0.0,0.0,0.0,0.0
2025,regime_weather_calendar,Dallas,neither,low_wind_run_days,120,0.0,0.0,0.0,0.0,0.0,0.0,0.0
2025,regime_weather_calendar,Dallas,other_compound,temperature_2m_max,6,35.98333333333333,35.95,35.725,36.25,35.5,36.5,0.3816630276391286
2025,regime_weather_calendar,Dallas,other_compound,wind_speed_10m_mean,6,8.143055555555556,8.341666666666667,7.549999999999999,8.867708333333333,6.908333333333334,8.9375,0.8530120923114923
2025,regime_weather_calendar,Dallas,other_compound,relative_humidity_2m_mean,6,54.55555555555554,54.64583333333333,50.38541666666666,57.09375,48.66666666666666,62.5,5.226911310884459
2025,regime_weather_calendar,Dallas,other_compound,precipitation_sum,6,0.05000000000000001,0.0,0.0,0.07500000000000001,0.0,0.2,0.08366600265340757
2025,regime_weather_calendar,Dallas,other_compound,shortwave_radiation_sum,6,24.0408,23.5206,23.2272,24.1704,22.6296,27.0576,1.5814763532851195
2025,regime_weather_calendar,Dallas,other_compound,wind_direction_10m_dominant,6,155.8965097574314,162.77361418263953,80.31432633350238,165.54148446934948,38.10266316285495,352.4371620677449,112.49283492829491
2025,regime_weather_calendar,Dallas,other_compound,pure_wind_run_days,6,0.0,0.0,0.0,0.0,0.0,0.0,0.0
2025,regime_weather_calendar,Dallas,other_compound,low_wind_run_days,6,6.0,8.0,4.25,8.0,1.0,8.0,3.1622776601683795
2025,regime_weather_calendar,Dallas,wind_only,temperature_2m_max,65,30.173846153846153,31.3,28.3,32.8,18.9,34.9,3.5863576980638086
2025,regime_weather_calendar,Dallas,wind_only,wind_speed_10m_mean,65,6.957692307692308,7.054166666666667,5.9375,7.979166666666667,4.358333333333333,9.05,1.2814674677337863
2025,regime_weather_calendar,Dallas,wind_only,relative_humidity_2m_mean,65,65.33653846153845,62.625,57.66666666666666,72.08333333333333,49.083333333333336,89.41666666666667,10.353525580873056
2025,regime_weather_calendar,Dallas,wind_only,precipitation_sum,65,1.5092307692307692,0.0,0.0,0.5,0.0,41.0,5.537901313813606
2025,regime_weather_calendar,Dallas,wind_only,shortwave_radiation_sum,65,20.394775384615386,20.0628,18.252,23.2488,5.9292,28.872,4.565810325055632
2025,regime_weather_calendar,Dallas,wind_only,wind_direction_10m_dominant,65,135.93919071425128,118.58509680318132,82.26695058748152,164.25111184978525,16.156418707909893,358.4198712661387,79.41536035369448
2025,regime_weather_calendar,Dallas,wind_only,pure_wind_run_days,65,3.923076923076923,3.0,2.0,5.0,1.0,9.0,2.6710700823107176
2025,regime_weather_calendar,Dallas,wind_only,low_wind_run_days,65,4.476923076923077,3.0,2.0,6.0,1.0,9.0,2.9848978851236074
2025,regime_weather_calendar,Denver,heat_only,temperature_2m_max,39,34.312820512820515,33.8,32.9,35.5,32.4,37.2,1.5030109232329705
2025,regime_weather_calendar,Denver,heat_only,wind_speed_10m_mean,39,9.079059829059828,8.491666666666667,7.872916666666667,10.129166666666666,7.070833333333333,13.775,1.5508252398928961
2025,regime_weather_calendar,Denver,heat_only,relative_humidity_2m_mean,39,37.199786324786324,36.75,31.75,42.60416666666666,24.0,49.625,7.09589430318077
2025,regime_weather_calendar,Denver,heat_only,precipitation_sum,39,0.458974358974359,0.0,0.0,0.45,0.0,4.4,0.8984542130845884
2025,regime_weather_calendar,Denver,heat_only,shortwave_radiation_sum,39,27.18443076923077,27.18,25.0506,28.9962,21.9708,32.2812,2.597302269071329
2025,regime_weather_calendar,Denver,heat_only,wind_direction_10m_dominant,39,209.28152321543445,213.72415725469688,182.22865263568266,237.17466631735456,0.0794366687999533,346.94187679419724,60.653223371185625
2025,regime_weather_calendar,Denver,heat_only,pure_wind_run_days,39,0.0,0.0,0.0,0.0,0.0,0.0,0.0
2025,regime_weather_calendar,Denver,heat_only,low_wind_run_days,39,0.0,0.0,0.0,0.0,0.0,0.0,0.0
2025,regime_weather_calendar,Denver,neither,temperature_2m_max,115,23.277391304347827,24.0,19.85,28.5,0.4,32.1,6.402590770430978
2025,regime_weather_calendar,Denver,neither,wind_speed_10m_mean,115,8.879891304347826,8.3375,7.635416666666666,9.585416666666667,7.070833333333333,15.6125,1.6938277740922467
2025,regime_weather_calendar,Denver,neither,relative_humidity_2m_mean,115,52.85905797101449,49.79166666666666,43.35416666666667,60.75,28.70833333333333,89.20833333333333,14.832136777631604
2025,regime_weather_calendar,Denver,neither,precipitation_sum,115,2.008695652173913,0.2,0.0,1.95,0.0,24.3,3.9691477987932298
2025,regime_weather_calendar,Denver,neither,shortwave_radiation_sum,115,21.39195130434782,21.8052,16.2774,26.1612,3.6684,31.4028,6.011648981161129
2025,regime_weather_calendar,Denver,neither,wind_direction_10m_dominant,115,190.45790960719415,212.38437114781675,88.96838212313057,261.2094953908657,2.0121039015855016,344.4168202756068,95.67902593128754
2025,regime_weather_calendar,Denver,neither,pure_wind_run_days,115,0.0,0.0,0.0,0.0,0.0,0.0,0.0
2025,regime_weather_calendar,Denver,neither,low_wind_run_days,115,0.0,0.0,0.0,0.0,0.0,0.0,0.0
2025,regime_weather_calendar,Denver,other_compound,temperature_2m_max,2,33.95,33.95,33.375,34.525,32.8,35.1,1.6263455967290623
2025,regime_weather_calendar,Denver,other_compound,wind_speed_10m_mean,2,6.195833333333334,6.195833333333334,6.054166666666667,6.3375,5.9125000000000005,6.479166666666667,0.4006938426723768
2025,regime_weather_calendar,Denver,other_compound,relative_humidity_2m_mean,2,36.375,36.375,35.854166666666664,36.89583333333333,35.333333333333336,37.41666666666666,1.4731391274719656
2025,regime_weather_calendar,Denver,other_compound,precipitation_sum,2,0.15,0.15,0.075,0.22499999999999998,0.0,0.3,0.21213203435596426
2025,regime_weather_calendar,Denver,other_compound,shortwave_radiation_sum,2,26.46,26.46,25.2864,27.6336,24.1128,28.8072,3.3194420736021297
2025,regime_weather_calendar,Denver,other_compound,wind_direction_10m_dominant,2,229.8548647440351,229.8548647440351,222.48338886355344,237.22634062451675,215.11191298307176,244.59781650499843,20.849682329766654
2025,regime_weather_calendar,Denver,other_compound,pure_wind_run_days,2,0.0,0.0,0.0,0.0,0.0,0.0,0.0
2025,regime_weather_calendar,Denver,other_compound,low_wind_run_days,2,1.5,1.5,1.25,1.75,1.0,2.0,0.7071067811865476
2025,regime_weather_calendar,Denver,wind_only,temperature_2m_max,58,22.81551724137931,23.95,20.025,27.025000000000002,5.4,31.7,5.92200184634542
2025,regime_weather_calendar,Denver,wind_only,wind_speed_10m_mean,58,6.000646551724137,6.1625000000000005,5.310416666666667,6.639583333333333,4.2875000000000005,7.066666666666666,0.7961518076694589
2025,regime_weather_calendar,Denver,wind_only,relative_humidity_2m_mean,58,60.525143678160916,61.0,50.28124999999999,69.72916666666666,35.958333333333336,85.66666666666667,12.949394821614291
2025,regime_weather_calendar,Denver,wind_only,precipitation_sum,58,2.1189655172413793,0.6000000000000001,0.0,2.775,0.0,13.3,3.166793546666901
2025,regime_weather_calendar,Denver,wind_only,shortwave_radiation_sum,58,20.653510344827588,21.114,17.5311,24.2127,7.1316,30.6144,5.141935977297651
2025,regime_weather_calendar,Denver,wind_only,wind_direction_10m_dominant,58,176.7450737099892,190.62784216695695,102.27574514423877,250.86711119414625,2.6212782452823653,355.8311381386033,98.63768995094973
2025,regime_weather_calendar,Denver,wind_only,pure_wind_run_days,58,3.310344827586207,1.5,1.0,3.0,1.0,11.0,3.807687959681848
2025,regime_weather_calendar,Denver,wind_only,low_wind_run_days,58,3.3275862068965516,2.0,1.0,3.0,1.0,11.0,3.7992978623456146
2025,regime_weather_calendar,Houston,episode,temperature_2m_max,4,34.525,34.5,34.475,34.55,34.4,34.7,0.12583057392118097
2025,regime_weather_calendar,Houston,episode,wind_speed_10m_mean,4,6.372916666666666,6.204166666666666,5.725,6.852083333333333,5.1875,7.895833333333333,1.1491215445174083
2025,regime_weather_calendar,Houston,episode,relative_humidity_2m_mean,4,75.95833333333333,76.29166666666666,75.32291666666667,76.92708333333333,72.91666666666667,78.33333333333333,2.24871362404441
2025,regime_weather_calendar,Houston,episode,precipitation_sum,4,0.45000000000000007,0.05,0.0,0.5,0.0,1.7000000000000002,0.834665601703261
2025,regime_weather_calendar,Houston,episode,shortwave_radiation_sum,4,24.944399999999998,24.4908,23.9022,25.533,23.4972,27.2988,1.6793450151770486
2025,regime_weather_calendar,Houston,episode,wind_direction_10m_dominant,4,206.10761880366655,180.942739190487,177.42379305796555,209.626564936188,171.77123554714058,290.7737612865516,56.62517141228175
2025,regime_weather_calendar,Houston,episode,pure_wind_run_days,4,0.0,0.0,0.0,0.0,0.0,0.0,0.0
2025,regime_weather_calendar,Houston,episode,low_wind_run_days,4,7.5,7.5,3.0,12.0,3.0,12.0,5.196152422706632
2025,regime_weather_calendar,Houston,heat_only,temperature_2m_max,5,33.82,33.7,33.6,33.9,33.6,34.3,0.29495762407505044
2025,regime_weather_calendar,Houston,heat_only,wind_speed_10m_mean,5,10.034166666666668,10.091666666666669,10.004166666666666,10.125,8.404166666666667,11.545833333333334,1.112934528123236
2025,regime_weather_calendar,Houston,heat_only,relative_humidity_2m_mean,5,77.24166666666666,76.70833333333333,76.58333333333333,77.95833333333333,75.875,79.08333333333333,1.2738693243639838
2025,regime_weather_calendar,Houston,heat_only,precipitation_sum,5,0.4,0.0,0.0,0.1,0.0,1.9,0.8396427811873333
2025,regime_weather_calendar,Houston,heat_only,shortwave_radiation_sum,5,23.07312,24.894,24.7968,25.3008,14.7636,25.6104,4.65658531887906
2025,regime_weather_calendar,Houston,heat_only,wind_direction_10m_dominant,5,207.98042292973793,181.28865204936452,174.54510764508828,225.9428172379036,173.07203324674663,285.0535044695867,48.24902620391434
2025,regime_weather_calendar,Houston,heat_only,pure_wind_run_days,5,0.0,0.0,0.0,0.0,0.0,0.0,0.0
2025,regime_weather_calendar,Houston,heat_only,low_wind_run_days,5,0.0,0.0,0.0,0.0,0.0,0.0,0.0
2025,regime_weather_calendar,Houston,neither,temperature_2m_max,119,29.6672268907563,30.4,28.2,31.8,15.6,33.4,3.012659989244751
2025,regime_weather_calendar,Houston,neither,wind_speed_10m_mean,119,12.707703081232493,11.208333333333334,9.683333333333334,14.366666666666667,8.2125,27.9,4.28227132540742
2025,regime_weather_calendar,Houston,neither,relative_humidity_2m_mean,119,77.08648459383751,79.20833333333333,75.35416666666666,81.95833333333333,40.54166666666666,88.95833333333333,8.378542901824718
2025,regime_weather_calendar,Houston,neither,precipitation_sum,119,4.671428571428571,1.1,0.0,4.5,0.0,61.1,9.434296816216081
2025,regime_weather_calendar,Houston,neither,shortwave_radiation_sum,119,19.720769747899155,19.9548,16.5852,22.9968,5.8032,28.1052,4.592929685065776
2025,regime_weather_calendar,Houston,neither,wind_direction_10m_dominant,119,162.07179260659612,157.7694125514321,140.51910914352578,175.4162677267018,23.40465708421132,356.6995019662218,62.73890417696327
2025,regime_weather_calendar,Houston,neither,pure_wind_run_days,119,0.0,0.0,0.0,0.0,0.0,0.0,0.0
2025,regime_weather_calendar,Houston,neither,low_wind_run_days,119,0.0,0.0,0.0,0.0,0.0,0.0,0.0
2025,regime_weather_calendar,Houston,other_compound,temperature_2m_max,9,33.96666666666667,33.7,33.6,34.0,33.5,35.0,0.5499999999999989
2025,regime_weather_calendar,Houston,other_compound,wind_speed_10m_mean,9,5.8671296296296305,5.929166666666667,5.620833333333334,6.595833333333334,4.375,7.316666666666666,0.9636164260287107
2025,regime_weather_calendar,Houston,other_compound,relative_humidity_2m_mean,9,75.42129629629629,77.41666666666667,74.70833333333333,77.75,64.83333333333333,79.25,4.511243883172002
2025,regime_weather_calendar,Houston,other_compound,precipitation_sum,9,0.3222222222222222,0.1,0.0,0.5,0.0,1.2,0.4265494630689909
2025,regime_weather_calendar,Houston,other_compound,shortwave_radiation_sum,9,23.647199999999998,23.8608,22.7088,24.228,20.2068,28.1592,2.1937030610362918
2025,regime_weather_calendar,Houston,other_compound,wind_direction_10m_dominant,9,195.83702614197605,203.0719427311556,174.2961141952388,237.706972121337,11.30887263066011,330.44058588367284,88.02431698515038
2025,regime_weather_calendar,Houston,other_compound,pure_wind_run_days,9,0.0,0.0,0.0,0.0,0.0,0.0,0.0
2025,regime_weather_calendar,Houston,other_compound,low_wind_run_days,9,14.666666666666666,17.0,12.0,17.0,6.0,17.0,3.905124837953327
2025,regime_weather_calendar,Houston,wind_only,temperature_2m_max,77,30.906493506493515,31.3,30.3,32.1,22.3,33.4,1.965648256691982
2025,regime_weather_calendar,Houston,wind_only,wind_speed_10m_mean,77,6.5552489177489175,6.508333333333333,5.825,7.470833333333334,4.104166666666667,8.104166666666666,0.9943878985855295
2025,regime_weather_calendar,Houston,wind_only,relative_humidity_2m_mean,77,78.60335497835497,80.41666666666667,75.25,83.25,55.375,92.25,7.102681297582091
2025,regime_weather_calendar,Houston,wind_only,precipitation_sum,77,4.1688311688311686,0.9,0.0,4.3,0.0,37.1,7.588361235961081
2025,regime_weather_calendar,Houston,wind_only,shortwave_radiation_sum,77,19.419148051948056,19.9548,17.6184,21.6828,6.03,26.7948,3.7746998784012926
2025,regime_weather_calendar,Houston,wind_only,wind_direction_10m_dominant,77,131.63090532809662,122.98432682403153,72.27650404405576,172.54027057458018,17.104335189958398,358.57865419170497,77.95980315084509
2025,regime_weather_calendar,Houston,wind_only,pure_wind_run_days,77,4.636363636363637,4.0,3.0,5.0,1.0,9.0,2.7668578554642984
2025,regime_weather_calendar,Houston,wind_only,low_wind_run_days,77,7.584415584415584,6.0,3.0,9.0,1.0,17.0,5.071464673078207
2025,regime_weather_calendar,Los Angeles,episode,temperature_2m_max,9,34.05555555555556,33.7,33.1,35.1,32.5,35.6,1.1555422007775298
2025,regime_weather_calendar,Los Angeles,episode,wind_speed_10m_mean,9,5.81851851851852,5.995833333333334,5.425,6.029166666666666,4.925,6.370833333333334,0.48252496657084765
2025,regime_weather_calendar,Los Angeles,episode,relative_humidity_2m_mean,9,49.99074074074073,51.083333333333336,47.04166666666666,53.833333333333336,39.41666666666666,57.625,5.685087162865909
2025,regime_weather_calendar,Los Angeles,episode,precipitation_sum,9,0.0,0.0,0.0,0.0,0.0,0.0,0.0
2025,regime_weather_calendar,Los Angeles,episode,shortwave_radiation_sum,9,24.4496,25.9344,25.1136,27.1008,16.711199999999998,28.6848,4.5454067144756145
2025,regime_weather_calendar,Los Angeles,episode,wind_direction_10m_dominant,9,173.79372240575626,216.1088243448941,207.5797744447937,221.91137975693604,13.107043555870836,225.2537276972528,87.67266964050465
2025,regime_weather_calendar,Los Angeles,episode,pure_wind_run_days,9,0.0,0.0,0.0,0.0,0.0,0.0,0.0
2025,regime_weather_calendar,Los Angeles,episode,low_wind_run_days,9,4.444444444444445,4.0,3.0,4.0,2.0,9.0,2.6977356760397746
2025,regime_weather_calendar,Los Angeles,heat_only,temperature_2m_max,10,33.58,33.4,32.65,34.275,32.4,35.5,1.048596946188361
2025,regime_weather_calendar,Los Angeles,heat_only,wind_speed_10m_mean,10,6.717916666666667,6.679166666666667,6.512500000000001,6.8375,6.425,7.1875,0.2458454956187918
2025,regime_weather_calendar,Los Angeles,heat_only,relative_humidity_2m_mean,10,54.56666666666666,55.8125,52.458333333333336,57.24999999999999,43.29166666666666,59.958333333333336,4.9002865877390605
2025,regime_weather_calendar,Los Angeles,heat_only,precipitation_sum,10,0.01,0.0,0.0,0.0,0.0,0.1,0.03162277660168379
2025,regime_weather_calendar,Los Angeles,heat_only,shortwave_radiation_sum,10,25.451639999999998,24.9048,24.156,27.7191,17.5716,31.2912,3.7456163626297876
2025,regime_weather_calendar,Los Angeles,heat_only,wind_direction_10m_dominant,10,216.30948401332518,217.16114616253782,204.1186925857288,226.19414889836133,196.99071980458555,240.54887013008957,13.97888948266074
2025,regime_weather_calendar,Los Angeles,heat_only,pure_wind_run_days,10,0.0,0.0,0.0,0.0,0.0,0.0,0.0
2025,regime_weather_calendar,Los Angeles,heat_only,low_wind_run_days,10,0.0,0.0,0.0,0.0,0.0,0.0,0.0
2025,regime_weather_calendar,Los Angeles,neither,temperature_2m_max,131,25.269465648854965,26.0,23.0,27.65,16.3,32.3,3.6617333669635204
2025,regime_weather_calendar,Los Angeles,neither,wind_speed_10m_mean,131,7.613136132315522,7.508333333333333,6.935416666666667,7.9624999999999995,6.420833333333333,13.9875,1.099003709815707
2025,regime_weather_calendar,Los Angeles,neither,relative_humidity_2m_mean,131,66.45388040712467,67.875,63.4375,71.04166666666666,33.208333333333336,80.45833333333333,7.053447988267465
2025,regime_weather_calendar,Los Angeles,neither,precipitation_sum,131,0.44351145038167944,0.0,0.0,0.0,0.0,41.2,3.632526123293037
2025,regime_weather_calendar,Los Angeles,neither,shortwave_radiation_sum,131,26.179419847328244,27.7416,24.8868,29.242800000000003,7.851599999999999,31.5108,4.744034906918856
2025,regime_weather_calendar,Los Angeles,neither,wind_direction_10m_dominant,131,207.02290621605016,204.1666608254378,195.2297552647005,213.1707846036751,150.413421645962,334.34177142642454,22.51435700795465
2025,regime_weather_calendar,Los Angeles,neither,pure_wind_run_days,131,0.0,0.0,0.0,0.0,0.0,0.0,0.0
2025,regime_weather_calendar,Los Angeles,neither,low_wind_run_days,131,0.0,0.0,0.0,0.0,0.0,0.0,0.0
2025,regime_weather_calendar,Los Angeles,other_compound,temperature_2m_max,5,34.440000000000005,34.4,32.9,34.9,32.6,37.4,1.919114379082184
2025,regime_weather_calendar,Los Angeles,other_compound,wind_speed_10m_mean,5,5.785833333333334,5.979166666666667,5.870833333333334,6.070833333333333,4.6875,6.320833333333333,0.6360795722409438
2025,regime_weather_calendar,Los Angeles,other_compound,relative_humidity_2m_mean,5,54.20833333333333,55.625,51.16666666666666,58.583333333333336,42.5,63.16666666666666,7.869817518708916
2025,regime_weather_calendar,Los Angeles,other_compound,precipitation_sum,5,0.0,0.0,0.0,0.0,0.0,0.0,0.0
2025,regime_weather_calendar,Los Angeles,other_compound,shortwave_radiation_sum,5,26.082,25.0452,23.9076,29.6136,22.1112,29.7324,3.4412149366175897
2025,regime_weather_calendar,Los Angeles,other_compound,wind_direction_10m_dominant,5,223.6194768540178,216.40175131622908,215.37444352259803,232.3819349767352,212.46673343204384,241.4725210224828,12.648830784355054
2025,regime_weather_calendar,Los Angeles,other_compound,pure_wind_run_days,5,0.0,0.0,0.0,0.0,0.0,0.0,0.0
2025,regime_weather_calendar,Los Angeles,other_compound,low_wind_run_days,5,2.6,2.0,2.0,4.0,1.0,4.0,1.3416407864998738
2025,regime_weather_calendar,Los Angeles,wind_only,temperature_2m_max,59,26.728813559322038,26.8,24.9,29.85,17.5,32.2,3.596360749014809
2025,regime_weather_calendar,Los Angeles,wind_only,wind_speed_10m_mean,59,5.524293785310735,5.595833333333334,4.927083333333334,6.112500000000001,4.2875,6.404166666666666,0.6516617575872531
2025,regime_weather_calendar,Los Angeles,wind_only,relative_humidity_2m_mean,59,65.5367231638418,65.33333333333333,59.3125,72.85416666666666,47.54166666666666,82.79166666666667,8.381324043196253
2025,regime_weather_calendar,Los Angeles,wind_only,precipitation_sum,59,0.18305084745762715,0.0,0.0,0.0,0.0,8.8,1.1475840503171755
2025,regime_weather_calendar,Los Angeles,wind_only,shortwave_radiation_sum,59,20.818800000000003,19.1232,16.714799999999997,25.3656,9.6048,31.4388,5.138064021292121
2025,regime_weather_calendar,Los Angeles,wind_only,wind_direction_10m_dominant,59,211.24595619534531,207.7845091166101,199.9783429906082,226.41332759772058,13.411834900362765,344.98267038624687,42.49362307432192
2025,regime_weather_calendar,Los Angeles,wind_only,pure_wind_run_days,59,4.423728813559322,5.0,2.0,7.0,1.0,9.0,2.847887237636595
2025,regime_weather_calendar,Los Angeles,wind_only,low_wind_run_days,59,5.3559322033898304,5.0,3.0,9.0,1.0,9.0,2.857311926199209
2025,regime_weather_calendar,New York,episode,temperature_2m_max,7,32.628571428571426,32.2,31.200000000000003,33.95,30.2,35.7,2.031185438534426
2025,regime_weather_calendar,New York,episode,wind_speed_10m_mean,7,6.426785714285714,7.079166666666667,5.389583333333333,7.285416666666666,4.558333333333334,8.0,1.346387607617914
2025,regime_weather_calendar,New York,episode,relative_humidity_2m_mean,7,73.67857142857143,71.54166666666667,69.52083333333334,79.08333333333334,66.29166666666667,80.70833333333333,5.854263753925773
2025,regime_weather_calendar,New York,episode,precipitation_sum,7,4.0285714285714285,1.0,0.4,4.0,0.0,18.4,6.642969789111464
2025,regime_weather_calendar,New York,episode,shortwave_radiation_sum,7,22.2912,23.868,21.339,24.6204,14.4432,25.8084,4.037997682020137
2025,regime_weather_calendar,New York,episode,wind_direction_10m_dominant,7,259.2619576518685,247.48833524958823,230.8372870831474,279.2198390125302,212.94472886155296,334.2863872605831,43.73050605264314
2025,regime_weather_calendar,New York,episode,pure_wind_run_days,7,0.0,0.0,0.0,0.0,0.0,0.0,0.0
2025,regime_weather_calendar,New York,episode,low_wind_run_days,7,3.2857142857142856,3.0,2.5,4.0,2.0,5.0,1.2535663410560174
2025,regime_weather_calendar,New York,heat_only,temperature_2m_max,20,31.05,30.65,29.675,31.6,28.8,36.6,1.94949386143929
2025,regime_weather_calendar,New York,heat_only,wind_speed_10m_mean,20,10.583333333333334,10.806250000000002,9.026041666666668,11.398958333333333,8.283333333333333,15.041666666666666,1.7567596058839403
2025,regime_weather_calendar,New York,heat_only,relative_humidity_2m_mean,20,70.56458333333333,70.625,64.55208333333333,78.89583333333333,58.41666666666666,83.20833333333333,8.23446254197948
2025,regime_weather_calendar,New York,heat_only,precipitation_sum,20,5.64,0.15000000000000002,0.0,5.3,0.0,35.5,10.51126713779577
2025,regime_weather_calendar,New York,heat_only,shortwave_radiation_sum,20,22.52106,23.2416,19.548000000000002,26.5095,12.636,29.0412,4.965424587601537
2025,regime_weather_calendar,New York,heat_only,wind_direction_10m_dominant,20,222.30952109024756,224.64201353475272,207.70439696496598,260.75859072865586,26.79654774254571,344.5270095036189,71.69219815760209
2025,regime_weather_calendar,New York,heat_only,pure_wind_run_days,20,0.0,0.0,0.0,0.0,0.0,0.0,0.0
2025,regime_weather_calendar,New York,heat_only,low_wind_run_days,20,0.0,0.0,0.0,0.0,0.0,0.0,0.0
2025,regime_weather_calendar,New York,neither,temperature_2m_max,133,20.50676691729323,21.1,17.2,24.6,5.1,28.7,5.33844256440422
2025,regime_weather_calendar,New York,neither,wind_speed_10m_mean,133,12.721334586466165,11.829166666666666,9.3625,14.579166666666667,8.1625,26.96666666666667,3.9198965176881826
2025,regime_weather_calendar,New York,neither,relative_humidity_2m_mean,133,69.09398496240601,67.41666666666667,59.083333333333336,78.875,42.16666666666666,92.54166666666669,11.912696739014713
2025,regime_weather_calendar,New York,neither,precipitation_sum,133,3.145864661654135,0.1,0.0,3.8,0.0,38.4,6.030258440592132
2025,regime_weather_calendar,New York,neither,shortwave_radiation_sum,133,15.77067969924812,16.0992,10.0368,21.9312,1.2276,29.8224,7.649098569189422
2025,regime_weather_calendar,New York,neither,wind_direction_10m_dominant,133,175.39084505369817,188.35295624368368,82.22836651773062,275.19530791978207,5.695110839049583,351.4937659341677,104.19613399668066
2025,regime_weather_calendar,New York,neither,pure_wind_run_days,133,0.0,0.0,0.0,0.0,0.0,0.0,0.0
2025,regime_weather_calendar,New York,neither,low_wind_run_days,133,0.0,0.0,0.0,0.0,0.0,0.0,0.0
2025,regime_weather_calendar,New York,other_compound,temperature_2m_max,11,31.127272727272725,29.9,29.65,31.6,29.4,35.2,2.0866676348143756
2025,regime_weather_calendar,New York,other_compound,wind_speed_10m_mean,11,6.856439393939394,7.291666666666667,6.4125,7.725,4.3875,7.975,1.2445650785911055
2025,regime_weather_calendar,New York,other_compound,relative_humidity_2m_mean,11,72.22727272727273,73.0,66.35416666666666,77.9375,60.0,83.54166666666667,7.776954997967009
2025,regime_weather_calendar,New York,other_compound,precipitation_sum,11,2.2363636363636363,0.4,0.15,2.3,0.0,11.5,3.706284588984696
2025,regime_weather_calendar,New York,other_compound,shortwave_radiation_sum,11,23.50341818181818,23.7528,20.4894,26.647199999999998,17.424,28.1016,3.80206841122518
2025,regime_weather_calendar,New York,other_compound,wind_direction_10m_dominant,11,210.90523669760557,209.41859470717583,184.43178323421807,230.27287825942068,128.87998069025014,319.2377503305882,50.48142192299396
2025,regime_weather_calendar,New York,other_compound,pure_wind_run_days,11,0.0,0.0,0.0,0.0,0.0,0.0,0.0
2025,regime_weather_calendar,New York,other_compound,low_wind_run_days,11,2.090909090909091,2.0,1.0,3.0,1.0,4.0,1.1361818036340359
2025,regime_weather_calendar,New York,wind_only,temperature_2m_max,43,23.85116279069767,24.3,21.65,26.75,12.5,28.3,3.7469588997849628
2025,regime_weather_calendar,New York,wind_only,wind_speed_10m_mean,43,6.875775193798449,6.854166666666667,6.3916666666666675,7.366666666666667,4.870833333333334,8.041666666666666,0.806245901415874
2025,regime_weather_calendar,New York,wind_only,relative_humidity_2m_mean,43,72.81104651162791,74.04166666666667,66.66666666666667,78.39583333333334,49.16666666666666,89.79166666666667,8.88016071747328
2025,regime_weather_calendar,New York,wind_only,precipitation_sum,43,1.2883720930232558,0.0,0.0,1.35,0.0,12.5,2.7433217006921327
2025,regime_weather_calendar,New York,wind_only,shortwave_radiation_sum,43,18.08447441860465,17.945999999999998,13.689,22.2984,4.914,30.276,5.842902578916661
2025,regime_weather_calendar,New York,wind_only,wind_direction_10m_dominant,43,167.79395401329757,157.34054791790794,101.83790615085661,235.77119901440346,0.8318045592801674,356.5970308666871,98.4470863304919
2025,regime_weather_calendar,New York,wind_only,pure_wind_run_days,43,2.2093023255813953,2.0,1.0,3.0,1.0,4.0,1.0814042796044612
2025,regime_weather_calendar,New York,wind_only,low_wind_run_days,43,2.5813953488372094,2.0,1.5,4.0,1.0,5.0,1.3135295624409915
2025,regime_weather_calendar,Philadelphia,episode,temperature_2m_max,10,33.22,32.5,31.8,34.7,31.4,36.0,1.6956152603438996
2025,regime_weather_calendar,Philadelphia,episode,wind_speed_10m_mean,10,6.277083333333334,6.510416666666666,5.810416666666667,6.9625,4.170833333333333,7.395833333333333,1.0107681232973633
2025,regime_weather_calendar,Philadelphia,episode,relative_humidity_2m_mean,10,72.52916666666667,73.85416666666666,66.28125,77.57291666666667,61.833333333333336,82.58333333333333,7.016488792062292
2025,regime_weather_calendar,Philadelphia,episode,precipitation_sum,10,2.0200000000000005,0.8999999999999999,0.0,2.3000000000000003,0.0,8.2,2.7887870720679504
2025,regime_weather_calendar,Philadelphia,episode,shortwave_radiation_sum,10,22.09608,22.7916,20.1789,24.4854,14.9616,26.8992,3.985472547139172
2025,regime_weather_calendar,Philadelphia,episode,wind_direction_10m_dominant,10,215.1140922453431,213.87563452851282,181.65088241814857,260.47631088116964,116.54071142292906,320.90015454347656,63.96092993079185
2025,regime_weather_calendar,Philadelphia,episode,pure_wind_run_days,10,0.0,0.0,0.0,0.0,0.0,0.0,0.0
2025,regime_weather_calendar,Philadelphia,episode,low_wind_run_days,10,4.1,3.5,3.0,5.5,3.0,6.0,1.3703203194062976
2025,regime_weather_calendar,Philadelphia,heat_only,temperature_2m_max,23,33.23478260869565,32.7,31.65,33.849999999999994,30.9,38.8,2.214540521941325
2025,regime_weather_calendar,Philadelphia,heat_only,wind_speed_10m_mean,23,9.834057971014493,9.595833333333331,8.545833333333334,10.245833333333334,7.866666666666667,13.741666666666667,1.7176954534285258
2025,regime_weather_calendar,Philadelphia,heat_only,relative_humidity_2m_mean,23,68.46014492753623,67.66666666666667,59.3125,76.72916666666666,53.458333333333336,83.54166666666667,9.04090275942143
2025,regime_weather_calendar,Philadelphia,heat_only,precipitation_sum,23,5.1130434782608685,0.8,0.0,2.4,0.0,55.7,12.769754904312203
2025,regime_weather_calendar,Philadelphia,heat_only,shortwave_radiation_sum,23,23.14486956521739,24.57,18.8874,26.150399999999998,11.4228,29.8404,4.763105408185522
2025,regime_weather_calendar,Philadelphia,heat_only,wind_direction_10m_dominant,23,223.883699974748,233.2137921689637,203.75664557718423,256.9488608854799,64.71954982813523,333.73497268850684,68.87560134767462
2025,regime_weather_calendar,Philadelphia,heat_only,pure_wind_run_days,23,0.0,0.0,0.0,0.0,0.0,0.0,0.0
2025,regime_weather_calendar,Philadelphia,heat_only,low_wind_run_days,23,0.0,0.0,0.0,0.0,0.0,0.0,0.0
2025,regime_weather_calendar,Philadelphia,neither,temperature_2m_max,129,22.133333333333333,22.6,18.7,26.3,6.4,30.8,5.475604038216545
2025,regime_weather_calendar,Philadelphia,neither,wind_speed_10m_mean,129,12.672545219638241,11.554166666666667,9.816666666666666,14.775,7.891666666666667,25.058333333333334,3.793393487433115
2025,regime_weather_calendar,Philadelphia,neither,relative_humidity_2m_mean,129,64.21770025839794,62.583333333333336,53.5,76.625,33.25,90.66666666666669,14.325965812097404
2025,regime_weather_calendar,Philadelphia,neither,precipitation_sum,129,3.06046511627907,0.1,0.0,2.6,0.0,45.2,6.289070611543231
2025,regime_weather_calendar,Philadelphia,neither,shortwave_radiation_sum,129,15.952074418604653,16.3116,10.0872,23.0184,1.422,30.1644,7.82327806353696
2025,regime_weather_calendar,Philadelphia,neither,wind_direction_10m_dominant,129,182.6316761420887,203.08569914458187,75.21234561759776,281.3578788408713,3.152596551361217,354.0581551918467,108.26555146207015
2025,regime_weather_calendar,Philadelphia,neither,pure_wind_run_days,129,0.0,0.0,0.0,0.0,0.0,0.0,0.0
2025,regime_weather_calendar,Philadelphia,neither,low_wind_run_days,129,0.0,0.0,0.0,0.0,0.0,0.0,0.0
2025,regime_weather_calendar,Philadelphia,other_compound,temperature_2m_max,5,31.619999999999997,31.4,31.3,31.9,30.9,32.6,0.6534523701081825
2025,regime_weather_calendar,Philadelphia,other_compound,wind_speed_10m_mean,5,6.477500000000001,7.104166666666667,6.154166666666666,7.354166666666667,4.1625000000000005,7.6125,1.406524973116368
2025,regime_weather_calendar,Philadelphia,other_compound,relative_humidity_2m_mean,5,74.24166666666666,76.625,75.625,79.625,57.5,81.83333333333333,9.675884613592473
2025,regime_weather_calendar,Philadelphia,other_compound,precipitation_sum,5,7.659999999999999,6.6,6.1000000000000005,11.7,0.0,13.9,5.419686337787455
2025,regime_weather_calendar,Philadelphia,other_compound,shortwave_radiation_sum,5,19.81656,18.7164,16.0164,22.8996,12.906,28.5444,6.1050744113401265
2025,regime_weather_calendar,Philadelphia,other_compound,wind_direction_10m_dominant,5,182.96189467010254,168.15529570788917,159.376886597653,198.59526761294768,111.38342059175112,277.29860284027166,61.32451138807444
2025,regime_weather_calendar,Philadelphia,other_compound,pure_wind_run_days,5,0.0,0.0,0.0,0.0,0.0,0.0,0.0
2025,regime_weather_calendar,Philadelphia,other_compound,low_wind_run_days,5,2.2,2.0,2.0,2.0,1.0,4.0,1.0954451150103321
2025,regime_weather_calendar,Philadelphia,wind_only,temperature_2m_max,47,26.70212765957447,27.4,25.4,29.2,15.6,30.8,3.4064829090185835
2025,regime_weather_calendar,Philadelphia,wind_only,wind_speed_10m_mean,47,6.316489361702127,6.5375000000000005,5.560416666666667,6.8875,3.95,7.8125,0.9175390930108682
2025,regime_weather_calendar,Philadelphia,wind_only,relative_humidity_2m_mean,47,68.09308510638297,67.25,60.35416666666666,74.6875,49.333333333333336,86.66666666666667,9.942490933544466
2025,regime_weather_calendar,Philadelphia,wind_only,precipitation_sum,47,1.5297872340425533,0.0,0.0,0.95,0.0,10.6,3.0367255601485583
2025,regime_weather_calendar,Philadelphia,wind_only,shortwave_radiation_sum,47,17.70388085106383,17.0532,13.553999999999998,20.2086,7.4052,30.2292,5.747775371190912
2025,regime_weather_calendar,Philadelphia,wind_only,wind_direction_10m_dominant,47,192.61436832409237,202.6566255890066,113.80307197418398,251.46067160331216,10.474317044933642,359.4403951350924,93.89087171931014
2025,regime_weather_calendar,Philadelphia,wind_only,pure_wind_run_days,47,2.276595744680851,2.0,1.0,3.5,1.0,4.0,1.2104998547056371
2025,regime_weather_calendar,Philadelphia,wind_only,low_wind_run_days,47,2.595744680851064,2.0,1.0,4.0,1.0,6.0,1.484112594874314
2025,regime_weather_calendar,Phoenix,episode,temperature_2m_max,2,42.9,42.9,42.7,43.099999999999994,42.5,43.3,0.565685424949236
2025,regime_weather_calendar,Phoenix,episode,wind_speed_10m_mean,2,5.354166666666667,5.354166666666667,4.956250000000001,5.752083333333333,4.558333333333334,6.15,1.1254782933885883
2025,regime_weather_calendar,Phoenix,episode,relative_humidity_2m_mean,2,30.479166666666664,30.479166666666664,29.739583333333332,31.218749999999996,29.0,31.95833333333333,2.0918575610101997
2025,regime_weather_calendar,Phoenix,episode,precipitation_sum,2,0.05,0.05,0.025,0.07500000000000001,0.0,0.1,0.07071067811865477
2025,regime_weather_calendar,Phoenix,episode,shortwave_radiation_sum,2,23.1732,23.1732,22.9716,23.3748,22.77,23.5764,0.5702109083488319
2025,regime_weather_calendar,Phoenix,episode,wind_direction_10m_dominant,2,180.47055258817278,180.47055258817278,136.3282376102096,224.61286756613592,92.18592263224647,268.75518254409906,124.85332103276097
2025,regime_weather_calendar,Phoenix,episode,pure_wind_run_days,2,0.0,0.0,0.0,0.0,0.0,0.0,0.0
2025,regime_weather_calendar,Phoenix,episode,low_wind_run_days,2,2.0,2.0,2.0,2.0,2.0,2.0,0.0
2025,regime_weather_calendar,Phoenix,heat_only,temperature_2m_max,42,43.949999999999996,43.8,42.7,45.1,41.9,47.7,1.5127506847284327
2025,regime_weather_calendar,Phoenix,heat_only,wind_speed_10m_mean,42,9.286507936507936,9.420833333333334,7.811458333333334,10.288541666666667,6.741666666666667,14.004166666666668,1.6541227159086682
2025,regime_weather_calendar,Phoenix,heat_only,relative_humidity_2m_mean,42,17.913690476190474,17.729166666666668,13.489583333333334,21.5,8.958333333333334,29.45833333333333,5.488658490360783
2025,regime_weather_calendar,Phoenix,heat_only,precipitation_sum,42,0.0761904761904762,0.0,0.0,0.0,0.0,1.9,0.2994381110448521
2025,regime_weather_calendar,Phoenix,heat_only,shortwave_radiation_sum,42,29.045314285714284,29.2608,27.6687,30.6477,24.5124,32.058,2.0045062800151587
2025,regime_weather_calendar,Phoenix,heat_only,wind_direction_10m_dominant,42,246.00330905022724,246.65983946170041,239.64959671324954,263.0192281972239,118.88771626512415,296.9834378982052,33.826232871379084
2025,regime_weather_calendar,Phoenix,heat_only,pure_wind_run_days,42,0.0,0.0,0.0,0.0,0.0,0.0,0.0
2025,regime_weather_calendar,Phoenix,heat_only,low_wind_run_days,42,0.0,0.0,0.0,0.0,0.0,0.0,0.0
2025,regime_weather_calendar,Phoenix,neither,temperature_2m_max,95,35.247368421052634,37.2,32.2,39.55,18.5,41.7,5.796107316328469
2025,regime_weather_calendar,Phoenix,neither,wind_speed_10m_mean,95,9.50219298245614,8.424999999999999,7.539583333333333,10.927083333333332,6.75,18.27083333333333,2.51619399315306
2025,regime_weather_calendar,Phoenix,neither,relative_humidity_2m_mean,95,26.932894736842105,23.95833333333333,14.583333333333334,37.02083333333333,9.125,78.375,15.374030912222853
2025,regime_weather_calendar,Phoenix,neither,precipitation_sum,95,0.8736842105263158,0.0,0.0,0.2,0.0,22.8,2.9888164072484282
2025,regime_weather_calendar,Phoenix,neither,shortwave_radiation_sum,95,25.486408421052634,25.8912,21.96,29.9232,9.9468,32.31,5.318878351756073
2025,regime_weather_calendar,Phoenix,neither,wind_direction_10m_dominant,95,194.5533943408211,220.84648104054995,153.6307764711538,248.65996247070535,2.182179313507958,359.6379116780841,81.23243843483296
2025,regime_weather_calendar,Phoenix,neither,pure_wind_run_days,95,0.0,0.0,0.0,0.0,0.0,0.0,0.0
2025,regime_weather_calendar,Phoenix,neither,low_wind_run_days,95,0.0,0.0,0.0,0.0,0.0,0.0,0.0
2025,regime_weather_calendar,Phoenix,other_compound,temperature_2m_max,3,43.20000000000001,42.8,42.7,43.5,42.6,44.2,0.8717797887081365
2025,regime_weather_calendar,Phoenix,other_compound,wind_speed_10m_mean,3,5.409722222222222,4.95,4.80625,5.783333333333333,4.6625000000000005,6.616666666666667,1.0550830448270323
2025,regime_weather_calendar,Phoenix,other_compound,relative_humidity_2m_mean,3,14.791666666666666,13.25,12.604166666666668,16.208333333333336,11.958333333333334,19.166666666666668,3.843510042193782
2025,regime_weather_calendar,Phoenix,other_compound,precipitation_sum,3,0.0,0.0,0.0,0.0,0.0,0.0,0.0
2025,regime_weather_calendar,Phoenix,other_compound,shortwave_radiation_sum,3,29.2872,29.6064,28.087200000000003,30.6468,26.568,31.6872,2.5744841502716613
2025,regime_weather_calendar,Phoenix,other_compound,wind_direction_10m_dominant,3,260.05401310314573,271.7907748886991,229.45987805046377,296.5165290486044,187.12898121222844,321.24228320850966,67.8226225237166
2025,regime_weather_calendar,Phoenix,other_compound,pure_wind_run_days,3,0.0,0.0,0.0,0.0,0.0,0.0,0.0
2025,regime_weather_calendar,Phoenix,other_compound,low_wind_run_days,3,1.3333333333333333,1.0,1.0,1.5,1.0,2.0,0.5773502691896257
2025,regime_weather_calendar,Phoenix,wind_only,temperature_2m_max,72,33.669444444444444,33.849999999999994,30.5,37.725,23.0,41.5,4.677836230532981
2025,regime_weather_calendar,Phoenix,wind_only,wind_speed_10m_mean,72,5.663020833333334,5.854166666666667,5.262499999999999,6.147916666666667,3.4125,6.691666666666666,0.7429282991632331
2025,regime_weather_calendar,Phoenix,wind_only,relative_humidity_2m_mean,72,34.08043981481482,31.9375,19.635416666666668,46.385416666666664,9.25,81.54166666666667,16.944033470974297
2025,regime_weather_calendar,Phoenix,wind_only,precipitation_sum,72,0.37916666666666665,0.0,0.0,0.0,0.0,10.5,1.4439711967007542
2025,regime_weather_calendar,Phoenix,wind_only,shortwave_radiation_sum,72,23.11755,21.6864,18.959400000000002,27.7929,11.124,31.4784,5.0889794357755544
2025,regime_weather_calendar,Phoenix,wind_only,wind_direction_10m_dominant,72,165.86181827054966,166.9819034271226,72.44352890546298,250.6970943230242,0.3940390598276525,355.5461260995765,103.68402397886078
2025,regime_weather_calendar,Phoenix,wind_only,pure_wind_run_days,72,3.888888888888889,4.0,2.0,6.0,1.0,7.0,2.0456450172931304
2025,regime_weather_calendar,Phoenix,wind_only,low_wind_run_days,72,3.9027777777777777,4.0,2.0,6.0,1.0,7.0,2.0290823723706772
2025,regime_weather_calendar,San Diego,episode,temperature_2m_max,6,30.549999999999997,30.35,30.025,31.125,29.9,31.4,0.6655824516917493
2025,regime_weather_calendar,San Diego,episode,wind_speed_10m_mean,6,5.7875000000000005,5.941666666666666,5.668749999999999,6.164583333333333,4.579166666666667,6.445833333333333,0.660607885040572
2025,regime_weather_calendar,San Diego,episode,relative_humidity_2m_mean,6,65.26388888888889,66.45833333333334,60.78124999999999,69.13541666666667,57.0,72.75,6.074575126127176
2025,regime_weather_calendar,San Diego,episode,precipitation_sum,6,0.016666666666666666,0.0,0.0,0.0,0.0,0.1,0.040824829046386304
2025,regime_weather_calendar,San Diego,episode,shortwave_radiation_sum,6,24.470399999999998,24.924599999999998,23.0598,25.8417,21.3588,27.0288,2.1440370146058587
2025,regime_weather_calendar,San Diego,episode,wind_direction_10m_dominant,6,280.79503650548,280.70500979612007,267.44630718590656,294.53190780185645,259.7962186800834,301.3963673076194,17.15618625618124
2025,regime_weather_calendar,San Diego,episode,pure_wind_run_days,6,0.0,0.0,0.0,0.0,0.0,0.0,0.0
2025,regime_weather_calendar,San Diego,episode,low_wind_run_days,6,3.3333333333333335,4.0,2.5,4.0,2.0,4.0,1.0327955589886446
2025,regime_weather_calendar,San Diego,heat_only,temperature_2m_max,8,31.35,31.25,30.275,32.2,29.8,33.2,1.2558434843334807
2025,regime_weather_calendar,San Diego,heat_only,wind_speed_10m_mean,8,7.214583333333334,7.110416666666666,6.9541666666666675,7.352083333333333,6.720833333333334,8.108333333333333,0.43122771393991005
2025,regime_weather_calendar,San Diego,heat_only,relative_humidity_2m_mean,8,63.32291666666666,66.29166666666666,62.3125,70.20833333333333,34.041666666666664,77.20833333333333,13.25804169713073
2025,regime_weather_calendar,San Diego,heat_only,precipitation_sum,8,0.0125,0.0,0.0,0.0,0.0,0.1,0.03535533905932738
2025,regime_weather_calendar,San Diego,heat_only,shortwave_radiation_sum,8,23.432850000000002,23.9634,21.834899999999998,24.848999999999997,17.5248,28.7388,3.2928987034873356
2025,regime_weather_calendar,San Diego,heat_only,wind_direction_10m_dominant,8,262.8317658515766,293.93045854560444,279.6009235039145,303.2710935061971,30.80193677723364,319.1693235719295,94.79744590227703
2025,regime_weather_calendar,San Diego,heat_only,pure_wind_run_days,8,0.0,0.0,0.0,0.0,0.0,0.0,0.0
2025,regime_weather_calendar,San Diego,heat_only,low_wind_run_days,8,0.0,0.0,0.0,0.0,0.0,0.0,0.0
2025,regime_weather_calendar,San Diego,neither,temperature_2m_max,137,23.982481751824817,24.9,21.7,26.2,15.7,29.6,3.3768872242099235
2025,regime_weather_calendar,San Diego,neither,wind_speed_10m_mean,137,8.44367396593674,7.791666666666667,7.274999999999999,8.9125,6.670833333333333,19.0625,2.0948632601642996
2025,regime_weather_calendar,San Diego,neither,relative_humidity_2m_mean,137,71.53558394160584,71.79166666666667,68.20833333333333,75.41666666666667,49.75,84.625,5.774107472096047
2025,regime_weather_calendar,San Diego,neither,precipitation_sum,137,0.41167883211678835,0.0,0.0,0.1,0.0,6.300000000000001,1.1740494085598794
2025,regime_weather_calendar,San Diego,neither,shortwave_radiation_sum,137,24.671745985401458,26.8776,20.8224,29.0664,6.048,31.0392,5.605819470530479
2025,regime_weather_calendar,San Diego,neither,wind_direction_10m_dominant,137,270.5417239261426,275.6432654175589,250.75677279881148,290.5898208193639,183.30138485703048,331.3043173940649,29.04273507522077
2025,regime_weather_calendar,San Diego,neither,pure_wind_run_days,137,0.0,0.0,0.0,0.0,0.0,0.0,0.0
2025,regime_weather_calendar,San Diego,neither,low_wind_run_days,137,0.0,0.0,0.0,0.0,0.0,0.0,0.0
2025,regime_weather_calendar,San Diego,other_compound,temperature_2m_max,7,31.18571428571429,31.0,30.75,31.4,30.3,32.7,0.7798046153333791
2025,regime_weather_calendar,San Diego,other_compound,wind_speed_10m_mean,7,6.202380952380953,6.158333333333334,6.106249999999999,6.395833333333334,5.633333333333333,6.620833333333334,0.3200554887406495
2025,regime_weather_calendar,San Diego,other_compound,relative_humidity_2m_mean,7,56.17261904761904,58.5,48.125,59.89583333333333,43.083333333333336,75.58333333333333,11.270568352076834
2025,regime_weather_calendar,San Diego,other_compound,precipitation_sum,7,0.0,0.0,0.0,0.0,0.0,0.0,0.0
2025,regime_weather_calendar,San Diego,other_compound,shortwave_radiation_sum,7,24.878057142857138,24.6312,21.470399999999998,28.6182,17.258399999999998,32.0796,5.3220708321909
2025,regime_weather_calendar,San Diego,other_compound,wind_direction_10m_dominant,7,276.57771994312606,283.2637983442782,281.17415928714536,292.12974261019207,184.6607794264016,321.5116580365277,43.066818017507345
2025,regime_weather_calendar,San Diego,other_compound,pure_wind_run_days,7,0.0,0.0,0.0,0.0,0.0,0.0,0.0
2025,regime_weather_calendar,San Diego,other_compound,low_wind_run_days,7,3.0,2.0,1.5,4.5,1.0,6.0,2.160246899469287
2025,regime_weather_calendar,San Diego,wind_only,temperature_2m_max,56,26.02857142857143,26.35,24.45,28.2,19.4,29.6,2.4198207511161787
2025,regime_weather_calendar,San Diego,wind_only,wind_speed_10m_mean,56,5.842633928571429,5.9,5.461458333333334,6.329166666666667,4.108333333333333,6.595833333333334,0.6071704280568266
2025,regime_weather_calendar,San Diego,wind_only,relative_humidity_2m_mean,56,68.36160714285714,69.54166666666667,63.552083333333336,73.98958333333333,41.958333333333336,82.5,8.095052061301422
2025,regime_weather_calendar,San Diego,wind_only,precipitation_sum,56,0.28214285714285714,0.0,0.0,0.0,0.0,15.0,2.0047314164116976
2025,regime_weather_calendar,San Diego,wind_only,shortwave_radiation_sum,56,24.905764285714287,26.424,20.4444,29.6118,4.4244,31.7916,5.504082264066407
2025,regime_weather_calendar,San Diego,wind_only,wind_direction_10m_dominant,56,262.6001111448041,268.81305733419083,251.16587761738577,280.57758566421217,7.067672219149596,348.28002758433007,41.87166440649813
2025,regime_weather_calendar,San Diego,wind_only,pure_wind_run_days,56,3.5357142857142856,3.0,2.0,5.0,1.0,8.0,2.303864624450015
2025,regime_weather_calendar,San Diego,wind_only,low_wind_run_days,56,4.0,4.0,2.0,6.0,1.0,8.0,2.3817487845545915
2025,regime_weather_calendar,Seattle,episode,temperature_2m_max,8,26.7875,27.0,24.9,28.05,24.7,29.2,1.8114220932736804
2025,regime_weather_calendar,Seattle,episode,wind_speed_10m_mean,8,4.977083333333333,5.070833333333333,4.629166666666666,5.4468749999999995,4.220833333333333,5.483333333333333,0.49957819509649637
2025,regime_weather_calendar,Seattle,episode,relative_humidity_2m_mean,8,66.921875,67.95833333333334,63.791666666666664,70.0625,61.16666666666666,71.45833333333333,3.969029252142784
2025,regime_weather_calendar,Seattle,episode,precipitation_sum,8,0.05,0.0,0.0,0.0,0.0,0.4,0.14142135623730953
2025,regime_weather_calendar,Seattle,episode,shortwave_radiation_sum,8,24.93585,23.5674,22.7331,27.6921,20.1384,30.2616,3.707218971142654
2025,regime_weather_calendar,Seattle,episode,wind_direction_10m_dominant,8,226.32325579681628,249.39282684277438,170.86844169838378,346.7721557124778,17.09500467880024,354.5866852870735,138.8606005970118
2025,regime_weather_calendar,Seattle,episode,pure_wind_run_days,8,0.0,0.0,0.0,0.0,0.0,0.0,0.0
2025,regime_weather_calendar,Seattle,episode,low_wind_run_days,8,3.125,3.0,2.75,4.0,2.0,4.0,0.8345229603962802
2025,regime_weather_calendar,Seattle,heat_only,temperature_2m_max,24,26.65833333333333,26.950000000000003,24.675,28.125,24.0,31.6,1.9776834640705196
2025,regime_weather_calendar,Seattle,heat_only,wind_speed_10m_mean,24,8.215798611111111,7.947916666666666,7.344791666666667,9.384375,6.05,10.9,1.4453067156714998
2025,regime_weather_calendar,Seattle,heat_only,relative_humidity_2m_mean,24,65.0954861111111,65.22916666666666,62.39583333333333,68.38541666666667,58.333333333333336,69.5,3.392377412947448
2025,regime_weather_calendar,Seattle,heat_only,precipitation_sum,24,0.025000000000000005,0.0,0.0,0.0,0.0,0.6000000000000001,0.12247448713915891
2025,regime_weather_calendar,Seattle,heat_only,shortwave_radiation_sum,24,26.650050000000004,28.3194,24.871499999999997,29.5803,18.5652,30.3264,3.7486145444162027
2025,regime_weather_calendar,Seattle,heat_only,wind_direction_10m_dominant,24,98.27876908459196,18.231229979906935,9.325425711131002,214.35212916111146,2.7850350984435965,359.35973538936634,121.64965145904006
2025,regime_weather_calendar,Seattle,heat_only,pure_wind_run_days,24,0.0,0.0,0.0,0.0,0.0,0.0,0.0
2025,regime_weather_calendar,Seattle,heat_only,low_wind_run_days,24,0.0,0.0,0.0,0.0,0.0,0.0,0.0
2025,regime_weather_calendar,Seattle,neither,temperature_2m_max,126,17.645238095238092,17.65,14.6,20.7,9.2,23.8,3.6304844226159605
2025,regime_weather_calendar,Seattle,neither,wind_speed_10m_mean,126,9.261441798941798,8.172916666666666,7.130208333333334,10.753125,5.945833333333333,20.47083333333333,2.908020753809288
2025,regime_weather_calendar,Seattle,neither,relative_humidity_2m_mean,126,74.96626984126985,74.66666666666666,69.30208333333334,80.05208333333333,54.458333333333336,92.95833333333331,7.976194989337742
2025,regime_weather_calendar,Seattle,neither,precipitation_sum,126,2.9761904761904763,0.2,0.0,3.075,0.0,28.3,5.4055886424540835
2025,regime_weather_calendar,Seattle,neither,shortwave_radiation_sum,126,15.004800000000001,15.269400000000001,10.1952,20.8629,1.08,29.0304,6.807299740813534
2025,regime_weather_calendar,Seattle,neither,wind_direction_10m_dominant,126,166.99676839439775,196.58070461973762,166.10352567259153,212.12587268272705,0.1261576048581608,355.3890669092715,87.78503068142052
2025,regime_weather_calendar,Seattle,neither,pure_wind_run_days,126,0.0,0.0,0.0,0.0,0.0,0.0,0.0
2025,regime_weather_calendar,Seattle,neither,low_wind_run_days,126,0.0,0.0,0.0,0.0,0.0,0.0,0.0
2025,regime_weather_calendar,Seattle,other_compound,temperature_2m_max,11,26.345454545454547,25.4,24.55,27.1,24.2,31.2,2.3393860888547815
2025,regime_weather_calendar,Seattle,other_compound,wind_speed_10m_mean,11,4.768560606060606,4.9,4.620833333333334,5.289583333333333,2.9916666666666667,5.404166666666666,0.7045643936848389
2025,regime_weather_calendar,Seattle,other_compound,relative_humidity_2m_mean,11,69.19696969696969,68.58333333333333,63.145833333333336,74.83333333333333,56.333333333333336,83.79166666666667,8.847455121175363
2025,regime_weather_calendar,Seattle,other_compound,precipitation_sum,11,0.045454545454545456,0.0,0.0,0.0,0.0,0.5,0.15075567228888181
2025,regime_weather_calendar,Seattle,other_compound,shortwave_radiation_sum,11,25.241563636363637,26.7876,22.8042,27.8172,18.7668,30.2112,4.032063759236138
2025,regime_weather_calendar,Seattle,other_compound,wind_direction_10m_dominant,11,219.0049004672787,242.37864900052935,132.51512495194555,336.57996801934394,1.4534741378683893,355.3448931865681,137.03426377771981
2025,regime_weather_calendar,Seattle,other_compound,pure_wind_run_days,11,0.0,0.0,0.0,0.0,0.0,0.0,0.0
2025,regime_weather_calendar,Seattle,other_compound,low_wind_run_days,11,2.0,1.0,1.0,3.0,1.0,5.0,1.3416407864998738
2025,regime_weather_calendar,Seattle,wind_only,temperature_2m_max,45,19.624444444444443,20.6,17.5,22.3,12.0,23.8,3.1967423443502003
2025,regime_weather_calendar,Seattle,wind_only,wind_speed_10m_mean,45,4.9799999999999995,5.058333333333334,4.633333333333334,5.545833333333333,3.4291666666666667,5.8375,0.6340541153656534
2025,regime_weather_calendar,Seattle,wind_only,relative_humidity_2m_mean,45,74.13425925925925,74.29166666666667,67.95833333333333,80.25,57.5,87.5,7.503081694785866
2025,regime_weather_calendar,Seattle,wind_only,precipitation_sum,45,0.8488888888888888,0.0,0.0,0.3,0.0,18.7,2.955551188574278
2025,regime_weather_calendar,Seattle,wind_only,shortwave_radiation_sum,45,17.628880000000002,16.9488,11.8548,24.0336,2.7432,29.7432,6.892268903950544
2025,regime_weather_calendar,Seattle,wind_only,wind_direction_10m_dominant,45,181.74655671582545,223.0869613679503,23.22558967258374,308.44025091269475,1.8329993621013492,357.9113486293046,128.11846311578418
2025,regime_weather_calendar,Seattle,wind_only,pure_wind_run_days,45,1.9777777777777779,2.0,1.0,3.0,1.0,4.0,0.9883155754958418
2025,regime_weather_calendar,Seattle,wind_only,low_wind_run_days,45,2.2444444444444445,2.0,1.0,3.0,1.0,5.0,1.208973184820971
2025,regime_factorial,Atlanta,compound,no2_ppb,17,10.911037607843136,10.672222333333332,9.213962,12.340700666666669,7.6809943333333335,15.49686,2.164737777170021
2025,regime_factorial,Atlanta,compound,n_available_sites,17,3.0,3.0,3.0,3.0,3.0,3.0,0.0
2025,regime_factorial,Atlanta,compound,temperature_2m_max,17,33.00588235294118,32.8,31.9,33.9,31.5,37.1,1.432423902095367
2025,regime_factorial,Atlanta,compound,wind_speed_10m_mean,17,5.353186274509803,5.466666666666668,4.691666666666666,5.958333333333333,3.6875,6.7625,0.8929453562865567
2025,regime_factorial,Atlanta,compound,relative_humidity_2m_mean,17,72.24509803921568,75.125,67.41666666666667,77.54166666666667,57.083333333333336,83.29166666666667,6.886762071544607
2025,regime_factorial,Atlanta,compound,precipitation_sum,17,3.064705882352942,2.7,0.4,3.9,0.0,9.3,2.9893438194005446
2025,regime_factorial,Atlanta,compound,shortwave_radiation_sum,17,23.360823529411768,23.5224,21.942,25.1532,17.8344,26.6688,2.1479159037103304
2025,regime_factorial,Atlanta,compound,wind_direction_10m_dominant,17,201.26902092131354,256.71705811474294,92.79653123605998,278.1881794751165,17.5585297755239,348.4100239175448,121.01272181701238
2025,regime_factorial,Atlanta,compound,pure_wind_run_days,17,0.0,0.0,0.0,0.0,0.0,0.0,0.0
2025,regime_factorial,Atlanta,compound,low_wind_run_days,17,5.235294117647059,8.0,2.0,8.0,1.0,8.0,3.072649747463618
2025,regime_factorial,Atlanta,heat_only,no2_ppb,20,8.86166915,8.875694499999998,6.495138666666667,10.988706333333333,5.801973666666666,13.743055666666665,2.542315204499694
2025,regime_factorial,Atlanta,heat_only,n_available_sites,20,2.85,3.0,3.0,3.0,1.0,3.0,0.4893604849295929
2025,regime_factorial,Atlanta,heat_only,temperature_2m_max,20,32.95,32.8,32.425,33.3,31.8,35.5,0.8935440966351786
2025,regime_factorial,Atlanta,heat_only,wind_speed_10m_mean,20,9.067916666666667,8.854166666666668,8.071875,10.229166666666666,6.795833333333333,11.791666666666666,1.542687014168529
2025,regime_factorial,Atlanta,heat_only,relative_humidity_2m_mean,20,67.71666666666667,68.47916666666667,61.333333333333336,72.07291666666667,54.875,83.58333333333333,7.345305219793786
2025,regime_factorial,Atlanta,heat_only,precipitation_sum,20,1.3750000000000002,0.3,0.0,0.6250000000000001,0.0,15.1,3.435859656468432
2025,regime_factorial,Atlanta,heat_only,shortwave_radiation_sum,20,23.588100000000004,24.2928,22.1616,25.069499999999998,17.1252,28.0008,2.5017735414364703
2025,regime_factorial,Atlanta,heat_only,wind_direction_10m_dominant,20,246.66006056756675,265.5864230180417,201.53608790615658,303.0721135185585,68.07249554301333,352.3836307484868,85.42025891859159
2025,regime_factorial,Atlanta,heat_only,pure_wind_run_days,20,0.0,0.0,0.0,0.0,0.0,0.0,0.0
2025,regime_factorial,Atlanta,heat_only,low_wind_run_days,20,0.0,0.0,0.0,0.0,0.0,0.0,0.0
2025,regime_factorial,Atlanta,neither,no2_ppb,134,10.57705027363184,10.038304166666666,7.765988750000001,13.36052625,3.4562500000000003,24.333333,3.673535963060151
2025,regime_factorial,Atlanta,neither,n_available_sites,134,2.6044776119402986,3.0,2.0,3.0,1.0,3.0,0.5622010546155136
2025,regime_factorial,Atlanta,neither,temperature_2m_max,134,25.436567164179106,26.45,23.55,28.375,11.4,31.4,4.31136879760812
2025,regime_factorial,Atlanta,neither,wind_speed_10m_mean,134,11.35634328358209,10.614583333333334,8.727083333333333,13.804166666666667,6.8125,19.35833333333333,3.246952724268492
2025,regime_factorial,Atlanta,neither,relative_humidity_2m_mean,134,71.65111940298507,71.60416666666667,62.08333333333333,81.27083333333334,42.5,94.66666666666669,11.97966578086487
2025,regime_factorial,Atlanta,neither,precipitation_sum,134,3.9328358208955225,0.4,0.0,5.25,0.0,35.9,6.71687109532321
2025,regime_factorial,Atlanta,neither,shortwave_radiation_sum,134,17.790985074626864,18.3978,14.5656,22.5855,1.7748,28.5336,6.543596461381127
2025,regime_factorial,Atlanta,neither,wind_direction_10m_dominant,134,178.3961523949765,174.06621209260572,87.33858784263538,254.15274938576465,0.147780701950776,353.5193309824505,93.19584774012058
2025,regime_factorial,Atlanta,neither,pure_wind_run_days,134,0.0,0.0,0.0,0.0,0.0,0.0,0.0
2025,regime_factorial,Atlanta,neither,low_wind_run_days,134,0.0,0.0,0.0,0.0,0.0,0.0,0.0
2025,regime_factorial,Atlanta,wind_only,no2_ppb,39,11.41629137179487,11.39375,9.424744166666667,13.448866833333334,4.745833,18.154167,3.2299277794324004
2025,regime_factorial,Atlanta,wind_only,n_available_sites,39,2.6153846153846154,3.0,2.0,3.0,1.0,3.0,0.6733804983414345
2025,regime_factorial,Atlanta,wind_only,temperature_2m_max,39,28.21794871794872,28.9,26.9,30.1,21.0,31.3,2.5559910833869464
2025,regime_factorial,Atlanta,wind_only,wind_speed_10m_mean,39,5.768055555555556,6.0125,5.1375,6.304166666666667,4.295833333333333,6.6875,0.7204652070172557
2025,regime_factorial,Atlanta,wind_only,relative_humidity_2m_mean,39,73.50213675213675,74.375,66.52083333333334,81.5625,54.79166666666666,90.58333333333331,9.029273120906124
2025,regime_factorial,Atlanta,wind_only,precipitation_sum,39,2.8,0.6000000000000001,0.0,3.9499999999999997,0.0,15.7,4.1345145454231735
2025,regime_factorial,Atlanta,wind_only,shortwave_radiation_sum,39,19.162615384615385,19.0692,17.685000000000002,20.8566,7.128,28.2744,4.210869479756711
2025,regime_factorial,Atlanta,wind_only,wind_direction_10m_dominant,39,164.18543793448362,141.9322867092338,78.969414789095,256.43806671207443,17.241034757227137,343.1439747793429,103.4090512989959
2025,regime_factorial,Atlanta,wind_only,pure_wind_run_days,39,2.3333333333333335,2.0,1.0,4.0,1.0,4.0,1.3245323570650436
2025,regime_factorial,Atlanta,wind_only,low_wind_run_days,39,3.4615384615384617,3.0,1.0,4.5,1.0,8.0,2.5323813823330488
2025,regime_factorial,Chicago,compound,no2_ppb,24,17.005707204861114,16.9458635,12.890262583333334,19.631461416666667,11.216667000000001,27.54963775,4.570569762865847
2025,regime_factorial,Chicago,compound,n_available_sites,24,3.4583333333333335,3.0,3.0,4.0,3.0,4.0,0.5089773777040515
2025,regime_factorial,Chicago,compound,temperature_2m_max,24,28.641666666666666,29.0,27.5,29.6,26.9,30.5,1.161302367347022
2025,regime_factorial,Chicago,compound,wind_speed_10m_mean,24,8.081249999999999,7.927083333333333,7.3125,9.05,4.870833333333334,10.179166666666667,1.3990696313383881
2025,regime_factorial,Chicago,compound,relative_humidity_2m_mean,24,74.6423611111111,75.0,71.78125,79.05208333333334,58.875,88.04166666666667,8.477537781677803
2025,regime_factorial,Chicago,compound,precipitation_sum,24,3.0041666666666664,0.25,0.0,2.0,0.0,25.4,6.148628632302573
2025,regime_factorial,Chicago,compound,shortwave_radiation_sum,24,22.39095,23.5476,18.345599999999997,25.614,10.7388,29.9196,4.983671970240068
2025,regime_factorial,Chicago,compound,wind_direction_10m_dominant,24,186.34418240264563,192.44148918332428,155.14182700465912,208.1896547624878,79.81575759594357,324.66108899559464,59.364122193065654
2025,regime_factorial,Chicago,compound,pure_wind_run_days,24,0.0,0.0,0.0,0.0,0.0,0.0,0.0
2025,regime_factorial,Chicago,compound,low_wind_run_days,24,4.666666666666667,5.0,3.0,7.0,1.0,8.0,2.0359095108162064
2025,regime_factorial,Chicago,heat_only,no2_ppb,24,10.109441739583334,10.828819541666668,7.9161459375,11.9802603125,4.522222,16.814583250000002,3.3472952833842418
2025,regime_factorial,Chicago,heat_only,n_available_sites,24,3.6666666666666665,4.0,3.0,4.0,3.0,4.0,0.48154341234307685
2025,regime_factorial,Chicago,heat_only,temperature_2m_max,24,29.541666666666668,29.3,28.1,30.875,27.0,32.2,1.6823680687770382
2025,regime_factorial,Chicago,heat_only,wind_speed_10m_mean,24,16.273611111111112,15.660416666666666,13.735416666666666,17.822916666666668,11.266666666666666,27.875,3.776166291879788
2025,regime_factorial,Chicago,heat_only,relative_humidity_2m_mean,24,71.8888888888889,72.4375,68.09375,78.89583333333333,52.458333333333336,87.66666666666667,8.676882797904257
2025,regime_factorial,Chicago,heat_only,precipitation_sum,24,4.666666666666667,0.25,0.0,9.675,0.0,22.4,7.361218393165906
2025,regime_factorial,Chicago,heat_only,shortwave_radiation_sum,24,23.47935,24.343200000000003,22.404600000000002,26.0397,13.608,29.826,4.470855497650262
2025,regime_factorial,Chicago,heat_only,wind_direction_10m_dominant,24,203.8398176644042,205.29223164553957,178.75668268665584,218.6724633850591,134.552236605596,296.5761998110874,37.71655158750961
2025,regime_factorial,Chicago,heat_only,pure_wind_run_days,24,0.0,0.0,0.0,0.0,0.0,0.0,0.0
2025,regime_factorial,Chicago,heat_only,low_wind_run_days,24,0.0,0.0,0.0,0.0,0.0,0.0,0.0
2025,regime_factorial,Chicago,neither,no2_ppb,106,11.207593205974844,10.567708249999999,8.673958500000001,13.045312500000001,3.186111,22.05066275,4.266992146914787
2025,regime_factorial,Chicago,neither,n_available_sites,106,3.5754716981132075,4.0,3.0,4.0,2.0,4.0,0.5846954959642655
2025,regime_factorial,Chicago,neither,temperature_2m_max,106,17.119811320754714,18.1,12.225,21.975,3.9,26.2,5.8967371092401315
2025,regime_factorial,Chicago,neither,wind_speed_10m_mean,106,16.405856918238996,15.1375,12.658333333333333,19.701041666666665,10.745833333333332,28.7375,4.694894882293709
2025,regime_factorial,Chicago,neither,relative_humidity_2m_mean,106,71.44536163522014,71.4375,63.614583333333336,78.84375,49.41666666666666,93.16666666666669,10.472838014831781
2025,regime_factorial,Chicago,neither,precipitation_sum,106,2.6820754716981132,0.1,0.0,1.7,0.0,33.1,6.229970529163824
2025,regime_factorial,Chicago,neither,shortwave_radiation_sum,106,18.139279245283017,17.6796,13.5108,23.1534,4.7484,30.4308,6.440070163810581
2025,regime_factorial,Chicago,neither,wind_direction_10m_dominant,106,138.00204193038394,96.0627887945892,35.330598815251335,243.27162948677898,0.1528526832850116,359.4170846363575,113.76574565962667
2025,regime_factorial,Chicago,neither,pure_wind_run_days,106,0.0,0.0,0.0,0.0,0.0,0.0,0.0
2025,regime_factorial,Chicago,neither,low_wind_run_days,106,0.0,0.0,0.0,0.0,0.0,0.0,0.0
2025,regime_factorial,Chicago,wind_only,no2_ppb,60,14.581996201388892,13.81356425,11.3901910625,17.747395770833336,6.3260415,27.057291749999997,4.65327759900512
2025,regime_factorial,Chicago,wind_only,n_available_sites,60,3.5833333333333335,4.0,3.0,4.0,2.0,4.0,0.5301636033600228
2025,regime_factorial,Chicago,wind_only,temperature_2m_max,60,21.011666666666667,22.700000000000003,18.275,25.4,7.5,26.7,5.195307258875484
2025,regime_factorial,Chicago,wind_only,wind_speed_10m_mean,60,8.875069444444444,8.991666666666667,8.077083333333334,9.940625,5.570833333333333,10.625,1.3237158639974655
2025,regime_factorial,Chicago,wind_only,relative_humidity_2m_mean,60,73.93888888888888,72.64583333333334,69.0,78.14583333333333,57.0,90.45833333333331,8.183387797502872
2025,regime_factorial,Chicago,wind_only,precipitation_sum,60,1.8800000000000001,0.0,0.0,0.8500000000000001,0.0,52.0,7.047293025201296
2025,regime_factorial,Chicago,wind_only,shortwave_radiation_sum,60,21.0084,21.240000000000002,17.078400000000002,25.2864,7.0632,31.0284,5.704296628605375
2025,regime_factorial,Chicago,wind_only,wind_direction_10m_dominant,60,113.31791207538274,74.3486528076979,52.522391423852426,153.59547994303335,9.481538863954947,349.9136566722788,89.13248775856472
2025,regime_factorial,Chicago,wind_only,pure_wind_run_days,60,2.3333333333333335,2.0,1.0,3.0,1.0,5.0,1.2975422225149513
2025,regime_factorial,Chicago,wind_only,low_wind_run_days,60,3.3333333333333335,3.0,1.75,5.0,1.0,8.0,2.274893677282051
2025,regime_factorial,Dallas,compound,no2_ppb,12,7.807146999999998,7.364748,6.068590166666667,9.169927333333334,4.950883666666667,12.283031333333334,2.3223223864734623
2025,regime_factorial,Dallas,compound,n_available_sites,12,2.8333333333333335,3.0,3.0,3.0,2.0,3.0,0.38924947208076144
2025,regime_factorial,Dallas,compound,temperature_2m_max,12,36.80833333333333,36.4,35.775,37.800000000000004,35.2,39.0,1.3303849978198952
2025,regime_factorial,Dallas,compound,wind_speed_10m_mean,12,7.7569444444444455,7.699999999999999,6.871875000000001,8.720833333333333,6.508333333333333,8.9375,0.9452421616219541
2025,regime_factorial,Dallas,compound,relative_humidity_2m_mean,12,53.09374999999999,53.22916666666666,49.13541666666666,56.114583333333336,43.25,62.5,5.6333726968769975
2025,regime_factorial,Dallas,compound,precipitation_sum,12,0.65,0.0,0.0,0.125,0.0,7.2,2.0641969602993533
2025,regime_factorial,Dallas,compound,shortwave_radiation_sum,12,24.462300000000003,23.900399999999998,23.292,25.7733,21.7332,28.1304,1.9080009005143674
2025,regime_factorial,Dallas,compound,wind_direction_10m_dominant,12,156.492591227489,164.88851637742818,110.82400316208356,179.8306051929772,38.10266316285495,352.4371620677449,83.78117385702775
2025,regime_factorial,Dallas,compound,pure_wind_run_days,12,0.0,0.0,0.0,0.0,0.0,0.0,0.0
2025,regime_factorial,Dallas,compound,low_wind_run_days,12,7.333333333333333,8.0,8.0,9.0,1.0,9.0,2.5702257889260633
2025,regime_factorial,Dallas,heat_only,no2_ppb,17,4.22053368627451,3.905060333333333,3.0975463333333333,5.300700666666667,2.5196970000000003,9.780707333333334,1.7754053864220876
2025,regime_factorial,Dallas,heat_only,n_available_sites,17,3.0,3.0,3.0,3.0,3.0,3.0,0.0
2025,regime_factorial,Dallas,heat_only,temperature_2m_max,17,36.03529411764706,35.8,35.5,36.6,35.1,37.4,0.6642111641550712
2025,regime_factorial,Dallas,heat_only,wind_speed_10m_mean,17,13.39877450980392,12.741666666666667,11.233333333333334,14.5,9.55,20.875,3.300634134116617
2025,regime_factorial,Dallas,heat_only,relative_humidity_2m_mean,17,60.296568627450974,60.79166666666666,58.208333333333336,61.91666666666666,54.458333333333336,66.625,3.2669457507584485
2025,regime_factorial,Dallas,heat_only,precipitation_sum,17,0.22352941176470587,0.0,0.0,0.1,0.0,1.8,0.5596085816942789
2025,regime_factorial,Dallas,heat_only,shortwave_radiation_sum,17,25.451788235294117,25.8552,23.7168,27.1764,19.5912,28.5876,2.540944187177857
2025,regime_factorial,Dallas,heat_only,wind_direction_10m_dominant,17,176.9848761149508,173.33459374764985,170.54921798676202,179.08435106092622,162.41526848437908,204.29111322643973,10.838522737224546
2025,regime_factorial,Dallas,heat_only,pure_wind_run_days,17,0.0,0.0,0.0,0.0,0.0,0.0,0.0
2025,regime_factorial,Dallas,heat_only,low_wind_run_days,17,0.0,0.0,0.0,0.0,0.0,0.0,0.0
2025,regime_factorial,Dallas,neither,no2_ppb,120,6.044661018055555,5.305368333333333,3.4982699999999998,7.790549416666667,1.8036363333333334,15.992575666666665,3.291135402475835
2025,regime_factorial,Dallas,neither,n_available_sites,120,2.908333333333333,3.0,3.0,3.0,2.0,3.0,0.28976470701963286
2025,regime_factorial,Dallas,neither,temperature_2m_max,120,29.624166666666667,30.9,27.175,33.225,8.7,35.0,4.568562575428101
2025,regime_factorial,Dallas,neither,wind_speed_10m_mean,120,14.407152777777776,12.993750000000002,10.673958333333331,16.690625,9.2375,28.266666666666666,4.551716202154911
2025,regime_factorial,Dallas,neither,relative_humidity_2m_mean,120,67.97986111111112,69.10416666666666,61.84375,74.61458333333333,35.75,92.54166666666669,11.151970689553476
2025,regime_factorial,Dallas,neither,precipitation_sum,120,4.384166666666667,0.3,0.0,2.8000000000000003,0.0,53.0,9.627499093509083
2025,regime_factorial,Dallas,neither,shortwave_radiation_sum,120,19.70127,20.424599999999998,15.4755,24.4422,4.5828,29.7684,6.121133453047467
2025,regime_factorial,Dallas,neither,wind_direction_10m_dominant,120,160.65941227253506,170.28882417046367,137.30649125469745,185.1238265975628,0.1899249019135559,358.36549244520126,70.37278041338722
2025,regime_factorial,Dallas,neither,pure_wind_run_days,120,0.0,0.0,0.0,0.0,0.0,0.0,0.0
2025,regime_factorial,Dallas,neither,low_wind_run_days,120,0.0,0.0,0.0,0.0,0.0,0.0,0.0
2025,regime_factorial,Dallas,wind_only,no2_ppb,65,10.699348456410256,10.171211666666666,7.975396666666666,12.685918000000001,3.3651516666666663,19.490744666666668,3.659812602768838
2025,regime_factorial,Dallas,wind_only,n_available_sites,65,2.953846153846154,3.0,3.0,3.0,2.0,3.0,0.2114510308831301
2025,regime_factorial,Dallas,wind_only,temperature_2m_max,65,30.173846153846153,31.3,28.3,32.8,18.9,34.9,3.5863576980638086
2025,regime_factorial,Dallas,wind_only,wind_speed_10m_mean,65,6.957692307692308,7.054166666666667,5.9375,7.979166666666667,4.358333333333333,9.05,1.2814674677337863
2025,regime_factorial,Dallas,wind_only,relative_humidity_2m_mean,65,65.33653846153845,62.625,57.66666666666666,72.08333333333333,49.083333333333336,89.41666666666667,10.353525580873056
2025,regime_factorial,Dallas,wind_only,precipitation_sum,65,1.5092307692307692,0.0,0.0,0.5,0.0,41.0,5.537901313813606
2025,regime_factorial,Dallas,wind_only,shortwave_radiation_sum,65,20.394775384615386,20.0628,18.252,23.2488,5.9292,28.872,4.565810325055632
2025,regime_factorial,Dallas,wind_only,wind_direction_10m_dominant,65,135.93919071425128,118.58509680318132,82.26695058748152,164.25111184978525,16.156418707909893,358.4198712661387,79.41536035369448
2025,regime_factorial,Dallas,wind_only,pure_wind_run_days,65,3.923076923076923,3.0,2.0,5.0,1.0,9.0,2.6710700823107176
2025,regime_factorial,Dallas,wind_only,low_wind_run_days,65,4.476923076923077,3.0,2.0,6.0,1.0,9.0,2.9848978851236074
2025,regime_factorial,Denver,compound,no2_ppb,2,15.522898625,15.522898625,15.322142312499999,15.723654937500001,15.121386,15.92441125,0.5678245997390233
2025,regime_factorial,Denver,compound,n_available_sites,2,4.0,4.0,4.0,4.0,4.0,4.0,0.0
2025,regime_factorial,Denver,compound,temperature_2m_max,2,33.95,33.95,33.375,34.525,32.8,35.1,1.6263455967290623
2025,regime_factorial,Denver,compound,wind_speed_10m_mean,2,6.195833333333334,6.195833333333334,6.054166666666667,6.3375,5.9125000000000005,6.479166666666667,0.4006938426723768
2025,regime_factorial,Denver,compound,relative_humidity_2m_mean,2,36.375,36.375,35.854166666666664,36.89583333333333,35.333333333333336,37.41666666666666,1.4731391274719656
2025,regime_factorial,Denver,compound,precipitation_sum,2,0.15,0.15,0.075,0.22499999999999998,0.0,0.3,0.21213203435596426
2025,regime_factorial,Denver,compound,shortwave_radiation_sum,2,26.46,26.46,25.2864,27.6336,24.1128,28.8072,3.3194420736021297
2025,regime_factorial,Denver,compound,wind_direction_10m_dominant,2,229.8548647440351,229.8548647440351,222.48338886355344,237.22634062451675,215.11191298307176,244.59781650499843,20.849682329766654
2025,regime_factorial,Denver,compound,pure_wind_run_days,2,0.0,0.0,0.0,0.0,0.0,0.0,0.0
2025,regime_factorial,Denver,compound,low_wind_run_days,2,1.5,1.5,1.25,1.75,1.0,2.0,0.7071067811865476
2025,regime_factorial,Denver,heat_only,no2_ppb,39,12.901378887179488,12.821557799999999,10.95343295,14.551185,7.972029000000001,18.521783,2.826423114373921
2025,regime_factorial,Denver,heat_only,n_available_sites,39,4.641025641025641,5.0,4.0,5.0,4.0,5.0,0.48597051498058946
2025,regime_factorial,Denver,heat_only,temperature_2m_max,39,34.312820512820515,33.8,32.9,35.5,32.4,37.2,1.5030109232329705
2025,regime_factorial,Denver,heat_only,wind_speed_10m_mean,39,9.079059829059828,8.491666666666667,7.872916666666667,10.129166666666666,7.070833333333333,13.775,1.5508252398928961
2025,regime_factorial,Denver,heat_only,relative_humidity_2m_mean,39,37.199786324786324,36.75,31.75,42.60416666666666,24.0,49.625,7.09589430318077
2025,regime_factorial,Denver,heat_only,precipitation_sum,39,0.458974358974359,0.0,0.0,0.45,0.0,4.4,0.8984542130845884
2025,regime_factorial,Denver,heat_only,shortwave_radiation_sum,39,27.18443076923077,27.18,25.0506,28.9962,21.9708,32.2812,2.597302269071329
2025,regime_factorial,Denver,heat_only,wind_direction_10m_dominant,39,209.28152321543445,213.72415725469688,182.22865263568266,237.17466631735456,0.0794366687999533,346.94187679419724,60.653223371185625
2025,regime_factorial,Denver,heat_only,pure_wind_run_days,39,0.0,0.0,0.0,0.0,0.0,0.0,0.0
2025,regime_factorial,Denver,heat_only,low_wind_run_days,39,0.0,0.0,0.0,0.0,0.0,0.0,0.0
2025,regime_factorial,Denver,neither,no2_ppb,115,13.213641532463766,12.38478275,10.1178803,15.604728300000001,6.157292,27.8037148,4.247371437434821
2025,regime_factorial,Denver,neither,n_available_sites,115,4.739130434782608,5.0,4.5,5.0,3.0,5.0,0.46049089980415564
2025,regime_factorial,Denver,neither,temperature_2m_max,115,23.277391304347827,24.0,19.85,28.5,0.4,32.1,6.402590770430978
2025,regime_factorial,Denver,neither,wind_speed_10m_mean,115,8.879891304347826,8.3375,7.635416666666666,9.585416666666667,7.070833333333333,15.6125,1.6938277740922467
2025,regime_factorial,Denver,neither,relative_humidity_2m_mean,115,52.85905797101449,49.79166666666666,43.35416666666667,60.75,28.70833333333333,89.20833333333333,14.832136777631604
2025,regime_factorial,Denver,neither,precipitation_sum,115,2.008695652173913,0.2,0.0,1.95,0.0,24.3,3.9691477987932298
2025,regime_factorial,Denver,neither,shortwave_radiation_sum,115,21.39195130434782,21.8052,16.2774,26.1612,3.6684,31.4028,6.011648981161129
2025,regime_factorial,Denver,neither,wind_direction_10m_dominant,115,190.45790960719415,212.38437114781675,88.96838212313057,261.2094953908657,2.0121039015855016,344.4168202756068,95.67902593128754
2025,regime_factorial,Denver,neither,pure_wind_run_days,115,0.0,0.0,0.0,0.0,0.0,0.0,0.0
2025,regime_factorial,Denver,neither,low_wind_run_days,115,0.0,0.0,0.0,0.0,0.0,0.0,0.0
2025,regime_factorial,Denver,wind_only,no2_ppb,58,14.009333030459768,12.687077000000002,11.2550825625,16.1888397,6.952944,25.736582,4.4930440690925675
2025,regime_factorial,Denver,wind_only,n_available_sites,58,4.775862068965517,5.0,5.0,5.0,3.0,5.0,0.46047661990959277
2025,regime_factorial,Denver,wind_only,temperature_2m_max,58,22.81551724137931,23.95,20.025,27.025000000000002,5.4,31.7,5.92200184634542
2025,regime_factorial,Denver,wind_only,wind_speed_10m_mean,58,6.000646551724137,6.1625000000000005,5.310416666666667,6.639583333333333,4.2875000000000005,7.066666666666666,0.7961518076694589
2025,regime_factorial,Denver,wind_only,relative_humidity_2m_mean,58,60.525143678160916,61.0,50.28124999999999,69.72916666666666,35.958333333333336,85.66666666666667,12.949394821614291
2025,regime_factorial,Denver,wind_only,precipitation_sum,58,2.1189655172413793,0.6000000000000001,0.0,2.775,0.0,13.3,3.166793546666901
2025,regime_factorial,Denver,wind_only,shortwave_radiation_sum,58,20.653510344827588,21.114,17.5311,24.2127,7.1316,30.6144,5.141935977297651
2025,regime_factorial,Denver,wind_only,wind_direction_10m_dominant,58,176.7450737099892,190.62784216695695,102.27574514423877,250.86711119414625,2.6212782452823653,355.8311381386033,98.63768995094973
2025,regime_factorial,Denver,wind_only,pure_wind_run_days,58,3.310344827586207,1.5,1.0,3.0,1.0,11.0,3.807687959681848
2025,regime_factorial,Denver,wind_only,low_wind_run_days,58,3.3275862068965516,2.0,1.0,3.0,1.0,11.0,3.7992978623456146
2025,regime_factorial,Houston,compound,no2_ppb,13,7.691155158974359,6.971666600000001,5.717029200000001,8.7856393,4.74075,13.6610688,2.4743757698849778
2025,regime_factorial,Houston,compound,n_available_sites,13,9.923076923076923,10.0,10.0,10.0,9.0,10.0,0.2773500981126145
2025,regime_factorial,Houston,compound,temperature_2m_max,13,34.13846153846154,34.0,33.7,34.5,33.5,35.0,0.5268435275905948
2025,regime_factorial,Houston,compound,wind_speed_10m_mean,13,6.02275641025641,5.929166666666667,5.620833333333334,6.595833333333334,4.375,7.895833333333333,1.0040883086425747
2025,regime_factorial,Houston,compound,relative_humidity_2m_mean,13,75.58653846153847,76.45833333333333,74.70833333333333,77.75,64.83333333333333,79.25,3.859829231346472
2025,regime_factorial,Houston,compound,precipitation_sum,13,0.3615384615384615,0.1,0.0,0.5,0.0,1.7000000000000002,0.5470198983864931
2025,regime_factorial,Houston,compound,shortwave_radiation_sum,13,24.04633846153846,24.0372,23.2956,24.5952,20.2068,28.1592,2.0740284012594348
2025,regime_factorial,Houston,compound,wind_direction_10m_dominant,13,198.99720849941926,182.5774994860668,174.2961141952388,237.706972121337,11.30887263066011,330.44058588367284,77.4045571815157
2025,regime_factorial,Houston,compound,pure_wind_run_days,13,0.0,0.0,0.0,0.0,0.0,0.0,0.0
2025,regime_factorial,Houston,compound,low_wind_run_days,13,12.461538461538462,12.0,12.0,17.0,3.0,17.0,5.363695626080098
2025,regime_factorial,Houston,heat_only,no2_ppb,5,6.328652699999999,4.7662501,4.1976087,8.12625,3.8489880000000003,10.7041667,2.9794154735456138
2025,regime_factorial,Houston,heat_only,n_available_sites,5,9.8,10.0,10.0,10.0,9.0,10.0,0.4472135954999579
2025,regime_factorial,Houston,heat_only,temperature_2m_max,5,33.82,33.7,33.6,33.9,33.6,34.3,0.29495762407505044
2025,regime_factorial,Houston,heat_only,wind_speed_10m_mean,5,10.034166666666668,10.091666666666669,10.004166666666666,10.125,8.404166666666667,11.545833333333334,1.112934528123236
2025,regime_factorial,Houston,heat_only,relative_humidity_2m_mean,5,77.24166666666666,76.70833333333333,76.58333333333333,77.95833333333333,75.875,79.08333333333333,1.2738693243639838
2025,regime_factorial,Houston,heat_only,precipitation_sum,5,0.4,0.0,0.0,0.1,0.0,1.9,0.8396427811873333
2025,regime_factorial,Houston,heat_only,shortwave_radiation_sum,5,23.07312,24.894,24.7968,25.3008,14.7636,25.6104,4.65658531887906
2025,regime_factorial,Houston,heat_only,wind_direction_10m_dominant,5,207.98042292973793,181.28865204936452,174.54510764508828,225.9428172379036,173.07203324674663,285.0535044695867,48.24902620391434
2025,regime_factorial,Houston,heat_only,pure_wind_run_days,5,0.0,0.0,0.0,0.0,0.0,0.0,0.0
2025,regime_factorial,Houston,heat_only,low_wind_run_days,5,0.0,0.0,0.0,0.0,0.0,0.0,0.0
2025,regime_factorial,Houston,neither,no2_ppb,119,6.982035955415501,6.281363600000001,4.375252555555555,9.3237743125,1.9076262222222222,17.661666599999997,3.4648860432065747
2025,regime_factorial,Houston,neither,n_available_sites,119,9.453781512605042,10.0,9.0,10.0,8.0,10.0,0.5930086911596767
2025,regime_factorial,Houston,neither,temperature_2m_max,119,29.6672268907563,30.4,28.2,31.8,15.6,33.4,3.012659989244751
2025,regime_factorial,Houston,neither,wind_speed_10m_mean,119,12.707703081232493,11.208333333333334,9.683333333333334,14.366666666666667,8.2125,27.9,4.28227132540742
2025,regime_factorial,Houston,neither,relative_humidity_2m_mean,119,77.08648459383751,79.20833333333333,75.35416666666666,81.95833333333333,40.54166666666666,88.95833333333333,8.378542901824718
2025,regime_factorial,Houston,neither,precipitation_sum,119,4.671428571428571,1.1,0.0,4.5,0.0,61.1,9.434296816216081
2025,regime_factorial,Houston,neither,shortwave_radiation_sum,119,19.720769747899155,19.9548,16.5852,22.9968,5.8032,28.1052,4.592929685065776
2025,regime_factorial,Houston,neither,wind_direction_10m_dominant,119,162.07179260659612,157.7694125514321,140.51910914352578,175.4162677267018,23.40465708421132,356.6995019662218,62.73890417696327
2025,regime_factorial,Houston,neither,pure_wind_run_days,119,0.0,0.0,0.0,0.0,0.0,0.0,0.0
2025,regime_factorial,Houston,neither,low_wind_run_days,119,0.0,0.0,0.0,0.0,0.0,0.0,0.0
2025,regime_factorial,Houston,wind_only,no2_ppb,77,11.144987075824572,11.041956666666668,8.122569888888888,13.4496014,5.7300129,21.0999637,3.612307110482178
2025,regime_factorial,Houston,wind_only,n_available_sites,77,9.64935064935065,10.0,9.0,10.0,7.0,10.0,0.6018881205321557
2025,regime_factorial,Houston,wind_only,temperature_2m_max,77,30.906493506493515,31.3,30.3,32.1,22.3,33.4,1.965648256691982
2025,regime_factorial,Houston,wind_only,wind_speed_10m_mean,77,6.5552489177489175,6.508333333333333,5.825,7.470833333333334,4.104166666666667,8.104166666666666,0.9943878985855295
2025,regime_factorial,Houston,wind_only,relative_humidity_2m_mean,77,78.60335497835497,80.41666666666667,75.25,83.25,55.375,92.25,7.102681297582091
2025,regime_factorial,Houston,wind_only,precipitation_sum,77,4.1688311688311686,0.9,0.0,4.3,0.0,37.1,7.588361235961081
2025,regime_factorial,Houston,wind_only,shortwave_radiation_sum,77,19.419148051948056,19.9548,17.6184,21.6828,6.03,26.7948,3.7746998784012926
2025,regime_factorial,Houston,wind_only,wind_direction_10m_dominant,77,131.63090532809662,122.98432682403153,72.27650404405576,172.54027057458018,17.104335189958398,358.57865419170497,77.95980315084509
2025,regime_factorial,Houston,wind_only,pure_wind_run_days,77,4.636363636363637,4.0,3.0,5.0,1.0,9.0,2.7668578554642984
2025,regime_factorial,Houston,wind_only,low_wind_run_days,77,7.584415584415584,6.0,3.0,9.0,1.0,17.0,5.071464673078207
2025,regime_factorial,Los Angeles,compound,no2_ppb,14,14.964688309183675,13.841428571428573,12.249532303571428,15.450829925,8.094047642857143,26.778087142857146,5.270312074828764
2025,regime_factorial,Los Angeles,compound,n_available_sites,14,6.857142857142857,7.0,7.0,7.0,5.0,7.0,0.5345224838248489
2025,regime_factorial,Los Angeles,compound,temperature_2m_max,14,34.19285714285714,34.05,32.95,35.05,32.5,37.4,1.4111993184818066
2025,regime_factorial,Los Angeles,compound,wind_speed_10m_mean,14,5.80684523809524,5.987500000000001,5.528125,6.060416666666666,4.6875,6.370833333333334,0.5177217492789294
2025,regime_factorial,Los Angeles,compound,relative_humidity_2m_mean,14,51.4970238095238,51.45833333333333,47.71874999999999,55.520833333333336,39.41666666666666,63.16666666666666,6.583626743820886
2025,regime_factorial,Los Angeles,compound,precipitation_sum,14,0.0,0.0,0.0,0.0,0.0,0.0,0.0
2025,regime_factorial,Los Angeles,compound,shortwave_radiation_sum,14,25.032600000000002,25.5978,24.192,28.132199999999997,16.711199999999998,29.7324,4.125146350410819
2025,regime_factorial,Los Angeles,compound,wind_direction_10m_dominant,14,191.58863470870682,216.2552878305616,209.47228414564796,223.9099852272498,13.107043555870836,241.4725210224828,73.43848921350438
2025,regime_factorial,Los Angeles,compound,pure_wind_run_days,14,0.0,0.0,0.0,0.0,0.0,0.0,0.0
2025,regime_factorial,Los Angeles,compound,low_wind_run_days,14,3.7857142857142856,3.5,2.0,4.0,1.0,9.0,2.4235565546581275
2025,regime_factorial,Los Angeles,heat_only,no2_ppb,10,11.812073361904762,11.94523817857143,9.179613,13.411408708333333,7.784821285714286,16.556845142857142,3.0417770349638382
2025,regime_factorial,Los Angeles,heat_only,n_available_sites,10,6.9,7.0,7.0,7.0,6.0,7.0,0.31622776601683794
2025,regime_factorial,Los Angeles,heat_only,temperature_2m_max,10,33.58,33.4,32.65,34.275,32.4,35.5,1.048596946188361
2025,regime_factorial,Los Angeles,heat_only,wind_speed_10m_mean,10,6.717916666666667,6.679166666666667,6.512500000000001,6.8375,6.425,7.1875,0.2458454956187918
2025,regime_factorial,Los Angeles,heat_only,relative_humidity_2m_mean,10,54.56666666666666,55.8125,52.458333333333336,57.24999999999999,43.29166666666666,59.958333333333336,4.9002865877390605
2025,regime_factorial,Los Angeles,heat_only,precipitation_sum,10,0.01,0.0,0.0,0.0,0.0,0.1,0.03162277660168379
2025,regime_factorial,Los Angeles,heat_only,shortwave_radiation_sum,10,25.451639999999998,24.9048,24.156,27.7191,17.5716,31.2912,3.7456163626297876
2025,regime_factorial,Los Angeles,heat_only,wind_direction_10m_dominant,10,216.30948401332518,217.16114616253782,204.1186925857288,226.19414889836133,196.99071980458555,240.54887013008957,13.97888948266074
2025,regime_factorial,Los Angeles,heat_only,pure_wind_run_days,10,0.0,0.0,0.0,0.0,0.0,0.0,0.0
2025,regime_factorial,Los Angeles,heat_only,low_wind_run_days,10,0.0,0.0,0.0,0.0,0.0,0.0,0.0
2025,regime_factorial,Los Angeles,neither,no2_ppb,131,8.058926192293713,7.857945,6.3161904642857145,9.215625035714286,3.554761785714286,16.18898792857143,2.4870414818383426
2025,regime_factorial,Los Angeles,neither,n_available_sites,131,6.99236641221374,7.0,7.0,7.0,6.0,7.0,0.08737040566610378
2025,regime_factorial,Los Angeles,neither,temperature_2m_max,131,25.269465648854965,26.0,23.0,27.65,16.3,32.3,3.6617333669635204
2025,regime_factorial,Los Angeles,neither,wind_speed_10m_mean,131,7.613136132315522,7.508333333333333,6.935416666666667,7.9624999999999995,6.420833333333333,13.9875,1.099003709815707
2025,regime_factorial,Los Angeles,neither,relative_humidity_2m_mean,131,66.45388040712467,67.875,63.4375,71.04166666666666,33.208333333333336,80.45833333333333,7.053447988267465
2025,regime_factorial,Los Angeles,neither,precipitation_sum,131,0.44351145038167944,0.0,0.0,0.0,0.0,41.2,3.632526123293037
2025,regime_factorial,Los Angeles,neither,shortwave_radiation_sum,131,26.179419847328244,27.7416,24.8868,29.242800000000003,7.851599999999999,31.5108,4.744034906918856
2025,regime_factorial,Los Angeles,neither,wind_direction_10m_dominant,131,207.02290621605016,204.1666608254378,195.2297552647005,213.1707846036751,150.413421645962,334.34177142642454,22.51435700795465
2025,regime_factorial,Los Angeles,neither,pure_wind_run_days,131,0.0,0.0,0.0,0.0,0.0,0.0,0.0
2025,regime_factorial,Los Angeles,neither,low_wind_run_days,131,0.0,0.0,0.0,0.0,0.0,0.0,0.0
2025,regime_factorial,Los Angeles,wind_only,no2_ppb,59,13.113335361783696,11.752678428571429,9.928901892857143,15.797956595238094,5.303869071428571,26.727579333333335,4.797425319449574
2025,regime_factorial,Los Angeles,wind_only,n_available_sites,59,6.898305084745763,7.0,7.0,7.0,5.0,7.0,0.35694659381449295
2025,regime_factorial,Los Angeles,wind_only,temperature_2m_max,59,26.728813559322038,26.8,24.9,29.85,17.5,32.2,3.596360749014809
2025,regime_factorial,Los Angeles,wind_only,wind_speed_10m_mean,59,5.524293785310735,5.595833333333334,4.927083333333334,6.112500000000001,4.2875,6.404166666666666,0.6516617575872531
2025,regime_factorial,Los Angeles,wind_only,relative_humidity_2m_mean,59,65.5367231638418,65.33333333333333,59.3125,72.85416666666666,47.54166666666666,82.79166666666667,8.381324043196253
2025,regime_factorial,Los Angeles,wind_only,precipitation_sum,59,0.18305084745762715,0.0,0.0,0.0,0.0,8.8,1.1475840503171755
2025,regime_factorial,Los Angeles,wind_only,shortwave_radiation_sum,59,20.818800000000003,19.1232,16.714799999999997,25.3656,9.6048,31.4388,5.138064021292121
2025,regime_factorial,Los Angeles,wind_only,wind_direction_10m_dominant,59,211.24595619534531,207.7845091166101,199.9783429906082,226.41332759772058,13.411834900362765,344.98267038624687,42.49362307432192
2025,regime_factorial,Los Angeles,wind_only,pure_wind_run_days,59,4.423728813559322,5.0,2.0,7.0,1.0,9.0,2.847887237636595
2025,regime_factorial,Los Angeles,wind_only,low_wind_run_days,59,5.3559322033898304,5.0,3.0,9.0,1.0,9.0,2.857311926199209
2025,regime_factorial,New York,compound,no2_ppb,18,14.450379694444447,14.1469531875,12.518016473214285,17.16309,6.686490624999999,19.887691875,3.5891844443015257
2025,regime_factorial,New York,compound,n_available_sites,18,7.555555555555555,8.0,7.0,8.0,7.0,8.0,0.5113099925649136
2025,regime_factorial,New York,compound,temperature_2m_max,18,31.711111111111116,31.4,29.9,33.4,29.4,35.7,2.141162105819803
2025,regime_factorial,New York,compound,wind_speed_10m_mean,18,6.6893518518518515,7.15,5.913541666666667,7.596875,4.3875,8.0,1.2638798211267044
2025,regime_factorial,New York,compound,relative_humidity_2m_mean,18,72.79166666666667,72.27083333333334,67.66666666666667,78.13541666666667,60.0,83.54166666666667,6.9428543931284485
2025,regime_factorial,New York,compound,precipitation_sum,18,2.9333333333333327,0.5,0.3,2.875,0.0,18.4,4.946062010505398
2025,regime_factorial,New York,compound,shortwave_radiation_sum,18,23.031999999999996,23.8104,20.3949,25.911,14.4432,28.1016,3.8246558654880003
2025,regime_factorial,New York,compound,wind_direction_10m_dominant,18,229.71062817981888,229.32453139839623,201.13649279332415,253.3761170499999,128.87998069025014,334.2863872605831,52.55860611408643
2025,regime_factorial,New York,compound,pure_wind_run_days,18,0.0,0.0,0.0,0.0,0.0,0.0,0.0
2025,regime_factorial,New York,compound,low_wind_run_days,18,2.5555555555555554,3.0,1.25,3.0,1.0,5.0,1.293523333527109
2025,regime_factorial,New York,heat_only,no2_ppb,20,12.343787383035714,11.860714330357142,10.2128191875,15.202425683035715,7.466314142857143,17.3424705,3.0504216676675284
2025,regime_factorial,New York,heat_only,n_available_sites,20,7.45,7.5,7.0,8.0,6.0,8.0,0.6048053188292994
2025,regime_factorial,New York,heat_only,temperature_2m_max,20,31.05,30.65,29.675,31.6,28.8,36.6,1.94949386143929
2025,regime_factorial,New York,heat_only,wind_speed_10m_mean,20,10.583333333333334,10.806250000000002,9.026041666666668,11.398958333333333,8.283333333333333,15.041666666666666,1.7567596058839403
2025,regime_factorial,New York,heat_only,relative_humidity_2m_mean,20,70.56458333333333,70.625,64.55208333333333,78.89583333333333,58.41666666666666,83.20833333333333,8.23446254197948
2025,regime_factorial,New York,heat_only,precipitation_sum,20,5.64,0.15000000000000002,0.0,5.3,0.0,35.5,10.51126713779577
2025,regime_factorial,New York,heat_only,shortwave_radiation_sum,20,22.52106,23.2416,19.548000000000002,26.5095,12.636,29.0412,4.965424587601537
2025,regime_factorial,New York,heat_only,wind_direction_10m_dominant,20,222.30952109024756,224.64201353475272,207.70439696496598,260.75859072865586,26.79654774254571,344.5270095036189,71.69219815760209
2025,regime_factorial,New York,heat_only,pure_wind_run_days,20,0.0,0.0,0.0,0.0,0.0,0.0,0.0
2025,regime_factorial,New York,heat_only,low_wind_run_days,20,0.0,0.0,0.0,0.0,0.0,0.0,0.0
2025,regime_factorial,New York,neither,no2_ppb,133,12.151496187262797,11.47163825,8.748809571428572,14.766666571428571,3.8662365000000003,27.355683874999997,4.659467744024615
2025,regime_factorial,New York,neither,n_available_sites,133,7.360902255639098,7.0,7.0,8.0,5.0,8.0,0.6317165871134519
2025,regime_factorial,New York,neither,temperature_2m_max,133,20.50676691729323,21.1,17.2,24.6,5.1,28.7,5.33844256440422
2025,regime_factorial,New York,neither,wind_speed_10m_mean,133,12.721334586466165,11.829166666666666,9.3625,14.579166666666667,8.1625,26.96666666666667,3.9198965176881826
2025,regime_factorial,New York,neither,relative_humidity_2m_mean,133,69.09398496240601,67.41666666666667,59.083333333333336,78.875,42.16666666666666,92.54166666666669,11.912696739014713
2025,regime_factorial,New York,neither,precipitation_sum,133,3.145864661654135,0.1,0.0,3.8,0.0,38.4,6.030258440592132
2025,regime_factorial,New York,neither,shortwave_radiation_sum,133,15.77067969924812,16.0992,10.0368,21.9312,1.2276,29.8224,7.649098569189422
2025,regime_factorial,New York,neither,wind_direction_10m_dominant,133,175.39084505369817,188.35295624368368,82.22836651773062,275.19530791978207,5.695110839049583,351.4937659341677,104.19613399668066
2025,regime_factorial,New York,neither,pure_wind_run_days,133,0.0,0.0,0.0,0.0,0.0,0.0,0.0
2025,regime_factorial,New York,neither,low_wind_run_days,133,0.0,0.0,0.0,0.0,0.0,0.0,0.0
2025,regime_factorial,New York,wind_only,no2_ppb,43,15.814652757336653,15.702819571428572,12.632247035714286,18.443973098214286,7.485937625,22.537499999999998,3.7929889394915017
2025,regime_factorial,New York,wind_only,n_available_sites,43,7.441860465116279,8.0,7.0,8.0,6.0,8.0,0.6287677132370127
2025,regime_factorial,New York,wind_only,temperature_2m_max,43,23.85116279069767,24.3,21.65,26.75,12.5,28.3,3.7469588997849628
2025,regime_factorial,New York,wind_only,wind_speed_10m_mean,43,6.875775193798449,6.854166666666667,6.3916666666666675,7.366666666666667,4.870833333333334,8.041666666666666,0.806245901415874
2025,regime_factorial,New York,wind_only,relative_humidity_2m_mean,43,72.81104651162791,74.04166666666667,66.66666666666667,78.39583333333334,49.16666666666666,89.79166666666667,8.88016071747328
2025,regime_factorial,New York,wind_only,precipitation_sum,43,1.2883720930232558,0.0,0.0,1.35,0.0,12.5,2.7433217006921327
2025,regime_factorial,New York,wind_only,shortwave_radiation_sum,43,18.08447441860465,17.945999999999998,13.689,22.2984,4.914,30.276,5.842902578916661
2025,regime_factorial,New York,wind_only,wind_direction_10m_dominant,43,167.79395401329757,157.34054791790794,101.83790615085661,235.77119901440346,0.8318045592801674,356.5970308666871,98.4470863304919
2025,regime_factorial,New York,wind_only,pure_wind_run_days,43,2.2093023255813953,2.0,1.0,3.0,1.0,4.0,1.0814042796044612
2025,regime_factorial,New York,wind_only,low_wind_run_days,43,2.5813953488372094,2.0,1.5,4.0,1.0,5.0,1.3135295624409915
2025,regime_factorial,Philadelphia,compound,no2_ppb,15,8.038205423333332,8.22989125,6.5192268,8.81399555,2.799745,11.7168122,2.242625901658875
2025,regime_factorial,Philadelphia,compound,n_available_sites,15,4.666666666666667,5.0,4.0,5.0,4.0,5.0,0.4879500364742666
2025,regime_factorial,Philadelphia,compound,temperature_2m_max,15,32.68666666666666,32.1,31.549999999999997,33.35,30.9,36.0,1.6061785466782712
2025,regime_factorial,Philadelphia,compound,wind_speed_10m_mean,15,6.3438888888888885,6.875,5.9,7.160416666666666,4.1625000000000005,7.6125,1.1097621772015343
2025,regime_factorial,Philadelphia,compound,relative_humidity_2m_mean,15,73.1,75.54166666666667,67.3125,78.9375,57.5,82.58333333333333,7.687404019274356
2025,regime_factorial,Philadelphia,compound,precipitation_sum,15,3.8999999999999995,2.3,0.0,6.35,0.0,13.9,4.578833288700768
2025,regime_factorial,Philadelphia,compound,shortwave_radiation_sum,15,21.336239999999997,21.7044,17.8326,24.4656,12.906,28.5444,4.700792956330422
2025,regime_factorial,Philadelphia,compound,wind_direction_10m_dominant,15,204.39669305359624,206.22332188128797,163.76609115277108,255.7051451477043,111.38342059175112,320.90015454347656,62.85338220783972
2025,regime_factorial,Philadelphia,compound,pure_wind_run_days,15,0.0,0.0,0.0,0.0,0.0,0.0,0.0
2025,regime_factorial,Philadelphia,compound,low_wind_run_days,15,3.466666666666667,3.0,2.5,4.0,1.0,6.0,1.5522640914238177
2025,regime_factorial,Philadelphia,heat_only,no2_ppb,23,9.002978282608694,9.6285682,7.836691699999999,10.53232725,1.9211542499999998,14.20956,2.7425210637564654
2025,regime_factorial,Philadelphia,heat_only,n_available_sites,23,4.739130434782608,5.0,4.5,5.0,4.0,5.0,0.4489777585448795
2025,regime_factorial,Philadelphia,heat_only,temperature_2m_max,23,33.23478260869565,32.7,31.65,33.849999999999994,30.9,38.8,2.214540521941325
2025,regime_factorial,Philadelphia,heat_only,wind_speed_10m_mean,23,9.834057971014493,9.595833333333331,8.545833333333334,10.245833333333334,7.866666666666667,13.741666666666667,1.7176954534285258
2025,regime_factorial,Philadelphia,heat_only,relative_humidity_2m_mean,23,68.46014492753623,67.66666666666667,59.3125,76.72916666666666,53.458333333333336,83.54166666666667,9.04090275942143
2025,regime_factorial,Philadelphia,heat_only,precipitation_sum,23,5.1130434782608685,0.8,0.0,2.4,0.0,55.7,12.769754904312203
2025,regime_factorial,Philadelphia,heat_only,shortwave_radiation_sum,23,23.14486956521739,24.57,18.8874,26.150399999999998,11.4228,29.8404,4.763105408185522
2025,regime_factorial,Philadelphia,heat_only,wind_direction_10m_dominant,23,223.883699974748,233.2137921689637,203.75664557718423,256.9488608854799,64.71954982813523,333.73497268850684,68.87560134767462
2025,regime_factorial,Philadelphia,heat_only,pure_wind_run_days,23,0.0,0.0,0.0,0.0,0.0,0.0,0.0
2025,regime_factorial,Philadelphia,heat_only,low_wind_run_days,23,0.0,0.0,0.0,0.0,0.0,0.0,0.0
2025,regime_factorial,Philadelphia,neither,no2_ppb,129,8.403883615116278,8.353025800000001,6.507309000000001,10.4294638,2.6477437999999998,16.0060928,2.7784844171818524
2025,regime_factorial,Philadelphia,neither,n_available_sites,129,4.728682170542636,5.0,4.0,5.0,4.0,5.0,0.44637319700868233
2025,regime_factorial,Philadelphia,neither,temperature_2m_max,129,22.133333333333333,22.6,18.7,26.3,6.4,30.8,5.475604038216545
2025,regime_factorial,Philadelphia,neither,wind_speed_10m_mean,129,12.672545219638241,11.554166666666667,9.816666666666666,14.775,7.891666666666667,25.058333333333334,3.793393487433115
2025,regime_factorial,Philadelphia,neither,relative_humidity_2m_mean,129,64.21770025839794,62.583333333333336,53.5,76.625,33.25,90.66666666666669,14.325965812097404
2025,regime_factorial,Philadelphia,neither,precipitation_sum,129,3.06046511627907,0.1,0.0,2.6,0.0,45.2,6.289070611543231
2025,regime_factorial,Philadelphia,neither,shortwave_radiation_sum,129,15.952074418604653,16.3116,10.0872,23.0184,1.422,30.1644,7.82327806353696
2025,regime_factorial,Philadelphia,neither,wind_direction_10m_dominant,129,182.6316761420887,203.08569914458187,75.21234561759776,281.3578788408713,3.152596551361217,354.0581551918467,108.26555146207015
2025,regime_factorial,Philadelphia,neither,pure_wind_run_days,129,0.0,0.0,0.0,0.0,0.0,0.0,0.0
2025,regime_factorial,Philadelphia,neither,low_wind_run_days,129,0.0,0.0,0.0,0.0,0.0,0.0,0.0
2025,regime_factorial,Philadelphia,wind_only,no2_ppb,47,9.398959626595744,9.523031999999999,6.897086425,11.521284125,4.0626022,20.1639264,2.9154420458510963
2025,regime_factorial,Philadelphia,wind_only,n_available_sites,47,4.723404255319149,5.0,4.0,5.0,4.0,5.0,0.4521507857175268
2025,regime_factorial,Philadelphia,wind_only,temperature_2m_max,47,26.70212765957447,27.4,25.4,29.2,15.6,30.8,3.4064829090185835
2025,regime_factorial,Philadelphia,wind_only,wind_speed_10m_mean,47,6.316489361702127,6.5375000000000005,5.560416666666667,6.8875,3.95,7.8125,0.9175390930108682
2025,regime_factorial,Philadelphia,wind_only,relative_humidity_2m_mean,47,68.09308510638297,67.25,60.35416666666666,74.6875,49.333333333333336,86.66666666666667,9.942490933544466
2025,regime_factorial,Philadelphia,wind_only,precipitation_sum,47,1.5297872340425533,0.0,0.0,0.95,0.0,10.6,3.0367255601485583
2025,regime_factorial,Philadelphia,wind_only,shortwave_radiation_sum,47,17.70388085106383,17.0532,13.553999999999998,20.2086,7.4052,30.2292,5.747775371190912
2025,regime_factorial,Philadelphia,wind_only,wind_direction_10m_dominant,47,192.61436832409237,202.6566255890066,113.80307197418398,251.46067160331216,10.474317044933642,359.4403951350924,93.89087171931014
2025,regime_factorial,Philadelphia,wind_only,pure_wind_run_days,47,2.276595744680851,2.0,1.0,3.5,1.0,4.0,1.2104998547056371
2025,regime_factorial,Philadelphia,wind_only,low_wind_run_days,47,2.595744680851064,2.0,1.0,4.0,1.0,6.0,1.484112594874314
2025,regime_factorial,Phoenix,compound,no2_ppb,5,14.231291629999998,14.921875,14.495,15.29791675,10.0858332,16.3558332,2.4177799279225023
2025,regime_factorial,Phoenix,compound,n_available_sites,5,4.6,5.0,4.0,5.0,4.0,5.0,0.5477225575051662
2025,regime_factorial,Phoenix,compound,temperature_2m_max,5,43.080000000000005,42.8,42.6,43.3,42.5,44.2,0.697853852894717
2025,regime_factorial,Phoenix,compound,wind_speed_10m_mean,5,5.3875,4.95,4.6625000000000005,6.15,4.558333333333334,6.616666666666667,0.9349873736521199
2025,regime_factorial,Phoenix,compound,relative_humidity_2m_mean,5,21.066666666666666,19.166666666666668,13.25,29.0,11.958333333333334,31.95833333333333,9.072461000804086
2025,regime_factorial,Phoenix,compound,precipitation_sum,5,0.02,0.0,0.0,0.0,0.0,0.1,0.044721359549995794
2025,regime_factorial,Phoenix,compound,shortwave_radiation_sum,5,26.8416,26.568,23.5764,29.6064,22.77,31.6872,3.822246491266622
2025,regime_factorial,Phoenix,compound,wind_direction_10m_dominant,5,228.22062889715653,268.75518254409906,187.12898121222844,271.7907748886991,92.18592263224647,321.24228320850966,89.98388834944939
2025,regime_factorial,Phoenix,compound,pure_wind_run_days,5,0.0,0.0,0.0,0.0,0.0,0.0,0.0
2025,regime_factorial,Phoenix,compound,low_wind_run_days,5,1.6,2.0,1.0,2.0,1.0,2.0,0.5477225575051661
2025,regime_factorial,Phoenix,heat_only,no2_ppb,42,12.581027846031745,13.018117075,10.1484610625,15.0429881,6.452777666666667,18.127886333333333,3.2272378749403434
2025,regime_factorial,Phoenix,heat_only,n_available_sites,42,4.190476190476191,4.0,3.25,5.0,3.0,5.0,0.8333914033193509
2025,regime_factorial,Phoenix,heat_only,temperature_2m_max,42,43.949999999999996,43.8,42.7,45.1,41.9,47.7,1.5127506847284327
2025,regime_factorial,Phoenix,heat_only,wind_speed_10m_mean,42,9.286507936507936,9.420833333333334,7.811458333333334,10.288541666666667,6.741666666666667,14.004166666666668,1.6541227159086682
2025,regime_factorial,Phoenix,heat_only,relative_humidity_2m_mean,42,17.913690476190474,17.729166666666668,13.489583333333334,21.5,8.958333333333334,29.45833333333333,5.488658490360783
2025,regime_factorial,Phoenix,heat_only,precipitation_sum,42,0.0761904761904762,0.0,0.0,0.0,0.0,1.9,0.2994381110448521
2025,regime_factorial,Phoenix,heat_only,shortwave_radiation_sum,42,29.045314285714284,29.2608,27.6687,30.6477,24.5124,32.058,2.0045062800151587
2025,regime_factorial,Phoenix,heat_only,wind_direction_10m_dominant,42,246.00330905022724,246.65983946170041,239.64959671324954,263.0192281972239,118.88771626512415,296.9834378982052,33.826232871379084
2025,regime_factorial,Phoenix,heat_only,pure_wind_run_days,42,0.0,0.0,0.0,0.0,0.0,0.0,0.0
2025,regime_factorial,Phoenix,heat_only,low_wind_run_days,42,0.0,0.0,0.0,0.0,0.0,0.0,0.0
2025,regime_factorial,Phoenix,neither,no2_ppb,95,11.783738440526317,10.370238,8.6700377,14.6438095,4.883333333333334,28.2085712,4.595245997330213
2025,regime_factorial,Phoenix,neither,n_available_sites,95,4.652631578947369,5.0,4.0,5.0,3.0,5.0,0.614858936470894
2025,regime_factorial,Phoenix,neither,temperature_2m_max,95,35.247368421052634,37.2,32.2,39.55,18.5,41.7,5.796107316328469
2025,regime_factorial,Phoenix,neither,wind_speed_10m_mean,95,9.50219298245614,8.424999999999999,7.539583333333333,10.927083333333332,6.75,18.27083333333333,2.51619399315306
2025,regime_factorial,Phoenix,neither,relative_humidity_2m_mean,95,26.932894736842105,23.95833333333333,14.583333333333334,37.02083333333333,9.125,78.375,15.374030912222853
2025,regime_factorial,Phoenix,neither,precipitation_sum,95,0.8736842105263158,0.0,0.0,0.2,0.0,22.8,2.9888164072484282
2025,regime_factorial,Phoenix,neither,shortwave_radiation_sum,95,25.486408421052634,25.8912,21.96,29.9232,9.9468,32.31,5.318878351756073
2025,regime_factorial,Phoenix,neither,wind_direction_10m_dominant,95,194.5533943408211,220.84648104054995,153.6307764711538,248.65996247070535,2.182179313507958,359.6379116780841,81.23243843483296
2025,regime_factorial,Phoenix,neither,pure_wind_run_days,95,0.0,0.0,0.0,0.0,0.0,0.0,0.0
2025,regime_factorial,Phoenix,neither,low_wind_run_days,95,0.0,0.0,0.0,0.0,0.0,0.0,0.0
2025,regime_factorial,Phoenix,wind_only,no2_ppb,72,17.293928351388885,16.666145625,12.662416749999998,21.0822918,7.161666599999999,27.323333400000003,5.504851076436068
2025,regime_factorial,Phoenix,wind_only,n_available_sites,72,4.694444444444445,5.0,4.0,5.0,4.0,5.0,0.4638749494218194
2025,regime_factorial,Phoenix,wind_only,temperature_2m_max,72,33.669444444444444,33.849999999999994,30.5,37.725,23.0,41.5,4.677836230532981
2025,regime_factorial,Phoenix,wind_only,wind_speed_10m_mean,72,5.663020833333334,5.854166666666667,5.262499999999999,6.147916666666667,3.4125,6.691666666666666,0.7429282991632331
2025,regime_factorial,Phoenix,wind_only,relative_humidity_2m_mean,72,34.08043981481482,31.9375,19.635416666666668,46.385416666666664,9.25,81.54166666666667,16.944033470974297
2025,regime_factorial,Phoenix,wind_only,precipitation_sum,72,0.37916666666666665,0.0,0.0,0.0,0.0,10.5,1.4439711967007542
2025,regime_factorial,Phoenix,wind_only,shortwave_radiation_sum,72,23.11755,21.6864,18.959400000000002,27.7929,11.124,31.4784,5.0889794357755544
2025,regime_factorial,Phoenix,wind_only,wind_direction_10m_dominant,72,165.86181827054966,166.9819034271226,72.44352890546298,250.6970943230242,0.3940390598276525,355.5461260995765,103.68402397886078
2025,regime_factorial,Phoenix,wind_only,pure_wind_run_days,72,3.888888888888889,4.0,2.0,6.0,1.0,7.0,2.0456450172931304
2025,regime_factorial,Phoenix,wind_only,low_wind_run_days,72,3.9027777777777777,4.0,2.0,6.0,1.0,7.0,2.0290823723706772
2025,regime_factorial,San Diego,compound,no2_ppb,13,8.2200953,6.9628785,6.099202,8.7579545,4.75946975,17.2560606,3.870981062774319
2025,regime_factorial,San Diego,compound,n_available_sites,13,4.153846153846154,4.0,4.0,4.0,4.0,5.0,0.3755338080994054
2025,regime_factorial,San Diego,compound,temperature_2m_max,13,30.892307692307693,30.9,30.3,31.3,29.9,32.7,0.7729397760730767
2025,regime_factorial,San Diego,compound,wind_speed_10m_mean,13,6.010897435897437,6.120833333333334,5.925,6.295833333333333,4.579166666666667,6.620833333333334,0.5285772594044736
2025,regime_factorial,San Diego,compound,relative_humidity_2m_mean,13,60.36858974358975,59.54166666666666,57.0,68.41666666666667,43.083333333333336,75.58333333333333,10.056852943763205
2025,regime_factorial,San Diego,compound,precipitation_sum,13,0.007692307692307693,0.0,0.0,0.0,0.0,0.1,0.027735009811261455
2025,regime_factorial,San Diego,compound,shortwave_radiation_sum,13,24.689907692307692,24.6312,22.6908,27.0288,17.258399999999998,32.0796,4.015262595493504
2025,regime_factorial,San Diego,compound,wind_direction_10m_dominant,13,278.5241737411356,283.2637983442782,272.3468445483903,296.354818721192,184.6607794264016,321.5116580365277,32.47773622304452
2025,regime_factorial,San Diego,compound,pure_wind_run_days,13,0.0,0.0,0.0,0.0,0.0,0.0,0.0
2025,regime_factorial,San Diego,compound,low_wind_run_days,13,3.1538461538461537,3.0,2.0,4.0,1.0,6.0,1.6756169931378435
2025,regime_factorial,San Diego,heat_only,no2_ppb,8,9.016752789583334,7.748656708333334,6.4469934166666665,9.213755125,4.2802489999999995,21.0363204,5.195847597693125
2025,regime_factorial,San Diego,heat_only,n_available_sites,8,3.75,4.0,3.0,4.0,3.0,5.0,0.7071067811865476
2025,regime_factorial,San Diego,heat_only,temperature_2m_max,8,31.35,31.25,30.275,32.2,29.8,33.2,1.2558434843334807
2025,regime_factorial,San Diego,heat_only,wind_speed_10m_mean,8,7.214583333333334,7.110416666666666,6.9541666666666675,7.352083333333333,6.720833333333334,8.108333333333333,0.43122771393991005
2025,regime_factorial,San Diego,heat_only,relative_humidity_2m_mean,8,63.32291666666666,66.29166666666666,62.3125,70.20833333333333,34.041666666666664,77.20833333333333,13.25804169713073
2025,regime_factorial,San Diego,heat_only,precipitation_sum,8,0.0125,0.0,0.0,0.0,0.0,0.1,0.03535533905932738
2025,regime_factorial,San Diego,heat_only,shortwave_radiation_sum,8,23.432850000000002,23.9634,21.834899999999998,24.848999999999997,17.5248,28.7388,3.2928987034873356
2025,regime_factorial,San Diego,heat_only,wind_direction_10m_dominant,8,262.8317658515766,293.93045854560444,279.6009235039145,303.2710935061971,30.80193677723364,319.1693235719295,94.79744590227703
2025,regime_factorial,San Diego,heat_only,pure_wind_run_days,8,0.0,0.0,0.0,0.0,0.0,0.0,0.0
2025,regime_factorial,San Diego,heat_only,low_wind_run_days,8,0.0,0.0,0.0,0.0,0.0,0.0,0.0
2025,regime_factorial,San Diego,neither,no2_ppb,137,4.7523331871046235,4.251353,3.4277057499999994,5.45822525,2.35876625,15.278714200000001,2.0908452191576274
2025,regime_factorial,San Diego,neither,n_available_sites,137,4.007299270072993,4.0,4.0,4.0,3.0,5.0,0.4925377018260141
2025,regime_factorial,San Diego,neither,temperature_2m_max,137,23.982481751824817,24.9,21.7,26.2,15.7,29.6,3.3768872242099235
2025,regime_factorial,San Diego,neither,wind_speed_10m_mean,137,8.44367396593674,7.791666666666667,7.274999999999999,8.9125,6.670833333333333,19.0625,2.0948632601642996
2025,regime_factorial,San Diego,neither,relative_humidity_2m_mean,137,71.53558394160584,71.79166666666667,68.20833333333333,75.41666666666667,49.75,84.625,5.774107472096047
2025,regime_factorial,San Diego,neither,precipitation_sum,137,0.41167883211678835,0.0,0.0,0.1,0.0,6.300000000000001,1.1740494085598794
2025,regime_factorial,San Diego,neither,shortwave_radiation_sum,137,24.671745985401458,26.8776,20.8224,29.0664,6.048,31.0392,5.605819470530479
2025,regime_factorial,San Diego,neither,wind_direction_10m_dominant,137,270.5417239261426,275.6432654175589,250.75677279881148,290.5898208193639,183.30138485703048,331.3043173940649,29.04273507522077
2025,regime_factorial,San Diego,neither,pure_wind_run_days,137,0.0,0.0,0.0,0.0,0.0,0.0,0.0
2025,regime_factorial,San Diego,neither,low_wind_run_days,137,0.0,0.0,0.0,0.0,0.0,0.0,0.0
2025,regime_factorial,San Diego,wind_only,no2_ppb,56,6.515134505654762,5.6444265,4.6344656875,7.7694621999999995,3.1052355,15.789523800000001,2.757959027365215
2025,regime_factorial,San Diego,wind_only,n_available_sites,56,4.196428571428571,4.0,4.0,5.0,3.0,5.0,0.5533252489890834
2025,regime_factorial,San Diego,wind_only,temperature_2m_max,56,26.02857142857143,26.35,24.45,28.2,19.4,29.6,2.4198207511161787
2025,regime_factorial,San Diego,wind_only,wind_speed_10m_mean,56,5.842633928571429,5.9,5.461458333333334,6.329166666666667,4.108333333333333,6.595833333333334,0.6071704280568266
2025,regime_factorial,San Diego,wind_only,relative_humidity_2m_mean,56,68.36160714285714,69.54166666666667,63.552083333333336,73.98958333333333,41.958333333333336,82.5,8.095052061301422
2025,regime_factorial,San Diego,wind_only,precipitation_sum,56,0.28214285714285714,0.0,0.0,0.0,0.0,15.0,2.0047314164116976
2025,regime_factorial,San Diego,wind_only,shortwave_radiation_sum,56,24.905764285714287,26.424,20.4444,29.6118,4.4244,31.7916,5.504082264066407
2025,regime_factorial,San Diego,wind_only,wind_direction_10m_dominant,56,262.6001111448041,268.81305733419083,251.16587761738577,280.57758566421217,7.067672219149596,348.28002758433007,41.87166440649813
2025,regime_factorial,San Diego,wind_only,pure_wind_run_days,56,3.5357142857142856,3.0,2.0,5.0,1.0,8.0,2.303864624450015
2025,regime_factorial,San Diego,wind_only,low_wind_run_days,56,4.0,4.0,2.0,6.0,1.0,8.0,2.3817487845545915
2025,regime_factorial,Seattle,compound,no2_ppb,18,18.14819197222222,17.142222166666667,14.592708250000001,21.463662333333335,9.352898666666666,28.787499999999998,5.45539897516135
2025,regime_factorial,Seattle,compound,n_available_sites,18,2.388888888888889,3.0,1.25,3.0,1.0,3.0,0.9164438231805327
2025,regime_factorial,Seattle,compound,temperature_2m_max,18,26.55,25.95,24.825,27.725,24.2,31.2,2.1486657966939284
2025,regime_factorial,Seattle,compound,wind_speed_10m_mean,18,4.825925925925926,4.9625,4.595833333333333,5.303125,2.9916666666666667,5.483333333333333,0.6228862222141822
2025,regime_factorial,Seattle,compound,relative_humidity_2m_mean,18,68.46527777777777,68.8125,62.6875,71.375,56.333333333333336,83.79166666666667,7.274107007835252
2025,regime_factorial,Seattle,compound,precipitation_sum,18,0.05,0.0,0.0,0.0,0.0,0.5,0.14652845537742532
2025,regime_factorial,Seattle,compound,shortwave_radiation_sum,18,24.959600000000002,25.072200000000002,22.335299999999997,27.6354,18.7668,30.2616,3.843874618754608
2025,regime_factorial,Seattle,compound,wind_direction_10m_dominant,18,219.9570740765482,239.6824052277285,76.62709075316327,345.9212413391855,1.4534741378683893,355.3448931865681,137.51092092906646
2025,regime_factorial,Seattle,compound,pure_wind_run_days,18,0.0,0.0,0.0,0.0,0.0,0.0,0.0
2025,regime_factorial,Seattle,compound,low_wind_run_days,18,2.4444444444444446,2.5,1.0,3.0,1.0,5.0,1.293523333527109
2025,regime_factorial,Seattle,heat_only,no2_ppb,24,11.301288805555556,11.57839675,9.055429333333334,13.813888916666668,4.316667,17.816214000000002,3.3610165148433566
2025,regime_factorial,Seattle,heat_only,n_available_sites,24,2.4583333333333335,3.0,2.0,3.0,1.0,3.0,0.721060008759246
2025,regime_factorial,Seattle,heat_only,temperature_2m_max,24,26.65833333333333,26.950000000000003,24.675,28.125,24.0,31.6,1.9776834640705196
2025,regime_factorial,Seattle,heat_only,wind_speed_10m_mean,24,8.215798611111111,7.947916666666666,7.344791666666667,9.384375,6.05,10.9,1.4453067156714998
2025,regime_factorial,Seattle,heat_only,relative_humidity_2m_mean,24,65.0954861111111,65.22916666666666,62.39583333333333,68.38541666666667,58.333333333333336,69.5,3.392377412947448
2025,regime_factorial,Seattle,heat_only,precipitation_sum,24,0.025000000000000005,0.0,0.0,0.0,0.0,0.6000000000000001,0.12247448713915891
2025,regime_factorial,Seattle,heat_only,shortwave_radiation_sum,24,26.650050000000004,28.3194,24.871499999999997,29.5803,18.5652,30.3264,3.7486145444162027
2025,regime_factorial,Seattle,heat_only,wind_direction_10m_dominant,24,98.27876908459196,18.231229979906935,9.325425711131002,214.35212916111146,2.7850350984435965,359.35973538936634,121.64965145904006
2025,regime_factorial,Seattle,heat_only,pure_wind_run_days,24,0.0,0.0,0.0,0.0,0.0,0.0,0.0
2025,regime_factorial,Seattle,heat_only,low_wind_run_days,24,0.0,0.0,0.0,0.0,0.0,0.0,0.0
2025,regime_factorial,Seattle,neither,no2_ppb,126,9.911272197089946,9.576841666666667,7.1984147499999995,12.486760083333335,2.9709540000000003,20.5354165,3.6333740070994796
2025,regime_factorial,Seattle,neither,n_available_sites,126,2.7142857142857144,3.0,3.0,3.0,1.0,3.0,0.5492852498604763
2025,regime_factorial,Seattle,neither,temperature_2m_max,126,17.645238095238092,17.65,14.6,20.7,9.2,23.8,3.6304844226159605
2025,regime_factorial,Seattle,neither,wind_speed_10m_mean,126,9.261441798941798,8.172916666666666,7.130208333333334,10.753125,5.945833333333333,20.47083333333333,2.908020753809288
2025,regime_factorial,Seattle,neither,relative_humidity_2m_mean,126,74.96626984126985,74.66666666666666,69.30208333333334,80.05208333333333,54.458333333333336,92.95833333333331,7.976194989337742
2025,regime_factorial,Seattle,neither,precipitation_sum,126,2.9761904761904763,0.2,0.0,3.075,0.0,28.3,5.4055886424540835
2025,regime_factorial,Seattle,neither,shortwave_radiation_sum,126,15.004800000000001,15.269400000000001,10.1952,20.8629,1.08,29.0304,6.807299740813534
2025,regime_factorial,Seattle,neither,wind_direction_10m_dominant,126,166.99676839439775,196.58070461973762,166.10352567259153,212.12587268272705,0.1261576048581608,355.3890669092715,87.78503068142052
2025,regime_factorial,Seattle,neither,pure_wind_run_days,126,0.0,0.0,0.0,0.0,0.0,0.0,0.0
2025,regime_factorial,Seattle,neither,low_wind_run_days,126,0.0,0.0,0.0,0.0,0.0,0.0,0.0
2025,regime_factorial,Seattle,wind_only,no2_ppb,43,12.753492786821703,13.220833333333331,9.689458250000001,15.701887166666666,5.337500000000001,19.915277666666668,4.174473321118293
2025,regime_factorial,Seattle,wind_only,n_available_sites,43,2.627906976744186,3.0,2.0,3.0,1.0,3.0,0.5783085275572237
2025,regime_factorial,Seattle,wind_only,temperature_2m_max,43,19.51860465116279,20.1,17.2,22.05,12.0,23.8,3.221671838536002
2025,regime_factorial,Seattle,wind_only,wind_speed_10m_mean,43,4.997480620155039,5.058333333333334,4.643750000000001,5.5458333333333325,3.4291666666666667,5.8375,0.6098393645390605
2025,regime_factorial,Seattle,wind_only,relative_humidity_2m_mean,43,74.35271317829458,75.20833333333333,68.41666666666666,80.25,57.5,87.5,7.561106603656587
2025,regime_factorial,Seattle,wind_only,precipitation_sum,43,0.8790697674418604,0.0,0.0,0.25,0.0,18.7,3.0215541680159745
2025,regime_factorial,Seattle,wind_only,shortwave_radiation_sum,43,17.583990697674416,16.9488,11.5884,24.381,2.7432,29.7432,7.021395347141747
2025,regime_factorial,Seattle,wind_only,wind_direction_10m_dominant,43,179.46021000485885,221.29322773615232,21.938043376068585,309.6248228784178,1.8329993621013492,357.9113486293046,130.67066545476538
2025,regime_factorial,Seattle,wind_only,pure_wind_run_days,43,1.9767441860465116,2.0,1.0,3.0,1.0,4.0,1.0115610777177464
2025,regime_factorial,Seattle,wind_only,low_wind_run_days,43,2.2093023255813953,2.0,1.0,3.0,1.0,5.0,1.2258746058550105
2025,regime_factorial_weather_calendar,Atlanta,compound,temperature_2m_max,19,32.88947368421052,32.5,31.9,33.65,31.5,37.1,1.4011482342239903
2025,regime_factorial_weather_calendar,Atlanta,compound,wind_speed_10m_mean,19,5.292105263157895,5.395833333333333,4.714583333333334,5.833333333333333,3.6875,6.7625,0.8616092810078757
2025,regime_factorial_weather_calendar,Atlanta,compound,relative_humidity_2m_mean,19,71.57236842105262,69.20833333333333,67.1875,77.41666666666667,57.083333333333336,83.29166666666667,6.830338126668869
2025,regime_factorial_weather_calendar,Atlanta,compound,precipitation_sum,19,2.752631578947369,2.1,0.2,3.55,0.0,9.3,2.96954325351609
2025,regime_factorial_weather_calendar,Atlanta,compound,shortwave_radiation_sum,19,23.000968421052637,22.9716,21.736800000000002,25.0416,17.8344,26.6688,2.2951882317028742
2025,regime_factorial_weather_calendar,Atlanta,compound,wind_direction_10m_dominant,19,188.4282093899066,248.81018453939384,74.57335103334107,276.041463961339,17.5585297755239,348.4100239175448,120.78749564309247
2025,regime_factorial_weather_calendar,Atlanta,compound,pure_wind_run_days,19,0.0,0.0,0.0,0.0,0.0,0.0,0.0
2025,regime_factorial_weather_calendar,Atlanta,compound,low_wind_run_days,19,5.2105263157894735,5.0,2.5,8.0,1.0,8.0,2.897871774028908
2025,regime_factorial_weather_calendar,Atlanta,heat_only,temperature_2m_max,20,32.95,32.8,32.425,33.3,31.8,35.5,0.8935440966351786
2025,regime_factorial_weather_calendar,Atlanta,heat_only,wind_speed_10m_mean,20,9.067916666666667,8.854166666666668,8.071875,10.229166666666666,6.795833333333333,11.791666666666666,1.542687014168529
2025,regime_factorial_weather_calendar,Atlanta,heat_only,relative_humidity_2m_mean,20,67.71666666666667,68.47916666666667,61.333333333333336,72.07291666666667,54.875,83.58333333333333,7.345305219793786
2025,regime_factorial_weather_calendar,Atlanta,heat_only,precipitation_sum,20,1.3750000000000002,0.3,0.0,0.6250000000000001,0.0,15.1,3.435859656468432
2025,regime_factorial_weather_calendar,Atlanta,heat_only,shortwave_radiation_sum,20,23.588100000000004,24.2928,22.1616,25.069499999999998,17.1252,28.0008,2.5017735414364703
2025,regime_factorial_weather_calendar,Atlanta,heat_only,wind_direction_10m_dominant,20,246.66006056756675,265.5864230180417,201.53608790615658,303.0721135185585,68.07249554301333,352.3836307484868,85.42025891859159
2025,regime_factorial_weather_calendar,Atlanta,heat_only,pure_wind_run_days,20,0.0,0.0,0.0,0.0,0.0,0.0,0.0
2025,regime_factorial_weather_calendar,Atlanta,heat_only,low_wind_run_days,20,0.0,0.0,0.0,0.0,0.0,0.0,0.0
2025,regime_factorial_weather_calendar,Atlanta,neither,temperature_2m_max,136,25.49926470588235,26.55,23.65,28.424999999999997,11.4,31.4,4.310357832074139
2025,regime_factorial_weather_calendar,Atlanta,neither,wind_speed_10m_mean,136,11.312683823529412,10.579166666666667,8.717708333333334,13.745833333333335,6.8125,19.35833333333333,3.2433202908699106
2025,regime_factorial_weather_calendar,Atlanta,neither,relative_humidity_2m_mean,136,71.6029411764706,71.29166666666667,62.416666666666664,81.22916666666666,42.5,94.66666666666669,11.897251668031624
2025,regime_factorial_weather_calendar,Atlanta,neither,precipitation_sum,136,3.877941176470589,0.35,0.0,5.1499999999999995,0.0,35.9,6.682167436975328
2025,regime_factorial_weather_calendar,Atlanta,neither,shortwave_radiation_sum,136,17.80665882352941,18.3978,14.623199999999999,22.5477,1.7748,28.5336,6.497030008749246
2025,regime_factorial_weather_calendar,Atlanta,neither,wind_direction_10m_dominant,136,177.58663843331385,172.75960754494463,87.47820123060845,251.47997807499428,0.147780701950776,353.5193309824505,92.74630151715105
2025,regime_factorial_weather_calendar,Atlanta,neither,pure_wind_run_days,136,0.0,0.0,0.0,0.0,0.0,0.0,0.0
2025,regime_factorial_weather_calendar,Atlanta,neither,low_wind_run_days,136,0.0,0.0,0.0,0.0,0.0,0.0,0.0
2025,regime_factorial_weather_calendar,Atlanta,wind_only,temperature_2m_max,39,28.21794871794872,28.9,26.9,30.1,21.0,31.3,2.5559910833869464
2025,regime_factorial_weather_calendar,Atlanta,wind_only,wind_speed_10m_mean,39,5.768055555555556,6.0125,5.1375,6.304166666666667,4.295833333333333,6.6875,0.7204652070172557
2025,regime_factorial_weather_calendar,Atlanta,wind_only,relative_humidity_2m_mean,39,73.50213675213675,74.375,66.52083333333334,81.5625,54.79166666666666,90.58333333333331,9.029273120906124
2025,regime_factorial_weather_calendar,Atlanta,wind_only,precipitation_sum,39,2.8,0.6000000000000001,0.0,3.9499999999999997,0.0,15.7,4.1345145454231735
2025,regime_factorial_weather_calendar,Atlanta,wind_only,shortwave_radiation_sum,39,19.162615384615385,19.0692,17.685000000000002,20.8566,7.128,28.2744,4.210869479756711
2025,regime_factorial_weather_calendar,Atlanta,wind_only,wind_direction_10m_dominant,39,164.18543793448362,141.9322867092338,78.969414789095,256.43806671207443,17.241034757227137,343.1439747793429,103.4090512989959
2025,regime_factorial_weather_calendar,Atlanta,wind_only,pure_wind_run_days,39,2.3333333333333335,2.0,1.0,4.0,1.0,4.0,1.3245323570650436
2025,regime_factorial_weather_calendar,Atlanta,wind_only,low_wind_run_days,39,3.4615384615384617,3.0,1.0,4.5,1.0,8.0,2.5323813823330488
2025,regime_factorial_weather_calendar,Chicago,compound,temperature_2m_max,24,28.641666666666666,29.0,27.5,29.6,26.9,30.5,1.161302367347022
2025,regime_factorial_weather_calendar,Chicago,compound,wind_speed_10m_mean,24,8.081249999999999,7.927083333333333,7.3125,9.05,4.870833333333334,10.179166666666667,1.3990696313383881
2025,regime_factorial_weather_calendar,Chicago,compound,relative_humidity_2m_mean,24,74.6423611111111,75.0,71.78125,79.05208333333334,58.875,88.04166666666667,8.477537781677803
2025,regime_factorial_weather_calendar,Chicago,compound,precipitation_sum,24,3.0041666666666664,0.25,0.0,2.0,0.0,25.4,6.148628632302573
2025,regime_factorial_weather_calendar,Chicago,compound,shortwave_radiation_sum,24,22.39095,23.5476,18.345599999999997,25.614,10.7388,29.9196,4.983671970240068
2025,regime_factorial_weather_calendar,Chicago,compound,wind_direction_10m_dominant,24,186.34418240264563,192.44148918332428,155.14182700465912,208.1896547624878,79.81575759594357,324.66108899559464,59.364122193065654
2025,regime_factorial_weather_calendar,Chicago,compound,pure_wind_run_days,24,0.0,0.0,0.0,0.0,0.0,0.0,0.0
2025,regime_factorial_weather_calendar,Chicago,compound,low_wind_run_days,24,4.666666666666667,5.0,3.0,7.0,1.0,8.0,2.0359095108162064
2025,regime_factorial_weather_calendar,Chicago,heat_only,temperature_2m_max,24,29.541666666666668,29.3,28.1,30.875,27.0,32.2,1.6823680687770382
2025,regime_factorial_weather_calendar,Chicago,heat_only,wind_speed_10m_mean,24,16.273611111111112,15.660416666666666,13.735416666666666,17.822916666666668,11.266666666666666,27.875,3.776166291879788
2025,regime_factorial_weather_calendar,Chicago,heat_only,relative_humidity_2m_mean,24,71.8888888888889,72.4375,68.09375,78.89583333333333,52.458333333333336,87.66666666666667,8.676882797904257
2025,regime_factorial_weather_calendar,Chicago,heat_only,precipitation_sum,24,4.666666666666667,0.25,0.0,9.675,0.0,22.4,7.361218393165906
2025,regime_factorial_weather_calendar,Chicago,heat_only,shortwave_radiation_sum,24,23.47935,24.343200000000003,22.404600000000002,26.0397,13.608,29.826,4.470855497650262
2025,regime_factorial_weather_calendar,Chicago,heat_only,wind_direction_10m_dominant,24,203.8398176644042,205.29223164553957,178.75668268665584,218.6724633850591,134.552236605596,296.5761998110874,37.71655158750961
2025,regime_factorial_weather_calendar,Chicago,heat_only,pure_wind_run_days,24,0.0,0.0,0.0,0.0,0.0,0.0,0.0
2025,regime_factorial_weather_calendar,Chicago,heat_only,low_wind_run_days,24,0.0,0.0,0.0,0.0,0.0,0.0,0.0
2025,regime_factorial_weather_calendar,Chicago,neither,temperature_2m_max,106,17.119811320754714,18.1,12.225,21.975,3.9,26.2,5.8967371092401315
2025,regime_factorial_weather_calendar,Chicago,neither,wind_speed_10m_mean,106,16.405856918238996,15.1375,12.658333333333333,19.701041666666665,10.745833333333332,28.7375,4.694894882293709
2025,regime_factorial_weather_calendar,Chicago,neither,relative_humidity_2m_mean,106,71.44536163522014,71.4375,63.614583333333336,78.84375,49.41666666666666,93.16666666666669,10.472838014831781
2025,regime_factorial_weather_calendar,Chicago,neither,precipitation_sum,106,2.6820754716981132,0.1,0.0,1.7,0.0,33.1,6.229970529163824
2025,regime_factorial_weather_calendar,Chicago,neither,shortwave_radiation_sum,106,18.139279245283017,17.6796,13.5108,23.1534,4.7484,30.4308,6.440070163810581
2025,regime_factorial_weather_calendar,Chicago,neither,wind_direction_10m_dominant,106,138.00204193038394,96.0627887945892,35.330598815251335,243.27162948677898,0.1528526832850116,359.4170846363575,113.76574565962667
2025,regime_factorial_weather_calendar,Chicago,neither,pure_wind_run_days,106,0.0,0.0,0.0,0.0,0.0,0.0,0.0
2025,regime_factorial_weather_calendar,Chicago,neither,low_wind_run_days,106,0.0,0.0,0.0,0.0,0.0,0.0,0.0
2025,regime_factorial_weather_calendar,Chicago,wind_only,temperature_2m_max,60,21.011666666666667,22.700000000000003,18.275,25.4,7.5,26.7,5.195307258875484
2025,regime_factorial_weather_calendar,Chicago,wind_only,wind_speed_10m_mean,60,8.875069444444444,8.991666666666667,8.077083333333334,9.940625,5.570833333333333,10.625,1.3237158639974655
2025,regime_factorial_weather_calendar,Chicago,wind_only,relative_humidity_2m_mean,60,73.93888888888888,72.64583333333334,69.0,78.14583333333333,57.0,90.45833333333331,8.183387797502872
2025,regime_factorial_weather_calendar,Chicago,wind_only,precipitation_sum,60,1.8800000000000001,0.0,0.0,0.8500000000000001,0.0,52.0,7.047293025201296
2025,regime_factorial_weather_calendar,Chicago,wind_only,shortwave_radiation_sum,60,21.0084,21.240000000000002,17.078400000000002,25.2864,7.0632,31.0284,5.704296628605375
2025,regime_factorial_weather_calendar,Chicago,wind_only,wind_direction_10m_dominant,60,113.31791207538274,74.3486528076979,52.522391423852426,153.59547994303335,9.481538863954947,349.9136566722788,89.13248775856472
2025,regime_factorial_weather_calendar,Chicago,wind_only,pure_wind_run_days,60,2.3333333333333335,2.0,1.0,3.0,1.0,5.0,1.2975422225149513
2025,regime_factorial_weather_calendar,Chicago,wind_only,low_wind_run_days,60,3.3333333333333335,3.0,1.75,5.0,1.0,8.0,2.274893677282051
2025,regime_factorial_weather_calendar,Dallas,compound,temperature_2m_max,12,36.80833333333333,36.4,35.775,37.800000000000004,35.2,39.0,1.3303849978198952
2025,regime_factorial_weather_calendar,Dallas,compound,wind_speed_10m_mean,12,7.7569444444444455,7.699999999999999,6.871875000000001,8.720833333333333,6.508333333333333,8.9375,0.9452421616219541
2025,regime_factorial_weather_calendar,Dallas,compound,relative_humidity_2m_mean,12,53.09374999999999,53.22916666666666,49.13541666666666,56.114583333333336,43.25,62.5,5.6333726968769975
2025,regime_factorial_weather_calendar,Dallas,compound,precipitation_sum,12,0.65,0.0,0.0,0.125,0.0,7.2,2.0641969602993533
2025,regime_factorial_weather_calendar,Dallas,compound,shortwave_radiation_sum,12,24.462300000000003,23.900399999999998,23.292,25.7733,21.7332,28.1304,1.9080009005143674
2025,regime_factorial_weather_calendar,Dallas,compound,wind_direction_10m_dominant,12,156.492591227489,164.88851637742818,110.82400316208356,179.8306051929772,38.10266316285495,352.4371620677449,83.78117385702775
2025,regime_factorial_weather_calendar,Dallas,compound,pure_wind_run_days,12,0.0,0.0,0.0,0.0,0.0,0.0,0.0
2025,regime_factorial_weather_calendar,Dallas,compound,low_wind_run_days,12,7.333333333333333,8.0,8.0,9.0,1.0,9.0,2.5702257889260633
2025,regime_factorial_weather_calendar,Dallas,heat_only,temperature_2m_max,17,36.03529411764706,35.8,35.5,36.6,35.1,37.4,0.6642111641550712
2025,regime_factorial_weather_calendar,Dallas,heat_only,wind_speed_10m_mean,17,13.39877450980392,12.741666666666667,11.233333333333334,14.5,9.55,20.875,3.300634134116617
2025,regime_factorial_weather_calendar,Dallas,heat_only,relative_humidity_2m_mean,17,60.296568627450974,60.79166666666666,58.208333333333336,61.91666666666666,54.458333333333336,66.625,3.2669457507584485
2025,regime_factorial_weather_calendar,Dallas,heat_only,precipitation_sum,17,0.22352941176470587,0.0,0.0,0.1,0.0,1.8,0.5596085816942789
2025,regime_factorial_weather_calendar,Dallas,heat_only,shortwave_radiation_sum,17,25.451788235294117,25.8552,23.7168,27.1764,19.5912,28.5876,2.540944187177857
2025,regime_factorial_weather_calendar,Dallas,heat_only,wind_direction_10m_dominant,17,176.9848761149508,173.33459374764985,170.54921798676202,179.08435106092622,162.41526848437908,204.29111322643973,10.838522737224546
2025,regime_factorial_weather_calendar,Dallas,heat_only,pure_wind_run_days,17,0.0,0.0,0.0,0.0,0.0,0.0,0.0
2025,regime_factorial_weather_calendar,Dallas,heat_only,low_wind_run_days,17,0.0,0.0,0.0,0.0,0.0,0.0,0.0
2025,regime_factorial_weather_calendar,Dallas,neither,temperature_2m_max,120,29.624166666666667,30.9,27.175,33.225,8.7,35.0,4.568562575428101
2025,regime_factorial_weather_calendar,Dallas,neither,wind_speed_10m_mean,120,14.407152777777776,12.993750000000002,10.673958333333331,16.690625,9.2375,28.266666666666666,4.551716202154911
2025,regime_factorial_weather_calendar,Dallas,neither,relative_humidity_2m_mean,120,67.97986111111112,69.10416666666666,61.84375,74.61458333333333,35.75,92.54166666666669,11.151970689553476
2025,regime_factorial_weather_calendar,Dallas,neither,precipitation_sum,120,4.384166666666667,0.3,0.0,2.8000000000000003,0.0,53.0,9.627499093509083
2025,regime_factorial_weather_calendar,Dallas,neither,shortwave_radiation_sum,120,19.70127,20.424599999999998,15.4755,24.4422,4.5828,29.7684,6.121133453047467
2025,regime_factorial_weather_calendar,Dallas,neither,wind_direction_10m_dominant,120,160.65941227253506,170.28882417046367,137.30649125469745,185.1238265975628,0.1899249019135559,358.36549244520126,70.37278041338722
2025,regime_factorial_weather_calendar,Dallas,neither,pure_wind_run_days,120,0.0,0.0,0.0,0.0,0.0,0.0,0.0
2025,regime_factorial_weather_calendar,Dallas,neither,low_wind_run_days,120,0.0,0.0,0.0,0.0,0.0,0.0,0.0
2025,regime_factorial_weather_calendar,Dallas,wind_only,temperature_2m_max,65,30.173846153846153,31.3,28.3,32.8,18.9,34.9,3.5863576980638086
2025,regime_factorial_weather_calendar,Dallas,wind_only,wind_speed_10m_mean,65,6.957692307692308,7.054166666666667,5.9375,7.979166666666667,4.358333333333333,9.05,1.2814674677337863
2025,regime_factorial_weather_calendar,Dallas,wind_only,relative_humidity_2m_mean,65,65.33653846153845,62.625,57.66666666666666,72.08333333333333,49.083333333333336,89.41666666666667,10.353525580873056
2025,regime_factorial_weather_calendar,Dallas,wind_only,precipitation_sum,65,1.5092307692307692,0.0,0.0,0.5,0.0,41.0,5.537901313813606
2025,regime_factorial_weather_calendar,Dallas,wind_only,shortwave_radiation_sum,65,20.394775384615386,20.0628,18.252,23.2488,5.9292,28.872,4.565810325055632
2025,regime_factorial_weather_calendar,Dallas,wind_only,wind_direction_10m_dominant,65,135.93919071425128,118.58509680318132,82.26695058748152,164.25111184978525,16.156418707909893,358.4198712661387,79.41536035369448
2025,regime_factorial_weather_calendar,Dallas,wind_only,pure_wind_run_days,65,3.923076923076923,3.0,2.0,5.0,1.0,9.0,2.6710700823107176
2025,regime_factorial_weather_calendar,Dallas,wind_only,low_wind_run_days,65,4.476923076923077,3.0,2.0,6.0,1.0,9.0,2.9848978851236074
2025,regime_factorial_weather_calendar,Denver,compound,temperature_2m_max,2,33.95,33.95,33.375,34.525,32.8,35.1,1.6263455967290623
2025,regime_factorial_weather_calendar,Denver,compound,wind_speed_10m_mean,2,6.195833333333334,6.195833333333334,6.054166666666667,6.3375,5.9125000000000005,6.479166666666667,0.4006938426723768
2025,regime_factorial_weather_calendar,Denver,compound,relative_humidity_2m_mean,2,36.375,36.375,35.854166666666664,36.89583333333333,35.333333333333336,37.41666666666666,1.4731391274719656
2025,regime_factorial_weather_calendar,Denver,compound,precipitation_sum,2,0.15,0.15,0.075,0.22499999999999998,0.0,0.3,0.21213203435596426
2025,regime_factorial_weather_calendar,Denver,compound,shortwave_radiation_sum,2,26.46,26.46,25.2864,27.6336,24.1128,28.8072,3.3194420736021297
2025,regime_factorial_weather_calendar,Denver,compound,wind_direction_10m_dominant,2,229.8548647440351,229.8548647440351,222.48338886355344,237.22634062451675,215.11191298307176,244.59781650499843,20.849682329766654
2025,regime_factorial_weather_calendar,Denver,compound,pure_wind_run_days,2,0.0,0.0,0.0,0.0,0.0,0.0,0.0
2025,regime_factorial_weather_calendar,Denver,compound,low_wind_run_days,2,1.5,1.5,1.25,1.75,1.0,2.0,0.7071067811865476
2025,regime_factorial_weather_calendar,Denver,heat_only,temperature_2m_max,39,34.312820512820515,33.8,32.9,35.5,32.4,37.2,1.5030109232329705
2025,regime_factorial_weather_calendar,Denver,heat_only,wind_speed_10m_mean,39,9.079059829059828,8.491666666666667,7.872916666666667,10.129166666666666,7.070833333333333,13.775,1.5508252398928961
2025,regime_factorial_weather_calendar,Denver,heat_only,relative_humidity_2m_mean,39,37.199786324786324,36.75,31.75,42.60416666666666,24.0,49.625,7.09589430318077
2025,regime_factorial_weather_calendar,Denver,heat_only,precipitation_sum,39,0.458974358974359,0.0,0.0,0.45,0.0,4.4,0.8984542130845884
2025,regime_factorial_weather_calendar,Denver,heat_only,shortwave_radiation_sum,39,27.18443076923077,27.18,25.0506,28.9962,21.9708,32.2812,2.597302269071329
2025,regime_factorial_weather_calendar,Denver,heat_only,wind_direction_10m_dominant,39,209.28152321543445,213.72415725469688,182.22865263568266,237.17466631735456,0.0794366687999533,346.94187679419724,60.653223371185625
2025,regime_factorial_weather_calendar,Denver,heat_only,pure_wind_run_days,39,0.0,0.0,0.0,0.0,0.0,0.0,0.0
2025,regime_factorial_weather_calendar,Denver,heat_only,low_wind_run_days,39,0.0,0.0,0.0,0.0,0.0,0.0,0.0
2025,regime_factorial_weather_calendar,Denver,neither,temperature_2m_max,115,23.277391304347827,24.0,19.85,28.5,0.4,32.1,6.402590770430978
2025,regime_factorial_weather_calendar,Denver,neither,wind_speed_10m_mean,115,8.879891304347826,8.3375,7.635416666666666,9.585416666666667,7.070833333333333,15.6125,1.6938277740922467
2025,regime_factorial_weather_calendar,Denver,neither,relative_humidity_2m_mean,115,52.85905797101449,49.79166666666666,43.35416666666667,60.75,28.70833333333333,89.20833333333333,14.832136777631604
2025,regime_factorial_weather_calendar,Denver,neither,precipitation_sum,115,2.008695652173913,0.2,0.0,1.95,0.0,24.3,3.9691477987932298
2025,regime_factorial_weather_calendar,Denver,neither,shortwave_radiation_sum,115,21.39195130434782,21.8052,16.2774,26.1612,3.6684,31.4028,6.011648981161129
2025,regime_factorial_weather_calendar,Denver,neither,wind_direction_10m_dominant,115,190.45790960719415,212.38437114781675,88.96838212313057,261.2094953908657,2.0121039015855016,344.4168202756068,95.67902593128754
2025,regime_factorial_weather_calendar,Denver,neither,pure_wind_run_days,115,0.0,0.0,0.0,0.0,0.0,0.0,0.0
2025,regime_factorial_weather_calendar,Denver,neither,low_wind_run_days,115,0.0,0.0,0.0,0.0,0.0,0.0,0.0
2025,regime_factorial_weather_calendar,Denver,wind_only,temperature_2m_max,58,22.81551724137931,23.95,20.025,27.025000000000002,5.4,31.7,5.92200184634542
2025,regime_factorial_weather_calendar,Denver,wind_only,wind_speed_10m_mean,58,6.000646551724137,6.1625000000000005,5.310416666666667,6.639583333333333,4.2875000000000005,7.066666666666666,0.7961518076694589
2025,regime_factorial_weather_calendar,Denver,wind_only,relative_humidity_2m_mean,58,60.525143678160916,61.0,50.28124999999999,69.72916666666666,35.958333333333336,85.66666666666667,12.949394821614291
2025,regime_factorial_weather_calendar,Denver,wind_only,precipitation_sum,58,2.1189655172413793,0.6000000000000001,0.0,2.775,0.0,13.3,3.166793546666901
2025,regime_factorial_weather_calendar,Denver,wind_only,shortwave_radiation_sum,58,20.653510344827588,21.114,17.5311,24.2127,7.1316,30.6144,5.141935977297651
2025,regime_factorial_weather_calendar,Denver,wind_only,wind_direction_10m_dominant,58,176.7450737099892,190.62784216695695,102.27574514423877,250.86711119414625,2.6212782452823653,355.8311381386033,98.63768995094973
2025,regime_factorial_weather_calendar,Denver,wind_only,pure_wind_run_days,58,3.310344827586207,1.5,1.0,3.0,1.0,11.0,3.807687959681848
2025,regime_factorial_weather_calendar,Denver,wind_only,low_wind_run_days,58,3.3275862068965516,2.0,1.0,3.0,1.0,11.0,3.7992978623456146
2025,regime_factorial_weather_calendar,Houston,compound,temperature_2m_max,13,34.13846153846154,34.0,33.7,34.5,33.5,35.0,0.5268435275905948
2025,regime_factorial_weather_calendar,Houston,compound,wind_speed_10m_mean,13,6.02275641025641,5.929166666666667,5.620833333333334,6.595833333333334,4.375,7.895833333333333,1.0040883086425747
2025,regime_factorial_weather_calendar,Houston,compound,relative_humidity_2m_mean,13,75.58653846153847,76.45833333333333,74.70833333333333,77.75,64.83333333333333,79.25,3.859829231346472
2025,regime_factorial_weather_calendar,Houston,compound,precipitation_sum,13,0.3615384615384615,0.1,0.0,0.5,0.0,1.7000000000000002,0.5470198983864931
2025,regime_factorial_weather_calendar,Houston,compound,shortwave_radiation_sum,13,24.04633846153846,24.0372,23.2956,24.5952,20.2068,28.1592,2.0740284012594348
2025,regime_factorial_weather_calendar,Houston,compound,wind_direction_10m_dominant,13,198.99720849941926,182.5774994860668,174.2961141952388,237.706972121337,11.30887263066011,330.44058588367284,77.4045571815157
2025,regime_factorial_weather_calendar,Houston,compound,pure_wind_run_days,13,0.0,0.0,0.0,0.0,0.0,0.0,0.0
2025,regime_factorial_weather_calendar,Houston,compound,low_wind_run_days,13,12.461538461538462,12.0,12.0,17.0,3.0,17.0,5.363695626080098
2025,regime_factorial_weather_calendar,Houston,heat_only,temperature_2m_max,5,33.82,33.7,33.6,33.9,33.6,34.3,0.29495762407505044
2025,regime_factorial_weather_calendar,Houston,heat_only,wind_speed_10m_mean,5,10.034166666666668,10.091666666666669,10.004166666666666,10.125,8.404166666666667,11.545833333333334,1.112934528123236
2025,regime_factorial_weather_calendar,Houston,heat_only,relative_humidity_2m_mean,5,77.24166666666666,76.70833333333333,76.58333333333333,77.95833333333333,75.875,79.08333333333333,1.2738693243639838
2025,regime_factorial_weather_calendar,Houston,heat_only,precipitation_sum,5,0.4,0.0,0.0,0.1,0.0,1.9,0.8396427811873333
2025,regime_factorial_weather_calendar,Houston,heat_only,shortwave_radiation_sum,5,23.07312,24.894,24.7968,25.3008,14.7636,25.6104,4.65658531887906
2025,regime_factorial_weather_calendar,Houston,heat_only,wind_direction_10m_dominant,5,207.98042292973793,181.28865204936452,174.54510764508828,225.9428172379036,173.07203324674663,285.0535044695867,48.24902620391434
2025,regime_factorial_weather_calendar,Houston,heat_only,pure_wind_run_days,5,0.0,0.0,0.0,0.0,0.0,0.0,0.0
2025,regime_factorial_weather_calendar,Houston,heat_only,low_wind_run_days,5,0.0,0.0,0.0,0.0,0.0,0.0,0.0
2025,regime_factorial_weather_calendar,Houston,neither,temperature_2m_max,119,29.6672268907563,30.4,28.2,31.8,15.6,33.4,3.012659989244751
2025,regime_factorial_weather_calendar,Houston,neither,wind_speed_10m_mean,119,12.707703081232493,11.208333333333334,9.683333333333334,14.366666666666667,8.2125,27.9,4.28227132540742
2025,regime_factorial_weather_calendar,Houston,neither,relative_humidity_2m_mean,119,77.08648459383751,79.20833333333333,75.35416666666666,81.95833333333333,40.54166666666666,88.95833333333333,8.378542901824718
2025,regime_factorial_weather_calendar,Houston,neither,precipitation_sum,119,4.671428571428571,1.1,0.0,4.5,0.0,61.1,9.434296816216081
2025,regime_factorial_weather_calendar,Houston,neither,shortwave_radiation_sum,119,19.720769747899155,19.9548,16.5852,22.9968,5.8032,28.1052,4.592929685065776
2025,regime_factorial_weather_calendar,Houston,neither,wind_direction_10m_dominant,119,162.07179260659612,157.7694125514321,140.51910914352578,175.4162677267018,23.40465708421132,356.6995019662218,62.73890417696327
2025,regime_factorial_weather_calendar,Houston,neither,pure_wind_run_days,119,0.0,0.0,0.0,0.0,0.0,0.0,0.0
2025,regime_factorial_weather_calendar,Houston,neither,low_wind_run_days,119,0.0,0.0,0.0,0.0,0.0,0.0,0.0
2025,regime_factorial_weather_calendar,Houston,wind_only,temperature_2m_max,77,30.906493506493515,31.3,30.3,32.1,22.3,33.4,1.965648256691982
2025,regime_factorial_weather_calendar,Houston,wind_only,wind_speed_10m_mean,77,6.5552489177489175,6.508333333333333,5.825,7.470833333333334,4.104166666666667,8.104166666666666,0.9943878985855295
2025,regime_factorial_weather_calendar,Houston,wind_only,relative_humidity_2m_mean,77,78.60335497835497,80.41666666666667,75.25,83.25,55.375,92.25,7.102681297582091
2025,regime_factorial_weather_calendar,Houston,wind_only,precipitation_sum,77,4.1688311688311686,0.9,0.0,4.3,0.0,37.1,7.588361235961081
2025,regime_factorial_weather_calendar,Houston,wind_only,shortwave_radiation_sum,77,19.419148051948056,19.9548,17.6184,21.6828,6.03,26.7948,3.7746998784012926
2025,regime_factorial_weather_calendar,Houston,wind_only,wind_direction_10m_dominant,77,131.63090532809662,122.98432682403153,72.27650404405576,172.54027057458018,17.104335189958398,358.57865419170497,77.95980315084509
2025,regime_factorial_weather_calendar,Houston,wind_only,pure_wind_run_days,77,4.636363636363637,4.0,3.0,5.0,1.0,9.0,2.7668578554642984
2025,regime_factorial_weather_calendar,Houston,wind_only,low_wind_run_days,77,7.584415584415584,6.0,3.0,9.0,1.0,17.0,5.071464673078207
2025,regime_factorial_weather_calendar,Los Angeles,compound,temperature_2m_max,14,34.19285714285714,34.05,32.95,35.05,32.5,37.4,1.4111993184818066
2025,regime_factorial_weather_calendar,Los Angeles,compound,wind_speed_10m_mean,14,5.80684523809524,5.987500000000001,5.528125,6.060416666666666,4.6875,6.370833333333334,0.5177217492789294
2025,regime_factorial_weather_calendar,Los Angeles,compound,relative_humidity_2m_mean,14,51.4970238095238,51.45833333333333,47.71874999999999,55.520833333333336,39.41666666666666,63.16666666666666,6.583626743820886
2025,regime_factorial_weather_calendar,Los Angeles,compound,precipitation_sum,14,0.0,0.0,0.0,0.0,0.0,0.0,0.0
2025,regime_factorial_weather_calendar,Los Angeles,compound,shortwave_radiation_sum,14,25.032600000000002,25.5978,24.192,28.132199999999997,16.711199999999998,29.7324,4.125146350410819
2025,regime_factorial_weather_calendar,Los Angeles,compound,wind_direction_10m_dominant,14,191.58863470870682,216.2552878305616,209.47228414564796,223.9099852272498,13.107043555870836,241.4725210224828,73.43848921350438
2025,regime_factorial_weather_calendar,Los Angeles,compound,pure_wind_run_days,14,0.0,0.0,0.0,0.0,0.0,0.0,0.0
2025,regime_factorial_weather_calendar,Los Angeles,compound,low_wind_run_days,14,3.7857142857142856,3.5,2.0,4.0,1.0,9.0,2.4235565546581275
2025,regime_factorial_weather_calendar,Los Angeles,heat_only,temperature_2m_max,10,33.58,33.4,32.65,34.275,32.4,35.5,1.048596946188361
2025,regime_factorial_weather_calendar,Los Angeles,heat_only,wind_speed_10m_mean,10,6.717916666666667,6.679166666666667,6.512500000000001,6.8375,6.425,7.1875,0.2458454956187918
2025,regime_factorial_weather_calendar,Los Angeles,heat_only,relative_humidity_2m_mean,10,54.56666666666666,55.8125,52.458333333333336,57.24999999999999,43.29166666666666,59.958333333333336,4.9002865877390605
2025,regime_factorial_weather_calendar,Los Angeles,heat_only,precipitation_sum,10,0.01,0.0,0.0,0.0,0.0,0.1,0.03162277660168379
2025,regime_factorial_weather_calendar,Los Angeles,heat_only,shortwave_radiation_sum,10,25.451639999999998,24.9048,24.156,27.7191,17.5716,31.2912,3.7456163626297876
2025,regime_factorial_weather_calendar,Los Angeles,heat_only,wind_direction_10m_dominant,10,216.30948401332518,217.16114616253782,204.1186925857288,226.19414889836133,196.99071980458555,240.54887013008957,13.97888948266074
2025,regime_factorial_weather_calendar,Los Angeles,heat_only,pure_wind_run_days,10,0.0,0.0,0.0,0.0,0.0,0.0,0.0
2025,regime_factorial_weather_calendar,Los Angeles,heat_only,low_wind_run_days,10,0.0,0.0,0.0,0.0,0.0,0.0,0.0
2025,regime_factorial_weather_calendar,Los Angeles,neither,temperature_2m_max,131,25.269465648854965,26.0,23.0,27.65,16.3,32.3,3.6617333669635204
2025,regime_factorial_weather_calendar,Los Angeles,neither,wind_speed_10m_mean,131,7.613136132315522,7.508333333333333,6.935416666666667,7.9624999999999995,6.420833333333333,13.9875,1.099003709815707
2025,regime_factorial_weather_calendar,Los Angeles,neither,relative_humidity_2m_mean,131,66.45388040712467,67.875,63.4375,71.04166666666666,33.208333333333336,80.45833333333333,7.053447988267465
2025,regime_factorial_weather_calendar,Los Angeles,neither,precipitation_sum,131,0.44351145038167944,0.0,0.0,0.0,0.0,41.2,3.632526123293037
2025,regime_factorial_weather_calendar,Los Angeles,neither,shortwave_radiation_sum,131,26.179419847328244,27.7416,24.8868,29.242800000000003,7.851599999999999,31.5108,4.744034906918856
2025,regime_factorial_weather_calendar,Los Angeles,neither,wind_direction_10m_dominant,131,207.02290621605016,204.1666608254378,195.2297552647005,213.1707846036751,150.413421645962,334.34177142642454,22.51435700795465
2025,regime_factorial_weather_calendar,Los Angeles,neither,pure_wind_run_days,131,0.0,0.0,0.0,0.0,0.0,0.0,0.0
2025,regime_factorial_weather_calendar,Los Angeles,neither,low_wind_run_days,131,0.0,0.0,0.0,0.0,0.0,0.0,0.0
2025,regime_factorial_weather_calendar,Los Angeles,wind_only,temperature_2m_max,59,26.728813559322038,26.8,24.9,29.85,17.5,32.2,3.596360749014809
2025,regime_factorial_weather_calendar,Los Angeles,wind_only,wind_speed_10m_mean,59,5.524293785310735,5.595833333333334,4.927083333333334,6.112500000000001,4.2875,6.404166666666666,0.6516617575872531
2025,regime_factorial_weather_calendar,Los Angeles,wind_only,relative_humidity_2m_mean,59,65.5367231638418,65.33333333333333,59.3125,72.85416666666666,47.54166666666666,82.79166666666667,8.381324043196253
2025,regime_factorial_weather_calendar,Los Angeles,wind_only,precipitation_sum,59,0.18305084745762715,0.0,0.0,0.0,0.0,8.8,1.1475840503171755
2025,regime_factorial_weather_calendar,Los Angeles,wind_only,shortwave_radiation_sum,59,20.818800000000003,19.1232,16.714799999999997,25.3656,9.6048,31.4388,5.138064021292121
2025,regime_factorial_weather_calendar,Los Angeles,wind_only,wind_direction_10m_dominant,59,211.24595619534531,207.7845091166101,199.9783429906082,226.41332759772058,13.411834900362765,344.98267038624687,42.49362307432192
2025,regime_factorial_weather_calendar,Los Angeles,wind_only,pure_wind_run_days,59,4.423728813559322,5.0,2.0,7.0,1.0,9.0,2.847887237636595
2025,regime_factorial_weather_calendar,Los Angeles,wind_only,low_wind_run_days,59,5.3559322033898304,5.0,3.0,9.0,1.0,9.0,2.857311926199209
2025,regime_factorial_weather_calendar,New York,compound,temperature_2m_max,18,31.711111111111116,31.4,29.9,33.4,29.4,35.7,2.141162105819803
2025,regime_factorial_weather_calendar,New York,compound,wind_speed_10m_mean,18,6.6893518518518515,7.15,5.913541666666667,7.596875,4.3875,8.0,1.2638798211267044
2025,regime_factorial_weather_calendar,New York,compound,relative_humidity_2m_mean,18,72.79166666666667,72.27083333333334,67.66666666666667,78.13541666666667,60.0,83.54166666666667,6.9428543931284485
2025,regime_factorial_weather_calendar,New York,compound,precipitation_sum,18,2.9333333333333327,0.5,0.3,2.875,0.0,18.4,4.946062010505398
2025,regime_factorial_weather_calendar,New York,compound,shortwave_radiation_sum,18,23.031999999999996,23.8104,20.3949,25.911,14.4432,28.1016,3.8246558654880003
2025,regime_factorial_weather_calendar,New York,compound,wind_direction_10m_dominant,18,229.71062817981888,229.32453139839623,201.13649279332415,253.3761170499999,128.87998069025014,334.2863872605831,52.55860611408643
2025,regime_factorial_weather_calendar,New York,compound,pure_wind_run_days,18,0.0,0.0,0.0,0.0,0.0,0.0,0.0
2025,regime_factorial_weather_calendar,New York,compound,low_wind_run_days,18,2.5555555555555554,3.0,1.25,3.0,1.0,5.0,1.293523333527109
2025,regime_factorial_weather_calendar,New York,heat_only,temperature_2m_max,20,31.05,30.65,29.675,31.6,28.8,36.6,1.94949386143929
2025,regime_factorial_weather_calendar,New York,heat_only,wind_speed_10m_mean,20,10.583333333333334,10.806250000000002,9.026041666666668,11.398958333333333,8.283333333333333,15.041666666666666,1.7567596058839403
2025,regime_factorial_weather_calendar,New York,heat_only,relative_humidity_2m_mean,20,70.56458333333333,70.625,64.55208333333333,78.89583333333333,58.41666666666666,83.20833333333333,8.23446254197948
2025,regime_factorial_weather_calendar,New York,heat_only,precipitation_sum,20,5.64,0.15000000000000002,0.0,5.3,0.0,35.5,10.51126713779577
2025,regime_factorial_weather_calendar,New York,heat_only,shortwave_radiation_sum,20,22.52106,23.2416,19.548000000000002,26.5095,12.636,29.0412,4.965424587601537
2025,regime_factorial_weather_calendar,New York,heat_only,wind_direction_10m_dominant,20,222.30952109024756,224.64201353475272,207.70439696496598,260.75859072865586,26.79654774254571,344.5270095036189,71.69219815760209
2025,regime_factorial_weather_calendar,New York,heat_only,pure_wind_run_days,20,0.0,0.0,0.0,0.0,0.0,0.0,0.0
2025,regime_factorial_weather_calendar,New York,heat_only,low_wind_run_days,20,0.0,0.0,0.0,0.0,0.0,0.0,0.0
2025,regime_factorial_weather_calendar,New York,neither,temperature_2m_max,133,20.50676691729323,21.1,17.2,24.6,5.1,28.7,5.33844256440422
2025,regime_factorial_weather_calendar,New York,neither,wind_speed_10m_mean,133,12.721334586466165,11.829166666666666,9.3625,14.579166666666667,8.1625,26.96666666666667,3.9198965176881826
2025,regime_factorial_weather_calendar,New York,neither,relative_humidity_2m_mean,133,69.09398496240601,67.41666666666667,59.083333333333336,78.875,42.16666666666666,92.54166666666669,11.912696739014713
2025,regime_factorial_weather_calendar,New York,neither,precipitation_sum,133,3.145864661654135,0.1,0.0,3.8,0.0,38.4,6.030258440592132
2025,regime_factorial_weather_calendar,New York,neither,shortwave_radiation_sum,133,15.77067969924812,16.0992,10.0368,21.9312,1.2276,29.8224,7.649098569189422
2025,regime_factorial_weather_calendar,New York,neither,wind_direction_10m_dominant,133,175.39084505369817,188.35295624368368,82.22836651773062,275.19530791978207,5.695110839049583,351.4937659341677,104.19613399668066
2025,regime_factorial_weather_calendar,New York,neither,pure_wind_run_days,133,0.0,0.0,0.0,0.0,0.0,0.0,0.0
2025,regime_factorial_weather_calendar,New York,neither,low_wind_run_days,133,0.0,0.0,0.0,0.0,0.0,0.0,0.0
2025,regime_factorial_weather_calendar,New York,wind_only,temperature_2m_max,43,23.85116279069767,24.3,21.65,26.75,12.5,28.3,3.7469588997849628
2025,regime_factorial_weather_calendar,New York,wind_only,wind_speed_10m_mean,43,6.875775193798449,6.854166666666667,6.3916666666666675,7.366666666666667,4.870833333333334,8.041666666666666,0.806245901415874
2025,regime_factorial_weather_calendar,New York,wind_only,relative_humidity_2m_mean,43,72.81104651162791,74.04166666666667,66.66666666666667,78.39583333333334,49.16666666666666,89.79166666666667,8.88016071747328
2025,regime_factorial_weather_calendar,New York,wind_only,precipitation_sum,43,1.2883720930232558,0.0,0.0,1.35,0.0,12.5,2.7433217006921327
2025,regime_factorial_weather_calendar,New York,wind_only,shortwave_radiation_sum,43,18.08447441860465,17.945999999999998,13.689,22.2984,4.914,30.276,5.842902578916661
2025,regime_factorial_weather_calendar,New York,wind_only,wind_direction_10m_dominant,43,167.79395401329757,157.34054791790794,101.83790615085661,235.77119901440346,0.8318045592801674,356.5970308666871,98.4470863304919
2025,regime_factorial_weather_calendar,New York,wind_only,pure_wind_run_days,43,2.2093023255813953,2.0,1.0,3.0,1.0,4.0,1.0814042796044612
2025,regime_factorial_weather_calendar,New York,wind_only,low_wind_run_days,43,2.5813953488372094,2.0,1.5,4.0,1.0,5.0,1.3135295624409915
2025,regime_factorial_weather_calendar,Philadelphia,compound,temperature_2m_max,15,32.68666666666666,32.1,31.549999999999997,33.35,30.9,36.0,1.6061785466782712
2025,regime_factorial_weather_calendar,Philadelphia,compound,wind_speed_10m_mean,15,6.3438888888888885,6.875,5.9,7.160416666666666,4.1625000000000005,7.6125,1.1097621772015343
2025,regime_factorial_weather_calendar,Philadelphia,compound,relative_humidity_2m_mean,15,73.1,75.54166666666667,67.3125,78.9375,57.5,82.58333333333333,7.687404019274356
2025,regime_factorial_weather_calendar,Philadelphia,compound,precipitation_sum,15,3.8999999999999995,2.3,0.0,6.35,0.0,13.9,4.578833288700768
2025,regime_factorial_weather_calendar,Philadelphia,compound,shortwave_radiation_sum,15,21.336239999999997,21.7044,17.8326,24.4656,12.906,28.5444,4.700792956330422
2025,regime_factorial_weather_calendar,Philadelphia,compound,wind_direction_10m_dominant,15,204.39669305359624,206.22332188128797,163.76609115277108,255.7051451477043,111.38342059175112,320.90015454347656,62.85338220783972
2025,regime_factorial_weather_calendar,Philadelphia,compound,pure_wind_run_days,15,0.0,0.0,0.0,0.0,0.0,0.0,0.0
2025,regime_factorial_weather_calendar,Philadelphia,compound,low_wind_run_days,15,3.466666666666667,3.0,2.5,4.0,1.0,6.0,1.5522640914238177
2025,regime_factorial_weather_calendar,Philadelphia,heat_only,temperature_2m_max,23,33.23478260869565,32.7,31.65,33.849999999999994,30.9,38.8,2.214540521941325
2025,regime_factorial_weather_calendar,Philadelphia,heat_only,wind_speed_10m_mean,23,9.834057971014493,9.595833333333331,8.545833333333334,10.245833333333334,7.866666666666667,13.741666666666667,1.7176954534285258
2025,regime_factorial_weather_calendar,Philadelphia,heat_only,relative_humidity_2m_mean,23,68.46014492753623,67.66666666666667,59.3125,76.72916666666666,53.458333333333336,83.54166666666667,9.04090275942143
2025,regime_factorial_weather_calendar,Philadelphia,heat_only,precipitation_sum,23,5.1130434782608685,0.8,0.0,2.4,0.0,55.7,12.769754904312203
2025,regime_factorial_weather_calendar,Philadelphia,heat_only,shortwave_radiation_sum,23,23.14486956521739,24.57,18.8874,26.150399999999998,11.4228,29.8404,4.763105408185522
2025,regime_factorial_weather_calendar,Philadelphia,heat_only,wind_direction_10m_dominant,23,223.883699974748,233.2137921689637,203.75664557718423,256.9488608854799,64.71954982813523,333.73497268850684,68.87560134767462
2025,regime_factorial_weather_calendar,Philadelphia,heat_only,pure_wind_run_days,23,0.0,0.0,0.0,0.0,0.0,0.0,0.0
2025,regime_factorial_weather_calendar,Philadelphia,heat_only,low_wind_run_days,23,0.0,0.0,0.0,0.0,0.0,0.0,0.0
2025,regime_factorial_weather_calendar,Philadelphia,neither,temperature_2m_max,129,22.133333333333333,22.6,18.7,26.3,6.4,30.8,5.475604038216545
2025,regime_factorial_weather_calendar,Philadelphia,neither,wind_speed_10m_mean,129,12.672545219638241,11.554166666666667,9.816666666666666,14.775,7.891666666666667,25.058333333333334,3.793393487433115
2025,regime_factorial_weather_calendar,Philadelphia,neither,relative_humidity_2m_mean,129,64.21770025839794,62.583333333333336,53.5,76.625,33.25,90.66666666666669,14.325965812097404
2025,regime_factorial_weather_calendar,Philadelphia,neither,precipitation_sum,129,3.06046511627907,0.1,0.0,2.6,0.0,45.2,6.289070611543231
2025,regime_factorial_weather_calendar,Philadelphia,neither,shortwave_radiation_sum,129,15.952074418604653,16.3116,10.0872,23.0184,1.422,30.1644,7.82327806353696
2025,regime_factorial_weather_calendar,Philadelphia,neither,wind_direction_10m_dominant,129,182.6316761420887,203.08569914458187,75.21234561759776,281.3578788408713,3.152596551361217,354.0581551918467,108.26555146207015
2025,regime_factorial_weather_calendar,Philadelphia,neither,pure_wind_run_days,129,0.0,0.0,0.0,0.0,0.0,0.0,0.0
2025,regime_factorial_weather_calendar,Philadelphia,neither,low_wind_run_days,129,0.0,0.0,0.0,0.0,0.0,0.0,0.0
2025,regime_factorial_weather_calendar,Philadelphia,wind_only,temperature_2m_max,47,26.70212765957447,27.4,25.4,29.2,15.6,30.8,3.4064829090185835
2025,regime_factorial_weather_calendar,Philadelphia,wind_only,wind_speed_10m_mean,47,6.316489361702127,6.5375000000000005,5.560416666666667,6.8875,3.95,7.8125,0.9175390930108682
2025,regime_factorial_weather_calendar,Philadelphia,wind_only,relative_humidity_2m_mean,47,68.09308510638297,67.25,60.35416666666666,74.6875,49.333333333333336,86.66666666666667,9.942490933544466
2025,regime_factorial_weather_calendar,Philadelphia,wind_only,precipitation_sum,47,1.5297872340425533,0.0,0.0,0.95,0.0,10.6,3.0367255601485583
2025,regime_factorial_weather_calendar,Philadelphia,wind_only,shortwave_radiation_sum,47,17.70388085106383,17.0532,13.553999999999998,20.2086,7.4052,30.2292,5.747775371190912
2025,regime_factorial_weather_calendar,Philadelphia,wind_only,wind_direction_10m_dominant,47,192.61436832409237,202.6566255890066,113.80307197418398,251.46067160331216,10.474317044933642,359.4403951350924,93.89087171931014
2025,regime_factorial_weather_calendar,Philadelphia,wind_only,pure_wind_run_days,47,2.276595744680851,2.0,1.0,3.5,1.0,4.0,1.2104998547056371
2025,regime_factorial_weather_calendar,Philadelphia,wind_only,low_wind_run_days,47,2.595744680851064,2.0,1.0,4.0,1.0,6.0,1.484112594874314
2025,regime_factorial_weather_calendar,Phoenix,compound,temperature_2m_max,5,43.080000000000005,42.8,42.6,43.3,42.5,44.2,0.697853852894717
2025,regime_factorial_weather_calendar,Phoenix,compound,wind_speed_10m_mean,5,5.3875,4.95,4.6625000000000005,6.15,4.558333333333334,6.616666666666667,0.9349873736521199
2025,regime_factorial_weather_calendar,Phoenix,compound,relative_humidity_2m_mean,5,21.066666666666666,19.166666666666668,13.25,29.0,11.958333333333334,31.95833333333333,9.072461000804086
2025,regime_factorial_weather_calendar,Phoenix,compound,precipitation_sum,5,0.02,0.0,0.0,0.0,0.0,0.1,0.044721359549995794
2025,regime_factorial_weather_calendar,Phoenix,compound,shortwave_radiation_sum,5,26.8416,26.568,23.5764,29.6064,22.77,31.6872,3.822246491266622
2025,regime_factorial_weather_calendar,Phoenix,compound,wind_direction_10m_dominant,5,228.22062889715653,268.75518254409906,187.12898121222844,271.7907748886991,92.18592263224647,321.24228320850966,89.98388834944939
2025,regime_factorial_weather_calendar,Phoenix,compound,pure_wind_run_days,5,0.0,0.0,0.0,0.0,0.0,0.0,0.0
2025,regime_factorial_weather_calendar,Phoenix,compound,low_wind_run_days,5,1.6,2.0,1.0,2.0,1.0,2.0,0.5477225575051661
2025,regime_factorial_weather_calendar,Phoenix,heat_only,temperature_2m_max,42,43.949999999999996,43.8,42.7,45.1,41.9,47.7,1.5127506847284327
2025,regime_factorial_weather_calendar,Phoenix,heat_only,wind_speed_10m_mean,42,9.286507936507936,9.420833333333334,7.811458333333334,10.288541666666667,6.741666666666667,14.004166666666668,1.6541227159086682
2025,regime_factorial_weather_calendar,Phoenix,heat_only,relative_humidity_2m_mean,42,17.913690476190474,17.729166666666668,13.489583333333334,21.5,8.958333333333334,29.45833333333333,5.488658490360783
2025,regime_factorial_weather_calendar,Phoenix,heat_only,precipitation_sum,42,0.0761904761904762,0.0,0.0,0.0,0.0,1.9,0.2994381110448521
2025,regime_factorial_weather_calendar,Phoenix,heat_only,shortwave_radiation_sum,42,29.045314285714284,29.2608,27.6687,30.6477,24.5124,32.058,2.0045062800151587
2025,regime_factorial_weather_calendar,Phoenix,heat_only,wind_direction_10m_dominant,42,246.00330905022724,246.65983946170041,239.64959671324954,263.0192281972239,118.88771626512415,296.9834378982052,33.826232871379084
2025,regime_factorial_weather_calendar,Phoenix,heat_only,pure_wind_run_days,42,0.0,0.0,0.0,0.0,0.0,0.0,0.0
2025,regime_factorial_weather_calendar,Phoenix,heat_only,low_wind_run_days,42,0.0,0.0,0.0,0.0,0.0,0.0,0.0
2025,regime_factorial_weather_calendar,Phoenix,neither,temperature_2m_max,95,35.247368421052634,37.2,32.2,39.55,18.5,41.7,5.796107316328469
2025,regime_factorial_weather_calendar,Phoenix,neither,wind_speed_10m_mean,95,9.50219298245614,8.424999999999999,7.539583333333333,10.927083333333332,6.75,18.27083333333333,2.51619399315306
2025,regime_factorial_weather_calendar,Phoenix,neither,relative_humidity_2m_mean,95,26.932894736842105,23.95833333333333,14.583333333333334,37.02083333333333,9.125,78.375,15.374030912222853
2025,regime_factorial_weather_calendar,Phoenix,neither,precipitation_sum,95,0.8736842105263158,0.0,0.0,0.2,0.0,22.8,2.9888164072484282
2025,regime_factorial_weather_calendar,Phoenix,neither,shortwave_radiation_sum,95,25.486408421052634,25.8912,21.96,29.9232,9.9468,32.31,5.318878351756073
2025,regime_factorial_weather_calendar,Phoenix,neither,wind_direction_10m_dominant,95,194.5533943408211,220.84648104054995,153.6307764711538,248.65996247070535,2.182179313507958,359.6379116780841,81.23243843483296
2025,regime_factorial_weather_calendar,Phoenix,neither,pure_wind_run_days,95,0.0,0.0,0.0,0.0,0.0,0.0,0.0
2025,regime_factorial_weather_calendar,Phoenix,neither,low_wind_run_days,95,0.0,0.0,0.0,0.0,0.0,0.0,0.0
2025,regime_factorial_weather_calendar,Phoenix,wind_only,temperature_2m_max,72,33.669444444444444,33.849999999999994,30.5,37.725,23.0,41.5,4.677836230532981
2025,regime_factorial_weather_calendar,Phoenix,wind_only,wind_speed_10m_mean,72,5.663020833333334,5.854166666666667,5.262499999999999,6.147916666666667,3.4125,6.691666666666666,0.7429282991632331
2025,regime_factorial_weather_calendar,Phoenix,wind_only,relative_humidity_2m_mean,72,34.08043981481482,31.9375,19.635416666666668,46.385416666666664,9.25,81.54166666666667,16.944033470974297
2025,regime_factorial_weather_calendar,Phoenix,wind_only,precipitation_sum,72,0.37916666666666665,0.0,0.0,0.0,0.0,10.5,1.4439711967007542
2025,regime_factorial_weather_calendar,Phoenix,wind_only,shortwave_radiation_sum,72,23.11755,21.6864,18.959400000000002,27.7929,11.124,31.4784,5.0889794357755544
2025,regime_factorial_weather_calendar,Phoenix,wind_only,wind_direction_10m_dominant,72,165.86181827054966,166.9819034271226,72.44352890546298,250.6970943230242,0.3940390598276525,355.5461260995765,103.68402397886078
2025,regime_factorial_weather_calendar,Phoenix,wind_only,pure_wind_run_days,72,3.888888888888889,4.0,2.0,6.0,1.0,7.0,2.0456450172931304
2025,regime_factorial_weather_calendar,Phoenix,wind_only,low_wind_run_days,72,3.9027777777777777,4.0,2.0,6.0,1.0,7.0,2.0290823723706772
2025,regime_factorial_weather_calendar,San Diego,compound,temperature_2m_max,13,30.892307692307693,30.9,30.3,31.3,29.9,32.7,0.7729397760730767
2025,regime_factorial_weather_calendar,San Diego,compound,wind_speed_10m_mean,13,6.010897435897437,6.120833333333334,5.925,6.295833333333333,4.579166666666667,6.620833333333334,0.5285772594044736
2025,regime_factorial_weather_calendar,San Diego,compound,relative_humidity_2m_mean,13,60.36858974358975,59.54166666666666,57.0,68.41666666666667,43.083333333333336,75.58333333333333,10.056852943763205
2025,regime_factorial_weather_calendar,San Diego,compound,precipitation_sum,13,0.007692307692307693,0.0,0.0,0.0,0.0,0.1,0.027735009811261455
2025,regime_factorial_weather_calendar,San Diego,compound,shortwave_radiation_sum,13,24.689907692307692,24.6312,22.6908,27.0288,17.258399999999998,32.0796,4.015262595493504
2025,regime_factorial_weather_calendar,San Diego,compound,wind_direction_10m_dominant,13,278.5241737411356,283.2637983442782,272.3468445483903,296.354818721192,184.6607794264016,321.5116580365277,32.47773622304452
2025,regime_factorial_weather_calendar,San Diego,compound,pure_wind_run_days,13,0.0,0.0,0.0,0.0,0.0,0.0,0.0
2025,regime_factorial_weather_calendar,San Diego,compound,low_wind_run_days,13,3.1538461538461537,3.0,2.0,4.0,1.0,6.0,1.6756169931378435
2025,regime_factorial_weather_calendar,San Diego,heat_only,temperature_2m_max,8,31.35,31.25,30.275,32.2,29.8,33.2,1.2558434843334807
2025,regime_factorial_weather_calendar,San Diego,heat_only,wind_speed_10m_mean,8,7.214583333333334,7.110416666666666,6.9541666666666675,7.352083333333333,6.720833333333334,8.108333333333333,0.43122771393991005
2025,regime_factorial_weather_calendar,San Diego,heat_only,relative_humidity_2m_mean,8,63.32291666666666,66.29166666666666,62.3125,70.20833333333333,34.041666666666664,77.20833333333333,13.25804169713073
2025,regime_factorial_weather_calendar,San Diego,heat_only,precipitation_sum,8,0.0125,0.0,0.0,0.0,0.0,0.1,0.03535533905932738
2025,regime_factorial_weather_calendar,San Diego,heat_only,shortwave_radiation_sum,8,23.432850000000002,23.9634,21.834899999999998,24.848999999999997,17.5248,28.7388,3.2928987034873356
2025,regime_factorial_weather_calendar,San Diego,heat_only,wind_direction_10m_dominant,8,262.8317658515766,293.93045854560444,279.6009235039145,303.2710935061971,30.80193677723364,319.1693235719295,94.79744590227703
2025,regime_factorial_weather_calendar,San Diego,heat_only,pure_wind_run_days,8,0.0,0.0,0.0,0.0,0.0,0.0,0.0
2025,regime_factorial_weather_calendar,San Diego,heat_only,low_wind_run_days,8,0.0,0.0,0.0,0.0,0.0,0.0,0.0
2025,regime_factorial_weather_calendar,San Diego,neither,temperature_2m_max,137,23.982481751824817,24.9,21.7,26.2,15.7,29.6,3.3768872242099235
2025,regime_factorial_weather_calendar,San Diego,neither,wind_speed_10m_mean,137,8.44367396593674,7.791666666666667,7.274999999999999,8.9125,6.670833333333333,19.0625,2.0948632601642996
2025,regime_factorial_weather_calendar,San Diego,neither,relative_humidity_2m_mean,137,71.53558394160584,71.79166666666667,68.20833333333333,75.41666666666667,49.75,84.625,5.774107472096047
2025,regime_factorial_weather_calendar,San Diego,neither,precipitation_sum,137,0.41167883211678835,0.0,0.0,0.1,0.0,6.300000000000001,1.1740494085598794
2025,regime_factorial_weather_calendar,San Diego,neither,shortwave_radiation_sum,137,24.671745985401458,26.8776,20.8224,29.0664,6.048,31.0392,5.605819470530479
2025,regime_factorial_weather_calendar,San Diego,neither,wind_direction_10m_dominant,137,270.5417239261426,275.6432654175589,250.75677279881148,290.5898208193639,183.30138485703048,331.3043173940649,29.04273507522077
2025,regime_factorial_weather_calendar,San Diego,neither,pure_wind_run_days,137,0.0,0.0,0.0,0.0,0.0,0.0,0.0
2025,regime_factorial_weather_calendar,San Diego,neither,low_wind_run_days,137,0.0,0.0,0.0,0.0,0.0,0.0,0.0
2025,regime_factorial_weather_calendar,San Diego,wind_only,temperature_2m_max,56,26.02857142857143,26.35,24.45,28.2,19.4,29.6,2.4198207511161787
2025,regime_factorial_weather_calendar,San Diego,wind_only,wind_speed_10m_mean,56,5.842633928571429,5.9,5.461458333333334,6.329166666666667,4.108333333333333,6.595833333333334,0.6071704280568266
2025,regime_factorial_weather_calendar,San Diego,wind_only,relative_humidity_2m_mean,56,68.36160714285714,69.54166666666667,63.552083333333336,73.98958333333333,41.958333333333336,82.5,8.095052061301422
2025,regime_factorial_weather_calendar,San Diego,wind_only,precipitation_sum,56,0.28214285714285714,0.0,0.0,0.0,0.0,15.0,2.0047314164116976
2025,regime_factorial_weather_calendar,San Diego,wind_only,shortwave_radiation_sum,56,24.905764285714287,26.424,20.4444,29.6118,4.4244,31.7916,5.504082264066407
2025,regime_factorial_weather_calendar,San Diego,wind_only,wind_direction_10m_dominant,56,262.6001111448041,268.81305733419083,251.16587761738577,280.57758566421217,7.067672219149596,348.28002758433007,41.87166440649813
2025,regime_factorial_weather_calendar,San Diego,wind_only,pure_wind_run_days,56,3.5357142857142856,3.0,2.0,5.0,1.0,8.0,2.303864624450015
2025,regime_factorial_weather_calendar,San Diego,wind_only,low_wind_run_days,56,4.0,4.0,2.0,6.0,1.0,8.0,2.3817487845545915
2025,regime_factorial_weather_calendar,Seattle,compound,temperature_2m_max,19,26.531578947368423,26.2,24.85,27.65,24.2,31.2,2.089671061722115
2025,regime_factorial_weather_calendar,Seattle,compound,wind_speed_10m_mean,19,4.856359649122807,5.025,4.620833333333334,5.345833333333333,2.9916666666666667,5.483333333333333,0.6197018779049183
2025,regime_factorial_weather_calendar,Seattle,compound,relative_humidity_2m_mean,19,68.23903508771929,68.58333333333333,63.145833333333336,71.29166666666666,56.333333333333336,83.79166666666667,7.137616646595851
2025,regime_factorial_weather_calendar,Seattle,compound,precipitation_sum,19,0.04736842105263158,0.0,0.0,0.0,0.0,0.5,0.14286131990551607
2025,regime_factorial_weather_calendar,Seattle,compound,shortwave_radiation_sum,19,25.11284210526316,25.452,22.5342,27.8172,18.7668,30.2616,3.7948251334790397
2025,regime_factorial_weather_calendar,Seattle,compound,wind_direction_10m_dominant,19,222.0863132376103,242.37864900052935,124.72490182342551,345.38126739153006,1.4534741378683893,355.3448931865681,133.95849665877645
2025,regime_factorial_weather_calendar,Seattle,compound,pure_wind_run_days,19,0.0,0.0,0.0,0.0,0.0,0.0,0.0
2025,regime_factorial_weather_calendar,Seattle,compound,low_wind_run_days,19,2.473684210526316,3.0,1.0,3.0,1.0,5.0,1.2635233389495326
2025,regime_factorial_weather_calendar,Seattle,heat_only,temperature_2m_max,24,26.65833333333333,26.950000000000003,24.675,28.125,24.0,31.6,1.9776834640705196
2025,regime_factorial_weather_calendar,Seattle,heat_only,wind_speed_10m_mean,24,8.215798611111111,7.947916666666666,7.344791666666667,9.384375,6.05,10.9,1.4453067156714998
2025,regime_factorial_weather_calendar,Seattle,heat_only,relative_humidity_2m_mean,24,65.0954861111111,65.22916666666666,62.39583333333333,68.38541666666667,58.333333333333336,69.5,3.392377412947448
2025,regime_factorial_weather_calendar,Seattle,heat_only,precipitation_sum,24,0.025000000000000005,0.0,0.0,0.0,0.0,0.6000000000000001,0.12247448713915891
2025,regime_factorial_weather_calendar,Seattle,heat_only,shortwave_radiation_sum,24,26.650050000000004,28.3194,24.871499999999997,29.5803,18.5652,30.3264,3.7486145444162027
2025,regime_factorial_weather_calendar,Seattle,heat_only,wind_direction_10m_dominant,24,98.27876908459196,18.231229979906935,9.325425711131002,214.35212916111146,2.7850350984435965,359.35973538936634,121.64965145904006
2025,regime_factorial_weather_calendar,Seattle,heat_only,pure_wind_run_days,24,0.0,0.0,0.0,0.0,0.0,0.0,0.0
2025,regime_factorial_weather_calendar,Seattle,heat_only,low_wind_run_days,24,0.0,0.0,0.0,0.0,0.0,0.0,0.0
2025,regime_factorial_weather_calendar,Seattle,neither,temperature_2m_max,126,17.645238095238092,17.65,14.6,20.7,9.2,23.8,3.6304844226159605
2025,regime_factorial_weather_calendar,Seattle,neither,wind_speed_10m_mean,126,9.261441798941798,8.172916666666666,7.130208333333334,10.753125,5.945833333333333,20.47083333333333,2.908020753809288
2025,regime_factorial_weather_calendar,Seattle,neither,relative_humidity_2m_mean,126,74.96626984126985,74.66666666666666,69.30208333333334,80.05208333333333,54.458333333333336,92.95833333333331,7.976194989337742
2025,regime_factorial_weather_calendar,Seattle,neither,precipitation_sum,126,2.9761904761904763,0.2,0.0,3.075,0.0,28.3,5.4055886424540835
2025,regime_factorial_weather_calendar,Seattle,neither,shortwave_radiation_sum,126,15.004800000000001,15.269400000000001,10.1952,20.8629,1.08,29.0304,6.807299740813534
2025,regime_factorial_weather_calendar,Seattle,neither,wind_direction_10m_dominant,126,166.99676839439775,196.58070461973762,166.10352567259153,212.12587268272705,0.1261576048581608,355.3890669092715,87.78503068142052
2025,regime_factorial_weather_calendar,Seattle,neither,pure_wind_run_days,126,0.0,0.0,0.0,0.0,0.0,0.0,0.0
2025,regime_factorial_weather_calendar,Seattle,neither,low_wind_run_days,126,0.0,0.0,0.0,0.0,0.0,0.0,0.0
2025,regime_factorial_weather_calendar,Seattle,wind_only,temperature_2m_max,45,19.624444444444443,20.6,17.5,22.3,12.0,23.8,3.1967423443502003
2025,regime_factorial_weather_calendar,Seattle,wind_only,wind_speed_10m_mean,45,4.9799999999999995,5.058333333333334,4.633333333333334,5.545833333333333,3.4291666666666667,5.8375,0.6340541153656534
2025,regime_factorial_weather_calendar,Seattle,wind_only,relative_humidity_2m_mean,45,74.13425925925925,74.29166666666667,67.95833333333333,80.25,57.5,87.5,7.503081694785866
2025,regime_factorial_weather_calendar,Seattle,wind_only,precipitation_sum,45,0.8488888888888888,0.0,0.0,0.3,0.0,18.7,2.955551188574278
2025,regime_factorial_weather_calendar,Seattle,wind_only,shortwave_radiation_sum,45,17.628880000000002,16.9488,11.8548,24.0336,2.7432,29.7432,6.892268903950544
2025,regime_factorial_weather_calendar,Seattle,wind_only,wind_direction_10m_dominant,45,181.74655671582545,223.0869613679503,23.22558967258374,308.44025091269475,1.8329993621013492,357.9113486293046,128.11846311578418
2025,regime_factorial_weather_calendar,Seattle,wind_only,pure_wind_run_days,45,1.9777777777777779,2.0,1.0,3.0,1.0,4.0,0.9883155754958418
2025,regime_factorial_weather_calendar,Seattle,wind_only,low_wind_run_days,45,2.2444444444444445,2.0,1.0,3.0,1.0,5.0,1.208973184820971
2025,wind_duration_class,Atlanta,isolated_wind_only,no2_ppb,17,11.931991009803923,11.984210666666664,9.631432666666667,14.2589285,6.891667000000001,18.154167,3.4598764376132767
2025,wind_duration_class,Atlanta,isolated_wind_only,n_available_sites,17,2.7058823529411766,3.0,3.0,3.0,1.0,3.0,0.5878675320972554
2025,wind_duration_class,Atlanta,isolated_wind_only,temperature_2m_max,17,27.370588235294115,28.1,25.6,30.2,21.0,31.2,3.342297994247811
2025,wind_duration_class,Atlanta,isolated_wind_only,wind_speed_10m_mean,17,5.68578431372549,5.679166666666667,5.129166666666667,6.291666666666667,4.358333333333333,6.6875,0.7035084738609177
2025,wind_duration_class,Atlanta,isolated_wind_only,relative_humidity_2m_mean,17,72.96078431372548,71.70833333333333,66.79166666666667,79.125,54.79166666666666,90.58333333333331,9.26881380845735
2025,wind_duration_class,Atlanta,isolated_wind_only,precipitation_sum,17,2.823529411764706,1.4,0.1,4.1,0.0,15.7,3.918311085749303
2025,wind_duration_class,Atlanta,isolated_wind_only,shortwave_radiation_sum,17,19.48214117647059,20.0592,18.288,23.7564,7.128,28.2744,5.411814689992954
2025,wind_duration_class,Atlanta,isolated_wind_only,wind_direction_10m_dominant,17,228.21254223643098,249.8251364708337,157.32573953795338,302.76308497154383,37.14307957261722,334.21156114185675,86.61902047518073
2025,wind_duration_class,Atlanta,isolated_wind_only,pure_wind_run_days,17,1.0,1.0,1.0,1.0,1.0,1.0,0.0
2025,wind_duration_class,Atlanta,isolated_wind_only,low_wind_run_days,17,2.2941176470588234,1.0,1.0,1.0,1.0,8.0,2.733237683644457
2025,wind_duration_class,Atlanta,not_wind_only,no2_ppb,171,10.409624321637427,10.059941666666667,7.758648833333334,12.962400666666666,3.4562500000000003,24.333333,3.4713552352282857
2025,wind_duration_class,Atlanta,not_wind_only,n_available_sites,171,2.672514619883041,3.0,2.0,3.0,1.0,3.0,0.5404835455592482
2025,wind_duration_class,Atlanta,not_wind_only,temperature_2m_max,171,27.067836257309942,27.5,24.65,30.85,11.4,37.1,4.951644468026405
2025,wind_duration_class,Atlanta,not_wind_only,wind_speed_10m_mean,171,10.49188596491228,10.120833333333334,7.895833333333334,12.570833333333333,3.6875,19.35833333333333,3.472370703911602
2025,wind_duration_class,Atlanta,not_wind_only,relative_humidity_2m_mean,171,71.25,70.875,63.22916666666666,79.20833333333334,42.5,94.66666666666669,11.156424553750606
2025,wind_duration_class,Atlanta,not_wind_only,precipitation_sum,171,3.547368421052631,0.4,0.0,4.65,0.0,35.9,6.176809720897461
2025,wind_duration_class,Atlanta,not_wind_only,shortwave_radiation_sum,171,19.02273684210526,20.3688,16.3836,23.8104,1.7748,28.5336,6.337422240459442
2025,wind_duration_class,Atlanta,not_wind_only,wind_direction_10m_dominant,171,188.65414612830713,193.62305523658637,90.39410075043617,275.58915160757806,0.147780701950776,353.5193309824505,97.3836378623853
2025,wind_duration_class,Atlanta,not_wind_only,pure_wind_run_days,171,0.0,0.0,0.0,0.0,0.0,0.0,0.0
2025,wind_duration_class,Atlanta,not_wind_only,low_wind_run_days,171,0.52046783625731,0.0,0.0,0.0,0.0,8.0,1.8321930969599365
2025,wind_duration_class,Atlanta,persistent_wind_only,no2_ppb,22,11.017796196969698,10.880208333333334,9.4194445,13.075520749999999,4.745833,16.1875,3.0619469622915827
2025,wind_duration_class,Atlanta,persistent_wind_only,n_available_sites,22,2.5454545454545454,3.0,2.0,3.0,1.0,3.0,0.7385489458759964
2025,wind_duration_class,Atlanta,persistent_wind_only,temperature_2m_max,22,28.872727272727275,29.1,27.875,29.85,26.4,31.3,1.5100242250285791
2025,wind_duration_class,Atlanta,persistent_wind_only,wind_speed_10m_mean,22,5.831628787878787,6.133333333333333,5.180208333333333,6.373958333333333,4.295833333333333,6.616666666666667,0.7432841501484833
2025,wind_duration_class,Atlanta,persistent_wind_only,relative_humidity_2m_mean,22,73.92045454545453,74.625,65.73958333333333,82.36458333333333,60.875,88.45833333333333,9.036036293638482
2025,wind_duration_class,Atlanta,persistent_wind_only,precipitation_sum,22,2.7818181818181817,0.55,0.0,2.875,0.0,15.0,4.385651535854096
2025,wind_duration_class,Atlanta,persistent_wind_only,shortwave_radiation_sum,22,18.915709090909093,19.035,16.4799,20.5812,14.0976,25.866,3.1023293201060413
2025,wind_duration_class,Atlanta,persistent_wind_only,wind_direction_10m_dominant,22,114.70994824661516,87.02900244530335,66.03824698520576,128.84896298832257,17.241034757227137,343.1439747793429,88.0372257046425
2025,wind_duration_class,Atlanta,persistent_wind_only,pure_wind_run_days,22,3.3636363636363638,4.0,3.0,4.0,2.0,4.0,0.7895420339517227
2025,wind_duration_class,Atlanta,persistent_wind_only,low_wind_run_days,22,4.363636363636363,4.0,3.0,5.0,2.0,8.0,1.989148047961729
2025,wind_duration_class,Chicago,isolated_wind_only,no2_ppb,20,14.928005645833332,14.033507041666667,12.24427075,17.747395770833336,6.4375,27.057291749999997,5.102173698005035
2025,wind_duration_class,Chicago,isolated_wind_only,n_available_sites,20,3.4,3.0,3.0,4.0,2.0,4.0,0.5982430416161189
2025,wind_duration_class,Chicago,isolated_wind_only,temperature_2m_max,20,20.255000000000003,20.450000000000003,15.65,24.725,11.3,26.7,4.910512354016367
2025,wind_duration_class,Chicago,isolated_wind_only,wind_speed_10m_mean,20,8.613541666666666,8.860416666666667,7.699999999999999,9.886458333333334,5.570833333333333,10.404166666666669,1.4016521651366163
2025,wind_duration_class,Chicago,isolated_wind_only,relative_humidity_2m_mean,20,75.01666666666668,76.125,70.27083333333333,85.25,57.16666666666666,90.45833333333331,10.022146529193812
2025,wind_duration_class,Chicago,isolated_wind_only,precipitation_sum,20,1.2349999999999999,0.05,0.0,0.85,0.0,16.7,3.6982606153362645
2025,wind_duration_class,Chicago,isolated_wind_only,shortwave_radiation_sum,20,20.36286,20.241,16.985699999999998,24.3612,7.0632,31.0284,6.549080650659458
2025,wind_duration_class,Chicago,isolated_wind_only,wind_direction_10m_dominant,20,127.12944922696325,80.50220935829054,64.82633578479245,155.3816637307523,37.761391217205855,316.9044759491084,92.767914523935
2025,wind_duration_class,Chicago,isolated_wind_only,pure_wind_run_days,20,1.0,1.0,1.0,1.0,1.0,1.0,0.0
2025,wind_duration_class,Chicago,isolated_wind_only,low_wind_run_days,20,1.75,1.0,1.0,1.25,1.0,7.0,1.6181535936466533
2025,wind_duration_class,Chicago,not_wind_only,no2_ppb,154,11.940054899350649,11.332812541666666,9.076562562500001,14.1829985625,3.186111,27.54963775,4.716185553138077
2025,wind_duration_class,Chicago,not_wind_only,n_available_sites,154,3.5714285714285716,4.0,3.0,4.0,2.0,4.0,0.5584425454457772
2025,wind_duration_class,Chicago,not_wind_only,temperature_2m_max,154,20.8512987012987,21.8,15.2,27.5,3.9,32.2,7.450123804849152
2025,wind_duration_class,Chicago,not_wind_only,wind_speed_10m_mean,154,15.087905844155843,14.158333333333333,11.527083333333334,18.038541666666664,4.870833333333334,28.7375,5.166193179018362
2025,wind_duration_class,Chicago,not_wind_only,relative_humidity_2m_mean,154,72.01271645021646,72.79166666666667,64.58333333333333,78.90625,49.41666666666666,93.16666666666669,9.934917031989198
2025,wind_duration_class,Chicago,not_wind_only,precipitation_sum,154,3.0415584415584416,0.1,0.0,1.9,0.0,33.1,6.400711779237993
2025,wind_duration_class,Chicago,not_wind_only,shortwave_radiation_sum,154,19.634096103896102,20.4786,14.851799999999999,24.6555,4.7484,30.4308,6.345156204352402
2025,wind_duration_class,Chicago,not_wind_only,wind_direction_10m_dominant,154,155.7963145859084,173.44375357336514,49.163405182487494,226.82018063353868,0.1528526832850116,359.4170846363575,101.75281502379174
2025,wind_duration_class,Chicago,not_wind_only,pure_wind_run_days,154,0.0,0.0,0.0,0.0,0.0,0.0,0.0
2025,wind_duration_class,Chicago,not_wind_only,low_wind_run_days,154,0.7272727272727273,0.0,0.0,0.0,0.0,8.0,1.8726540086852137
2025,wind_duration_class,Chicago,persistent_wind_only,no2_ppb,40,14.408991479166668,13.81356425,11.3901910625,17.864844,6.3260415,23.039583250000003,4.470196243824353
2025,wind_duration_class,Chicago,persistent_wind_only,n_available_sites,40,3.675,4.0,3.0,4.0,3.0,4.0,0.4743416490252569
2025,wind_duration_class,Chicago,persistent_wind_only,temperature_2m_max,40,21.39,23.35,19.375,25.4,7.5,26.6,5.352104786065538
2025,wind_duration_class,Chicago,persistent_wind_only,wind_speed_10m_mean,40,9.005833333333333,9.052083333333332,8.494791666666666,10.085416666666667,5.620833333333334,10.625,1.281038713382693
2025,wind_duration_class,Chicago,persistent_wind_only,relative_humidity_2m_mean,40,73.4,72.27083333333334,69.0,77.42708333333334,57.0,89.08333333333333,7.175151506783613
2025,wind_duration_class,Chicago,persistent_wind_only,precipitation_sum,40,2.2024999999999997,0.0,0.0,0.8500000000000001,0.0,52.0,8.255300938775255
2025,wind_duration_class,Chicago,persistent_wind_only,shortwave_radiation_sum,40,21.331169999999997,22.444200000000002,18.1674,25.7922,9.5148,28.7676,5.292424811049789
2025,wind_duration_class,Chicago,persistent_wind_only,wind_direction_10m_dominant,40,106.41214349959246,73.26046689365202,48.88010655504043,131.89625588490279,9.481538863954947,349.9136566722788,87.63221980583718
2025,wind_duration_class,Chicago,persistent_wind_only,pure_wind_run_days,40,3.0,3.0,2.0,4.0,2.0,5.0,1.086041978694737
2025,wind_duration_class,Chicago,persistent_wind_only,low_wind_run_days,40,4.125,3.0,2.0,5.0,2.0,8.0,2.1505813167606567
2025,wind_duration_class,Dallas,isolated_wind_only,no2_ppb,16,10.794870604166668,9.990741666666667,9.07050375,11.960703333333335,5.609179,18.669492666666667,3.545076834511377
2025,wind_duration_class,Dallas,isolated_wind_only,n_available_sites,16,2.8125,3.0,3.0,3.0,2.0,3.0,0.4031128874149275
2025,wind_duration_class,Dallas,isolated_wind_only,temperature_2m_max,16,28.387500000000003,27.45,26.925,31.15,18.9,34.9,3.8916791577244227
2025,wind_duration_class,Dallas,isolated_wind_only,wind_speed_10m_mean,16,7.006510416666667,7.15625,5.910416666666666,7.69375,5.608333333333333,8.729166666666666,1.090237581088449
2025,wind_duration_class,Dallas,isolated_wind_only,relative_humidity_2m_mean,16,67.98177083333334,66.45833333333334,58.48958333333333,79.19791666666667,49.083333333333336,84.625,11.80355181116245
2025,wind_duration_class,Dallas,isolated_wind_only,precipitation_sum,16,0.56875,0.1,0.0,0.42500000000000004,0.0,4.1000000000000005,1.0940559096012112
2025,wind_duration_class,Dallas,isolated_wind_only,shortwave_radiation_sum,16,22.69575,24.8724,17.8857,27.212400000000002,13.302,28.872,5.4574834618164445
2025,wind_duration_class,Dallas,isolated_wind_only,wind_direction_10m_dominant,16,168.6693560672655,135.25235060788867,110.48886919202884,218.62127122382262,36.14147226950915,358.4198712661387,92.94034255290451
2025,wind_duration_class,Dallas,isolated_wind_only,pure_wind_run_days,16,1.0,1.0,1.0,1.0,1.0,1.0,0.0
2025,wind_duration_class,Dallas,isolated_wind_only,low_wind_run_days,16,1.875,1.0,1.0,1.0,1.0,8.0,2.3909551787239063
2025,wind_duration_class,Dallas,not_wind_only,no2_ppb,149,5.978484287472035,5.3012440000000005,3.4899999999999998,7.785326,1.8036363333333334,15.992575666666665,3.1749711268076735
2025,wind_duration_class,Dallas,not_wind_only,n_available_sites,149,2.912751677852349,3.0,3.0,3.0,2.0,3.0,0.2831503732390424
2025,wind_duration_class,Dallas,not_wind_only,temperature_2m_max,149,30.93422818791947,32.1,27.9,34.5,8.7,39.0,4.913189251723785
2025,wind_duration_class,Dallas,not_wind_only,wind_speed_10m_mean,149,13.756515659955257,12.791666666666666,10.333333333333334,15.370833333333332,6.508333333333333,28.266666666666666,4.60207425452888
2025,wind_duration_class,Dallas,not_wind_only,relative_humidity_2m_mean,149,65.90436241610739,66.08333333333333,59.25,73.58333333333333,35.75,92.54166666666669,11.131987066937233
2025,wind_duration_class,Dallas,not_wind_only,precipitation_sum,149,3.6087248322147656,0.2,0.0,2.1,0.0,53.0,8.797211880844623
2025,wind_duration_class,Dallas,not_wind_only,shortwave_radiation_sum,149,20.740808053691275,22.5576,17.3952,25.6428,4.5828,29.7684,5.970213014529182
2025,wind_duration_class,Dallas,not_wind_only,wind_direction_10m_dominant,149,162.1864661838137,171.12119477036205,146.90998390775547,184.7378720242537,0.1899249019135559,358.36549244520126,67.42415766622385
2025,wind_duration_class,Dallas,not_wind_only,pure_wind_run_days,149,0.0,0.0,0.0,0.0,0.0,0.0,0.0
2025,wind_duration_class,Dallas,not_wind_only,low_wind_run_days,149,0.5906040268456376,0.0,0.0,0.0,0.0,9.0,2.1213630970305704
2025,wind_duration_class,Dallas,persistent_wind_only,no2_ppb,49,10.668157551020407,10.347161666666667,7.357427666666666,13.218780333333333,3.3651516666666663,19.490744666666668,3.7319660856859254
2025,wind_duration_class,Dallas,persistent_wind_only,n_available_sites,49,3.0,3.0,3.0,3.0,3.0,3.0,0.0
2025,wind_duration_class,Dallas,persistent_wind_only,temperature_2m_max,49,30.75714285714286,31.7,29.7,32.9,19.2,34.7,3.3174412830774664
2025,wind_duration_class,Dallas,persistent_wind_only,wind_speed_10m_mean,49,6.941751700680273,7.004166666666666,5.9625,7.979166666666667,4.358333333333333,9.05,1.3479793181053898
2025,wind_duration_class,Dallas,persistent_wind_only,relative_humidity_2m_mean,49,64.47278911564625,62.0,57.66666666666666,69.66666666666667,49.333333333333336,89.41666666666667,9.81298120067898
2025,wind_duration_class,Dallas,persistent_wind_only,precipitation_sum,49,1.816326530612245,0.0,0.0,0.6000000000000001,0.0,41.0,6.334506917760565
2025,wind_duration_class,Dallas,persistent_wind_only,shortwave_radiation_sum,49,19.643436734693875,19.7208,18.252,22.0068,5.9292,27.414,4.0183156702930205
2025,wind_duration_class,Dallas,persistent_wind_only,wind_direction_10m_dominant,49,125.25178978265478,116.10763403397846,78.63252326310793,154.6233073560609,16.156418707909893,346.6595763193352,72.36043036418985
2025,wind_duration_class,Dallas,persistent_wind_only,pure_wind_run_days,49,4.877551020408164,5.0,3.0,6.0,2.0,9.0,2.3947220877486015
2025,wind_duration_class,Dallas,persistent_wind_only,low_wind_run_days,49,5.326530612244898,5.0,3.0,9.0,2.0,9.0,2.6644867790849265
2025,wind_duration_class,Denver,isolated_wind_only,no2_ppb,29,14.349943355747127,12.545253400000002,11.232201,16.5395958,7.6566355999999995,25.736582,4.988818513892471
2025,wind_duration_class,Denver,isolated_wind_only,n_available_sites,29,4.793103448275862,5.0,5.0,5.0,3.0,5.0,0.4913036844405174
2025,wind_duration_class,Denver,isolated_wind_only,temperature_2m_max,29,20.99310344827586,22.1,17.6,26.3,5.4,31.7,7.183758021421992
2025,wind_duration_class,Denver,isolated_wind_only,wind_speed_10m_mean,29,6.124137931034483,6.291666666666667,5.6625000000000005,6.754166666666666,4.2875000000000005,7.066666666666666,0.7485712079097347
2025,wind_duration_class,Denver,isolated_wind_only,relative_humidity_2m_mean,29,60.18103448275862,61.25,50.16666666666666,70.29166666666667,35.958333333333336,82.75,13.21761670468406
2025,wind_duration_class,Denver,isolated_wind_only,precipitation_sum,29,1.837931034482759,0.4,0.0,2.1,0.0,10.7,2.7737820741856942
2025,wind_duration_class,Denver,isolated_wind_only,shortwave_radiation_sum,29,21.49137931034483,21.7692,17.3592,26.298,12.3984,30.6144,5.293600871765518
2025,wind_duration_class,Denver,isolated_wind_only,wind_direction_10m_dominant,29,141.59392983436175,135.9705276221401,77.90747256012281,190.12555175178528,15.78130440745137,301.7951485362723,78.66510823348295
2025,wind_duration_class,Denver,isolated_wind_only,pure_wind_run_days,29,1.0,1.0,1.0,1.0,1.0,1.0,0.0
2025,wind_duration_class,Denver,isolated_wind_only,low_wind_run_days,29,1.0344827586206897,1.0,1.0,1.0,1.0,2.0,0.1856953381770519
2025,wind_duration_class,Denver,not_wind_only,no2_ppb,156,13.165181731303418,12.7104262,10.42371035,15.343976350000002,6.157292,27.8037148,3.914054336439081
2025,wind_duration_class,Denver,not_wind_only,n_available_sites,156,4.705128205128205,5.0,4.0,5.0,3.0,5.0,0.4713460302491115
2025,wind_duration_class,Denver,not_wind_only,temperature_2m_max,156,26.173076923076923,27.700000000000003,21.4,32.425,0.4,37.2,7.3751574824419075
2025,wind_duration_class,Denver,not_wind_only,wind_speed_10m_mean,156,8.895272435897436,8.439583333333333,7.682291666666667,9.767708333333333,5.9125000000000005,15.6125,1.674367028969834
2025,wind_duration_class,Denver,not_wind_only,relative_humidity_2m_mean,156,48.73290598290598,45.64583333333333,37.59375,54.67708333333333,24.0,89.20833333333333,14.907344410689564
2025,wind_duration_class,Denver,not_wind_only,precipitation_sum,156,1.5974358974358975,0.1,0.0,1.2750000000000001,0.0,24.3,3.5019616386312675
2025,wind_duration_class,Denver,not_wind_only,shortwave_radiation_sum,156,22.905046153846154,24.5826,18.9144,27.2565,3.6684,32.2812,5.897015203264572
2025,wind_duration_class,Denver,not_wind_only,wind_direction_10m_dominant,156,195.66890217767528,213.2384346491766,159.3165955509379,245.8090183529012,0.0794366687999533,346.94187679419724,87.86084461341567
2025,wind_duration_class,Denver,not_wind_only,pure_wind_run_days,156,0.0,0.0,0.0,0.0,0.0,0.0,0.0
2025,wind_duration_class,Denver,not_wind_only,low_wind_run_days,156,0.019230769230769232,0.0,0.0,0.0,0.0,2.0,0.17856611122887925
2025,wind_duration_class,Denver,persistent_wind_only,no2_ppb,29,13.668722705172415,12.825289800000002,11.32372725,15.401086799999998,6.952944,23.72658525,3.9959032053659906
2025,wind_duration_class,Denver,persistent_wind_only,n_available_sites,29,4.758620689655173,5.0,5.0,5.0,4.0,5.0,0.4354941703556927
2025,wind_duration_class,Denver,persistent_wind_only,temperature_2m_max,29,24.63793103448276,25.7,22.6,27.2,17.0,29.7,3.5925929546681235
2025,wind_duration_class,Denver,persistent_wind_only,wind_speed_10m_mean,29,5.8771551724137945,6.054166666666667,5.208333333333333,6.395833333333333,4.329166666666667,7.054166666666667,0.835706161016883
2025,wind_duration_class,Denver,persistent_wind_only,relative_humidity_2m_mean,29,60.86925287356323,56.625,51.958333333333336,69.41666666666667,38.5,85.66666666666667,12.900069617953887
2025,wind_duration_class,Denver,persistent_wind_only,precipitation_sum,29,2.4,0.6000000000000001,0.0,3.1,0.0,13.3,3.543706695376628
2025,wind_duration_class,Denver,persistent_wind_only,shortwave_radiation_sum,29,19.81564137931034,20.9052,17.604,23.652,7.1316,25.8984,4.934255328786216
2025,wind_duration_class,Denver,persistent_wind_only,wind_direction_10m_dominant,29,211.8962175856167,230.07677925535583,191.1301325821286,273.08630351379736,2.6212782452823653,355.8311381386033,105.15989575163148
2025,wind_duration_class,Denver,persistent_wind_only,pure_wind_run_days,29,5.620689655172414,3.0,2.0,11.0,2.0,11.0,4.296292364215654
2025,wind_duration_class,Denver,persistent_wind_only,low_wind_run_days,29,5.620689655172414,3.0,2.0,11.0,2.0,11.0,4.296292364215654
2025,wind_duration_class,Houston,isolated_wind_only,no2_ppb,11,11.384612457575757,9.632005888888889,8.446712049999999,13.173716722222222,6.3793116,21.0999637,4.545490303756465
2025,wind_duration_class,Houston,isolated_wind_only,n_available_sites,11,9.727272727272727,10.0,9.5,10.0,9.0,10.0,0.46709936649691375
2025,wind_duration_class,Houston,isolated_wind_only,temperature_2m_max,11,29.018181818181816,29.8,28.2,31.35,22.3,33.2,3.512212459922715
2025,wind_duration_class,Houston,isolated_wind_only,wind_speed_10m_mean,11,6.282954545454547,6.2625,5.122916666666667,7.5145833333333325,4.104166666666667,7.85,1.3406187089278117
2025,wind_duration_class,Houston,isolated_wind_only,relative_humidity_2m_mean,11,77.75378787878788,79.875,74.22916666666666,84.0,55.375,86.79166666666667,9.505489177046572
2025,wind_duration_class,Houston,isolated_wind_only,precipitation_sum,11,5.536363636363636,3.2,0.7,6.550000000000001,0.0,23.7,7.381906627325047
2025,wind_duration_class,Houston,isolated_wind_only,shortwave_radiation_sum,11,19.253781818181817,19.4328,16.3386,20.9466,13.8672,26.7948,3.879613652367509
2025,wind_duration_class,Houston,isolated_wind_only,wind_direction_10m_dominant,11,138.30610769442433,105.39991989449328,85.09385324477711,182.19406421068823,17.104335189958398,277.48212297125207,84.99803669936367
2025,wind_duration_class,Houston,isolated_wind_only,pure_wind_run_days,11,1.0,1.0,1.0,1.0,1.0,1.0,0.0
2025,wind_duration_class,Houston,isolated_wind_only,low_wind_run_days,11,6.090909090909091,1.0,1.0,12.0,1.0,17.0,6.87683859712507
2025,wind_duration_class,Houston,not_wind_only,no2_ppb,137,7.025478534752636,6.368333300000001,4.5321495,9.294944375,1.9076262222222222,17.661666599999997,3.358519129237569
2025,wind_duration_class,Houston,not_wind_only,n_available_sites,137,9.510948905109489,10.0,9.0,10.0,8.0,10.0,0.5830546881973762
2025,wind_duration_class,Houston,not_wind_only,temperature_2m_max,137,30.24306569343066,30.7,28.3,32.5,15.6,35.0,3.1800803638670265
2025,wind_duration_class,Houston,not_wind_only,wind_speed_10m_mean,137,11.975790754257908,10.783333333333331,9.0875,13.7,4.375,27.9,4.475602307662266
2025,wind_duration_class,Houston,not_wind_only,relative_humidity_2m_mean,137,76.94981751824818,78.79166666666667,75.625,80.83333333333333,40.54166666666666,88.95833333333333,7.903683785984938
2025,wind_duration_class,Houston,not_wind_only,precipitation_sum,137,4.1065693430656935,0.9,0.0,3.9,0.0,61.1,8.910545672037433
2025,wind_duration_class,Houston,not_wind_only,shortwave_radiation_sum,137,20.25357372262774,20.5092,17.172,23.5692,5.8032,28.1592,4.608257781087282
2025,wind_duration_class,Houston,not_wind_only,wind_direction_10m_dominant,137,167.2511616447159,159.7939547855082,141.69659271290786,179.04999261682892,11.30887263066011,356.6995019662218,64.7543844785565
2025,wind_duration_class,Houston,not_wind_only,pure_wind_run_days,137,0.0,0.0,0.0,0.0,0.0,0.0,0.0
2025,wind_duration_class,Houston,not_wind_only,low_wind_run_days,137,1.1824817518248176,0.0,0.0,0.0,0.0,17.0,3.9967247217569026
2025,wind_duration_class,Houston,persistent_wind_only,no2_ppb,66,11.105049512199374,11.061186683333334,8.059704972222223,13.43270835,5.7300129,19.1435393,3.4737571037387545
2025,wind_duration_class,Houston,persistent_wind_only,n_available_sites,66,9.636363636363637,10.0,9.0,10.0,7.0,10.0,0.6235472626924031
2025,wind_duration_class,Houston,persistent_wind_only,temperature_2m_max,66,31.221212121212126,31.5,30.35,32.2,26.4,33.4,1.3841426284349514
2025,wind_duration_class,Houston,persistent_wind_only,wind_speed_10m_mean,66,6.600631313131314,6.5458333333333325,5.834375,7.466666666666667,4.6375,8.104166666666666,0.9300558417731533
2025,wind_duration_class,Houston,persistent_wind_only,relative_humidity_2m_mean,66,78.74494949494948,80.4375,75.28125,83.15625,59.083333333333336,92.25,6.703900490929277
2025,wind_duration_class,Houston,persistent_wind_only,precipitation_sum,66,3.9409090909090914,0.65,0.0,3.7249999999999996,0.0,37.1,7.653455273428964
2025,wind_duration_class,Houston,persistent_wind_only,shortwave_radiation_sum,66,19.446709090909092,20.124000000000002,17.6202,21.7125,6.03,26.6652,3.7866371033991575
2025,wind_duration_class,Houston,persistent_wind_only,wind_direction_10m_dominant,66,130.51837160037533,124.12267035478934,71.94880883768424,172.5172105142226,17.66458504046793,358.57865419170497,77.36915054765858
2025,wind_duration_class,Houston,persistent_wind_only,pure_wind_run_days,66,5.242424242424242,5.0,3.0,9.0,2.0,9.0,2.5180004647192464
2025,wind_duration_class,Houston,persistent_wind_only,low_wind_run_days,66,7.833333333333333,7.5,4.0,9.0,2.0,17.0,4.728256576837837
2025,wind_duration_class,Los Angeles,isolated_wind_only,no2_ppb,12,11.376399352182538,11.877172607142857,9.874255946428573,13.265097633928573,5.8494047857142855,14.40968607142857,2.5180812444192444
2025,wind_duration_class,Los Angeles,isolated_wind_only,n_available_sites,12,6.916666666666667,7.0,7.0,7.0,6.0,7.0,0.2886751345948129
2025,wind_duration_class,Los Angeles,isolated_wind_only,temperature_2m_max,12,27.433333333333334,29.85,26.1,30.4,19.1,31.0,4.463657964522195
2025,wind_duration_class,Los Angeles,isolated_wind_only,wind_speed_10m_mean,12,5.8225694444444445,5.954166666666667,5.580208333333333,6.245833333333334,4.6875,6.379166666666666,0.5180804774382968
2025,wind_duration_class,Los Angeles,isolated_wind_only,relative_humidity_2m_mean,12,63.15972222222221,63.458333333333336,59.197916666666664,69.02083333333333,50.04166666666666,73.66666666666667,8.117466074544476
2025,wind_duration_class,Los Angeles,isolated_wind_only,precipitation_sum,12,0.024999999999999998,0.0,0.0,0.0,0.0,0.3,0.08660254037844385
2025,wind_duration_class,Los Angeles,isolated_wind_only,shortwave_radiation_sum,12,24.9057,26.5302,23.380200000000002,28.7451,13.4712,30.4776,5.375503080727337
2025,wind_duration_class,Los Angeles,isolated_wind_only,wind_direction_10m_dominant,12,209.28181492538832,206.9574652383533,203.8318679747653,214.08079595881844,197.32866051477487,227.6538583782804,8.269442336999518
2025,wind_duration_class,Los Angeles,isolated_wind_only,pure_wind_run_days,12,1.0,1.0,1.0,1.0,1.0,1.0,0.0
2025,wind_duration_class,Los Angeles,isolated_wind_only,low_wind_run_days,12,2.0833333333333335,1.5,1.0,3.25,1.0,4.0,1.3113721705515065
2025,wind_duration_class,Los Angeles,not_wind_only,no2_ppb,155,8.924810975084487,8.106547571428573,6.489472928571429,11.015029785714287,3.554761785714286,26.778087142857146,3.5499803497498914
2025,wind_duration_class,Los Angeles,not_wind_only,n_available_sites,155,6.974193548387097,7.0,7.0,7.0,5.0,7.0,0.1956802021578779
2025,wind_duration_class,Los Angeles,not_wind_only,temperature_2m_max,155,26.611612903225808,26.6,23.6,29.15,16.3,37.4,4.632661500310141
2025,wind_duration_class,Los Angeles,not_wind_only,wind_speed_10m_mean,155,7.3922311827956975,7.274999999999999,6.739583333333334,7.84375,4.6875,13.9875,1.1598577084363837
2025,wind_duration_class,Los Angeles,not_wind_only,relative_humidity_2m_mean,155,64.33602150537634,66.375,59.520833333333336,70.22916666666666,33.208333333333336,80.45833333333333,8.488714652817938
2025,wind_duration_class,Los Angeles,not_wind_only,precipitation_sum,155,0.3754838709677419,0.0,0.0,0.0,0.0,41.2,3.3413066488263863
2025,wind_duration_class,Los Angeles,not_wind_only,shortwave_radiation_sum,155,26.02888258064516,27.504,24.577199999999998,29.156399999999998,7.851599999999999,31.5108,4.624500803261896
2025,wind_duration_class,Los Angeles,not_wind_only,wind_direction_10m_dominant,155,206.22797703456592,207.5797744447937,196.01398841351374,216.17458701255867,13.107043555870836,334.34177142642454,30.351452680675578
2025,wind_duration_class,Los Angeles,not_wind_only,pure_wind_run_days,155,0.0,0.0,0.0,0.0,0.0,0.0,0.0
2025,wind_duration_class,Los Angeles,not_wind_only,low_wind_run_days,155,0.3419354838709677,0.0,0.0,0.0,0.0,9.0,1.2965424033184756
2025,wind_duration_class,Los Angeles,persistent_wind_only,no2_ppb,47,13.556808385511651,11.752678428571429,9.928901892857143,17.318148321428573,5.303869071428571,26.727579333333335,5.149275943347923
2025,wind_duration_class,Los Angeles,persistent_wind_only,n_available_sites,47,6.8936170212765955,7.0,7.0,7.0,5.0,7.0,0.3749807272259927
2025,wind_duration_class,Los Angeles,persistent_wind_only,temperature_2m_max,47,26.54893617021277,26.6,24.9,28.8,17.5,32.2,3.373546214453654
2025,wind_duration_class,Los Angeles,persistent_wind_only,wind_speed_10m_mean,47,5.44813829787234,5.504166666666666,4.852083333333333,6.1000000000000005,4.2875,6.404166666666666,0.6649251531733805
2025,wind_duration_class,Los Angeles,persistent_wind_only,relative_humidity_2m_mean,47,66.1436170212766,65.79166666666667,59.3125,73.33333333333334,47.54166666666666,82.79166666666667,8.424038996203606
2025,wind_duration_class,Los Angeles,persistent_wind_only,precipitation_sum,47,0.22340425531914898,0.0,0.0,0.0,0.0,8.8,1.2847284886491448
2025,wind_duration_class,Los Angeles,persistent_wind_only,shortwave_radiation_sum,47,19.775336170212764,18.8208,16.677,22.0914,9.6048,31.4388,4.572410017961964
2025,wind_duration_class,Los Angeles,persistent_wind_only,wind_direction_10m_dominant,47,211.74743907278113,208.15838362125996,197.73028986533544,227.60862581233437,13.411834900362765,344.98267038624687,47.530477559379634
2025,wind_duration_class,Los Angeles,persistent_wind_only,pure_wind_run_days,47,5.297872340425532,5.0,2.5,7.0,2.0,9.0,2.5273709799523445
2025,wind_duration_class,Los Angeles,persistent_wind_only,low_wind_run_days,47,6.191489361702128,6.0,4.0,9.0,2.0,9.0,2.5249907263914113
2025,wind_duration_class,New York,isolated_wind_only,no2_ppb,13,16.385384261904765,17.824095500000002,15.406471428571427,18.886904571428573,9.684644125,21.03630942857143,3.8159487296823937
2025,wind_duration_class,New York,isolated_wind_only,n_available_sites,13,7.230769230769231,7.0,7.0,8.0,6.0,8.0,0.7250110520819842
2025,wind_duration_class,New York,isolated_wind_only,temperature_2m_max,13,22.861538461538466,24.1,21.5,26.4,12.5,27.4,4.313648583573319
2025,wind_duration_class,New York,isolated_wind_only,wind_speed_10m_mean,13,6.938461538461539,6.616666666666667,6.329166666666667,7.866666666666667,5.758333333333333,8.033333333333333,0.8073862468720758
2025,wind_duration_class,New York,isolated_wind_only,relative_humidity_2m_mean,13,73.59294871794872,74.83333333333333,66.66666666666667,78.70833333333333,49.16666666666666,87.29166666666667,10.863954504628254
2025,wind_duration_class,New York,isolated_wind_only,precipitation_sum,13,1.4846153846153847,0.2,0.0,1.5,0.0,7.1000000000000005,2.334468588296615
2025,wind_duration_class,New York,isolated_wind_only,shortwave_radiation_sum,13,16.383046153846156,17.9676,12.4992,21.276,4.914,26.2584,6.069738761074674
2025,wind_duration_class,New York,isolated_wind_only,wind_direction_10m_dominant,13,171.3354497249532,160.71823977959076,127.38496480651526,227.50186717161264,12.541553306391387,334.58881118646235,100.59053438561912
2025,wind_duration_class,New York,isolated_wind_only,pure_wind_run_days,13,1.0,1.0,1.0,1.0,1.0,1.0,0.0
2025,wind_duration_class,New York,isolated_wind_only,low_wind_run_days,13,1.3076923076923077,1.0,1.0,1.0,1.0,4.0,0.8548504142651104
2025,wind_duration_class,New York,not_wind_only,no2_ppb,171,12.415974123196879,11.714316714285715,9.315561214285715,15.204494080357144,3.8662365000000003,27.355683874999997,4.436151526356892
2025,wind_duration_class,New York,not_wind_only,n_available_sites,171,7.391812865497076,7.0,7.0,8.0,5.0,8.0,0.6171497006480485
2025,wind_duration_class,New York,not_wind_only,temperature_2m_max,171,22.919298245614034,22.9,18.5,28.1,5.1,36.6,6.597506799938308
2025,wind_duration_class,New York,not_wind_only,wind_speed_10m_mean,171,11.836330409356727,11.116666666666667,8.9625,13.933333333333334,4.3875,26.96666666666667,4.004751728878923
2025,wind_duration_class,New York,not_wind_only,relative_humidity_2m_mean,171,69.65521442495127,69.58333333333333,61.16666666666667,78.8125,42.16666666666666,92.54166666666669,11.134395167141555
2025,wind_duration_class,New York,not_wind_only,precipitation_sum,171,3.415204678362573,0.2,0.0,3.9499999999999997,0.0,38.4,6.610152827207311
2025,wind_duration_class,New York,not_wind_only,shortwave_radiation_sum,171,17.32454736842105,18.0792,12.5604,23.7708,1.2276,29.8224,7.626514551671732
2025,wind_duration_class,New York,not_wind_only,wind_direction_10m_dominant,171,186.5962814104301,205.77047496174944,92.12571382827561,268.94334874984725,5.695110839049583,351.4937659341677,98.61948206486414
2025,wind_duration_class,New York,not_wind_only,pure_wind_run_days,171,0.0,0.0,0.0,0.0,0.0,0.0,0.0
2025,wind_duration_class,New York,not_wind_only,low_wind_run_days,171,0.26900584795321636,0.0,0.0,0.0,0.0,5.0,0.8865854226921994
2025,wind_duration_class,New York,persistent_wind_only,no2_ppb,30,15.567335772023814,15.294435839285715,12.540919267857143,17.927083285714286,7.485937625,22.537499999999998,3.821161761021594
2025,wind_duration_class,New York,persistent_wind_only,n_available_sites,30,7.533333333333333,8.0,7.0,8.0,6.0,8.0,0.571346463723366
2025,wind_duration_class,New York,persistent_wind_only,temperature_2m_max,30,24.279999999999998,25.0,22.8,26.8,14.4,28.3,3.4647386327259158
2025,wind_duration_class,New York,persistent_wind_only,wind_speed_10m_mean,30,6.848611111111112,6.85625,6.566666666666666,7.334375,4.870833333333334,8.041666666666666,0.8180226642230831
2025,wind_duration_class,New York,persistent_wind_only,relative_humidity_2m_mean,30,72.47222222222221,72.125,66.76041666666667,77.57291666666667,54.083333333333336,89.79166666666667,8.06077499688752
2025,wind_duration_class,New York,persistent_wind_only,precipitation_sum,30,1.2033333333333334,0.0,0.0,0.5499999999999999,0.0,12.5,2.935922968703525
2025,wind_duration_class,New York,persistent_wind_only,shortwave_radiation_sum,30,18.821759999999998,17.927999999999997,14.113800000000001,22.8276,8.19,30.276,5.6866990690376005
2025,wind_duration_class,New York,persistent_wind_only,wind_direction_10m_dominant,30,166.2593058715801,155.20198682230003,98.28108236011076,239.12631882996337,0.8318045592801674,356.5970308666871,99.20401127782193
2025,wind_duration_class,New York,persistent_wind_only,pure_wind_run_days,30,2.7333333333333334,2.0,2.0,3.75,2.0,4.0,0.8683449709106095
2025,wind_duration_class,New York,persistent_wind_only,low_wind_run_days,30,3.1333333333333333,3.0,2.0,4.0,2.0,5.0,1.0742546199601597
2025,wind_duration_class,Philadelphia,isolated_wind_only,no2_ppb,17,9.417192773529411,9.524189400000001,6.1524228,11.5303044,5.2550294,20.1639264,3.828938689464447
2025,wind_duration_class,Philadelphia,isolated_wind_only,n_available_sites,17,4.882352941176471,5.0,5.0,5.0,4.0,5.0,0.3321055820775357
2025,wind_duration_class,Philadelphia,isolated_wind_only,temperature_2m_max,17,26.841176470588238,27.4,25.3,29.2,21.2,30.7,2.9574183893070938
2025,wind_duration_class,Philadelphia,isolated_wind_only,wind_speed_10m_mean,17,6.424754901960784,6.7375,6.2125,7.075,3.95,7.708333333333333,0.9984041852251838
2025,wind_duration_class,Philadelphia,isolated_wind_only,relative_humidity_2m_mean,17,68.73529411764706,73.20833333333333,58.04166666666666,79.45833333333333,49.333333333333336,86.66666666666667,11.847042575682453
2025,wind_duration_class,Philadelphia,isolated_wind_only,precipitation_sum,17,2.8529411764705883,0.7000000000000001,0.0,6.8,0.0,10.2,3.88814185168488
2025,wind_duration_class,Philadelphia,isolated_wind_only,shortwave_radiation_sum,17,17.422305882352944,16.0308,14.0904,20.664,7.4052,30.2292,6.139749487608451
2025,wind_duration_class,Philadelphia,isolated_wind_only,wind_direction_10m_dominant,17,201.06115698276312,202.6566255890066,161.30972273464602,248.64666638657116,29.69569214649343,327.76124803938586,81.06581644245689
2025,wind_duration_class,Philadelphia,isolated_wind_only,pure_wind_run_days,17,1.0,1.0,1.0,1.0,1.0,1.0,0.0
2025,wind_duration_class,Philadelphia,isolated_wind_only,low_wind_run_days,17,1.3529411764705883,1.0,1.0,1.0,1.0,4.0,0.8617697249402124
2025,wind_duration_class,Philadelphia,not_wind_only,no2_ppb,167,8.453548312574853,8.46978625,6.533922125,10.4570294,1.9211542499999998,16.0060928,2.72636422902568
2025,wind_duration_class,Philadelphia,not_wind_only,n_available_sites,167,4.724550898203593,5.0,4.0,5.0,4.0,5.0,0.44808388116784714
2025,wind_duration_class,Philadelphia,not_wind_only,temperature_2m_max,167,24.61017964071856,24.9,20.2,30.1,6.4,38.8,6.704787309012946
2025,wind_duration_class,Philadelphia,not_wind_only,wind_speed_10m_mean,167,11.71317365269461,10.904166666666669,9.016666666666666,13.618750000000002,4.1625000000000005,25.058333333333334,3.9243103263206427
2025,wind_duration_class,Philadelphia,not_wind_only,relative_humidity_2m_mean,167,65.5998003992016,64.20833333333333,55.04166666666667,77.0,33.25,90.66666666666669,13.482212671795505
2025,wind_duration_class,Philadelphia,not_wind_only,precipitation_sum,167,3.418562874251497,0.2,0.0,2.85,0.0,55.7,7.375371117919905
2025,wind_duration_class,Philadelphia,not_wind_only,shortwave_radiation_sum,167,17.426306586826346,18.4716,11.2698,24.1056,1.422,30.1644,7.724306611990534
2025,wind_duration_class,Philadelphia,not_wind_only,wind_direction_10m_dominant,167,190.26803423684188,209.16426495082771,84.10769048408139,275.923190275564,3.152596551361217,354.0581551918467,101.09408749744453
2025,wind_duration_class,Philadelphia,not_wind_only,pure_wind_run_days,167,0.0,0.0,0.0,0.0,0.0,0.0,0.0
2025,wind_duration_class,Philadelphia,not_wind_only,low_wind_run_days,167,0.31137724550898205,0.0,0.0,0.0,0.0,6.0,1.0916120036290669
2025,wind_duration_class,Philadelphia,persistent_wind_only,no2_ppb,30,9.38862751,9.471317775,7.3304931875,11.4106834,4.0626022,13.2415696,2.3223777118105
2025,wind_duration_class,Philadelphia,persistent_wind_only,n_available_sites,30,4.633333333333334,5.0,4.0,5.0,4.0,5.0,0.490132517853561
2025,wind_duration_class,Philadelphia,persistent_wind_only,temperature_2m_max,30,26.623333333333335,27.299999999999997,25.675,29.15,15.6,30.8,3.682829059983299
2025,wind_duration_class,Philadelphia,persistent_wind_only,wind_speed_10m_mean,30,6.255138888888891,6.447916666666667,5.530208333333333,6.863541666666666,4.2125,7.8125,0.8801495182576334
2025,wind_duration_class,Philadelphia,persistent_wind_only,relative_humidity_2m_mean,30,67.72916666666667,67.02083333333334,62.708333333333336,70.84375,54.79166666666666,86.29166666666667,8.887458540030794
2025,wind_duration_class,Philadelphia,persistent_wind_only,precipitation_sum,30,0.7799999999999999,0.0,0.0,0.17500000000000002,0.0,10.6,2.1630757156706593
2025,wind_duration_class,Philadelphia,persistent_wind_only,shortwave_radiation_sum,30,17.86344,17.391599999999997,13.4604,19.4868,8.6472,27.63,5.615380384916977
2025,wind_duration_class,Philadelphia,persistent_wind_only,wind_direction_10m_dominant,30,187.8278547508456,203.1027378224228,94.98870638347712,252.52715530383662,10.474317044933642,359.4403951350924,101.44913784094784
2025,wind_duration_class,Philadelphia,persistent_wind_only,pure_wind_run_days,30,3.0,3.0,2.0,4.0,2.0,4.0,0.909717652294684
2025,wind_duration_class,Philadelphia,persistent_wind_only,low_wind_run_days,30,3.3,3.5,2.0,4.0,2.0,6.0,1.290549201456229
2025,wind_duration_class,Phoenix,isolated_wind_only,no2_ppb,14,13.555865307142856,13.762499899999998,10.44290915,15.8806796875,7.161666599999999,23.413571400000002,4.4393347349937144
2025,wind_duration_class,Phoenix,isolated_wind_only,n_available_sites,14,4.571428571428571,5.0,4.0,5.0,4.0,5.0,0.5135525910130954
2025,wind_duration_class,Phoenix,isolated_wind_only,temperature_2m_max,14,37.892857142857146,38.95,37.824999999999996,40.375,26.7,41.5,4.033792696270288
2025,wind_duration_class,Phoenix,isolated_wind_only,wind_speed_10m_mean,14,5.952678571428571,6.039583333333333,5.73125,6.210416666666666,4.995833333333334,6.6375,0.4339388248284874
2025,wind_duration_class,Phoenix,isolated_wind_only,relative_humidity_2m_mean,14,26.27380952380952,24.895833333333336,16.75,32.416666666666664,9.25,46.54166666666666,12.908638057825328
2025,wind_duration_class,Phoenix,isolated_wind_only,precipitation_sum,14,0.1285714285714286,0.0,0.0,0.0,0.0,1.7000000000000002,0.4530725386455521
2025,wind_duration_class,Phoenix,isolated_wind_only,shortwave_radiation_sum,14,25.660542857142854,26.8974,21.9312,29.9925,17.136,31.4784,4.778746087499441
2025,wind_duration_class,Phoenix,isolated_wind_only,wind_direction_10m_dominant,14,221.98021351498258,243.3513923939442,202.26604606819296,262.92692012783647,5.001769858504251,337.8056210965523,80.03270788497727
2025,wind_duration_class,Phoenix,isolated_wind_only,pure_wind_run_days,14,1.0,1.0,1.0,1.0,1.0,1.0,0.0
2025,wind_duration_class,Phoenix,isolated_wind_only,low_wind_run_days,14,1.0714285714285714,1.0,1.0,1.0,1.0,2.0,0.26726124191242434
2025,wind_duration_class,Phoenix,not_wind_only,no2_ppb,142,12.105737884037557,11.1434167,9.2186457875,14.871875000000001,4.883333333333334,28.2085712,4.191564308797514
2025,wind_duration_class,Phoenix,not_wind_only,n_available_sites,142,4.514084507042254,5.0,4.0,5.0,3.0,5.0,0.7119637760025619
2025,wind_duration_class,Phoenix,not_wind_only,temperature_2m_max,142,38.09718309859154,39.55,34.2,42.6,18.5,47.7,6.295387748376374
2025,wind_duration_class,Phoenix,not_wind_only,wind_speed_10m_mean,142,9.293515258215963,8.79375,7.559375,10.734375,4.558333333333334,18.27083333333333,2.368884256215969
2025,wind_duration_class,Phoenix,not_wind_only,relative_humidity_2m_mean,142,24.058685446009388,19.39583333333333,14.0,29.39583333333333,8.958333333333334,78.375,13.630852567580247
2025,wind_duration_class,Phoenix,not_wind_only,precipitation_sum,142,0.6077464788732394,0.0,0.0,0.1,0.0,22.8,2.474983313753107
2025,wind_duration_class,Phoenix,not_wind_only,shortwave_radiation_sum,142,26.58676056338028,28.0278,23.819399999999998,30.082500000000003,9.9468,32.31,4.802259205521427
2025,wind_duration_class,Phoenix,not_wind_only,wind_direction_10m_dominant,142,210.95644075333328,237.08743797003342,192.1401138260232,254.09461869993237,2.182179313507958,359.6379116780841,74.2918657904095
2025,wind_duration_class,Phoenix,not_wind_only,pure_wind_run_days,142,0.0,0.0,0.0,0.0,0.0,0.0,0.0
2025,wind_duration_class,Phoenix,not_wind_only,low_wind_run_days,142,0.056338028169014086,0.0,0.0,0.0,0.0,2.0,0.3099908003055873
2025,wind_duration_class,Phoenix,persistent_wind_only,no2_ppb,58,18.196219431034482,18.55208325,14.450937437499999,22.615208450000004,8.304166599999999,27.323333400000003,5.384345806091913
2025,wind_duration_class,Phoenix,persistent_wind_only,n_available_sites,58,4.724137931034483,5.0,4.0,5.0,4.0,5.0,0.45085118127692886
2025,wind_duration_class,Phoenix,persistent_wind_only,temperature_2m_max,58,32.65,32.900000000000006,30.125,35.875,23.0,40.2,4.2552444422333595
2025,wind_duration_class,Phoenix,persistent_wind_only,wind_speed_10m_mean,58,5.593103448275863,5.802083333333334,5.155208333333333,6.13125,3.4125,6.691666666666666,0.7867524267033267
2025,wind_duration_class,Phoenix,persistent_wind_only,relative_humidity_2m_mean,58,35.96479885057472,34.75,20.833333333333332,47.62499999999999,12.791666666666666,81.54166666666667,17.350228990173605
2025,wind_duration_class,Phoenix,persistent_wind_only,precipitation_sum,58,0.4396551724137931,0.0,0.0,0.0,0.0,10.5,1.5909767115051445
2025,wind_duration_class,Phoenix,persistent_wind_only,shortwave_radiation_sum,58,22.503724137931034,21.1356,18.737099999999998,27.396,11.124,31.23,5.007845427358898
2025,wind_duration_class,Phoenix,persistent_wind_only,wind_direction_10m_dominant,58,152.31599872879,107.09192015226043,64.5850306247479,240.83749450149833,0.3940390598276525,355.5461260995765,104.73663657629471
2025,wind_duration_class,Phoenix,persistent_wind_only,pure_wind_run_days,58,4.586206896551724,5.0,3.0,6.0,2.0,7.0,1.6333635810871316
2025,wind_duration_class,Phoenix,persistent_wind_only,low_wind_run_days,58,4.586206896551724,5.0,3.0,6.0,2.0,7.0,1.6333635810871316
2025,wind_duration_class,San Diego,isolated_wind_only,no2_ppb,11,6.89928351969697,7.30530325,5.249134000000001,8.580616899999999,3.2430737499999998,11.28955625,2.3791066871665993
2025,wind_duration_class,San Diego,isolated_wind_only,n_available_sites,11,3.8181818181818183,4.0,3.5,4.0,3.0,5.0,0.6030226891555273
2025,wind_duration_class,San Diego,isolated_wind_only,temperature_2m_max,11,26.7,27.3,25.95,28.25,20.9,29.3,2.510378457523885
2025,wind_duration_class,San Diego,isolated_wind_only,wind_speed_10m_mean,11,6.048863636363637,6.466666666666666,5.793750000000001,6.535416666666666,4.108333333333333,6.595833333333334,0.7546409441220737
2025,wind_duration_class,San Diego,isolated_wind_only,relative_humidity_2m_mean,11,71.18560606060606,69.25,64.39583333333334,77.4375,61.875,82.5,7.826600910879627
2025,wind_duration_class,San Diego,isolated_wind_only,precipitation_sum,11,1.4272727272727272,0.0,0.0,0.0,0.0,15.0,4.506460009606411
2025,wind_duration_class,San Diego,isolated_wind_only,shortwave_radiation_sum,11,23.19250909090909,23.22,21.6288,28.409399999999998,4.4244,31.0392,7.58099506522126
2025,wind_duration_class,San Diego,isolated_wind_only,wind_direction_10m_dominant,11,276.0629165055094,279.9405681318714,262.5628284518824,285.40318347728305,221.9674700206853,348.28002758433007,32.03266484677467
2025,wind_duration_class,San Diego,isolated_wind_only,pure_wind_run_days,11,1.0,1.0,1.0,1.0,1.0,1.0,0.0
2025,wind_duration_class,San Diego,isolated_wind_only,low_wind_run_days,11,1.1818181818181819,1.0,1.0,1.0,1.0,2.0,0.40451991747794525
2025,wind_duration_class,San Diego,not_wind_only,no2_ppb,158,5.253575366139241,4.485685875,3.5046807500000003,6.1020731875,2.35876625,21.0363204,2.793816531039696
2025,wind_duration_class,San Diego,not_wind_only,n_available_sites,158,4.006329113924051,4.0,4.0,4.0,3.0,5.0,0.49836465613500336
2025,wind_duration_class,San Diego,not_wind_only,temperature_2m_max,158,24.924050632911392,25.25,22.0,27.75,15.7,33.2,3.977587374560205
2025,wind_duration_class,San Diego,not_wind_only,wind_speed_10m_mean,158,8.181276371308018,7.647916666666667,7.01875,8.594791666666667,4.579166666666667,19.0625,2.0805893153311437
2025,wind_duration_class,San Diego,not_wind_only,relative_humidity_2m_mean,158,70.20094936708861,71.4375,66.8125,75.27083333333334,34.041666666666664,84.625,7.51120818412373
2025,wind_duration_class,San Diego,not_wind_only,precipitation_sum,158,0.35822784810126584,0.0,0.0,0.1,0.0,6.300000000000001,1.1013145121902939
2025,wind_duration_class,San Diego,not_wind_only,shortwave_radiation_sum,158,24.610511392405062,26.267400000000002,21.0204,28.836,6.048,32.0796,5.386282320669662
2025,wind_duration_class,San Diego,not_wind_only,wind_direction_10m_dominant,158,270.80813014765135,277.73968838969586,253.50782156210178,291.443488085949,30.80193677723364,331.3043173940649,34.93119357442923
2025,wind_duration_class,San Diego,not_wind_only,pure_wind_run_days,158,0.0,0.0,0.0,0.0,0.0,0.0,0.0
2025,wind_duration_class,San Diego,not_wind_only,low_wind_run_days,158,0.25949367088607594,0.0,0.0,0.0,0.0,6.0,0.9851145605521809
2025,wind_duration_class,San Diego,persistent_wind_only,no2_ppb,45,6.421231413333333,5.6010279999999995,4.4888365,6.62738625,3.1052355,15.789523800000001,2.859303108938904
2025,wind_duration_class,San Diego,persistent_wind_only,n_available_sites,45,4.288888888888889,4.0,4.0,5.0,3.0,5.0,0.5055250296034367
2025,wind_duration_class,San Diego,persistent_wind_only,temperature_2m_max,45,25.86444444444444,25.7,24.3,27.9,19.4,29.6,2.3972669623737963
2025,wind_duration_class,San Diego,persistent_wind_only,wind_speed_10m_mean,45,5.792222222222223,5.770833333333333,5.379166666666666,6.229166666666667,4.658333333333333,6.575,0.5640569082167781
2025,wind_duration_class,San Diego,persistent_wind_only,relative_humidity_2m_mean,45,67.67129629629629,69.66666666666667,63.583333333333336,73.25,41.958333333333336,80.66666666666667,8.093793130136548
2025,wind_duration_class,San Diego,persistent_wind_only,precipitation_sum,45,0.0022222222222222222,0.0,0.0,0.0,0.0,0.1,0.014907119849998596
2025,wind_duration_class,San Diego,persistent_wind_only,shortwave_radiation_sum,45,25.324559999999998,26.4492,20.4336,29.7324,17.1144,31.7916,4.888124766596919
2025,wind_duration_class,San Diego,persistent_wind_only,wind_direction_10m_dominant,45,259.30920316774274,266.09780945405055,250.9002154912007,280.0763148690492,7.067672219149596,313.9085434161486,43.611405784606994
2025,wind_duration_class,San Diego,persistent_wind_only,pure_wind_run_days,45,4.155555555555556,4.0,2.0,5.0,2.0,8.0,2.152752525104415
2025,wind_duration_class,San Diego,persistent_wind_only,low_wind_run_days,45,4.688888888888889,5.0,2.0,6.0,2.0,8.0,2.1407541388090983
2025,wind_duration_class,Seattle,isolated_wind_only,no2_ppb,18,13.733382268518518,14.482850333333333,10.794655916666668,16.576033958333333,5.579523666666667,19.734722333333334,4.0388394117777535
2025,wind_duration_class,Seattle,isolated_wind_only,n_available_sites,18,2.7777777777777777,3.0,3.0,3.0,2.0,3.0,0.42779263194649864
2025,wind_duration_class,Seattle,isolated_wind_only,temperature_2m_max,18,18.59444444444445,19.4,15.1,21.475,12.0,23.8,3.6458634452538004
2025,wind_duration_class,Seattle,isolated_wind_only,wind_speed_10m_mean,18,4.979629629629629,5.05625,4.758333333333334,5.433333333333334,3.5625,5.741666666666667,0.6124622985743842
2025,wind_duration_class,Seattle,isolated_wind_only,relative_humidity_2m_mean,18,75.11574074074073,76.3125,71.5625,80.90625,57.5,87.5,8.334639058924884
2025,wind_duration_class,Seattle,isolated_wind_only,precipitation_sum,18,1.4611111111111112,0.0,0.0,0.275,0.0,18.7,4.43742623983621
2025,wind_duration_class,Seattle,isolated_wind_only,shortwave_radiation_sum,18,15.393999999999998,14.9652,10.9854,19.1385,2.7432,27.2304,6.471230052361625
2025,wind_duration_class,Seattle,isolated_wind_only,wind_direction_10m_dominant,18,154.18001387194658,144.08786336647273,21.088966262910226,296.35302271762333,1.8329993621013492,345.22848526030265,135.73625329963386
2025,wind_duration_class,Seattle,isolated_wind_only,pure_wind_run_days,18,1.0,1.0,1.0,1.0,1.0,1.0,0.0
2025,wind_duration_class,Seattle,isolated_wind_only,low_wind_run_days,18,1.3333333333333333,1.0,1.0,1.0,1.0,4.0,0.8401680504168059
2025,wind_duration_class,Seattle,not_wind_only,no2_ppb,168,10.99237311706349,10.290433,7.822343,13.48487325,2.9709540000000003,28.787499999999998,4.569619182433367
2025,wind_duration_class,Seattle,not_wind_only,n_available_sites,168,2.642857142857143,3.0,2.0,3.0,1.0,3.0,0.6313725594377296
2025,wind_duration_class,Seattle,not_wind_only,temperature_2m_max,168,19.886904761904763,20.049999999999997,15.475,23.85,9.2,31.6,5.1029820977813145
2025,wind_duration_class,Seattle,not_wind_only,wind_speed_10m_mean,168,8.636830357142857,7.910416666666666,6.636458333333334,10.040625,2.9916666666666667,20.47083333333333,2.922696338323963
2025,wind_duration_class,Seattle,not_wind_only,relative_humidity_2m_mean,168,72.85962301587303,72.04166666666667,66.53125,78.47916666666666,54.458333333333336,92.95833333333331,8.287569649903926
2025,wind_duration_class,Seattle,not_wind_only,precipitation_sum,168,2.2410714285714284,0.0,0.0,1.575,0.0,28.3,4.84837561978814
2025,wind_duration_class,Seattle,not_wind_only,shortwave_radiation_sum,168,17.734992857142856,17.571599999999997,11.3877,24.3756,1.08,30.3264,7.797197832536325
2025,wind_duration_class,Seattle,not_wind_only,wind_direction_10m_dominant,168,162.85422981608446,196.58070461973762,23.93563197347727,214.76744637905654,0.1261576048581608,359.35973538936634,103.41584141545836
2025,wind_duration_class,Seattle,not_wind_only,pure_wind_run_days,168,0.0,0.0,0.0,0.0,0.0,0.0,0.0
2025,wind_duration_class,Seattle,not_wind_only,low_wind_run_days,168,0.2619047619047619,0.0,0.0,0.0,0.0,5.0,0.8633460546252983
2025,wind_duration_class,Seattle,persistent_wind_only,no2_ppb,25,12.04797236,11.378804333333335,8.266666666666667,15.404166499999999,5.337500000000001,19.915277666666668,4.2074659481475445
2025,wind_duration_class,Seattle,persistent_wind_only,n_available_sites,25,2.52,3.0,2.0,3.0,1.0,3.0,0.6531972647421808
2025,wind_duration_class,Seattle,persistent_wind_only,temperature_2m_max,25,20.184,21.0,18.8,22.4,12.3,23.5,2.7652124692326985
2025,wind_duration_class,Seattle,persistent_wind_only,wind_speed_10m_mean,25,5.010333333333333,5.058333333333334,4.633333333333334,5.570833333333333,3.4291666666666667,5.8375,0.6202564433809258
2025,wind_duration_class,Seattle,persistent_wind_only,relative_humidity_2m_mean,25,73.80333333333333,73.25,67.04166666666667,80.25,63.333333333333336,86.875,7.077556059016313
2025,wind_duration_class,Seattle,persistent_wind_only,precipitation_sum,25,0.46,0.0,0.0,0.2,0.0,6.0,1.2619429464123961
2025,wind_duration_class,Seattle,persistent_wind_only,shortwave_radiation_sum,25,19.160784,18.216,13.2192,25.7832,9.5904,29.7432,7.101079093095641
2025,wind_duration_class,Seattle,persistent_wind_only,wind_direction_10m_dominant,25,197.66195122055572,223.7584203607033,30.604128260310357,308.44025091269475,3.2435962959007067,357.9113486293046,126.51461805196628
2025,wind_duration_class,Seattle,persistent_wind_only,pure_wind_run_days,25,2.68,3.0,2.0,3.0,2.0,4.0,0.7483314773547882
2025,wind_duration_class,Seattle,persistent_wind_only,low_wind_run_days,25,2.84,3.0,2.0,3.0,2.0,5.0,1.0677078252031311
2025,wind_duration_class_weather_calendar,Atlanta,isolated_wind_only,temperature_2m_max,17,27.370588235294115,28.1,25.6,30.2,21.0,31.2,3.342297994247811
2025,wind_duration_class_weather_calendar,Atlanta,isolated_wind_only,wind_speed_10m_mean,17,5.68578431372549,5.679166666666667,5.129166666666667,6.291666666666667,4.358333333333333,6.6875,0.7035084738609177
2025,wind_duration_class_weather_calendar,Atlanta,isolated_wind_only,relative_humidity_2m_mean,17,72.96078431372548,71.70833333333333,66.79166666666667,79.125,54.79166666666666,90.58333333333331,9.26881380845735
2025,wind_duration_class_weather_calendar,Atlanta,isolated_wind_only,precipitation_sum,17,2.823529411764706,1.4,0.1,4.1,0.0,15.7,3.918311085749303
2025,wind_duration_class_weather_calendar,Atlanta,isolated_wind_only,shortwave_radiation_sum,17,19.48214117647059,20.0592,18.288,23.7564,7.128,28.2744,5.411814689992954
2025,wind_duration_class_weather_calendar,Atlanta,isolated_wind_only,wind_direction_10m_dominant,17,228.21254223643098,249.8251364708337,157.32573953795338,302.76308497154383,37.14307957261722,334.21156114185675,86.61902047518073
2025,wind_duration_class_weather_calendar,Atlanta,isolated_wind_only,pure_wind_run_days,17,1.0,1.0,1.0,1.0,1.0,1.0,0.0
2025,wind_duration_class_weather_calendar,Atlanta,isolated_wind_only,low_wind_run_days,17,2.2941176470588234,1.0,1.0,1.0,1.0,8.0,2.733237683644457
2025,wind_duration_class_weather_calendar,Atlanta,not_wind_only,temperature_2m_max,175,27.153142857142853,27.6,24.75,30.95,11.4,37.1,4.929372305887359
2025,wind_duration_class_weather_calendar,Atlanta,not_wind_only,wind_speed_10m_mean,175,10.402476190476191,10.083333333333334,7.852083333333333,12.427083333333332,3.6875,19.35833333333333,3.4931447157278397
2025,wind_duration_class_weather_calendar,Atlanta,not_wind_only,relative_humidity_2m_mean,175,71.1554761904762,70.33333333333333,63.6875,78.85416666666667,42.5,94.66666666666669,11.048597359093012
2025,wind_duration_class_weather_calendar,Atlanta,not_wind_only,precipitation_sum,175,3.469714285714286,0.4,0.0,4.6,0.0,35.9,6.1266093291412975
2025,wind_duration_class_weather_calendar,Atlanta,not_wind_only,shortwave_radiation_sum,175,19.03134857142857,20.142,16.482599999999998,23.7186,1.7748,28.5336,6.2656427079938455
2025,wind_duration_class_weather_calendar,Atlanta,not_wind_only,wind_direction_10m_dominant,175,186.6578286668014,190.1000517644406,90.39410075043617,274.07728970864724,0.147780701950776,353.5193309824505,97.25420318061722
2025,wind_duration_class_weather_calendar,Atlanta,not_wind_only,pure_wind_run_days,175,0.0,0.0,0.0,0.0,0.0,0.0,0.0
2025,wind_duration_class_weather_calendar,Atlanta,not_wind_only,low_wind_run_days,175,0.5657142857142857,0.0,0.0,0.0,0.0,8.0,1.8738893809803894
2025,wind_duration_class_weather_calendar,Atlanta,persistent_wind_only,temperature_2m_max,22,28.872727272727275,29.1,27.875,29.85,26.4,31.3,1.5100242250285791
2025,wind_duration_class_weather_calendar,Atlanta,persistent_wind_only,wind_speed_10m_mean,22,5.831628787878787,6.133333333333333,5.180208333333333,6.373958333333333,4.295833333333333,6.616666666666667,0.7432841501484833
2025,wind_duration_class_weather_calendar,Atlanta,persistent_wind_only,relative_humidity_2m_mean,22,73.92045454545453,74.625,65.73958333333333,82.36458333333333,60.875,88.45833333333333,9.036036293638482
2025,wind_duration_class_weather_calendar,Atlanta,persistent_wind_only,precipitation_sum,22,2.7818181818181817,0.55,0.0,2.875,0.0,15.0,4.385651535854096
2025,wind_duration_class_weather_calendar,Atlanta,persistent_wind_only,shortwave_radiation_sum,22,18.915709090909093,19.035,16.4799,20.5812,14.0976,25.866,3.1023293201060413
2025,wind_duration_class_weather_calendar,Atlanta,persistent_wind_only,wind_direction_10m_dominant,22,114.70994824661516,87.02900244530335,66.03824698520576,128.84896298832257,17.241034757227137,343.1439747793429,88.0372257046425
2025,wind_duration_class_weather_calendar,Atlanta,persistent_wind_only,pure_wind_run_days,22,3.3636363636363638,4.0,3.0,4.0,2.0,4.0,0.7895420339517227
2025,wind_duration_class_weather_calendar,Atlanta,persistent_wind_only,low_wind_run_days,22,4.363636363636363,4.0,3.0,5.0,2.0,8.0,1.989148047961729
2025,wind_duration_class_weather_calendar,Chicago,isolated_wind_only,temperature_2m_max,20,20.255000000000003,20.450000000000003,15.65,24.725,11.3,26.7,4.910512354016367
2025,wind_duration_class_weather_calendar,Chicago,isolated_wind_only,wind_speed_10m_mean,20,8.613541666666666,8.860416666666667,7.699999999999999,9.886458333333334,5.570833333333333,10.404166666666669,1.4016521651366163
2025,wind_duration_class_weather_calendar,Chicago,isolated_wind_only,relative_humidity_2m_mean,20,75.01666666666668,76.125,70.27083333333333,85.25,57.16666666666666,90.45833333333331,10.022146529193812
2025,wind_duration_class_weather_calendar,Chicago,isolated_wind_only,precipitation_sum,20,1.2349999999999999,0.05,0.0,0.85,0.0,16.7,3.6982606153362645
2025,wind_duration_class_weather_calendar,Chicago,isolated_wind_only,shortwave_radiation_sum,20,20.36286,20.241,16.985699999999998,24.3612,7.0632,31.0284,6.549080650659458
2025,wind_duration_class_weather_calendar,Chicago,isolated_wind_only,wind_direction_10m_dominant,20,127.12944922696325,80.50220935829054,64.82633578479245,155.3816637307523,37.761391217205855,316.9044759491084,92.767914523935
2025,wind_duration_class_weather_calendar,Chicago,isolated_wind_only,pure_wind_run_days,20,1.0,1.0,1.0,1.0,1.0,1.0,0.0
2025,wind_duration_class_weather_calendar,Chicago,isolated_wind_only,low_wind_run_days,20,1.75,1.0,1.0,1.25,1.0,7.0,1.6181535936466533
2025,wind_duration_class_weather_calendar,Chicago,not_wind_only,temperature_2m_max,154,20.8512987012987,21.8,15.2,27.5,3.9,32.2,7.450123804849152
2025,wind_duration_class_weather_calendar,Chicago,not_wind_only,wind_speed_10m_mean,154,15.087905844155843,14.158333333333333,11.527083333333334,18.038541666666664,4.870833333333334,28.7375,5.166193179018362
2025,wind_duration_class_weather_calendar,Chicago,not_wind_only,relative_humidity_2m_mean,154,72.01271645021646,72.79166666666667,64.58333333333333,78.90625,49.41666666666666,93.16666666666669,9.934917031989198
2025,wind_duration_class_weather_calendar,Chicago,not_wind_only,precipitation_sum,154,3.0415584415584416,0.1,0.0,1.9,0.0,33.1,6.400711779237993
2025,wind_duration_class_weather_calendar,Chicago,not_wind_only,shortwave_radiation_sum,154,19.634096103896102,20.4786,14.851799999999999,24.6555,4.7484,30.4308,6.345156204352402
2025,wind_duration_class_weather_calendar,Chicago,not_wind_only,wind_direction_10m_dominant,154,155.7963145859084,173.44375357336514,49.163405182487494,226.82018063353868,0.1528526832850116,359.4170846363575,101.75281502379174
2025,wind_duration_class_weather_calendar,Chicago,not_wind_only,pure_wind_run_days,154,0.0,0.0,0.0,0.0,0.0,0.0,0.0
2025,wind_duration_class_weather_calendar,Chicago,not_wind_only,low_wind_run_days,154,0.7272727272727273,0.0,0.0,0.0,0.0,8.0,1.8726540086852137
2025,wind_duration_class_weather_calendar,Chicago,persistent_wind_only,temperature_2m_max,40,21.39,23.35,19.375,25.4,7.5,26.6,5.352104786065538
2025,wind_duration_class_weather_calendar,Chicago,persistent_wind_only,wind_speed_10m_mean,40,9.005833333333333,9.052083333333332,8.494791666666666,10.085416666666667,5.620833333333334,10.625,1.281038713382693
2025,wind_duration_class_weather_calendar,Chicago,persistent_wind_only,relative_humidity_2m_mean,40,73.4,72.27083333333334,69.0,77.42708333333334,57.0,89.08333333333333,7.175151506783613
2025,wind_duration_class_weather_calendar,Chicago,persistent_wind_only,precipitation_sum,40,2.2024999999999997,0.0,0.0,0.8500000000000001,0.0,52.0,8.255300938775255
2025,wind_duration_class_weather_calendar,Chicago,persistent_wind_only,shortwave_radiation_sum,40,21.331169999999997,22.444200000000002,18.1674,25.7922,9.5148,28.7676,5.292424811049789
2025,wind_duration_class_weather_calendar,Chicago,persistent_wind_only,wind_direction_10m_dominant,40,106.41214349959246,73.26046689365202,48.88010655504043,131.89625588490279,9.481538863954947,349.9136566722788,87.63221980583718
2025,wind_duration_class_weather_calendar,Chicago,persistent_wind_only,pure_wind_run_days,40,3.0,3.0,2.0,4.0,2.0,5.0,1.086041978694737
2025,wind_duration_class_weather_calendar,Chicago,persistent_wind_only,low_wind_run_days,40,4.125,3.0,2.0,5.0,2.0,8.0,2.1505813167606567
2025,wind_duration_class_weather_calendar,Dallas,isolated_wind_only,temperature_2m_max,16,28.387500000000003,27.45,26.925,31.15,18.9,34.9,3.8916791577244227
2025,wind_duration_class_weather_calendar,Dallas,isolated_wind_only,wind_speed_10m_mean,16,7.006510416666667,7.15625,5.910416666666666,7.69375,5.608333333333333,8.729166666666666,1.090237581088449
2025,wind_duration_class_weather_calendar,Dallas,isolated_wind_only,relative_humidity_2m_mean,16,67.98177083333334,66.45833333333334,58.48958333333333,79.19791666666667,49.083333333333336,84.625,11.80355181116245
2025,wind_duration_class_weather_calendar,Dallas,isolated_wind_only,precipitation_sum,16,0.56875,0.1,0.0,0.42500000000000004,0.0,4.1000000000000005,1.0940559096012112
2025,wind_duration_class_weather_calendar,Dallas,isolated_wind_only,shortwave_radiation_sum,16,22.69575,24.8724,17.8857,27.212400000000002,13.302,28.872,5.4574834618164445
2025,wind_duration_class_weather_calendar,Dallas,isolated_wind_only,wind_direction_10m_dominant,16,168.6693560672655,135.25235060788867,110.48886919202884,218.62127122382262,36.14147226950915,358.4198712661387,92.94034255290451
2025,wind_duration_class_weather_calendar,Dallas,isolated_wind_only,pure_wind_run_days,16,1.0,1.0,1.0,1.0,1.0,1.0,0.0
2025,wind_duration_class_weather_calendar,Dallas,isolated_wind_only,low_wind_run_days,16,1.875,1.0,1.0,1.0,1.0,8.0,2.3909551787239063
2025,wind_duration_class_weather_calendar,Dallas,not_wind_only,temperature_2m_max,149,30.93422818791947,32.1,27.9,34.5,8.7,39.0,4.913189251723785
2025,wind_duration_class_weather_calendar,Dallas,not_wind_only,wind_speed_10m_mean,149,13.756515659955257,12.791666666666666,10.333333333333334,15.370833333333332,6.508333333333333,28.266666666666666,4.60207425452888
2025,wind_duration_class_weather_calendar,Dallas,not_wind_only,relative_humidity_2m_mean,149,65.90436241610739,66.08333333333333,59.25,73.58333333333333,35.75,92.54166666666669,11.131987066937233
2025,wind_duration_class_weather_calendar,Dallas,not_wind_only,precipitation_sum,149,3.6087248322147656,0.2,0.0,2.1,0.0,53.0,8.797211880844623
2025,wind_duration_class_weather_calendar,Dallas,not_wind_only,shortwave_radiation_sum,149,20.740808053691275,22.5576,17.3952,25.6428,4.5828,29.7684,5.970213014529182
2025,wind_duration_class_weather_calendar,Dallas,not_wind_only,wind_direction_10m_dominant,149,162.1864661838137,171.12119477036205,146.90998390775547,184.7378720242537,0.1899249019135559,358.36549244520126,67.42415766622385
2025,wind_duration_class_weather_calendar,Dallas,not_wind_only,pure_wind_run_days,149,0.0,0.0,0.0,0.0,0.0,0.0,0.0
2025,wind_duration_class_weather_calendar,Dallas,not_wind_only,low_wind_run_days,149,0.5906040268456376,0.0,0.0,0.0,0.0,9.0,2.1213630970305704
2025,wind_duration_class_weather_calendar,Dallas,persistent_wind_only,temperature_2m_max,49,30.75714285714286,31.7,29.7,32.9,19.2,34.7,3.3174412830774664
2025,wind_duration_class_weather_calendar,Dallas,persistent_wind_only,wind_speed_10m_mean,49,6.941751700680273,7.004166666666666,5.9625,7.979166666666667,4.358333333333333,9.05,1.3479793181053898
2025,wind_duration_class_weather_calendar,Dallas,persistent_wind_only,relative_humidity_2m_mean,49,64.47278911564625,62.0,57.66666666666666,69.66666666666667,49.333333333333336,89.41666666666667,9.81298120067898
2025,wind_duration_class_weather_calendar,Dallas,persistent_wind_only,precipitation_sum,49,1.816326530612245,0.0,0.0,0.6000000000000001,0.0,41.0,6.334506917760565
2025,wind_duration_class_weather_calendar,Dallas,persistent_wind_only,shortwave_radiation_sum,49,19.643436734693875,19.7208,18.252,22.0068,5.9292,27.414,4.0183156702930205
2025,wind_duration_class_weather_calendar,Dallas,persistent_wind_only,wind_direction_10m_dominant,49,125.25178978265478,116.10763403397846,78.63252326310793,154.6233073560609,16.156418707909893,346.6595763193352,72.36043036418985
2025,wind_duration_class_weather_calendar,Dallas,persistent_wind_only,pure_wind_run_days,49,4.877551020408164,5.0,3.0,6.0,2.0,9.0,2.3947220877486015
2025,wind_duration_class_weather_calendar,Dallas,persistent_wind_only,low_wind_run_days,49,5.326530612244898,5.0,3.0,9.0,2.0,9.0,2.6644867790849265
2025,wind_duration_class_weather_calendar,Denver,isolated_wind_only,temperature_2m_max,29,20.99310344827586,22.1,17.6,26.3,5.4,31.7,7.183758021421992
2025,wind_duration_class_weather_calendar,Denver,isolated_wind_only,wind_speed_10m_mean,29,6.124137931034483,6.291666666666667,5.6625000000000005,6.754166666666666,4.2875000000000005,7.066666666666666,0.7485712079097347
2025,wind_duration_class_weather_calendar,Denver,isolated_wind_only,relative_humidity_2m_mean,29,60.18103448275862,61.25,50.16666666666666,70.29166666666667,35.958333333333336,82.75,13.21761670468406
2025,wind_duration_class_weather_calendar,Denver,isolated_wind_only,precipitation_sum,29,1.837931034482759,0.4,0.0,2.1,0.0,10.7,2.7737820741856942
2025,wind_duration_class_weather_calendar,Denver,isolated_wind_only,shortwave_radiation_sum,29,21.49137931034483,21.7692,17.3592,26.298,12.3984,30.6144,5.293600871765518
2025,wind_duration_class_weather_calendar,Denver,isolated_wind_only,wind_direction_10m_dominant,29,141.59392983436175,135.9705276221401,77.90747256012281,190.12555175178528,15.78130440745137,301.7951485362723,78.66510823348295
2025,wind_duration_class_weather_calendar,Denver,isolated_wind_only,pure_wind_run_days,29,1.0,1.0,1.0,1.0,1.0,1.0,0.0
2025,wind_duration_class_weather_calendar,Denver,isolated_wind_only,low_wind_run_days,29,1.0344827586206897,1.0,1.0,1.0,1.0,2.0,0.1856953381770519
2025,wind_duration_class_weather_calendar,Denver,not_wind_only,temperature_2m_max,156,26.173076923076923,27.700000000000003,21.4,32.425,0.4,37.2,7.3751574824419075
2025,wind_duration_class_weather_calendar,Denver,not_wind_only,wind_speed_10m_mean,156,8.895272435897436,8.439583333333333,7.682291666666667,9.767708333333333,5.9125000000000005,15.6125,1.674367028969834
2025,wind_duration_class_weather_calendar,Denver,not_wind_only,relative_humidity_2m_mean,156,48.73290598290598,45.64583333333333,37.59375,54.67708333333333,24.0,89.20833333333333,14.907344410689564
2025,wind_duration_class_weather_calendar,Denver,not_wind_only,precipitation_sum,156,1.5974358974358975,0.1,0.0,1.2750000000000001,0.0,24.3,3.5019616386312675
2025,wind_duration_class_weather_calendar,Denver,not_wind_only,shortwave_radiation_sum,156,22.905046153846154,24.5826,18.9144,27.2565,3.6684,32.2812,5.897015203264572
2025,wind_duration_class_weather_calendar,Denver,not_wind_only,wind_direction_10m_dominant,156,195.66890217767528,213.2384346491766,159.3165955509379,245.8090183529012,0.0794366687999533,346.94187679419724,87.86084461341567
2025,wind_duration_class_weather_calendar,Denver,not_wind_only,pure_wind_run_days,156,0.0,0.0,0.0,0.0,0.0,0.0,0.0
2025,wind_duration_class_weather_calendar,Denver,not_wind_only,low_wind_run_days,156,0.019230769230769232,0.0,0.0,0.0,0.0,2.0,0.17856611122887925
2025,wind_duration_class_weather_calendar,Denver,persistent_wind_only,temperature_2m_max,29,24.63793103448276,25.7,22.6,27.2,17.0,29.7,3.5925929546681235
2025,wind_duration_class_weather_calendar,Denver,persistent_wind_only,wind_speed_10m_mean,29,5.8771551724137945,6.054166666666667,5.208333333333333,6.395833333333333,4.329166666666667,7.054166666666667,0.835706161016883
2025,wind_duration_class_weather_calendar,Denver,persistent_wind_only,relative_humidity_2m_mean,29,60.86925287356323,56.625,51.958333333333336,69.41666666666667,38.5,85.66666666666667,12.900069617953887
2025,wind_duration_class_weather_calendar,Denver,persistent_wind_only,precipitation_sum,29,2.4,0.6000000000000001,0.0,3.1,0.0,13.3,3.543706695376628
2025,wind_duration_class_weather_calendar,Denver,persistent_wind_only,shortwave_radiation_sum,29,19.81564137931034,20.9052,17.604,23.652,7.1316,25.8984,4.934255328786216
2025,wind_duration_class_weather_calendar,Denver,persistent_wind_only,wind_direction_10m_dominant,29,211.8962175856167,230.07677925535583,191.1301325821286,273.08630351379736,2.6212782452823653,355.8311381386033,105.15989575163148
2025,wind_duration_class_weather_calendar,Denver,persistent_wind_only,pure_wind_run_days,29,5.620689655172414,3.0,2.0,11.0,2.0,11.0,4.296292364215654
2025,wind_duration_class_weather_calendar,Denver,persistent_wind_only,low_wind_run_days,29,5.620689655172414,3.0,2.0,11.0,2.0,11.0,4.296292364215654
2025,wind_duration_class_weather_calendar,Houston,isolated_wind_only,temperature_2m_max,11,29.018181818181816,29.8,28.2,31.35,22.3,33.2,3.512212459922715
2025,wind_duration_class_weather_calendar,Houston,isolated_wind_only,wind_speed_10m_mean,11,6.282954545454547,6.2625,5.122916666666667,7.5145833333333325,4.104166666666667,7.85,1.3406187089278117
2025,wind_duration_class_weather_calendar,Houston,isolated_wind_only,relative_humidity_2m_mean,11,77.75378787878788,79.875,74.22916666666666,84.0,55.375,86.79166666666667,9.505489177046572
2025,wind_duration_class_weather_calendar,Houston,isolated_wind_only,precipitation_sum,11,5.536363636363636,3.2,0.7,6.550000000000001,0.0,23.7,7.381906627325047
2025,wind_duration_class_weather_calendar,Houston,isolated_wind_only,shortwave_radiation_sum,11,19.253781818181817,19.4328,16.3386,20.9466,13.8672,26.7948,3.879613652367509
2025,wind_duration_class_weather_calendar,Houston,isolated_wind_only,wind_direction_10m_dominant,11,138.30610769442433,105.39991989449328,85.09385324477711,182.19406421068823,17.104335189958398,277.48212297125207,84.99803669936367
2025,wind_duration_class_weather_calendar,Houston,isolated_wind_only,pure_wind_run_days,11,1.0,1.0,1.0,1.0,1.0,1.0,0.0
2025,wind_duration_class_weather_calendar,Houston,isolated_wind_only,low_wind_run_days,11,6.090909090909091,1.0,1.0,12.0,1.0,17.0,6.87683859712507
2025,wind_duration_class_weather_calendar,Houston,not_wind_only,temperature_2m_max,137,30.24306569343066,30.7,28.3,32.5,15.6,35.0,3.1800803638670265
2025,wind_duration_class_weather_calendar,Houston,not_wind_only,wind_speed_10m_mean,137,11.975790754257908,10.783333333333331,9.0875,13.7,4.375,27.9,4.475602307662266
2025,wind_duration_class_weather_calendar,Houston,not_wind_only,relative_humidity_2m_mean,137,76.94981751824818,78.79166666666667,75.625,80.83333333333333,40.54166666666666,88.95833333333333,7.903683785984938
2025,wind_duration_class_weather_calendar,Houston,not_wind_only,precipitation_sum,137,4.1065693430656935,0.9,0.0,3.9,0.0,61.1,8.910545672037433
2025,wind_duration_class_weather_calendar,Houston,not_wind_only,shortwave_radiation_sum,137,20.25357372262774,20.5092,17.172,23.5692,5.8032,28.1592,4.608257781087282
2025,wind_duration_class_weather_calendar,Houston,not_wind_only,wind_direction_10m_dominant,137,167.2511616447159,159.7939547855082,141.69659271290786,179.04999261682892,11.30887263066011,356.6995019662218,64.7543844785565
2025,wind_duration_class_weather_calendar,Houston,not_wind_only,pure_wind_run_days,137,0.0,0.0,0.0,0.0,0.0,0.0,0.0
2025,wind_duration_class_weather_calendar,Houston,not_wind_only,low_wind_run_days,137,1.1824817518248176,0.0,0.0,0.0,0.0,17.0,3.9967247217569026
2025,wind_duration_class_weather_calendar,Houston,persistent_wind_only,temperature_2m_max,66,31.221212121212126,31.5,30.35,32.2,26.4,33.4,1.3841426284349514
2025,wind_duration_class_weather_calendar,Houston,persistent_wind_only,wind_speed_10m_mean,66,6.600631313131314,6.5458333333333325,5.834375,7.466666666666667,4.6375,8.104166666666666,0.9300558417731533
2025,wind_duration_class_weather_calendar,Houston,persistent_wind_only,relative_humidity_2m_mean,66,78.74494949494948,80.4375,75.28125,83.15625,59.083333333333336,92.25,6.703900490929277
2025,wind_duration_class_weather_calendar,Houston,persistent_wind_only,precipitation_sum,66,3.9409090909090914,0.65,0.0,3.7249999999999996,0.0,37.1,7.653455273428964
2025,wind_duration_class_weather_calendar,Houston,persistent_wind_only,shortwave_radiation_sum,66,19.446709090909092,20.124000000000002,17.6202,21.7125,6.03,26.6652,3.7866371033991575
2025,wind_duration_class_weather_calendar,Houston,persistent_wind_only,wind_direction_10m_dominant,66,130.51837160037533,124.12267035478934,71.94880883768424,172.5172105142226,17.66458504046793,358.57865419170497,77.36915054765858
2025,wind_duration_class_weather_calendar,Houston,persistent_wind_only,pure_wind_run_days,66,5.242424242424242,5.0,3.0,9.0,2.0,9.0,2.5180004647192464
2025,wind_duration_class_weather_calendar,Houston,persistent_wind_only,low_wind_run_days,66,7.833333333333333,7.5,4.0,9.0,2.0,17.0,4.728256576837837
2025,wind_duration_class_weather_calendar,Los Angeles,isolated_wind_only,temperature_2m_max,12,27.433333333333334,29.85,26.1,30.4,19.1,31.0,4.463657964522195
2025,wind_duration_class_weather_calendar,Los Angeles,isolated_wind_only,wind_speed_10m_mean,12,5.8225694444444445,5.954166666666667,5.580208333333333,6.245833333333334,4.6875,6.379166666666666,0.5180804774382968
2025,wind_duration_class_weather_calendar,Los Angeles,isolated_wind_only,relative_humidity_2m_mean,12,63.15972222222221,63.458333333333336,59.197916666666664,69.02083333333333,50.04166666666666,73.66666666666667,8.117466074544476
2025,wind_duration_class_weather_calendar,Los Angeles,isolated_wind_only,precipitation_sum,12,0.024999999999999998,0.0,0.0,0.0,0.0,0.3,0.08660254037844385
2025,wind_duration_class_weather_calendar,Los Angeles,isolated_wind_only,shortwave_radiation_sum,12,24.9057,26.5302,23.380200000000002,28.7451,13.4712,30.4776,5.375503080727337
2025,wind_duration_class_weather_calendar,Los Angeles,isolated_wind_only,wind_direction_10m_dominant,12,209.28181492538832,206.9574652383533,203.8318679747653,214.08079595881844,197.32866051477487,227.6538583782804,8.269442336999518
2025,wind_duration_class_weather_calendar,Los Angeles,isolated_wind_only,pure_wind_run_days,12,1.0,1.0,1.0,1.0,1.0,1.0,0.0
2025,wind_duration_class_weather_calendar,Los Angeles,isolated_wind_only,low_wind_run_days,12,2.0833333333333335,1.5,1.0,3.25,1.0,4.0,1.3113721705515065
2025,wind_duration_class_weather_calendar,Los Angeles,not_wind_only,temperature_2m_max,155,26.611612903225808,26.6,23.6,29.15,16.3,37.4,4.632661500310141
2025,wind_duration_class_weather_calendar,Los Angeles,not_wind_only,wind_speed_10m_mean,155,7.3922311827956975,7.274999999999999,6.739583333333334,7.84375,4.6875,13.9875,1.1598577084363837
2025,wind_duration_class_weather_calendar,Los Angeles,not_wind_only,relative_humidity_2m_mean,155,64.33602150537634,66.375,59.520833333333336,70.22916666666666,33.208333333333336,80.45833333333333,8.488714652817938
2025,wind_duration_class_weather_calendar,Los Angeles,not_wind_only,precipitation_sum,155,0.3754838709677419,0.0,0.0,0.0,0.0,41.2,3.3413066488263863
2025,wind_duration_class_weather_calendar,Los Angeles,not_wind_only,shortwave_radiation_sum,155,26.02888258064516,27.504,24.577199999999998,29.156399999999998,7.851599999999999,31.5108,4.624500803261896
2025,wind_duration_class_weather_calendar,Los Angeles,not_wind_only,wind_direction_10m_dominant,155,206.22797703456592,207.5797744447937,196.01398841351374,216.17458701255867,13.107043555870836,334.34177142642454,30.351452680675578
2025,wind_duration_class_weather_calendar,Los Angeles,not_wind_only,pure_wind_run_days,155,0.0,0.0,0.0,0.0,0.0,0.0,0.0
2025,wind_duration_class_weather_calendar,Los Angeles,not_wind_only,low_wind_run_days,155,0.3419354838709677,0.0,0.0,0.0,0.0,9.0,1.2965424033184756
2025,wind_duration_class_weather_calendar,Los Angeles,persistent_wind_only,temperature_2m_max,47,26.54893617021277,26.6,24.9,28.8,17.5,32.2,3.373546214453654
2025,wind_duration_class_weather_calendar,Los Angeles,persistent_wind_only,wind_speed_10m_mean,47,5.44813829787234,5.504166666666666,4.852083333333333,6.1000000000000005,4.2875,6.404166666666666,0.6649251531733805
2025,wind_duration_class_weather_calendar,Los Angeles,persistent_wind_only,relative_humidity_2m_mean,47,66.1436170212766,65.79166666666667,59.3125,73.33333333333334,47.54166666666666,82.79166666666667,8.424038996203606
2025,wind_duration_class_weather_calendar,Los Angeles,persistent_wind_only,precipitation_sum,47,0.22340425531914898,0.0,0.0,0.0,0.0,8.8,1.2847284886491448
2025,wind_duration_class_weather_calendar,Los Angeles,persistent_wind_only,shortwave_radiation_sum,47,19.775336170212764,18.8208,16.677,22.0914,9.6048,31.4388,4.572410017961964
2025,wind_duration_class_weather_calendar,Los Angeles,persistent_wind_only,wind_direction_10m_dominant,47,211.74743907278113,208.15838362125996,197.73028986533544,227.60862581233437,13.411834900362765,344.98267038624687,47.530477559379634
2025,wind_duration_class_weather_calendar,Los Angeles,persistent_wind_only,pure_wind_run_days,47,5.297872340425532,5.0,2.5,7.0,2.0,9.0,2.5273709799523445
2025,wind_duration_class_weather_calendar,Los Angeles,persistent_wind_only,low_wind_run_days,47,6.191489361702128,6.0,4.0,9.0,2.0,9.0,2.5249907263914113
2025,wind_duration_class_weather_calendar,New York,isolated_wind_only,temperature_2m_max,13,22.861538461538466,24.1,21.5,26.4,12.5,27.4,4.313648583573319
2025,wind_duration_class_weather_calendar,New York,isolated_wind_only,wind_speed_10m_mean,13,6.938461538461539,6.616666666666667,6.329166666666667,7.866666666666667,5.758333333333333,8.033333333333333,0.8073862468720758
2025,wind_duration_class_weather_calendar,New York,isolated_wind_only,relative_humidity_2m_mean,13,73.59294871794872,74.83333333333333,66.66666666666667,78.70833333333333,49.16666666666666,87.29166666666667,10.863954504628254
2025,wind_duration_class_weather_calendar,New York,isolated_wind_only,precipitation_sum,13,1.4846153846153847,0.2,0.0,1.5,0.0,7.1000000000000005,2.334468588296615
2025,wind_duration_class_weather_calendar,New York,isolated_wind_only,shortwave_radiation_sum,13,16.383046153846156,17.9676,12.4992,21.276,4.914,26.2584,6.069738761074674
2025,wind_duration_class_weather_calendar,New York,isolated_wind_only,wind_direction_10m_dominant,13,171.3354497249532,160.71823977959076,127.38496480651526,227.50186717161264,12.541553306391387,334.58881118646235,100.59053438561912
2025,wind_duration_class_weather_calendar,New York,isolated_wind_only,pure_wind_run_days,13,1.0,1.0,1.0,1.0,1.0,1.0,0.0
2025,wind_duration_class_weather_calendar,New York,isolated_wind_only,low_wind_run_days,13,1.3076923076923077,1.0,1.0,1.0,1.0,4.0,0.8548504142651104
2025,wind_duration_class_weather_calendar,New York,not_wind_only,temperature_2m_max,171,22.919298245614034,22.9,18.5,28.1,5.1,36.6,6.597506799938308
2025,wind_duration_class_weather_calendar,New York,not_wind_only,wind_speed_10m_mean,171,11.836330409356727,11.116666666666667,8.9625,13.933333333333334,4.3875,26.96666666666667,4.004751728878923
2025,wind_duration_class_weather_calendar,New York,not_wind_only,relative_humidity_2m_mean,171,69.65521442495127,69.58333333333333,61.16666666666667,78.8125,42.16666666666666,92.54166666666669,11.134395167141555
2025,wind_duration_class_weather_calendar,New York,not_wind_only,precipitation_sum,171,3.415204678362573,0.2,0.0,3.9499999999999997,0.0,38.4,6.610152827207311
2025,wind_duration_class_weather_calendar,New York,not_wind_only,shortwave_radiation_sum,171,17.32454736842105,18.0792,12.5604,23.7708,1.2276,29.8224,7.626514551671732
2025,wind_duration_class_weather_calendar,New York,not_wind_only,wind_direction_10m_dominant,171,186.5962814104301,205.77047496174944,92.12571382827561,268.94334874984725,5.695110839049583,351.4937659341677,98.61948206486414
2025,wind_duration_class_weather_calendar,New York,not_wind_only,pure_wind_run_days,171,0.0,0.0,0.0,0.0,0.0,0.0,0.0
2025,wind_duration_class_weather_calendar,New York,not_wind_only,low_wind_run_days,171,0.26900584795321636,0.0,0.0,0.0,0.0,5.0,0.8865854226921994
2025,wind_duration_class_weather_calendar,New York,persistent_wind_only,temperature_2m_max,30,24.279999999999998,25.0,22.8,26.8,14.4,28.3,3.4647386327259158
2025,wind_duration_class_weather_calendar,New York,persistent_wind_only,wind_speed_10m_mean,30,6.848611111111112,6.85625,6.566666666666666,7.334375,4.870833333333334,8.041666666666666,0.8180226642230831
2025,wind_duration_class_weather_calendar,New York,persistent_wind_only,relative_humidity_2m_mean,30,72.47222222222221,72.125,66.76041666666667,77.57291666666667,54.083333333333336,89.79166666666667,8.06077499688752
2025,wind_duration_class_weather_calendar,New York,persistent_wind_only,precipitation_sum,30,1.2033333333333334,0.0,0.0,0.5499999999999999,0.0,12.5,2.935922968703525
2025,wind_duration_class_weather_calendar,New York,persistent_wind_only,shortwave_radiation_sum,30,18.821759999999998,17.927999999999997,14.113800000000001,22.8276,8.19,30.276,5.6866990690376005
2025,wind_duration_class_weather_calendar,New York,persistent_wind_only,wind_direction_10m_dominant,30,166.2593058715801,155.20198682230003,98.28108236011076,239.12631882996337,0.8318045592801674,356.5970308666871,99.20401127782193
2025,wind_duration_class_weather_calendar,New York,persistent_wind_only,pure_wind_run_days,30,2.7333333333333334,2.0,2.0,3.75,2.0,4.0,0.8683449709106095
2025,wind_duration_class_weather_calendar,New York,persistent_wind_only,low_wind_run_days,30,3.1333333333333333,3.0,2.0,4.0,2.0,5.0,1.0742546199601597
2025,wind_duration_class_weather_calendar,Philadelphia,isolated_wind_only,temperature_2m_max,17,26.841176470588238,27.4,25.3,29.2,21.2,30.7,2.9574183893070938
2025,wind_duration_class_weather_calendar,Philadelphia,isolated_wind_only,wind_speed_10m_mean,17,6.424754901960784,6.7375,6.2125,7.075,3.95,7.708333333333333,0.9984041852251838
2025,wind_duration_class_weather_calendar,Philadelphia,isolated_wind_only,relative_humidity_2m_mean,17,68.73529411764706,73.20833333333333,58.04166666666666,79.45833333333333,49.333333333333336,86.66666666666667,11.847042575682453
2025,wind_duration_class_weather_calendar,Philadelphia,isolated_wind_only,precipitation_sum,17,2.8529411764705883,0.7000000000000001,0.0,6.8,0.0,10.2,3.88814185168488
2025,wind_duration_class_weather_calendar,Philadelphia,isolated_wind_only,shortwave_radiation_sum,17,17.422305882352944,16.0308,14.0904,20.664,7.4052,30.2292,6.139749487608451
2025,wind_duration_class_weather_calendar,Philadelphia,isolated_wind_only,wind_direction_10m_dominant,17,201.06115698276312,202.6566255890066,161.30972273464602,248.64666638657116,29.69569214649343,327.76124803938586,81.06581644245689
2025,wind_duration_class_weather_calendar,Philadelphia,isolated_wind_only,pure_wind_run_days,17,1.0,1.0,1.0,1.0,1.0,1.0,0.0
2025,wind_duration_class_weather_calendar,Philadelphia,isolated_wind_only,low_wind_run_days,17,1.3529411764705883,1.0,1.0,1.0,1.0,4.0,0.8617697249402124
2025,wind_duration_class_weather_calendar,Philadelphia,not_wind_only,temperature_2m_max,167,24.61017964071856,24.9,20.2,30.1,6.4,38.8,6.704787309012946
2025,wind_duration_class_weather_calendar,Philadelphia,not_wind_only,wind_speed_10m_mean,167,11.71317365269461,10.904166666666669,9.016666666666666,13.618750000000002,4.1625000000000005,25.058333333333334,3.9243103263206427
2025,wind_duration_class_weather_calendar,Philadelphia,not_wind_only,relative_humidity_2m_mean,167,65.5998003992016,64.20833333333333,55.04166666666667,77.0,33.25,90.66666666666669,13.482212671795505
2025,wind_duration_class_weather_calendar,Philadelphia,not_wind_only,precipitation_sum,167,3.418562874251497,0.2,0.0,2.85,0.0,55.7,7.375371117919905
2025,wind_duration_class_weather_calendar,Philadelphia,not_wind_only,shortwave_radiation_sum,167,17.426306586826346,18.4716,11.2698,24.1056,1.422,30.1644,7.724306611990534
2025,wind_duration_class_weather_calendar,Philadelphia,not_wind_only,wind_direction_10m_dominant,167,190.26803423684188,209.16426495082771,84.10769048408139,275.923190275564,3.152596551361217,354.0581551918467,101.09408749744453
2025,wind_duration_class_weather_calendar,Philadelphia,not_wind_only,pure_wind_run_days,167,0.0,0.0,0.0,0.0,0.0,0.0,0.0
2025,wind_duration_class_weather_calendar,Philadelphia,not_wind_only,low_wind_run_days,167,0.31137724550898205,0.0,0.0,0.0,0.0,6.0,1.0916120036290669
2025,wind_duration_class_weather_calendar,Philadelphia,persistent_wind_only,temperature_2m_max,30,26.623333333333335,27.299999999999997,25.675,29.15,15.6,30.8,3.682829059983299
2025,wind_duration_class_weather_calendar,Philadelphia,persistent_wind_only,wind_speed_10m_mean,30,6.255138888888891,6.447916666666667,5.530208333333333,6.863541666666666,4.2125,7.8125,0.8801495182576334
2025,wind_duration_class_weather_calendar,Philadelphia,persistent_wind_only,relative_humidity_2m_mean,30,67.72916666666667,67.02083333333334,62.708333333333336,70.84375,54.79166666666666,86.29166666666667,8.887458540030794
2025,wind_duration_class_weather_calendar,Philadelphia,persistent_wind_only,precipitation_sum,30,0.7799999999999999,0.0,0.0,0.17500000000000002,0.0,10.6,2.1630757156706593
2025,wind_duration_class_weather_calendar,Philadelphia,persistent_wind_only,shortwave_radiation_sum,30,17.86344,17.391599999999997,13.4604,19.4868,8.6472,27.63,5.615380384916977
2025,wind_duration_class_weather_calendar,Philadelphia,persistent_wind_only,wind_direction_10m_dominant,30,187.8278547508456,203.1027378224228,94.98870638347712,252.52715530383662,10.474317044933642,359.4403951350924,101.44913784094784
2025,wind_duration_class_weather_calendar,Philadelphia,persistent_wind_only,pure_wind_run_days,30,3.0,3.0,2.0,4.0,2.0,4.0,0.909717652294684
2025,wind_duration_class_weather_calendar,Philadelphia,persistent_wind_only,low_wind_run_days,30,3.3,3.5,2.0,4.0,2.0,6.0,1.290549201456229
2025,wind_duration_class_weather_calendar,Phoenix,isolated_wind_only,temperature_2m_max,14,37.892857142857146,38.95,37.824999999999996,40.375,26.7,41.5,4.033792696270288
2025,wind_duration_class_weather_calendar,Phoenix,isolated_wind_only,wind_speed_10m_mean,14,5.952678571428571,6.039583333333333,5.73125,6.210416666666666,4.995833333333334,6.6375,0.4339388248284874
2025,wind_duration_class_weather_calendar,Phoenix,isolated_wind_only,relative_humidity_2m_mean,14,26.27380952380952,24.895833333333336,16.75,32.416666666666664,9.25,46.54166666666666,12.908638057825328
2025,wind_duration_class_weather_calendar,Phoenix,isolated_wind_only,precipitation_sum,14,0.1285714285714286,0.0,0.0,0.0,0.0,1.7000000000000002,0.4530725386455521
2025,wind_duration_class_weather_calendar,Phoenix,isolated_wind_only,shortwave_radiation_sum,14,25.660542857142854,26.8974,21.9312,29.9925,17.136,31.4784,4.778746087499441
2025,wind_duration_class_weather_calendar,Phoenix,isolated_wind_only,wind_direction_10m_dominant,14,221.98021351498258,243.3513923939442,202.26604606819296,262.92692012783647,5.001769858504251,337.8056210965523,80.03270788497727
2025,wind_duration_class_weather_calendar,Phoenix,isolated_wind_only,pure_wind_run_days,14,1.0,1.0,1.0,1.0,1.0,1.0,0.0
2025,wind_duration_class_weather_calendar,Phoenix,isolated_wind_only,low_wind_run_days,14,1.0714285714285714,1.0,1.0,1.0,1.0,2.0,0.26726124191242434
2025,wind_duration_class_weather_calendar,Phoenix,not_wind_only,temperature_2m_max,142,38.09718309859154,39.55,34.2,42.6,18.5,47.7,6.295387748376374
2025,wind_duration_class_weather_calendar,Phoenix,not_wind_only,wind_speed_10m_mean,142,9.293515258215963,8.79375,7.559375,10.734375,4.558333333333334,18.27083333333333,2.368884256215969
2025,wind_duration_class_weather_calendar,Phoenix,not_wind_only,relative_humidity_2m_mean,142,24.058685446009388,19.39583333333333,14.0,29.39583333333333,8.958333333333334,78.375,13.630852567580247
2025,wind_duration_class_weather_calendar,Phoenix,not_wind_only,precipitation_sum,142,0.6077464788732394,0.0,0.0,0.1,0.0,22.8,2.474983313753107
2025,wind_duration_class_weather_calendar,Phoenix,not_wind_only,shortwave_radiation_sum,142,26.58676056338028,28.0278,23.819399999999998,30.082500000000003,9.9468,32.31,4.802259205521427
2025,wind_duration_class_weather_calendar,Phoenix,not_wind_only,wind_direction_10m_dominant,142,210.95644075333328,237.08743797003342,192.1401138260232,254.09461869993237,2.182179313507958,359.6379116780841,74.2918657904095
2025,wind_duration_class_weather_calendar,Phoenix,not_wind_only,pure_wind_run_days,142,0.0,0.0,0.0,0.0,0.0,0.0,0.0
2025,wind_duration_class_weather_calendar,Phoenix,not_wind_only,low_wind_run_days,142,0.056338028169014086,0.0,0.0,0.0,0.0,2.0,0.3099908003055873
2025,wind_duration_class_weather_calendar,Phoenix,persistent_wind_only,temperature_2m_max,58,32.65,32.900000000000006,30.125,35.875,23.0,40.2,4.2552444422333595
2025,wind_duration_class_weather_calendar,Phoenix,persistent_wind_only,wind_speed_10m_mean,58,5.593103448275863,5.802083333333334,5.155208333333333,6.13125,3.4125,6.691666666666666,0.7867524267033267
2025,wind_duration_class_weather_calendar,Phoenix,persistent_wind_only,relative_humidity_2m_mean,58,35.96479885057472,34.75,20.833333333333332,47.62499999999999,12.791666666666666,81.54166666666667,17.350228990173605
2025,wind_duration_class_weather_calendar,Phoenix,persistent_wind_only,precipitation_sum,58,0.4396551724137931,0.0,0.0,0.0,0.0,10.5,1.5909767115051445
2025,wind_duration_class_weather_calendar,Phoenix,persistent_wind_only,shortwave_radiation_sum,58,22.503724137931034,21.1356,18.737099999999998,27.396,11.124,31.23,5.007845427358898
2025,wind_duration_class_weather_calendar,Phoenix,persistent_wind_only,wind_direction_10m_dominant,58,152.31599872879,107.09192015226043,64.5850306247479,240.83749450149833,0.3940390598276525,355.5461260995765,104.73663657629471
2025,wind_duration_class_weather_calendar,Phoenix,persistent_wind_only,pure_wind_run_days,58,4.586206896551724,5.0,3.0,6.0,2.0,7.0,1.6333635810871316
2025,wind_duration_class_weather_calendar,Phoenix,persistent_wind_only,low_wind_run_days,58,4.586206896551724,5.0,3.0,6.0,2.0,7.0,1.6333635810871316
2025,wind_duration_class_weather_calendar,San Diego,isolated_wind_only,temperature_2m_max,11,26.7,27.3,25.95,28.25,20.9,29.3,2.510378457523885
2025,wind_duration_class_weather_calendar,San Diego,isolated_wind_only,wind_speed_10m_mean,11,6.048863636363637,6.466666666666666,5.793750000000001,6.535416666666666,4.108333333333333,6.595833333333334,0.7546409441220737
2025,wind_duration_class_weather_calendar,San Diego,isolated_wind_only,relative_humidity_2m_mean,11,71.18560606060606,69.25,64.39583333333334,77.4375,61.875,82.5,7.826600910879627
2025,wind_duration_class_weather_calendar,San Diego,isolated_wind_only,precipitation_sum,11,1.4272727272727272,0.0,0.0,0.0,0.0,15.0,4.506460009606411
2025,wind_duration_class_weather_calendar,San Diego,isolated_wind_only,shortwave_radiation_sum,11,23.19250909090909,23.22,21.6288,28.409399999999998,4.4244,31.0392,7.58099506522126
2025,wind_duration_class_weather_calendar,San Diego,isolated_wind_only,wind_direction_10m_dominant,11,276.0629165055094,279.9405681318714,262.5628284518824,285.40318347728305,221.9674700206853,348.28002758433007,32.03266484677467
2025,wind_duration_class_weather_calendar,San Diego,isolated_wind_only,pure_wind_run_days,11,1.0,1.0,1.0,1.0,1.0,1.0,0.0
2025,wind_duration_class_weather_calendar,San Diego,isolated_wind_only,low_wind_run_days,11,1.1818181818181819,1.0,1.0,1.0,1.0,2.0,0.40451991747794525
2025,wind_duration_class_weather_calendar,San Diego,not_wind_only,temperature_2m_max,158,24.924050632911392,25.25,22.0,27.75,15.7,33.2,3.977587374560205
2025,wind_duration_class_weather_calendar,San Diego,not_wind_only,wind_speed_10m_mean,158,8.181276371308018,7.647916666666667,7.01875,8.594791666666667,4.579166666666667,19.0625,2.0805893153311437
2025,wind_duration_class_weather_calendar,San Diego,not_wind_only,relative_humidity_2m_mean,158,70.20094936708861,71.4375,66.8125,75.27083333333334,34.041666666666664,84.625,7.51120818412373
2025,wind_duration_class_weather_calendar,San Diego,not_wind_only,precipitation_sum,158,0.35822784810126584,0.0,0.0,0.1,0.0,6.300000000000001,1.1013145121902939
2025,wind_duration_class_weather_calendar,San Diego,not_wind_only,shortwave_radiation_sum,158,24.610511392405062,26.267400000000002,21.0204,28.836,6.048,32.0796,5.386282320669662
2025,wind_duration_class_weather_calendar,San Diego,not_wind_only,wind_direction_10m_dominant,158,270.80813014765135,277.73968838969586,253.50782156210178,291.443488085949,30.80193677723364,331.3043173940649,34.93119357442923
2025,wind_duration_class_weather_calendar,San Diego,not_wind_only,pure_wind_run_days,158,0.0,0.0,0.0,0.0,0.0,0.0,0.0
2025,wind_duration_class_weather_calendar,San Diego,not_wind_only,low_wind_run_days,158,0.25949367088607594,0.0,0.0,0.0,0.0,6.0,0.9851145605521809
2025,wind_duration_class_weather_calendar,San Diego,persistent_wind_only,temperature_2m_max,45,25.86444444444444,25.7,24.3,27.9,19.4,29.6,2.3972669623737963
2025,wind_duration_class_weather_calendar,San Diego,persistent_wind_only,wind_speed_10m_mean,45,5.792222222222223,5.770833333333333,5.379166666666666,6.229166666666667,4.658333333333333,6.575,0.5640569082167781
2025,wind_duration_class_weather_calendar,San Diego,persistent_wind_only,relative_humidity_2m_mean,45,67.67129629629629,69.66666666666667,63.583333333333336,73.25,41.958333333333336,80.66666666666667,8.093793130136548
2025,wind_duration_class_weather_calendar,San Diego,persistent_wind_only,precipitation_sum,45,0.0022222222222222222,0.0,0.0,0.0,0.0,0.1,0.014907119849998596
2025,wind_duration_class_weather_calendar,San Diego,persistent_wind_only,shortwave_radiation_sum,45,25.324559999999998,26.4492,20.4336,29.7324,17.1144,31.7916,4.888124766596919
2025,wind_duration_class_weather_calendar,San Diego,persistent_wind_only,wind_direction_10m_dominant,45,259.30920316774274,266.09780945405055,250.9002154912007,280.0763148690492,7.067672219149596,313.9085434161486,43.611405784606994
2025,wind_duration_class_weather_calendar,San Diego,persistent_wind_only,pure_wind_run_days,45,4.155555555555556,4.0,2.0,5.0,2.0,8.0,2.152752525104415
2025,wind_duration_class_weather_calendar,San Diego,persistent_wind_only,low_wind_run_days,45,4.688888888888889,5.0,2.0,6.0,2.0,8.0,2.1407541388090983
2025,wind_duration_class_weather_calendar,Seattle,isolated_wind_only,temperature_2m_max,18,18.59444444444445,19.4,15.1,21.475,12.0,23.8,3.6458634452538004
2025,wind_duration_class_weather_calendar,Seattle,isolated_wind_only,wind_speed_10m_mean,18,4.979629629629629,5.05625,4.758333333333334,5.433333333333334,3.5625,5.741666666666667,0.6124622985743842
2025,wind_duration_class_weather_calendar,Seattle,isolated_wind_only,relative_humidity_2m_mean,18,75.11574074074073,76.3125,71.5625,80.90625,57.5,87.5,8.334639058924884
2025,wind_duration_class_weather_calendar,Seattle,isolated_wind_only,precipitation_sum,18,1.4611111111111112,0.0,0.0,0.275,0.0,18.7,4.43742623983621
2025,wind_duration_class_weather_calendar,Seattle,isolated_wind_only,shortwave_radiation_sum,18,15.393999999999998,14.9652,10.9854,19.1385,2.7432,27.2304,6.471230052361625
2025,wind_duration_class_weather_calendar,Seattle,isolated_wind_only,wind_direction_10m_dominant,18,154.18001387194658,144.08786336647273,21.088966262910226,296.35302271762333,1.8329993621013492,345.22848526030265,135.73625329963386
2025,wind_duration_class_weather_calendar,Seattle,isolated_wind_only,pure_wind_run_days,18,1.0,1.0,1.0,1.0,1.0,1.0,0.0
2025,wind_duration_class_weather_calendar,Seattle,isolated_wind_only,low_wind_run_days,18,1.3333333333333333,1.0,1.0,1.0,1.0,4.0,0.8401680504168059
2025,wind_duration_class_weather_calendar,Seattle,not_wind_only,temperature_2m_max,169,19.924260355029585,20.2,15.5,24.0,9.2,31.6,5.110895535021922
2025,wind_duration_class_weather_calendar,Seattle,not_wind_only,wind_speed_10m_mean,169,8.617702169625248,7.904166666666666,6.633333333333333,10.016666666666667,2.9916666666666667,20.47083333333333,2.924575649427016
2025,wind_duration_class_weather_calendar,Seattle,not_wind_only,relative_humidity_2m_mean,169,72.80818540433926,72.04166666666667,66.5,78.45833333333333,54.458333333333336,92.95833333333331,8.28988078365543
2025,wind_duration_class_weather_calendar,Seattle,not_wind_only,precipitation_sum,169,2.227810650887574,0.0,0.0,1.5,0.0,28.3,4.836997352956164
2025,wind_duration_class_weather_calendar,Seattle,not_wind_only,shortwave_radiation_sum,169,17.794970414201185,17.6364,11.4192,24.4188,1.08,30.3264,7.81296078829003
2025,wind_duration_class_weather_calendar,Seattle,not_wind_only,wind_direction_10m_dominant,169,163.43149838602906,196.59347453623263,24.629291075248155,215.33463803334047,0.1261576048581608,359.35973538936634,103.38033617357861
2025,wind_duration_class_weather_calendar,Seattle,not_wind_only,pure_wind_run_days,169,0.0,0.0,0.0,0.0,0.0,0.0,0.0
2025,wind_duration_class_weather_calendar,Seattle,not_wind_only,low_wind_run_days,169,0.2781065088757396,0.0,0.0,0.0,0.0,5.0,0.8861668191968586
2025,wind_duration_class_weather_calendar,Seattle,persistent_wind_only,temperature_2m_max,27,20.31111111111111,21.0,19.05,22.4,12.3,23.5,2.7163795663930967
2025,wind_duration_class_weather_calendar,Seattle,persistent_wind_only,wind_speed_10m_mean,27,4.980246913580248,5.058333333333334,4.575,5.558333333333334,3.4291666666666667,5.8375,0.6596096770098698
2025,wind_duration_class_weather_calendar,Seattle,persistent_wind_only,relative_humidity_2m_mean,27,73.47993827160494,73.25,67.02083333333334,79.60416666666666,63.333333333333336,86.875,6.9813201841154
2025,wind_duration_class_weather_calendar,Seattle,persistent_wind_only,precipitation_sum,27,0.44074074074074077,0.0,0.0,0.25,0.0,6.0,1.214736204113488
2025,wind_duration_class_weather_calendar,Seattle,persistent_wind_only,shortwave_radiation_sum,27,19.118800000000004,18.216,13.698,25.5474,9.5904,29.7432,6.873588630738342
2025,wind_duration_class_weather_calendar,Seattle,persistent_wind_only,wind_direction_10m_dominant,27,200.12425194507807,224.17026674935252,103.31404231966158,296.8989396996435,3.2435962959007067,357.9113486293046,121.87950223048836
2025,wind_duration_class_weather_calendar,Seattle,persistent_wind_only,pure_wind_run_days,27,2.6296296296296298,2.0,2.0,3.0,2.0,4.0,0.7415238026237254
2025,wind_duration_class_weather_calendar,Seattle,persistent_wind_only,low_wind_run_days,27,2.8518518518518516,3.0,2.0,3.0,2.0,5.0,1.0267088458424103
