city,station_id,date,stratum,regime,episode_id,weight,pure_wind_run_days,persistent_wind_only
Atlanta,13-121-0056,2019-07-05,13-121-0056|2019|7|4,episode,atlanta_2019-07-05,1.0,0,False
Atlanta,13-121-0056,2019-07-26,13-121-0056|2019|7|4,wind_only,,1.0,1,False
Atlanta,13-089-0002,2019-08-03,13-089-0002|2019|8|5,wind_only,,0.3333333333333333,4,True
Atlanta,13-089-0003,2019-08-03,13-089-0003|2019|8|5,wind_only,,0.3333333333333333,4,True
Atlanta,13-121-0056,2019-08-03,13-121-0056|2019|8|5,wind_only,,0.3333333333333333,4,True
Atlanta,13-089-0002,2019-08-04,13-089-0002|2019|8|6,wind_only,,0.3333333333333333,4,True
Atlanta,13-089-0003,2019-08-04,13-089-0003|2019|8|6,wind_only,,0.3333333333333333,4,True
Atlanta,13-121-0056,2019-08-04,13-121-0056|2019|8|6,wind_only,,0.3333333333333333,4,True
Atlanta,13-089-0002,2019-08-05,13-089-0002|2019|8|0,wind_only,,0.3333333333333333,4,True
Atlanta,13-089-0003,2019-08-05,13-089-0003|2019|8|0,wind_only,,0.3333333333333333,4,True
Atlanta,13-121-0056,2019-08-05,13-121-0056|2019|8|0,wind_only,,0.3333333333333333,4,True
Atlanta,13-089-0002,2019-08-06,13-089-0002|2019|8|1,wind_only,,0.3333333333333333,4,True
Atlanta,13-089-0003,2019-08-06,13-089-0003|2019|8|1,wind_only,,0.3333333333333333,4,True
Atlanta,13-121-0056,2019-08-06,13-121-0056|2019|8|1,wind_only,,0.3333333333333333,4,True
Atlanta,13-089-0002,2019-08-10,13-089-0002|2019|8|5,episode,atlanta_2019-08-10,0.3333333333333333,0,False
Atlanta,13-089-0003,2019-08-10,13-089-0003|2019|8|5,episode,atlanta_2019-08-10,0.3333333333333333,0,False
Atlanta,13-121-0056,2019-08-10,13-121-0056|2019|8|5,episode,atlanta_2019-08-10,0.3333333333333333,0,False
Atlanta,13-089-0002,2019-08-11,13-089-0002|2019|8|6,episode,atlanta_2019-08-10,0.3333333333333333,0,False
Atlanta,13-089-0003,2019-08-11,13-089-0003|2019|8|6,episode,atlanta_2019-08-10,0.3333333333333333,0,False
Atlanta,13-121-0056,2019-08-11,13-121-0056|2019|8|6,episode,atlanta_2019-08-10,0.3333333333333333,0,False
Atlanta,13-089-0002,2019-08-12,13-089-0002|2019|8|0,episode,atlanta_2019-08-10,0.3333333333333333,0,False
Atlanta,13-089-0003,2019-08-12,13-089-0003|2019|8|0,episode,atlanta_2019-08-10,0.3333333333333333,0,False
Atlanta,13-121-0056,2019-08-12,13-121-0056|2019|8|0,episode,atlanta_2019-08-10,0.3333333333333333,0,False
Atlanta,13-089-0002,2019-08-13,13-089-0002|2019|8|1,episode,atlanta_2019-08-10,0.3333333333333333,0,False
Atlanta,13-089-0003,2019-08-13,13-089-0003|2019|8|1,episode,atlanta_2019-08-10,0.3333333333333333,0,False
Atlanta,13-121-0056,2019-08-13,13-121-0056|2019|8|1,episode,atlanta_2019-08-10,0.3333333333333333,0,False
Atlanta,13-089-0002,2019-08-17,13-089-0002|2019|8|5,episode,atlanta_2019-08-17,0.3333333333333333,0,False
Atlanta,13-089-0003,2019-08-17,13-089-0003|2019|8|5,episode,atlanta_2019-08-17,0.3333333333333333,0,False
Atlanta,13-121-0056,2019-08-17,13-121-0056|2019|8|5,episode,atlanta_2019-08-17,0.3333333333333333,0,False
Atlanta,13-089-0002,2019-08-18,13-089-0002|2019|8|6,episode,atlanta_2019-08-17,0.3333333333333333,0,False
Atlanta,13-089-0003,2019-08-18,13-089-0003|2019|8|6,episode,atlanta_2019-08-17,0.3333333333333333,0,False
Atlanta,13-121-0056,2019-08-18,13-121-0056|2019|8|6,episode,atlanta_2019-08-17,0.3333333333333333,0,False
Atlanta,13-089-0002,2019-08-19,13-089-0002|2019|8|0,episode,atlanta_2019-08-17,0.3333333333333333,0,False
Atlanta,13-089-0003,2019-08-19,13-089-0003|2019|8|0,episode,atlanta_2019-08-17,0.3333333333333333,0,False
Atlanta,13-121-0056,2019-08-19,13-121-0056|2019|8|0,episode,atlanta_2019-08-17,0.3333333333333333,0,False
Atlanta,13-089-0002,2019-08-20,13-089-0002|2019|8|1,wind_only,,0.3333333333333333,1,False
Atlanta,13-089-0003,2019-08-20,13-089-0003|2019|8|1,wind_only,,0.3333333333333333,1,False
Atlanta,13-121-0056,2019-08-20,13-121-0056|2019|8|1,wind_only,,0.3333333333333333,1,False
Atlanta,13-089-0002,2020-07-03,13-089-0002|2020|7|4,wind_only,,0.3333333333333333,2,True
Atlanta,13-089-0003,2020-07-03,13-089-0003|2020|7|4,wind_only,,0.3333333333333333,2,True
Atlanta,13-121-0056,2020-07-03,13-121-0056|2020|7|4,wind_only,,0.3333333333333333,2,True
Atlanta,13-089-0002,2020-07-04,13-089-0002|2020|7|5,wind_only,,0.3333333333333333,2,True
Atlanta,13-089-0003,2020-07-04,13-089-0003|2020|7|5,wind_only,,0.3333333333333333,2,True
Atlanta,13-121-0056,2020-07-04,13-121-0056|2020|7|5,wind_only,,0.3333333333333333,2,True
Atlanta,13-089-0002,2020-07-08,13-089-0002|2020|7|2,wind_only,,0.3333333333333333,2,True
Atlanta,13-089-0003,2020-07-08,13-089-0003|2020|7|2,wind_only,,0.3333333333333333,2,True
Atlanta,13-121-0056,2020-07-08,13-121-0056|2020|7|2,wind_only,,0.3333333333333333,2,True
Atlanta,13-089-0002,2020-07-09,13-089-0002|2020|7|3,wind_only,,0.3333333333333333,2,True
Atlanta,13-089-0003,2020-07-09,13-089-0003|2020|7|3,wind_only,,0.3333333333333333,2,True
Atlanta,13-121-0056,2020-07-09,13-121-0056|2020|7|3,wind_only,,0.3333333333333333,2,True
Atlanta,13-089-0002,2020-07-14,13-089-0002|2020|7|1,episode,atlanta_2020-07-14,0.3333333333333333,0,False
Atlanta,13-089-0003,2020-07-14,13-089-0003|2020|7|1,episode,atlanta_2020-07-14,0.3333333333333333,0,False
Atlanta,13-121-0056,2020-07-14,13-121-0056|2020|7|1,episode,atlanta_2020-07-14,0.3333333333333333,0,False
Atlanta,13-089-0002,2020-07-15,13-089-0002|2020|7|2,episode,atlanta_2020-07-14,0.3333333333333333,0,False
Atlanta,13-089-0003,2020-07-15,13-089-0003|2020|7|2,episode,atlanta_2020-07-14,0.3333333333333333,0,False
Atlanta,13-121-0056,2020-07-15,13-121-0056|2020|7|2,episode,atlanta_2020-07-14,0.3333333333333333,0,False
Atlanta,13-089-0002,2020-07-16,13-089-0002|2020|7|3,episode,atlanta_2020-07-14,0.3333333333333333,0,False
Atlanta,13-089-0003,2020-07-16,13-089-0003|2020|7|3,episode,atlanta_2020-07-14,0.3333333333333333,0,False
Atlanta,13-121-0056,2020-07-16,13-121-0056|2020|7|3,episode,atlanta_2020-07-14,0.3333333333333333,0,False
Atlanta,13-089-0002,2020-07-17,13-089-0002|2020|7|4,episode,atlanta_2020-07-14,0.3333333333333333,0,False
Atlanta,13-089-0003,2020-07-17,13-089-0003|2020|7|4,episode,atlanta_2020-07-14,0.3333333333333333,0,False
Atlanta,13-121-0056,2020-07-17,13-121-0056|2020|7|4,episode,atlanta_2020-07-14,0.3333333333333333,0,False
Atlanta,13-089-0002,2020-07-18,13-089-0002|2020|7|5,episode,atlanta_2020-07-14,0.3333333333333333,0,False
Atlanta,13-089-0003,2020-07-18,13-089-0003|2020|7|5,episode,atlanta_2020-07-14,0.3333333333333333,0,False
Atlanta,13-121-0056,2020-07-18,13-121-0056|2020|7|5,episode,atlanta_2020-07-14,0.3333333333333333,0,False
Atlanta,13-089-0002,2020-07-21,13-089-0002|2020|7|1,episode,atlanta_2020-07-14,0.3333333333333333,0,False
Atlanta,13-089-0003,2020-07-21,13-089-0003|2020|7|1,episode,atlanta_2020-07-14,0.3333333333333333,0,False
Atlanta,13-121-0056,2020-07-21,13-121-0056|2020|7|1,episode,atlanta_2020-07-14,0.3333333333333333,0,False
Atlanta,13-089-0002,2020-07-22,13-089-0002|2020|7|2,episode,atlanta_2020-07-14,0.3333333333333333,0,False
Atlanta,13-089-0003,2020-07-22,13-089-0003|2020|7|2,episode,atlanta_2020-07-14,0.3333333333333333,0,False
Atlanta,13-121-0056,2020-07-22,13-121-0056|2020|7|2,episode,atlanta_2020-07-14,0.3333333333333333,0,False
Atlanta,13-089-0002,2020-07-23,13-089-0002|2020|7|3,episode,atlanta_2020-07-14,0.3333333333333333,0,False
Atlanta,13-089-0003,2020-07-23,13-089-0003|2020|7|3,episode,atlanta_2020-07-14,0.3333333333333333,0,False
Atlanta,13-121-0056,2020-07-23,13-121-0056|2020|7|3,episode,atlanta_2020-07-14,0.3333333333333333,0,False
Atlanta,13-089-0002,2020-07-24,13-089-0002|2020|7|4,wind_only,,0.3333333333333333,2,True
Atlanta,13-089-0003,2020-07-24,13-089-0003|2020|7|4,wind_only,,0.3333333333333333,2,True
Atlanta,13-121-0056,2020-07-24,13-121-0056|2020|7|4,wind_only,,0.3333333333333333,2,True
Atlanta,13-089-0002,2020-07-25,13-089-0002|2020|7|5,wind_only,,0.3333333333333333,2,True
Atlanta,13-089-0003,2020-07-25,13-089-0003|2020|7|5,wind_only,,0.3333333333333333,2,True
Atlanta,13-121-0056,2020-07-25,13-121-0056|2020|7|5,wind_only,,0.3333333333333333,2,True
Atlanta,13-089-0002,2020-07-28,13-089-0002|2020|7|1,wind_only,,0.3333333333333333,1,False
Atlanta,13-089-0003,2020-07-28,13-089-0003|2020|7|1,wind_only,,0.3333333333333333,1,False
Atlanta,13-121-0056,2020-07-28,13-121-0056|2020|7|1,wind_only,,0.3333333333333333,1,False
Atlanta,13-089-0002,2020-08-05,13-089-0002|2020|8|2,episode,atlanta_2020-08-05,0.3333333333333333,0,False
Atlanta,13-089-0003,2020-08-05,13-089-0003|2020|8|2,episode,atlanta_2020-08-05,0.3333333333333333,0,False
Atlanta,13-121-0056,2020-08-05,13-121-0056|2020|8|2,episode,atlanta_2020-08-05,0.3333333333333333,0,False
Atlanta,13-089-0002,2020-08-07,13-089-0002|2020|8|4,episode,atlanta_2020-08-05,0.3333333333333333,0,False
Atlanta,13-089-0003,2020-08-07,13-089-0003|2020|8|4,episode,atlanta_2020-08-05,0.3333333333333333,0,False
Atlanta,13-121-0056,2020-08-07,13-121-0056|2020|8|4,episode,atlanta_2020-08-05,0.3333333333333333,0,False
Atlanta,13-089-0002,2020-08-12,13-089-0002|2020|8|2,episode,atlanta_2020-08-12,0.3333333333333333,0,False
Atlanta,13-089-0003,2020-08-12,13-089-0003|2020|8|2,episode,atlanta_2020-08-12,0.3333333333333333,0,False
Atlanta,13-121-0056,2020-08-12,13-121-0056|2020|8|2,episode,atlanta_2020-08-12,0.3333333333333333,0,False
Atlanta,13-089-0002,2020-08-14,13-089-0002|2020|8|4,wind_only,,0.3333333333333333,1,False
Atlanta,13-089-0003,2020-08-14,13-089-0003|2020|8|4,wind_only,,0.3333333333333333,1,False
Atlanta,13-121-0056,2020-08-14,13-121-0056|2020|8|4,wind_only,,0.3333333333333333,1,False
Atlanta,13-089-0002,2020-08-19,13-089-0002|2020|8|2,wind_only,,0.3333333333333333,3,True
Atlanta,13-089-0003,2020-08-19,13-089-0003|2020|8|2,wind_only,,0.3333333333333333,3,True
Atlanta,13-121-0056,2020-08-19,13-121-0056|2020|8|2,wind_only,,0.3333333333333333,3,True
Atlanta,13-089-0002,2020-08-21,13-089-0002|2020|8|4,wind_only,,0.3333333333333333,1,False
Atlanta,13-089-0003,2020-08-21,13-089-0003|2020|8|4,wind_only,,0.3333333333333333,1,False
Atlanta,13-121-0056,2020-08-21,13-121-0056|2020|8|4,wind_only,,0.3333333333333333,1,False
Atlanta,13-089-0002,2020-08-26,13-089-0002|2020|8|2,wind_only,,0.3333333333333333,1,False
Atlanta,13-089-0003,2020-08-26,13-089-0003|2020|8|2,wind_only,,0.3333333333333333,1,False
Atlanta,13-121-0056,2020-08-26,13-121-0056|2020|8|2,wind_only,,0.3333333333333333,1,False
Atlanta,13-089-0002,2021-07-14,13-089-0002|2021|7|2,wind_only,,0.3333333333333333,3,True
Atlanta,13-089-0003,2021-07-14,13-089-0003|2021|7|2,wind_only,,0.3333333333333333,3,True
Atlanta,13-121-0056,2021-07-14,13-121-0056|2021|7|2,wind_only,,0.3333333333333333,3,True
Atlanta,13-089-0002,2021-07-15,13-089-0002|2021|7|3,wind_only,,0.3333333333333333,3,True
Atlanta,13-089-0003,2021-07-15,13-089-0003|2021|7|3,wind_only,,0.3333333333333333,3,True
Atlanta,13-121-0056,2021-07-15,13-121-0056|2021|7|3,wind_only,,0.3333333333333333,3,True
Atlanta,13-089-0002,2021-07-20,13-089-0002|2021|7|1,wind_only,,0.3333333333333333,6,True
Atlanta,13-089-0003,2021-07-20,13-089-0003|2021|7|1,wind_only,,0.3333333333333333,6,True
Atlanta,13-121-0056,2021-07-20,13-121-0056|2021|7|1,wind_only,,0.3333333333333333,6,True
Atlanta,13-089-0002,2021-07-21,13-089-0002|2021|7|2,wind_only,,0.3333333333333333,6,True
Atlanta,13-089-0003,2021-07-21,13-089-0003|2021|7|2,wind_only,,0.3333333333333333,6,True
Atlanta,13-121-0056,2021-07-21,13-121-0056|2021|7|2,wind_only,,0.3333333333333333,6,True
Atlanta,13-089-0002,2021-07-22,13-089-0002|2021|7|3,wind_only,,0.3333333333333333,6,True
Atlanta,13-089-0003,2021-07-22,13-089-0003|2021|7|3,wind_only,,0.3333333333333333,6,True
Atlanta,13-121-0056,2021-07-22,13-121-0056|2021|7|3,wind_only,,0.3333333333333333,6,True
Atlanta,13-089-0002,2021-07-27,13-089-0002|2021|7|1,episode,atlanta_2021-07-26,0.3333333333333333,0,False
Atlanta,13-089-0003,2021-07-27,13-089-0003|2021|7|1,episode,atlanta_2021-07-26,0.3333333333333333,0,False
Atlanta,13-121-0056,2021-07-27,13-121-0056|2021|7|1,episode,atlanta_2021-07-26,0.3333333333333333,0,False
Atlanta,13-089-0002,2021-07-28,13-089-0002|2021|7|2,episode,atlanta_2021-07-26,0.3333333333333333,0,False
Atlanta,13-089-0003,2021-07-28,13-089-0003|2021|7|2,episode,atlanta_2021-07-26,0.3333333333333333,0,False
Atlanta,13-121-0056,2021-07-28,13-121-0056|2021|7|2,episode,atlanta_2021-07-26,0.3333333333333333,0,False
Atlanta,13-089-0002,2021-07-29,13-089-0002|2021|7|3,episode,atlanta_2021-07-26,0.3333333333333333,0,False
Atlanta,13-089-0003,2021-07-29,13-089-0003|2021|7|3,episode,atlanta_2021-07-26,0.3333333333333333,0,False
Atlanta,13-121-0056,2021-07-29,13-121-0056|2021|7|3,episode,atlanta_2021-07-26,0.3333333333333333,0,False
Atlanta,13-089-0002,2021-08-02,13-089-0002|2021|8|0,wind_only,,0.3333333333333333,1,False
Atlanta,13-089-0003,2021-08-02,13-089-0003|2021|8|0,wind_only,,0.3333333333333333,1,False
Atlanta,13-121-0056,2021-08-02,13-121-0056|2021|8|0,wind_only,,0.3333333333333333,1,False
Atlanta,13-089-0002,2021-08-09,13-089-0002|2021|8|0,episode,atlanta_2021-08-09,0.3333333333333333,0,False
Atlanta,13-089-0003,2021-08-09,13-089-0003|2021|8|0,episode,atlanta_2021-08-09,0.3333333333333333,0,False
Atlanta,13-121-0056,2021-08-09,13-121-0056|2021|8|0,episode,atlanta_2021-08-09,0.3333333333333333,0,False
Atlanta,13-089-0002,2021-08-11,13-089-0002|2021|8|2,wind_only,,0.3333333333333333,1,False
Atlanta,13-089-0003,2021-08-11,13-089-0003|2021|8|2,wind_only,,0.3333333333333333,1,False
Atlanta,13-121-0056,2021-08-11,13-121-0056|2021|8|2,wind_only,,0.3333333333333333,1,False
Atlanta,13-089-0002,2021-08-18,13-089-0002|2021|8|2,wind_only,,0.3333333333333333,2,True
Atlanta,13-089-0003,2021-08-18,13-089-0003|2021|8|2,wind_only,,0.3333333333333333,2,True
Atlanta,13-121-0056,2021-08-18,13-121-0056|2021|8|2,wind_only,,0.3333333333333333,2,True
Atlanta,13-089-0002,2021-08-23,13-089-0002|2021|8|0,episode,atlanta_2021-08-23,0.3333333333333333,0,False
Atlanta,13-089-0003,2021-08-23,13-089-0003|2021|8|0,episode,atlanta_2021-08-23,0.3333333333333333,0,False
Atlanta,13-121-0056,2021-08-23,13-121-0056|2021|8|0,episode,atlanta_2021-08-23,0.3333333333333333,0,False
Atlanta,13-089-0002,2021-08-25,13-089-0002|2021|8|2,episode,atlanta_2021-08-23,0.3333333333333333,0,False
Atlanta,13-089-0003,2021-08-25,13-089-0003|2021|8|2,episode,atlanta_2021-08-23,0.3333333333333333,0,False
Atlanta,13-121-0056,2021-08-25,13-121-0056|2021|8|2,episode,atlanta_2021-08-23,0.3333333333333333,0,False
Atlanta,13-089-0002,2022-07-01,13-089-0002|2022|7|4,wind_only,,0.3333333333333333,2,True
Atlanta,13-089-0003,2022-07-01,13-089-0003|2022|7|4,wind_only,,0.3333333333333333,2,True
Atlanta,13-121-0056,2022-07-01,13-121-0056|2022|7|4,wind_only,,0.3333333333333333,2,True
Atlanta,13-089-0002,2022-07-02,13-089-0002|2022|7|5,episode,atlanta_2022-07-02,0.3333333333333333,0,False
Atlanta,13-089-0003,2022-07-02,13-089-0003|2022|7|5,episode,atlanta_2022-07-02,0.3333333333333333,0,False
Atlanta,13-121-0056,2022-07-02,13-121-0056|2022|7|5,episode,atlanta_2022-07-02,0.3333333333333333,0,False
Atlanta,13-089-0003,2022-07-05,13-089-0003|2022|7|1,episode,atlanta_2022-07-02,0.5,0,False
Atlanta,13-121-0056,2022-07-05,13-121-0056|2022|7|1,episode,atlanta_2022-07-02,0.5,0,False
Atlanta,13-089-0002,2022-07-06,13-089-0002|2022|7|2,episode,atlanta_2022-07-02,0.3333333333333333,0,False
Atlanta,13-089-0003,2022-07-06,13-089-0003|2022|7|2,episode,atlanta_2022-07-02,0.3333333333333333,0,False
Atlanta,13-121-0056,2022-07-06,13-121-0056|2022|7|2,episode,atlanta_2022-07-02,0.3333333333333333,0,False
Atlanta,13-089-0002,2022-07-07,13-089-0002|2022|7|3,episode,atlanta_2022-07-02,0.5,0,False
Atlanta,13-089-0003,2022-07-07,13-089-0003|2022|7|3,episode,atlanta_2022-07-02,0.5,0,False
Atlanta,13-089-0002,2022-07-08,13-089-0002|2022|7|4,episode,atlanta_2022-07-02,0.3333333333333333,0,False
Atlanta,13-089-0003,2022-07-08,13-089-0003|2022|7|4,episode,atlanta_2022-07-02,0.3333333333333333,0,False
Atlanta,13-121-0056,2022-07-08,13-121-0056|2022|7|4,episode,atlanta_2022-07-02,0.3333333333333333,0,False
Atlanta,13-089-0003,2022-07-12,13-089-0003|2022|7|1,wind_only,,0.5,3,True
Atlanta,13-121-0056,2022-07-12,13-121-0056|2022|7|1,wind_only,,0.5,3,True
Atlanta,13-089-0002,2022-07-13,13-089-0002|2022|7|2,wind_only,,0.3333333333333333,3,True
Atlanta,13-089-0003,2022-07-13,13-089-0003|2022|7|2,wind_only,,0.3333333333333333,3,True
Atlanta,13-121-0056,2022-07-13,13-121-0056|2022|7|2,wind_only,,0.3333333333333333,3,True
Atlanta,13-089-0002,2022-07-14,13-089-0002|2022|7|3,wind_only,,0.5,3,True
Atlanta,13-089-0003,2022-07-14,13-089-0003|2022|7|3,wind_only,,0.5,3,True
Atlanta,13-089-0002,2022-07-16,13-089-0002|2022|7|5,wind_only,,0.3333333333333333,1,False
Atlanta,13-089-0003,2022-07-16,13-089-0003|2022|7|5,wind_only,,0.3333333333333333,1,False
Atlanta,13-121-0056,2022-07-16,13-121-0056|2022|7|5,wind_only,,0.3333333333333333,1,False
Atlanta,13-089-0002,2022-07-22,13-089-0002|2022|7|4,wind_only,,0.3333333333333333,1,False
Atlanta,13-089-0003,2022-07-22,13-089-0003|2022|7|4,wind_only,,0.3333333333333333,1,False
Atlanta,13-121-0056,2022-07-22,13-121-0056|2022|7|4,wind_only,,0.3333333333333333,1,False
Atlanta,13-089-0002,2022-07-23,13-089-0002|2022|7|5,episode,atlanta_2022-07-23,0.3333333333333333,0,False
Atlanta,13-089-0003,2022-07-23,13-089-0003|2022|7|5,episode,atlanta_2022-07-23,0.3333333333333333,0,False
Atlanta,13-121-0056,2022-07-23,13-121-0056|2022|7|5,episode,atlanta_2022-07-23,0.3333333333333333,0,False
Atlanta,13-089-0002,2022-07-30,13-089-0002|2022|7|5,wind_only,,0.3333333333333333,1,False
Atlanta,13-089-0003,2022-07-30,13-089-0003|2022|7|5,wind_only,,0.3333333333333333,1,False
Atlanta,13-121-0056,2022-07-30,13-121-0056|2022|7|5,wind_only,,0.3333333333333333,1,False
Atlanta,13-089-0002,2023-06-23,13-089-0002|2023|6|4,wind_only,,0.3333333333333333,1,False
Atlanta,13-089-0003,2023-06-23,13-089-0003|2023|6|4,wind_only,,0.3333333333333333,1,False
Atlanta,13-121-0056,2023-06-23,13-121-0056|2023|6|4,wind_only,,0.3333333333333333,1,False
Atlanta,13-089-0002,2023-06-30,13-089-0002|2023|6|4,episode,atlanta_2023-06-29,0.3333333333333333,0,False
Atlanta,13-089-0003,2023-06-30,13-089-0003|2023|6|4,episode,atlanta_2023-06-29,0.3333333333333333,0,False
Atlanta,13-121-0056,2023-06-30,13-121-0056|2023|6|4,episode,atlanta_2023-06-29,0.3333333333333333,0,False
Atlanta,13-089-0002,2023-07-04,13-089-0002|2023|7|1,wind_only,,0.3333333333333333,3,True
Atlanta,13-089-0003,2023-07-04,13-089-0003|2023|7|1,wind_only,,0.3333333333333333,3,True
Atlanta,13-121-0056,2023-07-04,13-121-0056|2023|7|1,wind_only,,0.3333333333333333,3,True
Atlanta,13-089-0002,2023-07-05,13-089-0002|2023|7|2,wind_only,,0.3333333333333333,3,True
Atlanta,13-089-0003,2023-07-05,13-089-0003|2023|7|2,wind_only,,0.3333333333333333,3,True
Atlanta,13-121-0056,2023-07-05,13-121-0056|2023|7|2,wind_only,,0.3333333333333333,3,True
Atlanta,13-089-0002,2023-07-06,13-089-0002|2023|7|3,wind_only,,0.3333333333333333,3,True
Atlanta,13-089-0003,2023-07-06,13-089-0003|2023|7|3,wind_only,,0.3333333333333333,3,True
Atlanta,13-121-0056,2023-07-06,13-121-0056|2023|7|3,wind_only,,0.3333333333333333,3,True
Atlanta,13-089-0002,2023-07-11,13-089-0002|2023|7|1,wind_only,,0.3333333333333333,2,True
Atlanta,13-089-0003,2023-07-11,13-089-0003|2023|7|1,wind_only,,0.3333333333333333,2,True
Atlanta,13-121-0056,2023-07-11,13-121-0056|2023|7|1,wind_only,,0.3333333333333333,2,True
Atlanta,13-089-0002,2023-07-25,13-089-0002|2023|7|1,episode,atlanta_2023-07-25,0.3333333333333333,0,False
Atlanta,13-089-0003,2023-07-25,13-089-0003|2023|7|1,episode,atlanta_2023-07-25,0.3333333333333333,0,False
Atlanta,13-121-0056,2023-07-25,13-121-0056|2023|7|1,episode,atlanta_2023-07-25,0.3333333333333333,0,False
Atlanta,13-089-0002,2023-07-26,13-089-0002|2023|7|2,episode,atlanta_2023-07-25,0.3333333333333333,0,False
Atlanta,13-089-0003,2023-07-26,13-089-0003|2023|7|2,episode,atlanta_2023-07-25,0.3333333333333333,0,False
Atlanta,13-121-0056,2023-07-26,13-121-0056|2023|7|2,episode,atlanta_2023-07-25,0.3333333333333333,0,False
Atlanta,13-089-0002,2023-07-27,13-089-0002|2023|7|3,episode,atlanta_2023-07-25,0.3333333333333333,0,False
Atlanta,13-089-0003,2023-07-27,13-089-0003|2023|7|3,episode,atlanta_2023-07-25,0.3333333333333333,0,False
Atlanta,13-121-0056,2023-07-27,13-121-0056|2023|7|3,episode,atlanta_2023-07-25,0.3333333333333333,0,False
Atlanta,13-089-0002,2023-08-12,13-089-0002|2023|8|5,episode,atlanta_2023-08-12,0.3333333333333333,0,False
Atlanta,13-089-0003,2023-08-12,13-089-0003|2023|8|5,episode,atlanta_2023-08-12,0.3333333333333333,0,False
Atlanta,13-121-0056,2023-08-12,13-121-0056|2023|8|5,episode,atlanta_2023-08-12,0.3333333333333333,0,False
Atlanta,13-089-0002,2023-08-19,13-089-0002|2023|8|5,wind_only,,0.3333333333333333,1,False
Atlanta,13-089-0003,2023-08-19,13-089-0003|2023|8|5,wind_only,,0.3333333333333333,1,False
Atlanta,13-121-0056,2023-08-19,13-121-0056|2023|8|5,wind_only,,0.3333333333333333,1,False
Atlanta,13-089-0002,2023-08-22,13-089-0002|2023|8|1,episode,atlanta_2023-08-21,0.3333333333333333,0,False
Atlanta,13-089-0003,2023-08-22,13-089-0003|2023|8|1,episode,atlanta_2023-08-21,0.3333333333333333,0,False
Atlanta,13-121-0056,2023-08-22,13-121-0056|2023|8|1,episode,atlanta_2023-08-21,0.3333333333333333,0,False
Atlanta,13-089-0002,2023-08-29,13-089-0002|2023|8|1,wind_only,,0.3333333333333333,1,False
Atlanta,13-089-0003,2023-08-29,13-089-0003|2023|8|1,wind_only,,0.3333333333333333,1,False
Atlanta,13-121-0056,2023-08-29,13-121-0056|2023|8|1,wind_only,,0.3333333333333333,1,False
Atlanta,13-089-0002,2024-06-08,13-089-0002|2024|6|5,wind_only,,0.3333333333333333,1,False
Atlanta,13-089-0003,2024-06-08,13-089-0003|2024|6|5,wind_only,,0.3333333333333333,1,False
Atlanta,13-121-0056,2024-06-08,13-121-0056|2024|6|5,wind_only,,0.3333333333333333,1,False
Atlanta,13-089-0002,2024-06-15,13-089-0002|2024|6|5,episode,atlanta_2024-06-14,0.3333333333333333,0,False
Atlanta,13-089-0003,2024-06-15,13-089-0003|2024|6|5,episode,atlanta_2024-06-14,0.3333333333333333,0,False
Atlanta,13-121-0056,2024-06-15,13-121-0056|2024|6|5,episode,atlanta_2024-06-14,0.3333333333333333,0,False
Atlanta,13-089-0002,2024-06-22,13-089-0002|2024|6|5,episode,atlanta_2024-06-21,0.3333333333333333,0,False
Atlanta,13-089-0003,2024-06-22,13-089-0003|2024|6|5,episode,atlanta_2024-06-21,0.3333333333333333,0,False
Atlanta,13-121-0056,2024-06-22,13-121-0056|2024|6|5,episode,atlanta_2024-06-21,0.3333333333333333,0,False
Atlanta,13-089-0002,2024-07-04,13-089-0002|2024|7|3,episode,atlanta_2024-07-04,0.3333333333333333,0,False
Atlanta,13-089-0003,2024-07-04,13-089-0003|2024|7|3,episode,atlanta_2024-07-04,0.3333333333333333,0,False
Atlanta,13-121-0056,2024-07-04,13-121-0056|2024|7|3,episode,atlanta_2024-07-04,0.3333333333333333,0,False
Atlanta,13-089-0002,2024-07-05,13-089-0002|2024|7|4,episode,atlanta_2024-07-04,0.3333333333333333,0,False
Atlanta,13-089-0003,2024-07-05,13-089-0003|2024|7|4,episode,atlanta_2024-07-04,0.3333333333333333,0,False
Atlanta,13-121-0056,2024-07-05,13-121-0056|2024|7|4,episode,atlanta_2024-07-04,0.3333333333333333,0,False
Atlanta,13-089-0002,2024-07-06,13-089-0002|2024|7|5,episode,atlanta_2024-07-04,0.3333333333333333,0,False
Atlanta,13-089-0003,2024-07-06,13-089-0003|2024|7|5,episode,atlanta_2024-07-04,0.3333333333333333,0,False
Atlanta,13-121-0056,2024-07-06,13-121-0056|2024|7|5,episode,atlanta_2024-07-04,0.3333333333333333,0,False
Atlanta,13-089-0002,2024-07-12,13-089-0002|2024|7|4,episode,atlanta_2024-07-12,0.3333333333333333,0,False
Atlanta,13-089-0003,2024-07-12,13-089-0003|2024|7|4,episode,atlanta_2024-07-12,0.3333333333333333,0,False
Atlanta,13-121-0056,2024-07-12,13-121-0056|2024|7|4,episode,atlanta_2024-07-12,0.3333333333333333,0,False
Atlanta,13-089-0002,2024-07-13,13-089-0002|2024|7|5,episode,atlanta_2024-07-12,0.3333333333333333,0,False
Atlanta,13-089-0003,2024-07-13,13-089-0003|2024|7|5,episode,atlanta_2024-07-12,0.3333333333333333,0,False
Atlanta,13-121-0056,2024-07-13,13-121-0056|2024|7|5,episode,atlanta_2024-07-12,0.3333333333333333,0,False
Atlanta,13-089-0002,2024-07-15,13-089-0002|2024|7|0,episode,atlanta_2024-07-12,0.3333333333333333,0,False
Atlanta,13-089-0003,2024-07-15,13-089-0003|2024|7|0,episode,atlanta_2024-07-12,0.3333333333333333,0,False
Atlanta,13-121-0056,2024-07-15,13-121-0056|2024|7|0,episode,atlanta_2024-07-12,0.3333333333333333,0,False
Atlanta,13-089-0002,2024-07-19,13-089-0002|2024|7|4,wind_only,,0.5,2,True
Atlanta,13-089-0003,2024-07-19,13-089-0003|2024|7|4,wind_only,,0.5,2,True
Atlanta,13-089-0002,2024-07-20,13-089-0002|2024|7|5,wind_only,,0.3333333333333333,2,True
Atlanta,13-089-0003,2024-07-20,13-089-0003|2024|7|5,wind_only,,0.3333333333333333,2,True
Atlanta,13-121-0056,2024-07-20,13-121-0056|2024|7|5,wind_only,,0.3333333333333333,2,True
Atlanta,13-089-0002,2024-07-22,13-089-0002|2024|7|0,wind_only,,0.3333333333333333,5,True
Atlanta,13-089-0003,2024-07-22,13-089-0003|2024|7|0,wind_only,,0.3333333333333333,5,True
Atlanta,13-121-0056,2024-07-22,13-121-0056|2024|7|0,wind_only,,0.3333333333333333,5,True
Atlanta,13-089-0002,2024-07-25,13-089-0002|2024|7|3,wind_only,,0.3333333333333333,5,True
Atlanta,13-089-0003,2024-07-25,13-089-0003|2024|7|3,wind_only,,0.3333333333333333,5,True
Atlanta,13-121-0056,2024-07-25,13-121-0056|2024|7|3,wind_only,,0.3333333333333333,5,True
Atlanta,13-089-0002,2024-07-26,13-089-0002|2024|7|4,wind_only,,0.3333333333333333,5,True
Atlanta,13-089-0003,2024-07-26,13-089-0003|2024|7|4,wind_only,,0.3333333333333333,5,True
Atlanta,13-121-0056,2024-07-26,13-121-0056|2024|7|4,wind_only,,0.3333333333333333,5,True
Atlanta,13-089-0002,2024-07-29,13-089-0002|2024|7|0,wind_only,,0.3333333333333333,1,False
Atlanta,13-089-0003,2024-07-29,13-089-0003|2024|7|0,wind_only,,0.3333333333333333,1,False
Atlanta,13-121-0056,2024-07-29,13-121-0056|2024|7|0,wind_only,,0.3333333333333333,1,False
Atlanta,13-089-0002,2024-08-14,13-089-0002|2024|8|2,wind_only,,0.3333333333333333,1,False
Atlanta,13-089-0003,2024-08-14,13-089-0003|2024|8|2,wind_only,,0.3333333333333333,1,False
Atlanta,13-121-0056,2024-08-14,13-121-0056|2024|8|2,wind_only,,0.3333333333333333,1,False
Atlanta,13-089-0002,2024-08-28,13-089-0002|2024|8|2,episode,atlanta_2024-08-27,0.3333333333333333,0,False
Atlanta,13-089-0003,2024-08-28,13-089-0003|2024|8|2,episode,atlanta_2024-08-27,0.3333333333333333,0,False
Atlanta,13-121-0056,2024-08-28,13-121-0056|2024|8|2,episode,atlanta_2024-08-27,0.3333333333333333,0,False
Atlanta,13-089-0002,2024-09-02,13-089-0002|2024|9|0,episode,atlanta_2024-08-27,0.3333333333333333,0,False
Atlanta,13-089-0003,2024-09-02,13-089-0003|2024|9|0,episode,atlanta_2024-08-27,0.3333333333333333,0,False
Atlanta,13-121-0056,2024-09-02,13-121-0056|2024|9|0,episode,atlanta_2024-08-27,0.3333333333333333,0,False
Atlanta,13-089-0002,2024-09-30,13-089-0002|2024|9|0,wind_only,,0.3333333333333333,1,False
Atlanta,13-089-0003,2024-09-30,13-089-0003|2024|9|0,wind_only,,0.3333333333333333,1,False
Atlanta,13-121-0056,2024-09-30,13-121-0056|2024|9|0,wind_only,,0.3333333333333333,1,False
Chicago,17-031-0076,2019-07-01,17-031-0076|2019|7|0,episode,chicago_2019-07-01,0.3333333333333333,0,False
Chicago,17-031-3103,2019-07-01,17-031-3103|2019|7|0,episode,chicago_2019-07-01,0.3333333333333333,0,False
Chicago,17-031-4002,2019-07-01,17-031-4002|2019|7|0,episode,chicago_2019-07-01,0.3333333333333333,0,False
Chicago,17-031-0076,2019-07-02,17-031-0076|2019|7|1,episode,chicago_2019-07-01,0.3333333333333333,0,False
Chicago,17-031-3103,2019-07-02,17-031-3103|2019|7|1,episode,chicago_2019-07-01,0.3333333333333333,0,False
Chicago,17-031-4002,2019-07-02,17-031-4002|2019|7|1,episode,chicago_2019-07-01,0.3333333333333333,0,False
Chicago,17-031-0076,2019-07-08,17-031-0076|2019|7|0,wind_only,,0.3333333333333333,1,False
Chicago,17-031-3103,2019-07-08,17-031-3103|2019|7|0,wind_only,,0.3333333333333333,1,False
Chicago,17-031-4002,2019-07-08,17-031-4002|2019|7|0,wind_only,,0.3333333333333333,1,False
Chicago,17-031-0076,2019-07-16,17-031-0076|2019|7|1,wind_only,,0.3333333333333333,1,False
Chicago,17-031-3103,2019-07-16,17-031-3103|2019|7|1,wind_only,,0.3333333333333333,1,False
Chicago,17-031-4002,2019-07-16,17-031-4002|2019|7|1,wind_only,,0.3333333333333333,1,False
Chicago,17-031-0219,2020-08-01,17-031-0219|2020|8|5,wind_only,,0.5,2,True
Chicago,17-031-3103,2020-08-01,17-031-3103|2020|8|5,wind_only,,0.5,2,True
Chicago,17-031-0219,2020-08-07,17-031-0219|2020|8|4,wind_only,,0.3333333333333333,3,True
Chicago,17-031-3103,2020-08-07,17-031-3103|2020|8|4,wind_only,,0.3333333333333333,3,True
Chicago,17-031-4002,2020-08-07,17-031-4002|2020|8|4,wind_only,,0.3333333333333333,3,True
Chicago,17-031-0219,2020-08-14,17-031-0219|2020|8|4,episode,chicago_2020-08-14,0.3333333333333333,0,False
Chicago,17-031-3103,2020-08-14,17-031-3103|2020|8|4,episode,chicago_2020-08-14,0.3333333333333333,0,False
Chicago,17-031-4002,2020-08-14,17-031-4002|2020|8|4,episode,chicago_2020-08-14,0.3333333333333333,0,False
Chicago,17-031-0219,2020-08-15,17-031-0219|2020|8|5,episode,chicago_2020-08-14,0.5,0,False
Chicago,17-031-3103,2020-08-15,17-031-3103|2020|8|5,episode,chicago_2020-08-14,0.5,0,False
Chicago,17-031-0219,2021-07-13,17-031-0219|2021|7|1,wind_only,,0.3333333333333333,1,False
Chicago,17-031-3103,2021-07-13,17-031-3103|2021|7|1,wind_only,,0.3333333333333333,1,False
Chicago,17-031-4002,2021-07-13,17-031-4002|2021|7|1,wind_only,,0.3333333333333333,1,False
Chicago,17-031-0076,2021-07-18,17-031-0076|2021|7|6,wind_only,,0.25,2,True
Chicago,17-031-0219,2021-07-18,17-031-0219|2021|7|6,wind_only,,0.25,2,True
Chicago,17-031-3103,2021-07-18,17-031-3103|2021|7|6,wind_only,,0.25,2,True
Chicago,17-031-4002,2021-07-18,17-031-4002|2021|7|6,wind_only,,0.25,2,True
Chicago,17-031-0219,2021-07-19,17-031-0219|2021|7|0,wind_only,,0.3333333333333333,2,True
Chicago,17-031-3103,2021-07-19,17-031-3103|2021|7|0,wind_only,,0.3333333333333333,2,True
Chicago,17-031-4002,2021-07-19,17-031-4002|2021|7|0,wind_only,,0.3333333333333333,2,True
Chicago,17-031-0076,2021-07-25,17-031-0076|2021|7|6,episode,chicago_2021-07-25,0.25,0,False
Chicago,17-031-0219,2021-07-25,17-031-0219|2021|7|6,episode,chicago_2021-07-25,0.25,0,False
Chicago,17-031-3103,2021-07-25,17-031-3103|2021|7|6,episode,chicago_2021-07-25,0.25,0,False
Chicago,17-031-4002,2021-07-25,17-031-4002|2021|7|6,episode,chicago_2021-07-25,0.25,0,False
Chicago,17-031-0219,2021-07-26,17-031-0219|2021|7|0,episode,chicago_2021-07-25,0.3333333333333333,0,False
Chicago,17-031-3103,2021-07-26,17-031-3103|2021|7|0,episode,chicago_2021-07-25,0.3333333333333333,0,False
Chicago,17-031-4002,2021-07-26,17-031-4002|2021|7|0,episode,chicago_2021-07-25,0.3333333333333333,0,False
Chicago,17-031-0219,2021-07-27,17-031-0219|2021|7|1,episode,chicago_2021-07-25,0.3333333333333333,0,False
Chicago,17-031-3103,2021-07-27,17-031-3103|2021|7|1,episode,chicago_2021-07-25,0.3333333333333333,0,False
Chicago,17-031-4002,2021-07-27,17-031-4002|2021|7|1,episode,chicago_2021-07-25,0.3333333333333333,0,False
Chicago,17-031-0219,2021-08-04,17-031-0219|2021|8|2,wind_only,,0.3333333333333333,3,True
Chicago,17-031-3103,2021-08-04,17-031-3103|2021|8|2,wind_only,,0.3333333333333333,3,True
Chicago,17-031-4002,2021-08-04,17-031-4002|2021|8|2,wind_only,,0.3333333333333333,3,True
Chicago,17-031-0219,2021-08-13,17-031-0219|2021|8|4,wind_only,,0.3333333333333333,1,False
Chicago,17-031-3103,2021-08-13,17-031-3103|2021|8|4,wind_only,,0.3333333333333333,1,False
Chicago,17-031-4002,2021-08-13,17-031-4002|2021|8|4,wind_only,,0.3333333333333333,1,False
Chicago,17-031-0219,2021-08-18,17-031-0219|2021|8|2,episode,chicago_2021-08-18,0.3333333333333333,0,False
Chicago,17-031-3103,2021-08-18,17-031-3103|2021|8|2,episode,chicago_2021-08-18,0.3333333333333333,0,False
Chicago,17-031-4002,2021-08-18,17-031-4002|2021|8|2,episode,chicago_2021-08-18,0.3333333333333333,0,False
Chicago,17-031-0219,2021-08-20,17-031-0219|2021|8|4,episode,chicago_2021-08-18,0.3333333333333333,0,False
Chicago,17-031-3103,2021-08-20,17-031-3103|2021|8|4,episode,chicago_2021-08-18,0.3333333333333333,0,False
Chicago,17-031-4002,2021-08-20,17-031-4002|2021|8|4,episode,chicago_2021-08-18,0.3333333333333333,0,False
Chicago,17-031-0219,2021-08-25,17-031-0219|2021|8|2,episode,chicago_2021-08-25,0.3333333333333333,0,False
Chicago,17-031-3103,2021-08-25,17-031-3103|2021|8|2,episode,chicago_2021-08-25,0.3333333333333333,0,False
Chicago,17-031-4002,2021-08-25,17-031-4002|2021|8|2,episode,chicago_2021-08-25,0.3333333333333333,0,False
Chicago,17-031-0076,2022-08-17,17-031-0076|2022|8|2,wind_only,,0.3333333333333333,1,False
Chicago,17-031-0219,2022-08-17,17-031-0219|2022|8|2,wind_only,,0.3333333333333333,1,False
Chicago,17-031-3103,2022-08-17,17-031-3103|2022|8|2,wind_only,,0.3333333333333333,1,False
Chicago,17-031-0076,2022-08-24,17-031-0076|2022|8|2,episode,chicago_2022-08-23,0.3333333333333333,0,False
Chicago,17-031-0219,2022-08-24,17-031-0219|2022|8|2,episode,chicago_2022-08-23,0.3333333333333333,0,False
Chicago,17-031-3103,2022-08-24,17-031-3103|2022|8|2,episode,chicago_2022-08-23,0.3333333333333333,0,False
Chicago,17-031-3103,2023-07-03,17-031-3103|2023|7|0,wind_only,,1.0,1,False
Chicago,17-031-3103,2023-07-04,17-031-3103|2023|7|1,episode,chicago_2023-07-04,1.0,0,False
Chicago,17-031-3103,2023-07-05,17-031-3103|2023|7|2,episode,chicago_2023-07-04,1.0,0,False
Chicago,17-031-0219,2023-07-17,17-031-0219|2023|7|0,wind_only,,0.5,3,True
Chicago,17-031-3103,2023-07-17,17-031-3103|2023|7|0,wind_only,,0.5,3,True
Chicago,17-031-0219,2023-07-18,17-031-0219|2023|7|1,wind_only,,0.5,3,True
Chicago,17-031-3103,2023-07-18,17-031-3103|2023|7|1,wind_only,,0.5,3,True
Chicago,17-031-3103,2023-07-19,17-031-3103|2023|7|2,wind_only,,1.0,3,True
Chicago,17-031-0076,2023-07-24,17-031-0076|2023|7|0,episode,chicago_2023-07-24,0.25,0,False
Chicago,17-031-0219,2023-07-24,17-031-0219|2023|7|0,episode,chicago_2023-07-24,0.25,0,False
Chicago,17-031-3103,2023-07-24,17-031-3103|2023|7|0,episode,chicago_2023-07-24,0.25,0,False
Chicago,17-031-4002,2023-07-24,17-031-4002|2023|7|0,episode,chicago_2023-07-24,0.25,0,False
Chicago,17-031-0219,2023-07-25,17-031-0219|2023|7|1,episode,chicago_2023-07-24,0.5,0,False
Chicago,17-031-3103,2023-07-25,17-031-3103|2023|7|1,episode,chicago_2023-07-24,0.5,0,False
Chicago,17-031-0076,2023-07-31,17-031-0076|2023|7|0,wind_only,,0.25,3,True
Chicago,17-031-0219,2023-07-31,17-031-0219|2023|7|0,wind_only,,0.25,3,True
Chicago,17-031-3103,2023-07-31,17-031-3103|2023|7|0,wind_only,,0.25,3,True
Chicago,17-031-4002,2023-07-31,17-031-4002|2023|7|0,wind_only,,0.25,3,True
Chicago,17-031-0076,2024-07-09,17-031-0076|2024|7|1,wind_only,,0.25,1,False
Chicago,17-031-0219,2024-07-09,17-031-0219|2024|7|1,wind_only,,0.25,1,False
Chicago,17-031-3103,2024-07-09,17-031-3103|2024|7|1,wind_only,,0.25,1,False
Chicago,17-031-4002,2024-07-09,17-031-4002|2024|7|1,wind_only,,0.25,1,False
Chicago,17-031-0076,2024-07-24,17-031-0076|2024|7|2,wind_only,,0.25,3,True
Chicago,17-031-0219,2024-07-24,17-031-0219|2024|7|2,wind_only,,0.25,3,True
Chicago,17-031-3103,2024-07-24,17-031-3103|2024|7|2,wind_only,,0.25,3,True
Chicago,17-031-4002,2024-07-24,17-031-4002|2024|7|2,wind_only,,0.25,3,True
Chicago,17-031-0076,2024-07-30,17-031-0076|2024|7|1,episode,chicago_2024-07-30,0.25,0,False
Chicago,17-031-0219,2024-07-30,17-031-0219|2024|7|1,episode,chicago_2024-07-30,0.25,0,False
Chicago,17-031-3103,2024-07-30,17-031-3103|2024|7|1,episode,chicago_2024-07-30,0.25,0,False
Chicago,17-031-4002,2024-07-30,17-031-4002|2024|7|1,episode,chicago_2024-07-30,0.25,0,False
Chicago,17-031-0076,2024-07-31,17-031-0076|2024|7|2,episode,chicago_2024-07-30,0.25,0,False
Chicago,17-031-0219,2024-07-31,17-031-0219|2024|7|2,episode,chicago_2024-07-30,0.25,0,False
Chicago,17-031-3103,2024-07-31,17-031-3103|2024|7|2,episode,chicago_2024-07-30,0.25,0,False
Chicago,17-031-4002,2024-07-31,17-031-4002|2024|7|2,episode,chicago_2024-07-30,0.25,0,False
Chicago,17-031-0076,2024-08-01,17-031-0076|2024|8|3,episode,chicago_2024-07-30,0.25,0,False
Chicago,17-031-0219,2024-08-01,17-031-0219|2024|8|3,episode,chicago_2024-07-30,0.25,0,False
Chicago,17-031-3103,2024-08-01,17-031-3103|2024|8|3,episode,chicago_2024-07-30,0.25,0,False
Chicago,17-031-4002,2024-08-01,17-031-4002|2024|8|3,episode,chicago_2024-07-30,0.25,0,False
Chicago,17-031-0076,2024-08-02,17-031-0076|2024|8|4,wind_only,,0.25,1,False
Chicago,17-031-0219,2024-08-02,17-031-0219|2024|8|4,wind_only,,0.25,1,False
Chicago,17-031-3103,2024-08-02,17-031-3103|2024|8|4,wind_only,,0.25,1,False
Chicago,17-031-4002,2024-08-02,17-031-4002|2024|8|4,wind_only,,0.25,1,False
Chicago,17-031-0076,2024-08-14,17-031-0076|2024|8|2,episode,chicago_2024-08-13,0.25,0,False
Chicago,17-031-0219,2024-08-14,17-031-0219|2024|8|2,episode,chicago_2024-08-13,0.25,0,False
Chicago,17-031-3103,2024-08-14,17-031-3103|2024|8|2,episode,chicago_2024-08-13,0.25,0,False
Chicago,17-031-4002,2024-08-14,17-031-4002|2024|8|2,episode,chicago_2024-08-13,0.25,0,False
Chicago,17-031-0076,2024-08-21,17-031-0076|2024|8|2,wind_only,,0.25,3,True
Chicago,17-031-0219,2024-08-21,17-031-0219|2024|8|2,wind_only,,0.25,3,True
Chicago,17-031-3103,2024-08-21,17-031-3103|2024|8|2,wind_only,,0.25,3,True
Chicago,17-031-4002,2024-08-21,17-031-4002|2024|8|2,wind_only,,0.25,3,True
Chicago,17-031-0076,2024-08-22,17-031-0076|2024|8|3,wind_only,,0.25,3,True
Chicago,17-031-0219,2024-08-22,17-031-0219|2024|8|3,wind_only,,0.25,3,True
Chicago,17-031-3103,2024-08-22,17-031-3103|2024|8|3,wind_only,,0.25,3,True
Chicago,17-031-4002,2024-08-22,17-031-4002|2024|8|3,wind_only,,0.25,3,True
Chicago,17-031-0076,2024-08-23,17-031-0076|2024|8|4,wind_only,,0.25,3,True
Chicago,17-031-0219,2024-08-23,17-031-0219|2024|8|4,wind_only,,0.25,3,True
Chicago,17-031-3103,2024-08-23,17-031-3103|2024|8|4,wind_only,,0.25,3,True
Chicago,17-031-4002,2024-08-23,17-031-4002|2024|8|4,wind_only,,0.25,3,True
Chicago,17-031-0076,2024-08-30,17-031-0076|2024|8|4,episode,chicago_2024-08-30,0.25,0,False
Chicago,17-031-0219,2024-08-30,17-031-0219|2024|8|4,episode,chicago_2024-08-30,0.25,0,False
Chicago,17-031-3103,2024-08-30,17-031-3103|2024|8|4,episode,chicago_2024-08-30,0.25,0,False
Chicago,17-031-4002,2024-08-30,17-031-4002|2024|8|4,episode,chicago_2024-08-30,0.25,0,False
Chicago,17-031-0076,2024-09-19,17-031-0076|2024|9|3,episode,chicago_2024-09-19,0.25,0,False
Chicago,17-031-0219,2024-09-19,17-031-0219|2024|9|3,episode,chicago_2024-09-19,0.25,0,False
Chicago,17-031-3103,2024-09-19,17-031-3103|2024|9|3,episode,chicago_2024-09-19,0.25,0,False
Chicago,17-031-4002,2024-09-19,17-031-4002|2024|9|3,episode,chicago_2024-09-19,0.25,0,False
Chicago,17-031-0076,2024-09-26,17-031-0076|2024|9|3,wind_only,,0.25,2,True
Chicago,17-031-0219,2024-09-26,17-031-0219|2024|9|3,wind_only,,0.25,2,True
Chicago,17-031-3103,2024-09-26,17-031-3103|2024|9|3,wind_only,,0.25,2,True
Chicago,17-031-4002,2024-09-26,17-031-4002|2024|9|3,wind_only,,0.25,2,True
Dallas,48-113-0069,2019-09-01,48-113-0069|2019|9|6,wind_only,,0.3333333333333333,2,True
Dallas,48-113-0075,2019-09-01,48-113-0075|2019|9|6,wind_only,,0.3333333333333333,2,True
Dallas,48-113-1067,2019-09-01,48-113-1067|2019|9|6,wind_only,,0.3333333333333333,2,True
Dallas,48-113-0069,2019-09-15,48-113-0069|2019|9|6,episode,dallas_2019-09-13,0.3333333333333333,0,False
Dallas,48-113-0075,2019-09-15,48-113-0075|2019|9|6,episode,dallas_2019-09-13,0.3333333333333333,0,False
Dallas,48-113-1067,2019-09-15,48-113-1067|2019|9|6,episode,dallas_2019-09-13,0.3333333333333333,0,False
Dallas,48-113-0069,2021-06-14,48-113-0069|2021|6|0,episode,dallas_2021-06-13,0.25,0,False
Dallas,48-113-0075,2021-06-14,48-113-0075|2021|6|0,episode,dallas_2021-06-13,0.25,0,False
Dallas,48-113-0087,2021-06-14,48-113-0087|2021|6|0,episode,dallas_2021-06-13,0.25,0,False
Dallas,48-113-1067,2021-06-14,48-113-1067|2021|6|0,episode,dallas_2021-06-13,0.25,0,False
Dallas,48-113-0069,2021-06-28,48-113-0069|2021|6|0,wind_only,,0.25,1,False
Dallas,48-113-0075,2021-06-28,48-113-0075|2021|6|0,wind_only,,0.25,1,False
Dallas,48-113-0087,2021-06-28,48-113-0087|2021|6|0,wind_only,,0.25,1,False
Dallas,48-113-1067,2021-06-28,48-113-1067|2021|6|0,wind_only,,0.25,1,False
Dallas,48-113-0069,2021-07-01,48-113-0069|2021|7|3,wind_only,,0.25,3,True
Dallas,48-113-0075,2021-07-01,48-113-0075|2021|7|3,wind_only,,0.25,3,True
Dallas,48-113-0087,2021-07-01,48-113-0087|2021|7|3,wind_only,,0.25,3,True
Dallas,48-113-1067,2021-07-01,48-113-1067|2021|7|3,wind_only,,0.25,3,True
Dallas,48-113-0069,2021-07-02,48-113-0069|2021|7|4,wind_only,,0.25,3,True
Dallas,48-113-0075,2021-07-02,48-113-0075|2021|7|4,wind_only,,0.25,3,True
Dallas,48-113-0087,2021-07-02,48-113-0087|2021|7|4,wind_only,,0.25,3,True
Dallas,48-113-1067,2021-07-02,48-113-1067|2021|7|4,wind_only,,0.25,3,True
Dallas,48-113-0075,2021-07-06,48-113-0075|2021|7|1,wind_only,,0.5,3,True
Dallas,48-113-0087,2021-07-06,48-113-0087|2021|7|1,wind_only,,0.5,3,True
Dallas,48-113-0075,2021-07-07,48-113-0075|2021|7|2,wind_only,,0.3333333333333333,3,True
Dallas,48-113-0087,2021-07-07,48-113-0087|2021|7|2,wind_only,,0.3333333333333333,3,True
Dallas,48-113-1067,2021-07-07,48-113-1067|2021|7|2,wind_only,,0.3333333333333333,3,True
Dallas,48-113-0069,2021-07-08,48-113-0069|2021|7|3,wind_only,,0.25,3,True
Dallas,48-113-0075,2021-07-08,48-113-0075|2021|7|3,wind_only,,0.25,3,True
Dallas,48-113-0087,2021-07-08,48-113-0087|2021|7|3,wind_only,,0.25,3,True
Dallas,48-113-1067,2021-07-08,48-113-1067|2021|7|3,wind_only,,0.25,3,True
Dallas,48-113-0075,2021-07-12,48-113-0075|2021|7|0,wind_only,,0.3333333333333333,1,False
Dallas,48-113-0087,2021-07-12,48-113-0087|2021|7|0,wind_only,,0.3333333333333333,1,False
Dallas,48-113-1067,2021-07-12,48-113-1067|2021|7|0,wind_only,,0.3333333333333333,1,False
Dallas,48-113-0075,2021-07-19,48-113-0075|2021|7|0,wind_only,,0.3333333333333333,5,True
Dallas,48-113-0087,2021-07-19,48-113-0087|2021|7|0,wind_only,,0.3333333333333333,5,True
Dallas,48-113-1067,2021-07-19,48-113-1067|2021|7|0,wind_only,,0.3333333333333333,5,True
Dallas,48-113-0075,2021-07-20,48-113-0075|2021|7|1,wind_only,,0.5,5,True
Dallas,48-113-0087,2021-07-20,48-113-0087|2021|7|1,wind_only,,0.5,5,True
Dallas,48-113-0075,2021-07-21,48-113-0075|2021|7|2,wind_only,,0.3333333333333333,5,True
Dallas,48-113-0087,2021-07-21,48-113-0087|2021|7|2,wind_only,,0.3333333333333333,5,True
Dallas,48-113-1067,2021-07-21,48-113-1067|2021|7|2,wind_only,,0.3333333333333333,5,True
Dallas,48-113-0069,2021-07-22,48-113-0069|2021|7|3,wind_only,,0.25,5,True
Dallas,48-113-0075,2021-07-22,48-113-0075|2021|7|3,wind_only,,0.25,5,True
Dallas,48-113-0087,2021-07-22,48-113-0087|2021|7|3,wind_only,,0.25,5,True
Dallas,48-113-1067,2021-07-22,48-113-1067|2021|7|3,wind_only,,0.25,5,True
Dallas,48-113-0075,2021-07-26,48-113-0075|2021|7|0,episode,dallas_2021-07-26,0.3333333333333333,0,False
Dallas,48-113-0087,2021-07-26,48-113-0087|2021|7|0,episode,dallas_2021-07-26,0.3333333333333333,0,False
Dallas,48-113-1067,2021-07-26,48-113-1067|2021|7|0,episode,dallas_2021-07-26,0.3333333333333333,0,False
Dallas,48-113-0075,2021-07-27,48-113-0075|2021|7|1,episode,dallas_2021-07-26,0.5,0,False
Dallas,48-113-0087,2021-07-27,48-113-0087|2021|7|1,episode,dallas_2021-07-26,0.5,0,False
Dallas,48-113-0075,2021-07-28,48-113-0075|2021|7|2,episode,dallas_2021-07-26,0.3333333333333333,0,False
Dallas,48-113-0087,2021-07-28,48-113-0087|2021|7|2,episode,dallas_2021-07-26,0.3333333333333333,0,False
Dallas,48-113-1067,2021-07-28,48-113-1067|2021|7|2,episode,dallas_2021-07-26,0.3333333333333333,0,False
Dallas,48-113-0069,2021-07-29,48-113-0069|2021|7|3,episode,dallas_2021-07-26,0.25,0,False
Dallas,48-113-0075,2021-07-29,48-113-0075|2021|7|3,episode,dallas_2021-07-26,0.25,0,False
Dallas,48-113-0087,2021-07-29,48-113-0087|2021|7|3,episode,dallas_2021-07-26,0.25,0,False
Dallas,48-113-1067,2021-07-29,48-113-1067|2021|7|3,episode,dallas_2021-07-26,0.25,0,False
Dallas,48-113-0069,2021-07-30,48-113-0069|2021|7|4,episode,dallas_2021-07-26,0.25,0,False
Dallas,48-113-0075,2021-07-30,48-113-0075|2021|7|4,episode,dallas_2021-07-26,0.25,0,False
Dallas,48-113-0087,2021-07-30,48-113-0087|2021|7|4,episode,dallas_2021-07-26,0.25,0,False
Dallas,48-113-1067,2021-07-30,48-113-1067|2021|7|4,episode,dallas_2021-07-26,0.25,0,False
Dallas,48-113-0069,2021-08-04,48-113-0069|2021|8|2,wind_only,,0.3333333333333333,5,True
Dallas,48-113-0075,2021-08-04,48-113-0075|2021|8|2,wind_only,,0.3333333333333333,5,True
Dallas,48-113-0087,2021-08-04,48-113-0087|2021|8|2,wind_only,,0.3333333333333333,5,True
Dallas,48-113-0069,2021-08-05,48-113-0069|2021|8|3,wind_only,,0.3333333333333333,5,True
Dallas,48-113-0075,2021-08-05,48-113-0075|2021|8|3,wind_only,,0.3333333333333333,5,True
Dallas,48-113-0087,2021-08-05,48-113-0087|2021|8|3,wind_only,,0.3333333333333333,5,True
Dallas,48-113-0069,2021-08-25,48-113-0069|2021|8|2,episode,dallas_2021-08-25,0.3333333333333333,0,False
Dallas,48-113-0075,2021-08-25,48-113-0075|2021|8|2,episode,dallas_2021-08-25,0.3333333333333333,0,False
Dallas,48-113-0087,2021-08-25,48-113-0087|2021|8|2,episode,dallas_2021-08-25,0.3333333333333333,0,False
Dallas,48-113-0069,2021-08-26,48-113-0069|2021|8|3,episode,dallas_2021-08-25,0.3333333333333333,0,False
Dallas,48-113-0075,2021-08-26,48-113-0075|2021|8|3,episode,dallas_2021-08-25,0.3333333333333333,0,False
Dallas,48-113-0087,2021-08-26,48-113-0087|2021|8|3,episode,dallas_2021-08-25,0.3333333333333333,0,False
Dallas,48-113-0069,2022-06-03,48-113-0069|2022|6|4,wind_only,,0.3333333333333333,2,True
Dallas,48-113-0075,2022-06-03,48-113-0075|2022|6|4,wind_only,,0.3333333333333333,2,True
Dallas,48-113-1067,2022-06-03,48-113-1067|2022|6|4,wind_only,,0.3333333333333333,2,True
Dallas,48-113-0069,2022-06-04,48-113-0069|2022|6|5,wind_only,,0.25,2,True
Dallas,48-113-0075,2022-06-04,48-113-0075|2022|6|5,wind_only,,0.25,2,True
Dallas,48-113-0087,2022-06-04,48-113-0087|2022|6|5,wind_only,,0.25,2,True
Dallas,48-113-1067,2022-06-04,48-113-1067|2022|6|5,wind_only,,0.25,2,True
Dallas,48-113-0069,2022-06-17,48-113-0069|2022|6|4,episode,dallas_2022-06-17,0.3333333333333333,0,False
Dallas,48-113-0075,2022-06-17,48-113-0075|2022|6|4,episode,dallas_2022-06-17,0.3333333333333333,0,False
Dallas,48-113-1067,2022-06-17,48-113-1067|2022|6|4,episode,dallas_2022-06-17,0.3333333333333333,0,False
Dallas,48-113-0069,2022-06-18,48-113-0069|2022|6|5,episode,dallas_2022-06-17,0.25,0,False
Dallas,48-113-0075,2022-06-18,48-113-0075|2022|6|5,episode,dallas_2022-06-17,0.25,0,False
Dallas,48-113-0087,2022-06-18,48-113-0087|2022|6|5,episode,dallas_2022-06-17,0.25,0,False
Dallas,48-113-1067,2022-06-18,48-113-1067|2022|6|5,episode,dallas_2022-06-17,0.25,0,False
Dallas,48-113-0069,2022-08-10,48-113-0069|2022|8|2,episode,dallas_2022-08-10,0.5,0,False
Dallas,48-113-1067,2022-08-10,48-113-1067|2022|8|2,episode,dallas_2022-08-10,0.5,0,False
Dallas,48-113-0069,2022-08-11,48-113-0069|2022|8|3,episode,dallas_2022-08-10,0.5,0,False
Dallas,48-113-1067,2022-08-11,48-113-1067|2022|8|3,episode,dallas_2022-08-10,0.5,0,False
Dallas,48-113-0069,2022-08-18,48-113-0069|2022|8|3,wind_only,,0.5,2,True
Dallas,48-113-1067,2022-08-18,48-113-1067|2022|8|3,wind_only,,0.5,2,True
Dallas,48-113-0069,2022-08-24,48-113-0069|2022|8|2,wind_only,,0.5,6,True
Dallas,48-113-1067,2022-08-24,48-113-1067|2022|8|2,wind_only,,0.5,6,True
Dallas,48-113-0069,2022-08-25,48-113-0069|2022|8|3,wind_only,,0.5,6,True
Dallas,48-113-1067,2022-08-25,48-113-1067|2022|8|3,wind_only,,0.5,6,True
Dallas,48-113-0069,2022-08-31,48-113-0069|2022|8|2,wind_only,,1.0,12,True
Dallas,48-113-0069,2022-09-01,48-113-0069|2022|9|3,wind_only,,0.5,12,True
Dallas,48-113-1067,2022-09-01,48-113-1067|2022|9|3,wind_only,,0.5,12,True
Dallas,48-113-0069,2022-09-06,48-113-0069|2022|9|1,wind_only,,0.5,12,True
Dallas,48-113-1067,2022-09-06,48-113-1067|2022|9|1,wind_only,,0.5,12,True
Dallas,48-113-0069,2022-09-07,48-113-0069|2022|9|2,wind_only,,0.5,12,True
Dallas,48-113-1067,2022-09-07,48-113-1067|2022|9|2,wind_only,,0.5,12,True
Dallas,48-113-0069,2022-09-08,48-113-0069|2022|9|3,wind_only,,0.5,12,True
Dallas,48-113-1067,2022-09-08,48-113-1067|2022|9|3,wind_only,,0.5,12,True
Dallas,48-113-0069,2022-09-15,48-113-0069|2022|9|3,wind_only,,0.3333333333333333,1,False
Dallas,48-113-0087,2022-09-15,48-113-0087|2022|9|3,wind_only,,0.3333333333333333,1,False
Dallas,48-113-1067,2022-09-15,48-113-1067|2022|9|3,wind_only,,0.3333333333333333,1,False
Dallas,48-113-0069,2022-09-20,48-113-0069|2022|9|1,episode,dallas_2022-09-20,0.3333333333333333,0,False
Dallas,48-113-0087,2022-09-20,48-113-0087|2022|9|1,episode,dallas_2022-09-20,0.3333333333333333,0,False
Dallas,48-113-1067,2022-09-20,48-113-1067|2022|9|1,episode,dallas_2022-09-20,0.3333333333333333,0,False
Dallas,48-113-0069,2022-09-21,48-113-0069|2022|9|2,episode,dallas_2022-09-20,0.5,0,False
Dallas,48-113-1067,2022-09-21,48-113-1067|2022|9|2,episode,dallas_2022-09-20,0.5,0,False
Dallas,48-113-0069,2022-09-22,48-113-0069|2022|9|3,episode,dallas_2022-09-20,0.3333333333333333,0,False
Dallas,48-113-0087,2022-09-22,48-113-0087|2022|9|3,episode,dallas_2022-09-20,0.3333333333333333,0,False
Dallas,48-113-1067,2022-09-22,48-113-1067|2022|9|3,episode,dallas_2022-09-20,0.3333333333333333,0,False
Dallas,48-113-0069,2022-09-27,48-113-0069|2022|9|1,wind_only,,0.3333333333333333,1,False
Dallas,48-113-0087,2022-09-27,48-113-0087|2022|9|1,wind_only,,0.3333333333333333,1,False
Dallas,48-113-1067,2022-09-27,48-113-1067|2022|9|1,wind_only,,0.3333333333333333,1,False
Dallas,48-113-0069,2023-07-02,48-113-0069|2023|7|6,wind_only,,0.3333333333333333,1,False
Dallas,48-113-0075,2023-07-02,48-113-0075|2023|7|6,wind_only,,0.3333333333333333,1,False
Dallas,48-113-0087,2023-07-02,48-113-0087|2023|7|6,wind_only,,0.3333333333333333,1,False
Dallas,48-113-0069,2023-07-30,48-113-0069|2023|7|6,episode,dallas_2023-07-29,0.3333333333333333,0,False
Dallas,48-113-0075,2023-07-30,48-113-0075|2023|7|6,episode,dallas_2023-07-29,0.3333333333333333,0,False
Dallas,48-113-0087,2023-07-30,48-113-0087|2023|7|6,episode,dallas_2023-07-29,0.3333333333333333,0,False
Dallas,48-113-0069,2024-07-10,48-113-0069|2024|7|2,episode,dallas_2024-07-10,0.3333333333333333,0,False
Dallas,48-113-0075,2024-07-10,48-113-0075|2024|7|2,episode,dallas_2024-07-10,0.3333333333333333,0,False
Dallas,48-113-1067,2024-07-10,48-113-1067|2024|7|2,episode,dallas_2024-07-10,0.3333333333333333,0,False
Dallas,48-113-0069,2024-07-11,48-113-0069|2024|7|3,episode,dallas_2024-07-10,0.25,0,False
Dallas,48-113-0075,2024-07-11,48-113-0075|2024|7|3,episode,dallas_2024-07-10,0.25,0,False
Dallas,48-113-0087,2024-07-11,48-113-0087|2024|7|3,episode,dallas_2024-07-10,0.25,0,False
Dallas,48-113-1067,2024-07-11,48-113-1067|2024|7|3,episode,dallas_2024-07-10,0.25,0,False
Dallas,48-113-0069,2024-07-18,48-113-0069|2024|7|3,wind_only,,0.25,2,True
Dallas,48-113-0075,2024-07-18,48-113-0075|2024|7|3,wind_only,,0.25,2,True
Dallas,48-113-0087,2024-07-18,48-113-0087|2024|7|3,wind_only,,0.25,2,True
Dallas,48-113-1067,2024-07-18,48-113-1067|2024|7|3,wind_only,,0.25,2,True
Dallas,48-113-0069,2024-07-24,48-113-0069|2024|7|2,wind_only,,0.3333333333333333,6,True
Dallas,48-113-0075,2024-07-24,48-113-0075|2024|7|2,wind_only,,0.3333333333333333,6,True
Dallas,48-113-1067,2024-07-24,48-113-1067|2024|7|2,wind_only,,0.3333333333333333,6,True
Dallas,48-113-0069,2024-07-25,48-113-0069|2024|7|3,wind_only,,0.3333333333333333,6,True
Dallas,48-113-0075,2024-07-25,48-113-0075|2024|7|3,wind_only,,0.3333333333333333,6,True
Dallas,48-113-1067,2024-07-25,48-113-1067|2024|7|3,wind_only,,0.3333333333333333,6,True
Dallas,48-113-0069,2024-08-02,48-113-0069|2024|8|4,episode,dallas_2024-08-02,0.3333333333333333,0,False
Dallas,48-113-0075,2024-08-02,48-113-0075|2024|8|4,episode,dallas_2024-08-02,0.3333333333333333,0,False
Dallas,48-113-1067,2024-08-02,48-113-1067|2024|8|4,episode,dallas_2024-08-02,0.3333333333333333,0,False
Dallas,48-113-0069,2024-08-03,48-113-0069|2024|8|5,episode,dallas_2024-08-02,0.3333333333333333,0,False
Dallas,48-113-0075,2024-08-03,48-113-0075|2024|8|5,episode,dallas_2024-08-02,0.3333333333333333,0,False
Dallas,48-113-1067,2024-08-03,48-113-1067|2024|8|5,episode,dallas_2024-08-02,0.3333333333333333,0,False
Dallas,48-113-0069,2024-08-06,48-113-0069|2024|8|1,episode,dallas_2024-08-02,0.3333333333333333,0,False
Dallas,48-113-0075,2024-08-06,48-113-0075|2024|8|1,episode,dallas_2024-08-02,0.3333333333333333,0,False
Dallas,48-113-1067,2024-08-06,48-113-1067|2024|8|1,episode,dallas_2024-08-02,0.3333333333333333,0,False
Dallas,48-113-0069,2024-08-09,48-113-0069|2024|8|4,wind_only,,0.3333333333333333,2,True
Dallas,48-113-0075,2024-08-09,48-113-0075|2024|8|4,wind_only,,0.3333333333333333,2,True
Dallas,48-113-1067,2024-08-09,48-113-1067|2024|8|4,wind_only,,0.3333333333333333,2,True
Dallas,48-113-0069,2024-08-10,48-113-0069|2024|8|5,wind_only,,0.3333333333333333,2,True
Dallas,48-113-0075,2024-08-10,48-113-0075|2024|8|5,wind_only,,0.3333333333333333,2,True
Dallas,48-113-1067,2024-08-10,48-113-1067|2024|8|5,wind_only,,0.3333333333333333,2,True
Dallas,48-113-0069,2024-08-27,48-113-0069|2024|8|1,wind_only,,0.3333333333333333,1,False
Dallas,48-113-0075,2024-08-27,48-113-0075|2024|8|1,wind_only,,0.3333333333333333,1,False
Dallas,48-113-1067,2024-08-27,48-113-1067|2024|8|1,wind_only,,0.3333333333333333,1,False
Dallas,48-113-0069,2024-08-30,48-113-0069|2024|8|4,wind_only,,0.3333333333333333,2,True
Dallas,48-113-0075,2024-08-30,48-113-0075|2024|8|4,wind_only,,0.3333333333333333,2,True
Dallas,48-113-1067,2024-08-30,48-113-1067|2024|8|4,wind_only,,0.3333333333333333,2,True
Dallas,48-113-0069,2024-08-31,48-113-0069|2024|8|5,wind_only,,0.3333333333333333,2,True
Dallas,48-113-0075,2024-08-31,48-113-0075|2024|8|5,wind_only,,0.3333333333333333,2,True
Dallas,48-113-1067,2024-08-31,48-113-1067|2024|8|5,wind_only,,0.3333333333333333,2,True
Denver,08-031-0002,2019-08-11,08-031-0002|2019|8|6,wind_only,,0.25,1,False
Denver,08-031-0026,2019-08-11,08-031-0026|2019|8|6,wind_only,,0.25,1,False
Denver,08-031-0027,2019-08-11,08-031-0027|2019|8|6,wind_only,,0.25,1,False
Denver,08-031-0028,2019-08-11,08-031-0028|2019|8|6,wind_only,,0.25,1,False
Denver,08-031-0002,2019-08-18,08-031-0002|2019|8|6,episode,denver_2019-08-18,0.25,0,False
Denver,08-031-0026,2019-08-18,08-031-0026|2019|8|6,episode,denver_2019-08-18,0.25,0,False
Denver,08-031-0027,2019-08-18,08-031-0027|2019|8|6,episode,denver_2019-08-18,0.25,0,False
Denver,08-031-0028,2019-08-18,08-031-0028|2019|8|6,episode,denver_2019-08-18,0.25,0,False
Denver,08-001-3001,2021-08-02,08-001-3001|2021|8|0,wind_only,,0.2,3,True
Denver,08-031-0002,2021-08-02,08-031-0002|2021|8|0,wind_only,,0.2,3,True
Denver,08-031-0026,2021-08-02,08-031-0026|2021|8|0,wind_only,,0.2,3,True
Denver,08-031-0027,2021-08-02,08-031-0027|2021|8|0,wind_only,,0.2,3,True
Denver,08-031-0028,2021-08-02,08-031-0028|2021|8|0,wind_only,,0.2,3,True
Denver,08-001-3001,2021-08-23,08-001-3001|2021|8|0,episode,denver_2021-08-23,0.2,0,False
Denver,08-031-0002,2021-08-23,08-031-0002|2021|8|0,episode,denver_2021-08-23,0.2,0,False
Denver,08-031-0026,2021-08-23,08-031-0026|2021|8|0,episode,denver_2021-08-23,0.2,0,False
Denver,08-031-0027,2021-08-23,08-031-0027|2021|8|0,episode,denver_2021-08-23,0.2,0,False
Denver,08-031-0028,2021-08-23,08-031-0028|2021|8|0,episode,denver_2021-08-23,0.2,0,False
Denver,08-031-0002,2022-08-08,08-031-0002|2022|8|0,episode,denver_2022-08-08,0.25,0,False
Denver,08-031-0026,2022-08-08,08-031-0026|2022|8|0,episode,denver_2022-08-08,0.25,0,False
Denver,08-031-0027,2022-08-08,08-031-0027|2022|8|0,episode,denver_2022-08-08,0.25,0,False
Denver,08-031-0028,2022-08-08,08-031-0028|2022|8|0,episode,denver_2022-08-08,0.25,0,False
Denver,08-031-0002,2022-08-09,08-031-0002|2022|8|1,episode,denver_2022-08-08,0.25,0,False
Denver,08-031-0026,2022-08-09,08-031-0026|2022|8|1,episode,denver_2022-08-08,0.25,0,False
Denver,08-031-0027,2022-08-09,08-031-0027|2022|8|1,episode,denver_2022-08-08,0.25,0,False
Denver,08-031-0028,2022-08-09,08-031-0028|2022|8|1,episode,denver_2022-08-08,0.25,0,False
Denver,08-031-0002,2022-08-15,08-031-0002|2022|8|0,wind_only,,0.25,4,True
Denver,08-031-0026,2022-08-15,08-031-0026|2022|8|0,wind_only,,0.25,4,True
Denver,08-031-0027,2022-08-15,08-031-0027|2022|8|0,wind_only,,0.25,4,True
Denver,08-031-0028,2022-08-15,08-031-0028|2022|8|0,wind_only,,0.25,4,True
Denver,08-031-0002,2022-08-16,08-031-0002|2022|8|1,wind_only,,0.25,4,True
Denver,08-031-0026,2022-08-16,08-031-0026|2022|8|1,wind_only,,0.25,4,True
Denver,08-031-0027,2022-08-16,08-031-0027|2022|8|1,wind_only,,0.25,4,True
Denver,08-031-0028,2022-08-16,08-031-0028|2022|8|1,wind_only,,0.25,4,True
Denver,08-031-0002,2022-08-22,08-031-0002|2022|8|0,wind_only,,0.25,6,True
Denver,08-031-0026,2022-08-22,08-031-0026|2022|8|0,wind_only,,0.25,6,True
Denver,08-031-0027,2022-08-22,08-031-0027|2022|8|0,wind_only,,0.25,6,True
Denver,08-031-0028,2022-08-22,08-031-0028|2022|8|0,wind_only,,0.25,6,True
Denver,08-031-0002,2022-08-23,08-031-0002|2022|8|1,wind_only,,0.25,6,True
Denver,08-031-0026,2022-08-23,08-031-0026|2022|8|1,wind_only,,0.25,6,True
Denver,08-031-0027,2022-08-23,08-031-0027|2022|8|1,wind_only,,0.25,6,True
Denver,08-031-0028,2022-08-23,08-031-0028|2022|8|1,wind_only,,0.25,6,True
Denver,08-001-3001,2024-07-08,08-001-3001|2024|7|0,wind_only,,0.25,1,False
Denver,08-031-0002,2024-07-08,08-031-0002|2024|7|0,wind_only,,0.25,1,False
Denver,08-031-0027,2024-07-08,08-031-0027|2024|7|0,wind_only,,0.25,1,False
Denver,08-031-0028,2024-07-08,08-031-0028|2024|7|0,wind_only,,0.25,1,False
Denver,08-001-3001,2024-07-21,08-001-3001|2024|7|6,wind_only,,0.2,2,True
Denver,08-031-0002,2024-07-21,08-031-0002|2024|7|6,wind_only,,0.2,2,True
Denver,08-031-0026,2024-07-21,08-031-0026|2024|7|6,wind_only,,0.2,2,True
Denver,08-031-0027,2024-07-21,08-031-0027|2024|7|6,wind_only,,0.2,2,True
Denver,08-031-0028,2024-07-21,08-031-0028|2024|7|6,wind_only,,0.2,2,True
Denver,08-001-3001,2024-07-22,08-001-3001|2024|7|0,wind_only,,0.25,2,True
Denver,08-031-0002,2024-07-22,08-031-0002|2024|7|0,wind_only,,0.25,2,True
Denver,08-031-0027,2024-07-22,08-031-0027|2024|7|0,wind_only,,0.25,2,True
Denver,08-031-0028,2024-07-22,08-031-0028|2024|7|0,wind_only,,0.25,2,True
Denver,08-001-3001,2024-07-28,08-001-3001|2024|7|6,episode,denver_2024-07-28,0.2,0,False
Denver,08-031-0002,2024-07-28,08-031-0002|2024|7|6,episode,denver_2024-07-28,0.2,0,False
Denver,08-031-0026,2024-07-28,08-031-0026|2024|7|6,episode,denver_2024-07-28,0.2,0,False
Denver,08-031-0027,2024-07-28,08-031-0027|2024|7|6,episode,denver_2024-07-28,0.2,0,False
Denver,08-031-0028,2024-07-28,08-031-0028|2024|7|6,episode,denver_2024-07-28,0.2,0,False
Denver,08-001-3001,2024-07-29,08-001-3001|2024|7|0,episode,denver_2024-07-28,0.25,0,False
Denver,08-031-0002,2024-07-29,08-031-0002|2024|7|0,episode,denver_2024-07-28,0.25,0,False
Denver,08-031-0027,2024-07-29,08-031-0027|2024|7|0,episode,denver_2024-07-28,0.25,0,False
Denver,08-031-0028,2024-07-29,08-031-0028|2024|7|0,episode,denver_2024-07-28,0.25,0,False
Houston,48-201-0024,2019-08-01,48-201-0024|2019|8|3,wind_only,,0.125,2,True
Houston,48-201-0026,2019-08-01,48-201-0026|2019|8|3,wind_only,,0.125,2,True
Houston,48-201-0047,2019-08-01,48-201-0047|2019|8|3,wind_only,,0.125,2,True
Houston,48-201-0055,2019-08-01,48-201-0055|2019|8|3,wind_only,,0.125,2,True
Houston,48-201-0416,2019-08-01,48-201-0416|2019|8|3,wind_only,,0.125,2,True
Houston,48-201-1034,2019-08-01,48-201-1034|2019|8|3,wind_only,,0.125,2,True
Houston,48-201-1035,2019-08-01,48-201-1035|2019|8|3,wind_only,,0.125,2,True
Houston,48-201-1052,2019-08-01,48-201-1052|2019|8|3,wind_only,,0.125,2,True
Houston,48-201-0024,2019-08-02,48-201-0024|2019|8|4,episode,houston_2019-08-02,0.1111111111111111,0,False
Houston,48-201-0026,2019-08-02,48-201-0026|2019|8|4,episode,houston_2019-08-02,0.1111111111111111,0,False
Houston,48-201-0047,2019-08-02,48-201-0047|2019|8|4,episode,houston_2019-08-02,0.1111111111111111,0,False
Houston,48-201-0055,2019-08-02,48-201-0055|2019|8|4,episode,houston_2019-08-02,0.1111111111111111,0,False
Houston,48-201-0416,2019-08-02,48-201-0416|2019|8|4,episode,houston_2019-08-02,0.1111111111111111,0,False
Houston,48-201-1034,2019-08-02,48-201-1034|2019|8|4,episode,houston_2019-08-02,0.1111111111111111,0,False
Houston,48-201-1035,2019-08-02,48-201-1035|2019|8|4,episode,houston_2019-08-02,0.1111111111111111,0,False
Houston,48-201-1052,2019-08-02,48-201-1052|2019|8|4,episode,houston_2019-08-02,0.1111111111111111,0,False
Houston,48-201-1066,2019-08-02,48-201-1066|2019|8|4,episode,houston_2019-08-02,0.1111111111111111,0,False
Houston,48-201-0024,2019-08-03,48-201-0024|2019|8|5,episode,houston_2019-08-02,0.125,0,False
Houston,48-201-0026,2019-08-03,48-201-0026|2019|8|5,episode,houston_2019-08-02,0.125,0,False
Houston,48-201-0047,2019-08-03,48-201-0047|2019|8|5,episode,houston_2019-08-02,0.125,0,False
Houston,48-201-0055,2019-08-03,48-201-0055|2019|8|5,episode,houston_2019-08-02,0.125,0,False
Houston,48-201-0416,2019-08-03,48-201-0416|2019|8|5,episode,houston_2019-08-02,0.125,0,False
Houston,48-201-1034,2019-08-03,48-201-1034|2019|8|5,episode,houston_2019-08-02,0.125,0,False
Houston,48-201-1035,2019-08-03,48-201-1035|2019|8|5,episode,houston_2019-08-02,0.125,0,False
Houston,48-201-1052,2019-08-03,48-201-1052|2019|8|5,episode,houston_2019-08-02,0.125,0,False
Houston,48-201-0024,2019-08-14,48-201-0024|2019|8|2,episode,houston_2019-08-14,0.125,0,False
Houston,48-201-0026,2019-08-14,48-201-0026|2019|8|2,episode,houston_2019-08-14,0.125,0,False
Houston,48-201-0047,2019-08-14,48-201-0047|2019|8|2,episode,houston_2019-08-14,0.125,0,False
Houston,48-201-0055,2019-08-14,48-201-0055|2019|8|2,episode,houston_2019-08-14,0.125,0,False
Houston,48-201-0416,2019-08-14,48-201-0416|2019|8|2,episode,houston_2019-08-14,0.125,0,False
Houston,48-201-1035,2019-08-14,48-201-1035|2019|8|2,episode,houston_2019-08-14,0.125,0,False
Houston,48-201-1052,2019-08-14,48-201-1052|2019|8|2,episode,houston_2019-08-14,0.125,0,False
Houston,48-201-1066,2019-08-14,48-201-1066|2019|8|2,episode,houston_2019-08-14,0.125,0,False
Houston,48-201-0024,2019-08-15,48-201-0024|2019|8|3,episode,houston_2019-08-14,0.125,0,False
Houston,48-201-0026,2019-08-15,48-201-0026|2019|8|3,episode,houston_2019-08-14,0.125,0,False
Houston,48-201-0047,2019-08-15,48-201-0047|2019|8|3,episode,houston_2019-08-14,0.125,0,False
Houston,48-201-0055,2019-08-15,48-201-0055|2019|8|3,episode,houston_2019-08-14,0.125,0,False
Houston,48-201-0416,2019-08-15,48-201-0416|2019|8|3,episode,houston_2019-08-14,0.125,0,False
Houston,48-201-1034,2019-08-15,48-201-1034|2019|8|3,episode,houston_2019-08-14,0.125,0,False
Houston,48-201-1035,2019-08-15,48-201-1035|2019|8|3,episode,houston_2019-08-14,0.125,0,False
Houston,48-201-1052,2019-08-15,48-201-1052|2019|8|3,episode,houston_2019-08-14,0.125,0,False
Houston,48-201-0026,2019-08-16,48-201-0026|2019|8|4,episode,houston_2019-08-14,0.16666666666666666,0,False
Houston,48-201-0047,2019-08-16,48-201-0047|2019|8|4,episode,houston_2019-08-14,0.16666666666666666,0,False
Houston,48-201-0055,2019-08-16,48-201-0055|2019|8|4,episode,houston_2019-08-14,0.16666666666666666,0,False
Houston,48-201-0416,2019-08-16,48-201-0416|2019|8|4,episode,houston_2019-08-14,0.16666666666666666,0,False
Houston,48-201-1035,2019-08-16,48-201-1035|2019|8|4,episode,houston_2019-08-14,0.16666666666666666,0,False
Houston,48-201-1052,2019-08-16,48-201-1052|2019|8|4,episode,houston_2019-08-14,0.16666666666666666,0,False
Houston,48-201-0024,2019-08-21,48-201-0024|2019|8|2,wind_only,,0.125,2,True
Houston,48-201-0026,2019-08-21,48-201-0026|2019|8|2,wind_only,,0.125,2,True
Houston,48-201-0047,2019-08-21,48-201-0047|2019|8|2,wind_only,,0.125,2,True
Houston,48-201-0055,2019-08-21,48-201-0055|2019|8|2,wind_only,,0.125,2,True
Houston,48-201-0416,2019-08-21,48-201-0416|2019|8|2,wind_only,,0.125,2,True
Houston,48-201-1035,2019-08-21,48-201-1035|2019|8|2,wind_only,,0.125,2,True
Houston,48-201-1052,2019-08-21,48-201-1052|2019|8|2,wind_only,,0.125,2,True
Houston,48-201-1066,2019-08-21,48-201-1066|2019|8|2,wind_only,,0.125,2,True
Houston,48-201-0024,2019-08-23,48-201-0024|2019|8|4,wind_only,,0.1111111111111111,3,True
Houston,48-201-0026,2019-08-23,48-201-0026|2019|8|4,wind_only,,0.1111111111111111,3,True
Houston,48-201-0047,2019-08-23,48-201-0047|2019|8|4,wind_only,,0.1111111111111111,3,True
Houston,48-201-0055,2019-08-23,48-201-0055|2019|8|4,wind_only,,0.1111111111111111,3,True
Houston,48-201-0416,2019-08-23,48-201-0416|2019|8|4,wind_only,,0.1111111111111111,3,True
Houston,48-201-1034,2019-08-23,48-201-1034|2019|8|4,wind_only,,0.1111111111111111,3,True
Houston,48-201-1035,2019-08-23,48-201-1035|2019|8|4,wind_only,,0.1111111111111111,3,True
Houston,48-201-1052,2019-08-23,48-201-1052|2019|8|4,wind_only,,0.1111111111111111,3,True
Houston,48-201-1066,2019-08-23,48-201-1066|2019|8|4,wind_only,,0.1111111111111111,3,True
Houston,48-201-0024,2019-08-24,48-201-0024|2019|8|5,wind_only,,0.125,3,True
Houston,48-201-0026,2019-08-24,48-201-0026|2019|8|5,wind_only,,0.125,3,True
Houston,48-201-0047,2019-08-24,48-201-0047|2019|8|5,wind_only,,0.125,3,True
Houston,48-201-0055,2019-08-24,48-201-0055|2019|8|5,wind_only,,0.125,3,True
Houston,48-201-0416,2019-08-24,48-201-0416|2019|8|5,wind_only,,0.125,3,True
Houston,48-201-1034,2019-08-24,48-201-1034|2019|8|5,wind_only,,0.125,3,True
Houston,48-201-1035,2019-08-24,48-201-1035|2019|8|5,wind_only,,0.125,3,True
Houston,48-201-1052,2019-08-24,48-201-1052|2019|8|5,wind_only,,0.125,3,True
Houston,48-201-0024,2019-08-28,48-201-0024|2019|8|2,wind_only,,0.125,2,True
Houston,48-201-0026,2019-08-28,48-201-0026|2019|8|2,wind_only,,0.125,2,True
Houston,48-201-0047,2019-08-28,48-201-0047|2019|8|2,wind_only,,0.125,2,True
Houston,48-201-0055,2019-08-28,48-201-0055|2019|8|2,wind_only,,0.125,2,True
Houston,48-201-0416,2019-08-28,48-201-0416|2019|8|2,wind_only,,0.125,2,True
Houston,48-201-1035,2019-08-28,48-201-1035|2019|8|2,wind_only,,0.125,2,True
Houston,48-201-1052,2019-08-28,48-201-1052|2019|8|2,wind_only,,0.125,2,True
Houston,48-201-1066,2019-08-28,48-201-1066|2019|8|2,wind_only,,0.125,2,True
Houston,48-201-0024,2019-08-29,48-201-0024|2019|8|3,wind_only,,0.14285714285714285,2,True
Houston,48-201-0026,2019-08-29,48-201-0026|2019|8|3,wind_only,,0.14285714285714285,2,True
Houston,48-201-0047,2019-08-29,48-201-0047|2019|8|3,wind_only,,0.14285714285714285,2,True
Houston,48-201-0416,2019-08-29,48-201-0416|2019|8|3,wind_only,,0.14285714285714285,2,True
Houston,48-201-1034,2019-08-29,48-201-1034|2019|8|3,wind_only,,0.14285714285714285,2,True
Houston,48-201-1035,2019-08-29,48-201-1035|2019|8|3,wind_only,,0.14285714285714285,2,True
Houston,48-201-1052,2019-08-29,48-201-1052|2019|8|3,wind_only,,0.14285714285714285,2,True
Houston,48-201-0024,2019-08-31,48-201-0024|2019|8|5,wind_only,,0.125,1,False
Houston,48-201-0026,2019-08-31,48-201-0026|2019|8|5,wind_only,,0.125,1,False
Houston,48-201-0047,2019-08-31,48-201-0047|2019|8|5,wind_only,,0.125,1,False
Houston,48-201-0055,2019-08-31,48-201-0055|2019|8|5,wind_only,,0.125,1,False
Houston,48-201-0416,2019-08-31,48-201-0416|2019|8|5,wind_only,,0.125,1,False
Houston,48-201-1034,2019-08-31,48-201-1034|2019|8|5,wind_only,,0.125,1,False
Houston,48-201-1035,2019-08-31,48-201-1035|2019|8|5,wind_only,,0.125,1,False
Houston,48-201-1052,2019-08-31,48-201-1052|2019|8|5,wind_only,,0.125,1,False
Houston,48-201-0024,2019-09-02,48-201-0024|2019|9|0,episode,houston_2019-09-01,0.125,0,False
Houston,48-201-0026,2019-09-02,48-201-0026|2019|9|0,episode,houston_2019-09-01,0.125,0,False
Houston,48-201-0047,2019-09-02,48-201-0047|2019|9|0,episode,houston_2019-09-01,0.125,0,False
Houston,48-201-0055,2019-09-02,48-201-0055|2019|9|0,episode,houston_2019-09-01,0.125,0,False
Houston,48-201-0416,2019-09-02,48-201-0416|2019|9|0,episode,houston_2019-09-01,0.125,0,False
Houston,48-201-1034,2019-09-02,48-201-1034|2019|9|0,episode,houston_2019-09-01,0.125,0,False
Houston,48-201-1035,2019-09-02,48-201-1035|2019|9|0,episode,houston_2019-09-01,0.125,0,False
Houston,48-201-1052,2019-09-02,48-201-1052|2019|9|0,episode,houston_2019-09-01,0.125,0,False
Houston,48-201-0024,2019-09-23,48-201-0024|2019|9|0,wind_only,,0.125,1,False
Houston,48-201-0026,2019-09-23,48-201-0026|2019|9|0,wind_only,,0.125,1,False
Houston,48-201-0047,2019-09-23,48-201-0047|2019|9|0,wind_only,,0.125,1,False
Houston,48-201-0055,2019-09-23,48-201-0055|2019|9|0,wind_only,,0.125,1,False
Houston,48-201-0416,2019-09-23,48-201-0416|2019|9|0,wind_only,,0.125,1,False
Houston,48-201-1034,2019-09-23,48-201-1034|2019|9|0,wind_only,,0.125,1,False
Houston,48-201-1035,2019-09-23,48-201-1035|2019|9|0,wind_only,,0.125,1,False
Houston,48-201-1052,2019-09-23,48-201-1052|2019|9|0,wind_only,,0.125,1,False
Houston,48-201-0024,2020-08-03,48-201-0024|2020|8|0,episode,houston_2020-08-03,0.2,0,False
Houston,48-201-0026,2020-08-03,48-201-0026|2020|8|0,episode,houston_2020-08-03,0.2,0,False
Houston,48-201-0047,2020-08-03,48-201-0047|2020|8|0,episode,houston_2020-08-03,0.2,0,False
Houston,48-201-1052,2020-08-03,48-201-1052|2020|8|0,episode,houston_2020-08-03,0.2,0,False
Houston,48-201-1066,2020-08-03,48-201-1066|2020|8|0,episode,houston_2020-08-03,0.2,0,False
Houston,48-201-0024,2020-08-06,48-201-0024|2020|8|3,wind_only,,0.1111111111111111,1,False
Houston,48-201-0026,2020-08-06,48-201-0026|2020|8|3,wind_only,,0.1111111111111111,1,False
Houston,48-201-0047,2020-08-06,48-201-0047|2020|8|3,wind_only,,0.1111111111111111,1,False
Houston,48-201-0055,2020-08-06,48-201-0055|2020|8|3,wind_only,,0.1111111111111111,1,False
Houston,48-201-0416,2020-08-06,48-201-0416|2020|8|3,wind_only,,0.1111111111111111,1,False
Houston,48-201-1034,2020-08-06,48-201-1034|2020|8|3,wind_only,,0.1111111111111111,1,False
Houston,48-201-1035,2020-08-06,48-201-1035|2020|8|3,wind_only,,0.1111111111111111,1,False
Houston,48-201-1052,2020-08-06,48-201-1052|2020|8|3,wind_only,,0.1111111111111111,1,False
Houston,48-201-1066,2020-08-06,48-201-1066|2020|8|3,wind_only,,0.1111111111111111,1,False
Houston,48-201-0024,2020-08-17,48-201-0024|2020|8|0,wind_only,,0.2,1,False
Houston,48-201-0026,2020-08-17,48-201-0026|2020|8|0,wind_only,,0.2,1,False
Houston,48-201-0047,2020-08-17,48-201-0047|2020|8|0,wind_only,,0.2,1,False
Houston,48-201-1052,2020-08-17,48-201-1052|2020|8|0,wind_only,,0.2,1,False
Houston,48-201-1066,2020-08-17,48-201-1066|2020|8|0,wind_only,,0.2,1,False
Houston,48-201-0024,2020-08-20,48-201-0024|2020|8|3,episode,houston_2020-08-20,0.1111111111111111,0,False
Houston,48-201-0026,2020-08-20,48-201-0026|2020|8|3,episode,houston_2020-08-20,0.1111111111111111,0,False
Houston,48-201-0047,2020-08-20,48-201-0047|2020|8|3,episode,houston_2020-08-20,0.1111111111111111,0,False
Houston,48-201-0055,2020-08-20,48-201-0055|2020|8|3,episode,houston_2020-08-20,0.1111111111111111,0,False
Houston,48-201-0416,2020-08-20,48-201-0416|2020|8|3,episode,houston_2020-08-20,0.1111111111111111,0,False
Houston,48-201-1034,2020-08-20,48-201-1034|2020|8|3,episode,houston_2020-08-20,0.1111111111111111,0,False
Houston,48-201-1035,2020-08-20,48-201-1035|2020|8|3,episode,houston_2020-08-20,0.1111111111111111,0,False
Houston,48-201-1052,2020-08-20,48-201-1052|2020|8|3,episode,houston_2020-08-20,0.1111111111111111,0,False
Houston,48-201-1066,2020-08-20,48-201-1066|2020|8|3,episode,houston_2020-08-20,0.1111111111111111,0,False
Houston,48-201-0024,2021-06-01,48-201-0024|2021|6|1,wind_only,,0.1111111111111111,5,True
Houston,48-201-0026,2021-06-01,48-201-0026|2021|6|1,wind_only,,0.1111111111111111,5,True
Houston,48-201-0055,2021-06-01,48-201-0055|2021|6|1,wind_only,,0.1111111111111111,5,True
Houston,48-201-0416,2021-06-01,48-201-0416|2021|6|1,wind_only,,0.1111111111111111,5,True
Houston,48-201-0417,2021-06-01,48-201-0417|2021|6|1,wind_only,,0.1111111111111111,5,True
Houston,48-201-1034,2021-06-01,48-201-1034|2021|6|1,wind_only,,0.1111111111111111,5,True
Houston,48-201-1035,2021-06-01,48-201-1035|2021|6|1,wind_only,,0.1111111111111111,5,True
Houston,48-201-1052,2021-06-01,48-201-1052|2021|6|1,wind_only,,0.1111111111111111,5,True
Houston,48-201-1066,2021-06-01,48-201-1066|2021|6|1,wind_only,,0.1111111111111111,5,True
Houston,48-201-0024,2021-06-02,48-201-0024|2021|6|2,wind_only,,0.16666666666666666,5,True
Houston,48-201-0055,2021-06-02,48-201-0055|2021|6|2,wind_only,,0.16666666666666666,5,True
Houston,48-201-0416,2021-06-02,48-201-0416|2021|6|2,wind_only,,0.16666666666666666,5,True
Houston,48-201-0417,2021-06-02,48-201-0417|2021|6|2,wind_only,,0.16666666666666666,5,True
Houston,48-201-1034,2021-06-02,48-201-1034|2021|6|2,wind_only,,0.16666666666666666,5,True
Houston,48-201-1035,2021-06-02,48-201-1035|2021|6|2,wind_only,,0.16666666666666666,5,True
Houston,48-201-0024,2021-06-05,48-201-0024|2021|6|5,wind_only,,0.1,5,True
Houston,48-201-0026,2021-06-05,48-201-0026|2021|6|5,wind_only,,0.1,5,True
Houston,48-201-0047,2021-06-05,48-201-0047|2021|6|5,wind_only,,0.1,5,True
Houston,48-201-0055,2021-06-05,48-201-0055|2021|6|5,wind_only,,0.1,5,True
Houston,48-201-0416,2021-06-05,48-201-0416|2021|6|5,wind_only,,0.1,5,True
Houston,48-201-0417,2021-06-05,48-201-0417|2021|6|5,wind_only,,0.1,5,True
Houston,48-201-1034,2021-06-05,48-201-1034|2021|6|5,wind_only,,0.1,5,True
Houston,48-201-1035,2021-06-05,48-201-1035|2021|6|5,wind_only,,0.1,5,True
Houston,48-201-1052,2021-06-05,48-201-1052|2021|6|5,wind_only,,0.1,5,True
Houston,48-201-1066,2021-06-05,48-201-1066|2021|6|5,wind_only,,0.1,5,True
Houston,48-201-0024,2021-06-12,48-201-0024|2021|6|5,episode,houston_2021-06-12,0.1,0,False
Houston,48-201-0026,2021-06-12,48-201-0026|2021|6|5,episode,houston_2021-06-12,0.1,0,False
Houston,48-201-0047,2021-06-12,48-201-0047|2021|6|5,episode,houston_2021-06-12,0.1,0,False
Houston,48-201-0055,2021-06-12,48-201-0055|2021|6|5,episode,houston_2021-06-12,0.1,0,False
Houston,48-201-0416,2021-06-12,48-201-0416|2021|6|5,episode,houston_2021-06-12,0.1,0,False
Houston,48-201-0417,2021-06-12,48-201-0417|2021|6|5,episode,houston_2021-06-12,0.1,0,False
Houston,48-201-1034,2021-06-12,48-201-1034|2021|6|5,episode,houston_2021-06-12,0.1,0,False
Houston,48-201-1035,2021-06-12,48-201-1035|2021|6|5,episode,houston_2021-06-12,0.1,0,False
Houston,48-201-1052,2021-06-12,48-201-1052|2021|6|5,episode,houston_2021-06-12,0.1,0,False
Houston,48-201-1066,2021-06-12,48-201-1066|2021|6|5,episode,houston_2021-06-12,0.1,0,False
Houston,48-201-0024,2021-06-15,48-201-0024|2021|6|1,episode,houston_2021-06-12,0.1111111111111111,0,False
Houston,48-201-0026,2021-06-15,48-201-0026|2021|6|1,episode,houston_2021-06-12,0.1111111111111111,0,False
Houston,48-201-0055,2021-06-15,48-201-0055|2021|6|1,episode,houston_2021-06-12,0.1111111111111111,0,False
Houston,48-201-0416,2021-06-15,48-201-0416|2021|6|1,episode,houston_2021-06-12,0.1111111111111111,0,False
Houston,48-201-0417,2021-06-15,48-201-0417|2021|6|1,episode,houston_2021-06-12,0.1111111111111111,0,False
Houston,48-201-1034,2021-06-15,48-201-1034|2021|6|1,episode,houston_2021-06-12,0.1111111111111111,0,False
Houston,48-201-1035,2021-06-15,48-201-1035|2021|6|1,episode,houston_2021-06-12,0.1111111111111111,0,False
Houston,48-201-1052,2021-06-15,48-201-1052|2021|6|1,episode,houston_2021-06-12,0.1111111111111111,0,False
Houston,48-201-1066,2021-06-15,48-201-1066|2021|6|1,episode,houston_2021-06-12,0.1111111111111111,0,False
Houston,48-201-0024,2021-06-16,48-201-0024|2021|6|2,episode,houston_2021-06-12,0.14285714285714285,0,False
Houston,48-201-0055,2021-06-16,48-201-0055|2021|6|2,episode,houston_2021-06-12,0.14285714285714285,0,False
Houston,48-201-0416,2021-06-16,48-201-0416|2021|6|2,episode,houston_2021-06-12,0.14285714285714285,0,False
Houston,48-201-0417,2021-06-16,48-201-0417|2021|6|2,episode,houston_2021-06-12,0.14285714285714285,0,False
Houston,48-201-1034,2021-06-16,48-201-1034|2021|6|2,episode,houston_2021-06-12,0.14285714285714285,0,False
Houston,48-201-1035,2021-06-16,48-201-1035|2021|6|2,episode,houston_2021-06-12,0.14285714285714285,0,False
Houston,48-201-1066,2021-06-16,48-201-1066|2021|6|2,episode,houston_2021-06-12,0.14285714285714285,0,False
Houston,48-201-0024,2021-06-19,48-201-0024|2021|6|5,wind_only,,0.1111111111111111,2,True
Houston,48-201-0026,2021-06-19,48-201-0026|2021|6|5,wind_only,,0.1111111111111111,2,True
Houston,48-201-0055,2021-06-19,48-201-0055|2021|6|5,wind_only,,0.1111111111111111,2,True
Houston,48-201-0416,2021-06-19,48-201-0416|2021|6|5,wind_only,,0.1111111111111111,2,True
Houston,48-201-0417,2021-06-19,48-201-0417|2021|6|5,wind_only,,0.1111111111111111,2,True
Houston,48-201-1034,2021-06-19,48-201-1034|2021|6|5,wind_only,,0.1111111111111111,2,True
Houston,48-201-1035,2021-06-19,48-201-1035|2021|6|5,wind_only,,0.1111111111111111,2,True
Houston,48-201-1052,2021-06-19,48-201-1052|2021|6|5,wind_only,,0.1111111111111111,2,True
Houston,48-201-1066,2021-06-19,48-201-1066|2021|6|5,wind_only,,0.1111111111111111,2,True
Houston,48-201-0026,2021-06-22,48-201-0026|2021|6|1,wind_only,,0.2,1,False
Houston,48-201-0416,2021-06-22,48-201-0416|2021|6|1,wind_only,,0.2,1,False
Houston,48-201-1034,2021-06-22,48-201-1034|2021|6|1,wind_only,,0.2,1,False
Houston,48-201-1052,2021-06-22,48-201-1052|2021|6|1,wind_only,,0.2,1,False
Houston,48-201-1066,2021-06-22,48-201-1066|2021|6|1,wind_only,,0.2,1,False
Houston,48-201-0024,2021-06-30,48-201-0024|2021|6|2,wind_only,,0.16666666666666666,6,True
Houston,48-201-0416,2021-06-30,48-201-0416|2021|6|2,wind_only,,0.16666666666666666,6,True
Houston,48-201-0417,2021-06-30,48-201-0417|2021|6|2,wind_only,,0.16666666666666666,6,True
Houston,48-201-1034,2021-06-30,48-201-1034|2021|6|2,wind_only,,0.16666666666666666,6,True
Houston,48-201-1035,2021-06-30,48-201-1035|2021|6|2,wind_only,,0.16666666666666666,6,True
Houston,48-201-1066,2021-06-30,48-201-1066|2021|6|2,wind_only,,0.16666666666666666,6,True
Houston,48-201-0024,2021-07-04,48-201-0024|2021|7|6,wind_only,,0.125,6,True
Houston,48-201-0026,2021-07-04,48-201-0026|2021|7|6,wind_only,,0.125,6,True
Houston,48-201-0047,2021-07-04,48-201-0047|2021|7|6,wind_only,,0.125,6,True
Houston,48-201-0416,2021-07-04,48-201-0416|2021|7|6,wind_only,,0.125,6,True
Houston,48-201-0417,2021-07-04,48-201-0417|2021|7|6,wind_only,,0.125,6,True
Houston,48-201-1034,2021-07-04,48-201-1034|2021|7|6,wind_only,,0.125,6,True
Houston,48-201-1035,2021-07-04,48-201-1035|2021|7|6,wind_only,,0.125,6,True
Houston,48-201-1066,2021-07-04,48-201-1066|2021|7|6,wind_only,,0.125,6,True
Houston,48-201-0026,2021-07-05,48-201-0026|2021|7|0,wind_only,,0.14285714285714285,6,True
Houston,48-201-0047,2021-07-05,48-201-0047|2021|7|0,wind_only,,0.14285714285714285,6,True
Houston,48-201-0416,2021-07-05,48-201-0416|2021|7|0,wind_only,,0.14285714285714285,6,True
Houston,48-201-0417,2021-07-05,48-201-0417|2021|7|0,wind_only,,0.14285714285714285,6,True
Houston,48-201-1034,2021-07-05,48-201-1034|2021|7|0,wind_only,,0.14285714285714285,6,True
Houston,48-201-1035,2021-07-05,48-201-1035|2021|7|0,wind_only,,0.14285714285714285,6,True
Houston,48-201-1066,2021-07-05,48-201-1066|2021|7|0,wind_only,,0.14285714285714285,6,True
Houston,48-201-0026,2021-07-12,48-201-0026|2021|7|0,wind_only,,0.14285714285714285,3,True
Houston,48-201-0055,2021-07-12,48-201-0055|2021|7|0,wind_only,,0.14285714285714285,3,True
Houston,48-201-0416,2021-07-12,48-201-0416|2021|7|0,wind_only,,0.14285714285714285,3,True
Houston,48-201-0417,2021-07-12,48-201-0417|2021|7|0,wind_only,,0.14285714285714285,3,True
Houston,48-201-1034,2021-07-12,48-201-1034|2021|7|0,wind_only,,0.14285714285714285,3,True
Houston,48-201-1035,2021-07-12,48-201-1035|2021|7|0,wind_only,,0.14285714285714285,3,True
Houston,48-201-1066,2021-07-12,48-201-1066|2021|7|0,wind_only,,0.14285714285714285,3,True
Houston,48-201-0024,2021-07-18,48-201-0024|2021|7|6,wind_only,,0.1111111111111111,5,True
Houston,48-201-0026,2021-07-18,48-201-0026|2021|7|6,wind_only,,0.1111111111111111,5,True
Houston,48-201-0047,2021-07-18,48-201-0047|2021|7|6,wind_only,,0.1111111111111111,5,True
Houston,48-201-0055,2021-07-18,48-201-0055|2021|7|6,wind_only,,0.1111111111111111,5,True
Houston,48-201-0416,2021-07-18,48-201-0416|2021|7|6,wind_only,,0.1111111111111111,5,True
Houston,48-201-0417,2021-07-18,48-201-0417|2021|7|6,wind_only,,0.1111111111111111,5,True
Houston,48-201-1034,2021-07-18,48-201-1034|2021|7|6,wind_only,,0.1111111111111111,5,True
Houston,48-201-1035,2021-07-18,48-201-1035|2021|7|6,wind_only,,0.1111111111111111,5,True
Houston,48-201-1066,2021-07-18,48-201-1066|2021|7|6,wind_only,,0.1111111111111111,5,True
Houston,48-201-0026,2021-07-19,48-201-0026|2021|7|0,wind_only,,0.125,5,True
Houston,48-201-0047,2021-07-19,48-201-0047|2021|7|0,wind_only,,0.125,5,True
Houston,48-201-0055,2021-07-19,48-201-0055|2021|7|0,wind_only,,0.125,5,True
Houston,48-201-0416,2021-07-19,48-201-0416|2021|7|0,wind_only,,0.125,5,True
Houston,48-201-0417,2021-07-19,48-201-0417|2021|7|0,wind_only,,0.125,5,True
Houston,48-201-1034,2021-07-19,48-201-1034|2021|7|0,wind_only,,0.125,5,True
Houston,48-201-1035,2021-07-19,48-201-1035|2021|7|0,wind_only,,0.125,5,True
Houston,48-201-1066,2021-07-19,48-201-1066|2021|7|0,wind_only,,0.125,5,True
Houston,48-201-0024,2021-07-25,48-201-0024|2021|7|6,episode,houston_2021-07-25,0.1111111111111111,0,False
Houston,48-201-0026,2021-07-25,48-201-0026|2021|7|6,episode,houston_2021-07-25,0.1111111111111111,0,False
Houston,48-201-0047,2021-07-25,48-201-0047|2021|7|6,episode,houston_2021-07-25,0.1111111111111111,0,False
Houston,48-201-0055,2021-07-25,48-201-0055|2021|7|6,episode,houston_2021-07-25,0.1111111111111111,0,False
Houston,48-201-0416,2021-07-25,48-201-0416|2021|7|6,episode,houston_2021-07-25,0.1111111111111111,0,False
Houston,48-201-0417,2021-07-25,48-201-0417|2021|7|6,episode,houston_2021-07-25,0.1111111111111111,0,False
Houston,48-201-1034,2021-07-25,48-201-1034|2021|7|6,episode,houston_2021-07-25,0.1111111111111111,0,False
Houston,48-201-1035,2021-07-25,48-201-1035|2021|7|6,episode,houston_2021-07-25,0.1111111111111111,0,False
Houston,48-201-1066,2021-07-25,48-201-1066|2021|7|6,episode,houston_2021-07-25,0.1111111111111111,0,False
Houston,48-201-0026,2021-07-26,48-201-0026|2021|7|0,episode,houston_2021-07-25,0.125,0,False
Houston,48-201-0047,2021-07-26,48-201-0047|2021|7|0,episode,houston_2021-07-25,0.125,0,False
Houston,48-201-0055,2021-07-26,48-201-0055|2021|7|0,episode,houston_2021-07-25,0.125,0,False
Houston,48-201-0416,2021-07-26,48-201-0416|2021|7|0,episode,houston_2021-07-25,0.125,0,False
Houston,48-201-0417,2021-07-26,48-201-0417|2021|7|0,episode,houston_2021-07-25,0.125,0,False
Houston,48-201-1034,2021-07-26,48-201-1034|2021|7|0,episode,houston_2021-07-25,0.125,0,False
Houston,48-201-1035,2021-07-26,48-201-1035|2021|7|0,episode,houston_2021-07-25,0.125,0,False
Houston,48-201-1066,2021-07-26,48-201-1066|2021|7|0,episode,houston_2021-07-25,0.125,0,False
Houston,48-201-0026,2021-08-02,48-201-0026|2021|8|0,wind_only,,0.125,6,True
Houston,48-201-0047,2021-08-02,48-201-0047|2021|8|0,wind_only,,0.125,6,True
Houston,48-201-0055,2021-08-02,48-201-0055|2021|8|0,wind_only,,0.125,6,True
Houston,48-201-0416,2021-08-02,48-201-0416|2021|8|0,wind_only,,0.125,6,True
Houston,48-201-0417,2021-08-02,48-201-0417|2021|8|0,wind_only,,0.125,6,True
Houston,48-201-1034,2021-08-02,48-201-1034|2021|8|0,wind_only,,0.125,6,True
Houston,48-201-1035,2021-08-02,48-201-1035|2021|8|0,wind_only,,0.125,6,True
Houston,48-201-1066,2021-08-02,48-201-1066|2021|8|0,wind_only,,0.125,6,True
Houston,48-201-0024,2021-08-03,48-201-0024|2021|8|1,wind_only,,0.1111111111111111,6,True
Houston,48-201-0026,2021-08-03,48-201-0026|2021|8|1,wind_only,,0.1111111111111111,6,True
Houston,48-201-0047,2021-08-03,48-201-0047|2021|8|1,wind_only,,0.1111111111111111,6,True
Houston,48-201-0055,2021-08-03,48-201-0055|2021|8|1,wind_only,,0.1111111111111111,6,True
Houston,48-201-0416,2021-08-03,48-201-0416|2021|8|1,wind_only,,0.1111111111111111,6,True
Houston,48-201-0417,2021-08-03,48-201-0417|2021|8|1,wind_only,,0.1111111111111111,6,True
Houston,48-201-1034,2021-08-03,48-201-1034|2021|8|1,wind_only,,0.1111111111111111,6,True
Houston,48-201-1035,2021-08-03,48-201-1035|2021|8|1,wind_only,,0.1111111111111111,6,True
Houston,48-201-1066,2021-08-03,48-201-1066|2021|8|1,wind_only,,0.1111111111111111,6,True
Houston,48-201-0026,2021-08-16,48-201-0026|2021|8|0,wind_only,,0.125,7,True
Houston,48-201-0047,2021-08-16,48-201-0047|2021|8|0,wind_only,,0.125,7,True
Houston,48-201-0055,2021-08-16,48-201-0055|2021|8|0,wind_only,,0.125,7,True
Houston,48-201-0416,2021-08-16,48-201-0416|2021|8|0,wind_only,,0.125,7,True
Houston,48-201-0417,2021-08-16,48-201-0417|2021|8|0,wind_only,,0.125,7,True
Houston,48-201-1034,2021-08-16,48-201-1034|2021|8|0,wind_only,,0.125,7,True
Houston,48-201-1035,2021-08-16,48-201-1035|2021|8|0,wind_only,,0.125,7,True
Houston,48-201-1066,2021-08-16,48-201-1066|2021|8|0,wind_only,,0.125,7,True
Houston,48-201-0024,2021-08-17,48-201-0024|2021|8|1,wind_only,,0.125,7,True
Houston,48-201-0026,2021-08-17,48-201-0026|2021|8|1,wind_only,,0.125,7,True
Houston,48-201-0055,2021-08-17,48-201-0055|2021|8|1,wind_only,,0.125,7,True
Houston,48-201-0416,2021-08-17,48-201-0416|2021|8|1,wind_only,,0.125,7,True
Houston,48-201-0417,2021-08-17,48-201-0417|2021|8|1,wind_only,,0.125,7,True
Houston,48-201-1034,2021-08-17,48-201-1034|2021|8|1,wind_only,,0.125,7,True
Houston,48-201-1035,2021-08-17,48-201-1035|2021|8|1,wind_only,,0.125,7,True
Houston,48-201-1066,2021-08-17,48-201-1066|2021|8|1,wind_only,,0.125,7,True
Houston,48-201-0026,2021-08-23,48-201-0026|2021|8|0,episode,houston_2021-08-23,0.125,0,False
Houston,48-201-0047,2021-08-23,48-201-0047|2021|8|0,episode,houston_2021-08-23,0.125,0,False
Houston,48-201-0055,2021-08-23,48-201-0055|2021|8|0,episode,houston_2021-08-23,0.125,0,False
Houston,48-201-0416,2021-08-23,48-201-0416|2021|8|0,episode,houston_2021-08-23,0.125,0,False
Houston,48-201-0417,2021-08-23,48-201-0417|2021|8|0,episode,houston_2021-08-23,0.125,0,False
Houston,48-201-1034,2021-08-23,48-201-1034|2021|8|0,episode,houston_2021-08-23,0.125,0,False
Houston,48-201-1035,2021-08-23,48-201-1035|2021|8|0,episode,houston_2021-08-23,0.125,0,False
Houston,48-201-1066,2021-08-23,48-201-1066|2021|8|0,episode,houston_2021-08-23,0.125,0,False
Houston,48-201-0024,2021-08-24,48-201-0024|2021|8|1,episode,houston_2021-08-23,0.1111111111111111,0,False
Houston,48-201-0026,2021-08-24,48-201-0026|2021|8|1,episode,houston_2021-08-23,0.1111111111111111,0,False
Houston,48-201-0047,2021-08-24,48-201-0047|2021|8|1,episode,houston_2021-08-23,0.1111111111111111,0,False
Houston,48-201-0055,2021-08-24,48-201-0055|2021|8|1,episode,houston_2021-08-23,0.1111111111111111,0,False
Houston,48-201-0416,2021-08-24,48-201-0416|2021|8|1,episode,houston_2021-08-23,0.1111111111111111,0,False
Houston,48-201-0417,2021-08-24,48-201-0417|2021|8|1,episode,houston_2021-08-23,0.1111111111111111,0,False
Houston,48-201-1034,2021-08-24,48-201-1034|2021|8|1,episode,houston_2021-08-23,0.1111111111111111,0,False
Houston,48-201-1035,2021-08-24,48-201-1035|2021|8|1,episode,houston_2021-08-23,0.1111111111111111,0,False
Houston,48-201-1066,2021-08-24,48-201-1066|2021|8|1,episode,houston_2021-08-23,0.1111111111111111,0,False
Houston,48-201-0024,2022-06-04,48-201-0024|2022|6|5,wind_only,,0.1,1,False
Houston,48-201-0026,2022-06-04,48-201-0026|2022|6|5,wind_only,,0.1,1,False
Houston,48-201-0047,2022-06-04,48-201-0047|2022|6|5,wind_only,,0.1,1,False
Houston,48-201-0055,2022-06-04,48-201-0055|2022|6|5,wind_only,,0.1,1,False
Houston,48-201-0416,2022-06-04,48-201-0416|2022|6|5,wind_only,,0.1,1,False
Houston,48-201-0417,2022-06-04,48-201-0417|2022|6|5,wind_only,,0.1,1,False
Houston,48-201-1034,2022-06-04,48-201-1034|2022|6|5,wind_only,,0.1,1,False
Houston,48-201-1035,2022-06-04,48-201-1035|2022|6|5,wind_only,,0.1,1,False
Houston,48-201-1052,2022-06-04,48-201-1052|2022|6|5,wind_only,,0.1,1,False
Houston,48-201-1066,2022-06-04,48-201-1066|2022|6|5,wind_only,,0.1,1,False
Houston,48-201-0024,2022-06-18,48-201-0024|2022|6|5,episode,houston_2022-06-18,0.1,0,False
Houston,48-201-0026,2022-06-18,48-201-0026|2022|6|5,episode,houston_2022-06-18,0.1,0,False
Houston,48-201-0047,2022-06-18,48-201-0047|2022|6|5,episode,houston_2022-06-18,0.1,0,False
Houston,48-201-0055,2022-06-18,48-201-0055|2022|6|5,episode,houston_2022-06-18,0.1,0,False
Houston,48-201-0416,2022-06-18,48-201-0416|2022|6|5,episode,houston_2022-06-18,0.1,0,False
Houston,48-201-0417,2022-06-18,48-201-0417|2022|6|5,episode,houston_2022-06-18,0.1,0,False
Houston,48-201-1034,2022-06-18,48-201-1034|2022|6|5,episode,houston_2022-06-18,0.1,0,False
Houston,48-201-1035,2022-06-18,48-201-1035|2022|6|5,episode,houston_2022-06-18,0.1,0,False
Houston,48-201-1052,2022-06-18,48-201-1052|2022|6|5,episode,houston_2022-06-18,0.1,0,False
Houston,48-201-1066,2022-06-18,48-201-1066|2022|6|5,episode,houston_2022-06-18,0.1,0,False
Houston,48-201-0024,2022-08-10,48-201-0024|2022|8|2,episode,houston_2022-08-10,0.1111111111111111,0,False
Houston,48-201-0026,2022-08-10,48-201-0026|2022|8|2,episode,houston_2022-08-10,0.1111111111111111,0,False
Houston,48-201-0055,2022-08-10,48-201-0055|2022|8|2,episode,houston_2022-08-10,0.1111111111111111,0,False
Houston,48-201-0416,2022-08-10,48-201-0416|2022|8|2,episode,houston_2022-08-10,0.1111111111111111,0,False
Houston,48-201-0417,2022-08-10,48-201-0417|2022|8|2,episode,houston_2022-08-10,0.1111111111111111,0,False
Houston,48-201-1034,2022-08-10,48-201-1034|2022|8|2,episode,houston_2022-08-10,0.1111111111111111,0,False
Houston,48-201-1035,2022-08-10,48-201-1035|2022|8|2,episode,houston_2022-08-10,0.1111111111111111,0,False
Houston,48-201-1052,2022-08-10,48-201-1052|2022|8|2,episode,houston_2022-08-10,0.1111111111111111,0,False
Houston,48-201-1066,2022-08-10,48-201-1066|2022|8|2,episode,houston_2022-08-10,0.1111111111111111,0,False
Houston,48-201-0024,2022-08-11,48-201-0024|2022|8|3,episode,houston_2022-08-10,0.1111111111111111,0,False
Houston,48-201-0026,2022-08-11,48-201-0026|2022|8|3,episode,houston_2022-08-10,0.1111111111111111,0,False
Houston,48-201-0055,2022-08-11,48-201-0055|2022|8|3,episode,houston_2022-08-10,0.1111111111111111,0,False
Houston,48-201-0416,2022-08-11,48-201-0416|2022|8|3,episode,houston_2022-08-10,0.1111111111111111,0,False
Houston,48-201-0417,2022-08-11,48-201-0417|2022|8|3,episode,houston_2022-08-10,0.1111111111111111,0,False
Houston,48-201-1034,2022-08-11,48-201-1034|2022|8|3,episode,houston_2022-08-10,0.1111111111111111,0,False
Houston,48-201-1035,2022-08-11,48-201-1035|2022|8|3,episode,houston_2022-08-10,0.1111111111111111,0,False
Houston,48-201-1052,2022-08-11,48-201-1052|2022|8|3,episode,houston_2022-08-10,0.1111111111111111,0,False
Houston,48-201-1066,2022-08-11,48-201-1066|2022|8|3,episode,houston_2022-08-10,0.1111111111111111,0,False
Houston,48-201-0024,2022-08-24,48-201-0024|2022|8|2,wind_only,,0.125,3,True
Houston,48-201-0026,2022-08-24,48-201-0026|2022|8|2,wind_only,,0.125,3,True
Houston,48-201-0055,2022-08-24,48-201-0055|2022|8|2,wind_only,,0.125,3,True
Houston,48-201-0416,2022-08-24,48-201-0416|2022|8|2,wind_only,,0.125,3,True
Houston,48-201-0417,2022-08-24,48-201-0417|2022|8|2,wind_only,,0.125,3,True
Houston,48-201-1034,2022-08-24,48-201-1034|2022|8|2,wind_only,,0.125,3,True
Houston,48-201-1052,2022-08-24,48-201-1052|2022|8|2,wind_only,,0.125,3,True
Houston,48-201-1066,2022-08-24,48-201-1066|2022|8|2,wind_only,,0.125,3,True
Houston,48-201-0024,2022-08-25,48-201-0024|2022|8|3,wind_only,,0.1111111111111111,3,True
Houston,48-201-0026,2022-08-25,48-201-0026|2022|8|3,wind_only,,0.1111111111111111,3,True
Houston,48-201-0055,2022-08-25,48-201-0055|2022|8|3,wind_only,,0.1111111111111111,3,True
Houston,48-201-0416,2022-08-25,48-201-0416|2022|8|3,wind_only,,0.1111111111111111,3,True
Houston,48-201-0417,2022-08-25,48-201-0417|2022|8|3,wind_only,,0.1111111111111111,3,True
Houston,48-201-1034,2022-08-25,48-201-1034|2022|8|3,wind_only,,0.1111111111111111,3,True
Houston,48-201-1035,2022-08-25,48-201-1035|2022|8|3,wind_only,,0.1111111111111111,3,True
Houston,48-201-1052,2022-08-25,48-201-1052|2022|8|3,wind_only,,0.1111111111111111,3,True
Houston,48-201-1066,2022-08-25,48-201-1066|2022|8|3,wind_only,,0.1111111111111111,3,True
Houston,48-201-0024,2022-08-31,48-201-0024|2022|8|2,wind_only,,0.14285714285714285,15,True
Houston,48-201-0026,2022-08-31,48-201-0026|2022|8|2,wind_only,,0.14285714285714285,15,True
Houston,48-201-0416,2022-08-31,48-201-0416|2022|8|2,wind_only,,0.14285714285714285,15,True
Houston,48-201-0417,2022-08-31,48-201-0417|2022|8|2,wind_only,,0.14285714285714285,15,True
Houston,48-201-1034,2022-08-31,48-201-1034|2022|8|2,wind_only,,0.14285714285714285,15,True
Houston,48-201-1035,2022-08-31,48-201-1035|2022|8|2,wind_only,,0.14285714285714285,15,True
Houston,48-201-1066,2022-08-31,48-201-1066|2022|8|2,wind_only,,0.14285714285714285,15,True
Houston,48-201-0024,2022-09-01,48-201-0024|2022|9|3,wind_only,,0.125,15,True
Houston,48-201-0026,2022-09-01,48-201-0026|2022|9|3,wind_only,,0.125,15,True
Houston,48-201-0047,2022-09-01,48-201-0047|2022|9|3,wind_only,,0.125,15,True
Houston,48-201-0055,2022-09-01,48-201-0055|2022|9|3,wind_only,,0.125,15,True
Houston,48-201-0417,2022-09-01,48-201-0417|2022|9|3,wind_only,,0.125,15,True
Houston,48-201-1034,2022-09-01,48-201-1034|2022|9|3,wind_only,,0.125,15,True
Houston,48-201-1052,2022-09-01,48-201-1052|2022|9|3,wind_only,,0.125,15,True
Houston,48-201-1066,2022-09-01,48-201-1066|2022|9|3,wind_only,,0.125,15,True
Houston,48-201-0024,2022-09-02,48-201-0024|2022|9|4,wind_only,,0.14285714285714285,15,True
Houston,48-201-0026,2022-09-02,48-201-0026|2022|9|4,wind_only,,0.14285714285714285,15,True
Houston,48-201-0055,2022-09-02,48-201-0055|2022|9|4,wind_only,,0.14285714285714285,15,True
Houston,48-201-0417,2022-09-02,48-201-0417|2022|9|4,wind_only,,0.14285714285714285,15,True
Houston,48-201-1034,2022-09-02,48-201-1034|2022|9|4,wind_only,,0.14285714285714285,15,True
Houston,48-201-1052,2022-09-02,48-201-1052|2022|9|4,wind_only,,0.14285714285714285,15,True
Houston,48-201-1066,2022-09-02,48-201-1066|2022|9|4,wind_only,,0.14285714285714285,15,True
Houston,48-201-0024,2022-09-08,48-201-0024|2022|9|3,wind_only,,0.1111111111111111,15,True
Houston,48-201-0026,2022-09-08,48-201-0026|2022|9|3,wind_only,,0.1111111111111111,15,True
Houston,48-201-0047,2022-09-08,48-201-0047|2022|9|3,wind_only,,0.1111111111111111,15,True
Houston,48-201-0055,2022-09-08,48-201-0055|2022|9|3,wind_only,,0.1111111111111111,15,True
Houston,48-201-0416,2022-09-08,48-201-0416|2022|9|3,wind_only,,0.1111111111111111,15,True
Houston,48-201-0417,2022-09-08,48-201-0417|2022|9|3,wind_only,,0.1111111111111111,15,True
Houston,48-201-1034,2022-09-08,48-201-1034|2022|9|3,wind_only,,0.1111111111111111,15,True
Houston,48-201-1052,2022-09-08,48-201-1052|2022|9|3,wind_only,,0.1111111111111111,15,True
Houston,48-201-1066,2022-09-08,48-201-1066|2022|9|3,wind_only,,0.1111111111111111,15,True
Houston,48-201-0024,2022-09-09,48-201-0024|2022|9|4,wind_only,,0.1111111111111111,15,True
Houston,48-201-0026,2022-09-09,48-201-0026|2022|9|4,wind_only,,0.1111111111111111,15,True
Houston,48-201-0047,2022-09-09,48-201-0047|2022|9|4,wind_only,,0.1111111111111111,15,True
Houston,48-201-0055,2022-09-09,48-201-0055|2022|9|4,wind_only,,0.1111111111111111,15,True
Houston,48-201-0416,2022-09-09,48-201-0416|2022|9|4,wind_only,,0.1111111111111111,15,True
Houston,48-201-0417,2022-09-09,48-201-0417|2022|9|4,wind_only,,0.1111111111111111,15,True
Houston,48-201-1034,2022-09-09,48-201-1034|2022|9|4,wind_only,,0.1111111111111111,15,True
Houston,48-201-1052,2022-09-09,48-201-1052|2022|9|4,wind_only,,0.1111111111111111,15,True
Houston,48-201-1066,2022-09-09,48-201-1066|2022|9|4,wind_only,,0.1111111111111111,15,True
Houston,48-201-0024,2022-09-16,48-201-0024|2022|9|4,wind_only,,0.125,1,False
Houston,48-201-0026,2022-09-16,48-201-0026|2022|9|4,wind_only,,0.125,1,False
Houston,48-201-0055,2022-09-16,48-201-0055|2022|9|4,wind_only,,0.125,1,False
Houston,48-201-0416,2022-09-16,48-201-0416|2022|9|4,wind_only,,0.125,1,False
Houston,48-201-0417,2022-09-16,48-201-0417|2022|9|4,wind_only,,0.125,1,False
Houston,48-201-1034,2022-09-16,48-201-1034|2022|9|4,wind_only,,0.125,1,False
Houston,48-201-1052,2022-09-16,48-201-1052|2022|9|4,wind_only,,0.125,1,False
Houston,48-201-1066,2022-09-16,48-201-1066|2022|9|4,wind_only,,0.125,1,False
Houston,48-201-0024,2022-09-22,48-201-0024|2022|9|3,episode,houston_2022-09-22,0.1111111111111111,0,False
Houston,48-201-0026,2022-09-22,48-201-0026|2022|9|3,episode,houston_2022-09-22,0.1111111111111111,0,False
Houston,48-201-0047,2022-09-22,48-201-0047|2022|9|3,episode,houston_2022-09-22,0.1111111111111111,0,False
Houston,48-201-0055,2022-09-22,48-201-0055|2022|9|3,episode,houston_2022-09-22,0.1111111111111111,0,False
Houston,48-201-0416,2022-09-22,48-201-0416|2022|9|3,episode,houston_2022-09-22,0.1111111111111111,0,False
Houston,48-201-0417,2022-09-22,48-201-0417|2022|9|3,episode,houston_2022-09-22,0.1111111111111111,0,False
Houston,48-201-1034,2022-09-22,48-201-1034|2022|9|3,episode,houston_2022-09-22,0.1111111111111111,0,False
Houston,48-201-1052,2022-09-22,48-201-1052|2022|9|3,episode,houston_2022-09-22,0.1111111111111111,0,False
Houston,48-201-1066,2022-09-22,48-201-1066|2022|9|3,episode,houston_2022-09-22,0.1111111111111111,0,False
Houston,48-201-0024,2022-09-23,48-201-0024|2022|9|4,episode,houston_2022-09-22,0.1111111111111111,0,False
Houston,48-201-0026,2022-09-23,48-201-0026|2022|9|4,episode,houston_2022-09-22,0.1111111111111111,0,False
Houston,48-201-0047,2022-09-23,48-201-0047|2022|9|4,episode,houston_2022-09-22,0.1111111111111111,0,False
Houston,48-201-0055,2022-09-23,48-201-0055|2022|9|4,episode,houston_2022-09-22,0.1111111111111111,0,False
Houston,48-201-0416,2022-09-23,48-201-0416|2022|9|4,episode,houston_2022-09-22,0.1111111111111111,0,False
Houston,48-201-0417,2022-09-23,48-201-0417|2022|9|4,episode,houston_2022-09-22,0.1111111111111111,0,False
Houston,48-201-1034,2022-09-23,48-201-1034|2022|9|4,episode,houston_2022-09-22,0.1111111111111111,0,False
Houston,48-201-1052,2022-09-23,48-201-1052|2022|9|4,episode,houston_2022-09-22,0.1111111111111111,0,False
Houston,48-201-1066,2022-09-23,48-201-1066|2022|9|4,episode,houston_2022-09-22,0.1111111111111111,0,False
Houston,48-201-0024,2023-09-01,48-201-0024|2023|9|4,episode,houston_2023-08-31,0.14285714285714285,0,False
Houston,48-201-0026,2023-09-01,48-201-0026|2023|9|4,episode,houston_2023-08-31,0.14285714285714285,0,False
Houston,48-201-0416,2023-09-01,48-201-0416|2023|9|4,episode,houston_2023-08-31,0.14285714285714285,0,False
Houston,48-201-0417,2023-09-01,48-201-0417|2023|9|4,episode,houston_2023-08-31,0.14285714285714285,0,False
Houston,48-201-1034,2023-09-01,48-201-1034|2023|9|4,episode,houston_2023-08-31,0.14285714285714285,0,False
Houston,48-201-1052,2023-09-01,48-201-1052|2023|9|4,episode,houston_2023-08-31,0.14285714285714285,0,False
Houston,48-201-1066,2023-09-01,48-201-1066|2023|9|4,episode,houston_2023-08-31,0.14285714285714285,0,False
Houston,48-201-0024,2023-09-02,48-201-0024|2023|9|5,episode,houston_2023-08-31,0.125,0,False
Houston,48-201-0026,2023-09-02,48-201-0026|2023|9|5,episode,houston_2023-08-31,0.125,0,False
Houston,48-201-0055,2023-09-02,48-201-0055|2023|9|5,episode,houston_2023-08-31,0.125,0,False
Houston,48-201-0416,2023-09-02,48-201-0416|2023|9|5,episode,houston_2023-08-31,0.125,0,False
Houston,48-201-0417,2023-09-02,48-201-0417|2023|9|5,episode,houston_2023-08-31,0.125,0,False
Houston,48-201-1034,2023-09-02,48-201-1034|2023|9|5,episode,houston_2023-08-31,0.125,0,False
Houston,48-201-1052,2023-09-02,48-201-1052|2023|9|5,episode,houston_2023-08-31,0.125,0,False
Houston,48-201-1066,2023-09-02,48-201-1066|2023|9|5,episode,houston_2023-08-31,0.125,0,False
Houston,48-201-0024,2023-09-11,48-201-0024|2023|9|0,episode,houston_2023-09-11,0.14285714285714285,0,False
Houston,48-201-0026,2023-09-11,48-201-0026|2023|9|0,episode,houston_2023-09-11,0.14285714285714285,0,False
Houston,48-201-0055,2023-09-11,48-201-0055|2023|9|0,episode,houston_2023-09-11,0.14285714285714285,0,False
Houston,48-201-0416,2023-09-11,48-201-0416|2023|9|0,episode,houston_2023-09-11,0.14285714285714285,0,False
Houston,48-201-0417,2023-09-11,48-201-0417|2023|9|0,episode,houston_2023-09-11,0.14285714285714285,0,False
Houston,48-201-1034,2023-09-11,48-201-1034|2023|9|0,episode,houston_2023-09-11,0.14285714285714285,0,False
Houston,48-201-1066,2023-09-11,48-201-1066|2023|9|0,episode,houston_2023-09-11,0.14285714285714285,0,False
Houston,48-201-0024,2023-09-12,48-201-0024|2023|9|1,episode,houston_2023-09-11,0.125,0,False
Houston,48-201-0026,2023-09-12,48-201-0026|2023|9|1,episode,houston_2023-09-11,0.125,0,False
Houston,48-201-0055,2023-09-12,48-201-0055|2023|9|1,episode,houston_2023-09-11,0.125,0,False
Houston,48-201-0416,2023-09-12,48-201-0416|2023|9|1,episode,houston_2023-09-11,0.125,0,False
Houston,48-201-0417,2023-09-12,48-201-0417|2023|9|1,episode,houston_2023-09-11,0.125,0,False
Houston,48-201-1034,2023-09-12,48-201-1034|2023|9|1,episode,houston_2023-09-11,0.125,0,False
Houston,48-201-1052,2023-09-12,48-201-1052|2023|9|1,episode,houston_2023-09-11,0.125,0,False
Houston,48-201-1066,2023-09-12,48-201-1066|2023|9|1,episode,houston_2023-09-11,0.125,0,False
Houston,48-201-0024,2023-09-15,48-201-0024|2023|9|4,wind_only,,0.14285714285714285,5,True
Houston,48-201-0026,2023-09-15,48-201-0026|2023|9|4,wind_only,,0.14285714285714285,5,True
Houston,48-201-0416,2023-09-15,48-201-0416|2023|9|4,wind_only,,0.14285714285714285,5,True
Houston,48-201-0417,2023-09-15,48-201-0417|2023|9|4,wind_only,,0.14285714285714285,5,True
Houston,48-201-1034,2023-09-15,48-201-1034|2023|9|4,wind_only,,0.14285714285714285,5,True
Houston,48-201-1052,2023-09-15,48-201-1052|2023|9|4,wind_only,,0.14285714285714285,5,True
Houston,48-201-1066,2023-09-15,48-201-1066|2023|9|4,wind_only,,0.14285714285714285,5,True
Houston,48-201-0024,2023-09-16,48-201-0024|2023|9|5,wind_only,,0.125,5,True
Houston,48-201-0026,2023-09-16,48-201-0026|2023|9|5,wind_only,,0.125,5,True
Houston,48-201-0055,2023-09-16,48-201-0055|2023|9|5,wind_only,,0.125,5,True
Houston,48-201-0416,2023-09-16,48-201-0416|2023|9|5,wind_only,,0.125,5,True
Houston,48-201-0417,2023-09-16,48-201-0417|2023|9|5,wind_only,,0.125,5,True
Houston,48-201-1034,2023-09-16,48-201-1034|2023|9|5,wind_only,,0.125,5,True
Houston,48-201-1052,2023-09-16,48-201-1052|2023|9|5,wind_only,,0.125,5,True
Houston,48-201-1066,2023-09-16,48-201-1066|2023|9|5,wind_only,,0.125,5,True
Houston,48-201-0024,2023-09-18,48-201-0024|2023|9|0,wind_only,,0.14285714285714285,5,True
Houston,48-201-0026,2023-09-18,48-201-0026|2023|9|0,wind_only,,0.14285714285714285,5,True
Houston,48-201-0055,2023-09-18,48-201-0055|2023|9|0,wind_only,,0.14285714285714285,5,True
Houston,48-201-0416,2023-09-18,48-201-0416|2023|9|0,wind_only,,0.14285714285714285,5,True
Houston,48-201-0417,2023-09-18,48-201-0417|2023|9|0,wind_only,,0.14285714285714285,5,True
Houston,48-201-1034,2023-09-18,48-201-1034|2023|9|0,wind_only,,0.14285714285714285,5,True
Houston,48-201-1066,2023-09-18,48-201-1066|2023|9|0,wind_only,,0.14285714285714285,5,True
Houston,48-201-0024,2023-09-26,48-201-0024|2023|9|1,wind_only,,0.125,1,False
Houston,48-201-0026,2023-09-26,48-201-0026|2023|9|1,wind_only,,0.125,1,False
Houston,48-201-0055,2023-09-26,48-201-0055|2023|9|1,wind_only,,0.125,1,False
Houston,48-201-0416,2023-09-26,48-201-0416|2023|9|1,wind_only,,0.125,1,False
Houston,48-201-0417,2023-09-26,48-201-0417|2023|9|1,wind_only,,0.125,1,False
Houston,48-201-1034,2023-09-26,48-201-1034|2023|9|1,wind_only,,0.125,1,False
Houston,48-201-1052,2023-09-26,48-201-1052|2023|9|1,wind_only,,0.125,1,False
Houston,48-201-1066,2023-09-26,48-201-1066|2023|9|1,wind_only,,0.125,1,False
Houston,48-201-0026,2024-06-06,48-201-0026|2024|6|3,episode,houston_2024-06-06,0.125,0,False
Houston,48-201-0047,2024-06-06,48-201-0047|2024|6|3,episode,houston_2024-06-06,0.125,0,False
Houston,48-201-0416,2024-06-06,48-201-0416|2024|6|3,episode,houston_2024-06-06,0.125,0,False
Houston,48-201-0417,2024-06-06,48-201-0417|2024|6|3,episode,houston_2024-06-06,0.125,0,False
Houston,48-201-1034,2024-06-06,48-201-1034|2024|6|3,episode,houston_2024-06-06,0.125,0,False
Houston,48-201-1035,2024-06-06,48-201-1035|2024|6|3,episode,houston_2024-06-06,0.125,0,False
Houston,48-201-1052,2024-06-06,48-201-1052|2024|6|3,episode,houston_2024-06-06,0.125,0,False
Houston,48-201-1066,2024-06-06,48-201-1066|2024|6|3,episode,houston_2024-06-06,0.125,0,False
Houston,48-201-0026,2024-06-07,48-201-0026|2024|6|4,episode,houston_2024-06-06,0.125,0,False
Houston,48-201-0047,2024-06-07,48-201-0047|2024|6|4,episode,houston_2024-06-06,0.125,0,False
Houston,48-201-0416,2024-06-07,48-201-0416|2024|6|4,episode,houston_2024-06-06,0.125,0,False
Houston,48-201-0417,2024-06-07,48-201-0417|2024|6|4,episode,houston_2024-06-06,0.125,0,False
Houston,48-201-1034,2024-06-07,48-201-1034|2024|6|4,episode,houston_2024-06-06,0.125,0,False
Houston,48-201-1035,2024-06-07,48-201-1035|2024|6|4,episode,houston_2024-06-06,0.125,0,False
Houston,48-201-1052,2024-06-07,48-201-1052|2024|6|4,episode,houston_2024-06-06,0.125,0,False
Houston,48-201-1066,2024-06-07,48-201-1066|2024|6|4,episode,houston_2024-06-06,0.125,0,False
Houston,48-201-0024,2024-06-09,48-201-0024|2024|6|6,wind_only,,0.1111111111111111,7,True
Houston,48-201-0026,2024-06-09,48-201-0026|2024|6|6,wind_only,,0.1111111111111111,7,True
Houston,48-201-0047,2024-06-09,48-201-0047|2024|6|6,wind_only,,0.1111111111111111,7,True
Houston,48-201-0055,2024-06-09,48-201-0055|2024|6|6,wind_only,,0.1111111111111111,7,True
Houston,48-201-0416,2024-06-09,48-201-0416|2024|6|6,wind_only,,0.1111111111111111,7,True
Houston,48-201-0417,2024-06-09,48-201-0417|2024|6|6,wind_only,,0.1111111111111111,7,True
Houston,48-201-1034,2024-06-09,48-201-1034|2024|6|6,wind_only,,0.1111111111111111,7,True
Houston,48-201-1052,2024-06-09,48-201-1052|2024|6|6,wind_only,,0.1111111111111111,7,True
Houston,48-201-1066,2024-06-09,48-201-1066|2024|6|6,wind_only,,0.1111111111111111,7,True
Houston,48-201-0026,2024-06-13,48-201-0026|2024|6|3,wind_only,,0.125,7,True
Houston,48-201-0047,2024-06-13,48-201-0047|2024|6|3,wind_only,,0.125,7,True
Houston,48-201-0416,2024-06-13,48-201-0416|2024|6|3,wind_only,,0.125,7,True
Houston,48-201-0417,2024-06-13,48-201-0417|2024|6|3,wind_only,,0.125,7,True
Houston,48-201-1034,2024-06-13,48-201-1034|2024|6|3,wind_only,,0.125,7,True
Houston,48-201-1035,2024-06-13,48-201-1035|2024|6|3,wind_only,,0.125,7,True
Houston,48-201-1052,2024-06-13,48-201-1052|2024|6|3,wind_only,,0.125,7,True
Houston,48-201-1066,2024-06-13,48-201-1066|2024|6|3,wind_only,,0.125,7,True
Houston,48-201-0026,2024-06-14,48-201-0026|2024|6|4,wind_only,,0.125,7,True
Houston,48-201-0047,2024-06-14,48-201-0047|2024|6|4,wind_only,,0.125,7,True
Houston,48-201-0416,2024-06-14,48-201-0416|2024|6|4,wind_only,,0.125,7,True
Houston,48-201-0417,2024-06-14,48-201-0417|2024|6|4,wind_only,,0.125,7,True
Houston,48-201-1034,2024-06-14,48-201-1034|2024|6|4,wind_only,,0.125,7,True
Houston,48-201-1035,2024-06-14,48-201-1035|2024|6|4,wind_only,,0.125,7,True
Houston,48-201-1052,2024-06-14,48-201-1052|2024|6|4,wind_only,,0.125,7,True
Houston,48-201-1066,2024-06-14,48-201-1066|2024|6|4,wind_only,,0.125,7,True
Houston,48-201-0024,2024-06-23,48-201-0024|2024|6|6,wind_only,,0.1111111111111111,1,False
Houston,48-201-0026,2024-06-23,48-201-0026|2024|6|6,wind_only,,0.1111111111111111,1,False
Houston,48-201-0047,2024-06-23,48-201-0047|2024|6|6,wind_only,,0.1111111111111111,1,False
Houston,48-201-0055,2024-06-23,48-201-0055|2024|6|6,wind_only,,0.1111111111111111,1,False
Houston,48-201-0416,2024-06-23,48-201-0416|2024|6|6,wind_only,,0.1111111111111111,1,False
Houston,48-201-0417,2024-06-23,48-201-0417|2024|6|6,wind_only,,0.1111111111111111,1,False
Houston,48-201-1034,2024-06-23,48-201-1034|2024|6|6,wind_only,,0.1111111111111111,1,False
Houston,48-201-1052,2024-06-23,48-201-1052|2024|6|6,wind_only,,0.1111111111111111,1,False
Houston,48-201-1066,2024-06-23,48-201-1066|2024|6|6,wind_only,,0.1111111111111111,1,False
Houston,48-201-0024,2024-06-30,48-201-0024|2024|6|6,episode,houston_2024-06-30,0.1111111111111111,0,False
Houston,48-201-0026,2024-06-30,48-201-0026|2024|6|6,episode,houston_2024-06-30,0.1111111111111111,0,False
Houston,48-201-0047,2024-06-30,48-201-0047|2024|6|6,episode,houston_2024-06-30,0.1111111111111111,0,False
Houston,48-201-0055,2024-06-30,48-201-0055|2024|6|6,episode,houston_2024-06-30,0.1111111111111111,0,False
Houston,48-201-0416,2024-06-30,48-201-0416|2024|6|6,episode,houston_2024-06-30,0.1111111111111111,0,False
Houston,48-201-0417,2024-06-30,48-201-0417|2024|6|6,episode,houston_2024-06-30,0.1111111111111111,0,False
Houston,48-201-1034,2024-06-30,48-201-1034|2024|6|6,episode,houston_2024-06-30,0.1111111111111111,0,False
Houston,48-201-1052,2024-06-30,48-201-1052|2024|6|6,episode,houston_2024-06-30,0.1111111111111111,0,False
Houston,48-201-1066,2024-06-30,48-201-1066|2024|6|6,episode,houston_2024-06-30,0.1111111111111111,0,False
Houston,48-201-0024,2024-07-01,48-201-0024|2024|7|0,episode,houston_2024-06-30,0.125,0,False
Houston,48-201-0026,2024-07-01,48-201-0026|2024|7|0,episode,houston_2024-06-30,0.125,0,False
Houston,48-201-0047,2024-07-01,48-201-0047|2024|7|0,episode,houston_2024-06-30,0.125,0,False
Houston,48-201-0416,2024-07-01,48-201-0416|2024|7|0,episode,houston_2024-06-30,0.125,0,False
Houston,48-201-0417,2024-07-01,48-201-0417|2024|7|0,episode,houston_2024-06-30,0.125,0,False
Houston,48-201-1034,2024-07-01,48-201-1034|2024|7|0,episode,houston_2024-06-30,0.125,0,False
Houston,48-201-1052,2024-07-01,48-201-1052|2024|7|0,episode,houston_2024-06-30,0.125,0,False
Houston,48-201-1066,2024-07-01,48-201-1066|2024|7|0,episode,houston_2024-06-30,0.125,0,False
Houston,48-201-0024,2024-07-02,48-201-0024|2024|7|1,episode,houston_2024-06-30,0.125,0,False
Houston,48-201-0026,2024-07-02,48-201-0026|2024|7|1,episode,houston_2024-06-30,0.125,0,False
Houston,48-201-0047,2024-07-02,48-201-0047|2024|7|1,episode,houston_2024-06-30,0.125,0,False
Houston,48-201-0416,2024-07-02,48-201-0416|2024|7|1,episode,houston_2024-06-30,0.125,0,False
Houston,48-201-0417,2024-07-02,48-201-0417|2024|7|1,episode,houston_2024-06-30,0.125,0,False
Houston,48-201-1034,2024-07-02,48-201-1034|2024|7|1,episode,houston_2024-06-30,0.125,0,False
Houston,48-201-1052,2024-07-02,48-201-1052|2024|7|1,episode,houston_2024-06-30,0.125,0,False
Houston,48-201-1066,2024-07-02,48-201-1066|2024|7|1,episode,houston_2024-06-30,0.125,0,False
Houston,48-201-0417,2024-07-03,48-201-0417|2024|7|2,wind_only,,0.5,1,False
Houston,48-201-1052,2024-07-03,48-201-1052|2024|7|2,wind_only,,0.5,1,False
Houston,48-201-0417,2024-07-09,48-201-0417|2024|7|1,episode,houston_2024-07-09,1.0,0,False
Houston,48-201-0417,2024-07-10,48-201-0417|2024|7|2,episode,houston_2024-07-09,0.5,0,False
Houston,48-201-1052,2024-07-10,48-201-1052|2024|7|2,episode,houston_2024-07-09,0.5,0,False
Houston,48-201-0417,2024-07-17,48-201-0417|2024|7|2,wind_only,,0.5,8,True
Houston,48-201-1052,2024-07-17,48-201-1052|2024|7|2,wind_only,,0.5,8,True
Houston,48-201-0024,2024-07-22,48-201-0024|2024|7|0,wind_only,,0.125,8,True
Houston,48-201-0026,2024-07-22,48-201-0026|2024|7|0,wind_only,,0.125,8,True
Houston,48-201-0047,2024-07-22,48-201-0047|2024|7|0,wind_only,,0.125,8,True
Houston,48-201-0416,2024-07-22,48-201-0416|2024|7|0,wind_only,,0.125,8,True
Houston,48-201-0417,2024-07-22,48-201-0417|2024|7|0,wind_only,,0.125,8,True
Houston,48-201-1034,2024-07-22,48-201-1034|2024|7|0,wind_only,,0.125,8,True
Houston,48-201-1052,2024-07-22,48-201-1052|2024|7|0,wind_only,,0.125,8,True
Houston,48-201-1066,2024-07-22,48-201-1066|2024|7|0,wind_only,,0.125,8,True
Houston,48-201-0024,2024-07-23,48-201-0024|2024|7|1,wind_only,,0.125,8,True
Houston,48-201-0026,2024-07-23,48-201-0026|2024|7|1,wind_only,,0.125,8,True
Houston,48-201-0047,2024-07-23,48-201-0047|2024|7|1,wind_only,,0.125,8,True
Houston,48-201-0416,2024-07-23,48-201-0416|2024|7|1,wind_only,,0.125,8,True
Houston,48-201-0417,2024-07-23,48-201-0417|2024|7|1,wind_only,,0.125,8,True
Houston,48-201-1034,2024-07-23,48-201-1034|2024|7|1,wind_only,,0.125,8,True
Houston,48-201-1052,2024-07-23,48-201-1052|2024|7|1,wind_only,,0.125,8,True
Houston,48-201-1066,2024-07-23,48-201-1066|2024|7|1,wind_only,,0.125,8,True
Houston,48-201-0417,2024-07-24,48-201-0417|2024|7|2,wind_only,,0.5,8,True
Houston,48-201-1052,2024-07-24,48-201-1052|2024|7|2,wind_only,,0.5,8,True
Houston,48-201-0024,2024-08-01,48-201-0024|2024|8|3,episode,houston_2024-08-01,0.1,0,False
Houston,48-201-0026,2024-08-01,48-201-0026|2024|8|3,episode,houston_2024-08-01,0.1,0,False
Houston,48-201-0047,2024-08-01,48-201-0047|2024|8|3,episode,houston_2024-08-01,0.1,0,False
Houston,48-201-0055,2024-08-01,48-201-0055|2024|8|3,episode,houston_2024-08-01,0.1,0,False
Houston,48-201-0416,2024-08-01,48-201-0416|2024|8|3,episode,houston_2024-08-01,0.1,0,False
Houston,48-201-0417,2024-08-01,48-201-0417|2024|8|3,episode,houston_2024-08-01,0.1,0,False
Houston,48-201-1034,2024-08-01,48-201-1034|2024|8|3,episode,houston_2024-08-01,0.1,0,False
Houston,48-201-1035,2024-08-01,48-201-1035|2024|8|3,episode,houston_2024-08-01,0.1,0,False
Houston,48-201-1052,2024-08-01,48-201-1052|2024|8|3,episode,houston_2024-08-01,0.1,0,False
Houston,48-201-1066,2024-08-01,48-201-1066|2024|8|3,episode,houston_2024-08-01,0.1,0,False
Houston,48-201-0024,2024-08-05,48-201-0024|2024|8|0,episode,houston_2024-08-01,0.1111111111111111,0,False
Houston,48-201-0026,2024-08-05,48-201-0026|2024|8|0,episode,houston_2024-08-01,0.1111111111111111,0,False
Houston,48-201-0055,2024-08-05,48-201-0055|2024|8|0,episode,houston_2024-08-01,0.1111111111111111,0,False
Houston,48-201-0416,2024-08-05,48-201-0416|2024|8|0,episode,houston_2024-08-01,0.1111111111111111,0,False
Houston,48-201-0417,2024-08-05,48-201-0417|2024|8|0,episode,houston_2024-08-01,0.1111111111111111,0,False
Houston,48-201-1034,2024-08-05,48-201-1034|2024|8|0,episode,houston_2024-08-01,0.1111111111111111,0,False
Houston,48-201-1035,2024-08-05,48-201-1035|2024|8|0,episode,houston_2024-08-01,0.1111111111111111,0,False
Houston,48-201-1052,2024-08-05,48-201-1052|2024|8|0,episode,houston_2024-08-01,0.1111111111111111,0,False
Houston,48-201-1066,2024-08-05,48-201-1066|2024|8|0,episode,houston_2024-08-01,0.1111111111111111,0,False
Houston,48-201-0024,2024-08-06,48-201-0024|2024|8|1,episode,houston_2024-08-01,0.125,0,False
Houston,48-201-0026,2024-08-06,48-201-0026|2024|8|1,episode,houston_2024-08-01,0.125,0,False
Houston,48-201-0055,2024-08-06,48-201-0055|2024|8|1,episode,houston_2024-08-01,0.125,0,False
Houston,48-201-0416,2024-08-06,48-201-0416|2024|8|1,episode,houston_2024-08-01,0.125,0,False
Houston,48-201-0417,2024-08-06,48-201-0417|2024|8|1,episode,houston_2024-08-01,0.125,0,False
Houston,48-201-1034,2024-08-06,48-201-1034|2024|8|1,episode,houston_2024-08-01,0.125,0,False
Houston,48-201-1052,2024-08-06,48-201-1052|2024|8|1,episode,houston_2024-08-01,0.125,0,False
Houston,48-201-1066,2024-08-06,48-201-1066|2024|8|1,episode,houston_2024-08-01,0.125,0,False
Houston,48-201-0024,2024-08-07,48-201-0024|2024|8|2,episode,houston_2024-08-01,0.1111111111111111,0,False
Houston,48-201-0026,2024-08-07,48-201-0026|2024|8|2,episode,houston_2024-08-01,0.1111111111111111,0,False
Houston,48-201-0047,2024-08-07,48-201-0047|2024|8|2,episode,houston_2024-08-01,0.1111111111111111,0,False
Houston,48-201-0055,2024-08-07,48-201-0055|2024|8|2,episode,houston_2024-08-01,0.1111111111111111,0,False
Houston,48-201-0416,2024-08-07,48-201-0416|2024|8|2,episode,houston_2024-08-01,0.1111111111111111,0,False
Houston,48-201-0417,2024-08-07,48-201-0417|2024|8|2,episode,houston_2024-08-01,0.1111111111111111,0,False
Houston,48-201-1035,2024-08-07,48-201-1035|2024|8|2,episode,houston_2024-08-01,0.1111111111111111,0,False
Houston,48-201-1052,2024-08-07,48-201-1052|2024|8|2,episode,houston_2024-08-01,0.1111111111111111,0,False
Houston,48-201-1066,2024-08-07,48-201-1066|2024|8|2,episode,houston_2024-08-01,0.1111111111111111,0,False
Houston,48-201-0024,2024-08-08,48-201-0024|2024|8|3,episode,houston_2024-08-01,0.1,0,False
Houston,48-201-0026,2024-08-08,48-201-0026|2024|8|3,episode,houston_2024-08-01,0.1,0,False
Houston,48-201-0047,2024-08-08,48-201-0047|2024|8|3,episode,houston_2024-08-01,0.1,0,False
Houston,48-201-0055,2024-08-08,48-201-0055|2024|8|3,episode,houston_2024-08-01,0.1,0,False
Houston,48-201-0416,2024-08-08,48-201-0416|2024|8|3,episode,houston_2024-08-01,0.1,0,False
Houston,48-201-0417,2024-08-08,48-201-0417|2024|8|3,episode,houston_2024-08-01,0.1,0,False
Houston,48-201-1034,2024-08-08,48-201-1034|2024|8|3,episode,houston_2024-08-01,0.1,0,False
Houston,48-201-1035,2024-08-08,48-201-1035|2024|8|3,episode,houston_2024-08-01,0.1,0,False
Houston,48-201-1052,2024-08-08,48-201-1052|2024|8|3,episode,houston_2024-08-01,0.1,0,False
Houston,48-201-1066,2024-08-08,48-201-1066|2024|8|3,episode,houston_2024-08-01,0.1,0,False
Houston,48-201-0024,2024-08-12,48-201-0024|2024|8|0,episode,houston_2024-08-01,0.1111111111111111,0,False
Houston,48-201-0026,2024-08-12,48-201-0026|2024|8|0,episode,houston_2024-08-01,0.1111111111111111,0,False
Houston,48-201-0055,2024-08-12,48-201-0055|2024|8|0,episode,houston_2024-08-01,0.1111111111111111,0,False
Houston,48-201-0416,2024-08-12,48-201-0416|2024|8|0,episode,houston_2024-08-01,0.1111111111111111,0,False
Houston,48-201-0417,2024-08-12,48-201-0417|2024|8|0,episode,houston_2024-08-01,0.1111111111111111,0,False
Houston,48-201-1034,2024-08-12,48-201-1034|2024|8|0,episode,houston_2024-08-01,0.1111111111111111,0,False
Houston,48-201-1035,2024-08-12,48-201-1035|2024|8|0,episode,houston_2024-08-01,0.1111111111111111,0,False
Houston,48-201-1052,2024-08-12,48-201-1052|2024|8|0,episode,houston_2024-08-01,0.1111111111111111,0,False
Houston,48-201-1066,2024-08-12,48-201-1066|2024|8|0,episode,houston_2024-08-01,0.1111111111111111,0,False
Houston,48-201-0024,2024-08-13,48-201-0024|2024|8|1,episode,houston_2024-08-01,0.125,0,False
Houston,48-201-0026,2024-08-13,48-201-0026|2024|8|1,episode,houston_2024-08-01,0.125,0,False
Houston,48-201-0055,2024-08-13,48-201-0055|2024|8|1,episode,houston_2024-08-01,0.125,0,False
Houston,48-201-0416,2024-08-13,48-201-0416|2024|8|1,episode,houston_2024-08-01,0.125,0,False
Houston,48-201-0417,2024-08-13,48-201-0417|2024|8|1,episode,houston_2024-08-01,0.125,0,False
Houston,48-201-1034,2024-08-13,48-201-1034|2024|8|1,episode,houston_2024-08-01,0.125,0,False
Houston,48-201-1052,2024-08-13,48-201-1052|2024|8|1,episode,houston_2024-08-01,0.125,0,False
Houston,48-201-1066,2024-08-13,48-201-1066|2024|8|1,episode,houston_2024-08-01,0.125,0,False
Houston,48-201-0024,2024-08-14,48-201-0024|2024|8|2,episode,houston_2024-08-01,0.125,0,False
Houston,48-201-0026,2024-08-14,48-201-0026|2024|8|2,episode,houston_2024-08-01,0.125,0,False
Houston,48-201-0047,2024-08-14,48-201-0047|2024|8|2,episode,houston_2024-08-01,0.125,0,False
Houston,48-201-0055,2024-08-14,48-201-0055|2024|8|2,episode,houston_2024-08-01,0.125,0,False
Houston,48-201-0416,2024-08-14,48-201-0416|2024|8|2,episode,houston_2024-08-01,0.125,0,False
Houston,48-201-0417,2024-08-14,48-201-0417|2024|8|2,episode,houston_2024-08-01,0.125,0,False
Houston,48-201-1052,2024-08-14,48-201-1052|2024|8|2,episode,houston_2024-08-01,0.125,0,False
Houston,48-201-1066,2024-08-14,48-201-1066|2024|8|2,episode,houston_2024-08-01,0.125,0,False
Houston,48-201-0024,2024-08-15,48-201-0024|2024|8|3,episode,houston_2024-08-01,0.1,0,False
Houston,48-201-0026,2024-08-15,48-201-0026|2024|8|3,episode,houston_2024-08-01,0.1,0,False
Houston,48-201-0047,2024-08-15,48-201-0047|2024|8|3,episode,houston_2024-08-01,0.1,0,False
Houston,48-201-0055,2024-08-15,48-201-0055|2024|8|3,episode,houston_2024-08-01,0.1,0,False
Houston,48-201-0416,2024-08-15,48-201-0416|2024|8|3,episode,houston_2024-08-01,0.1,0,False
Houston,48-201-0417,2024-08-15,48-201-0417|2024|8|3,episode,houston_2024-08-01,0.1,0,False
Houston,48-201-1034,2024-08-15,48-201-1034|2024|8|3,episode,houston_2024-08-01,0.1,0,False
Houston,48-201-1035,2024-08-15,48-201-1035|2024|8|3,episode,houston_2024-08-01,0.1,0,False
Houston,48-201-1052,2024-08-15,48-201-1052|2024|8|3,episode,houston_2024-08-01,0.1,0,False
Houston,48-201-1066,2024-08-15,48-201-1066|2024|8|3,episode,houston_2024-08-01,0.1,0,False
Houston,48-201-0024,2024-08-19,48-201-0024|2024|8|0,episode,houston_2024-08-01,0.1111111111111111,0,False
Houston,48-201-0026,2024-08-19,48-201-0026|2024|8|0,episode,houston_2024-08-01,0.1111111111111111,0,False
Houston,48-201-0055,2024-08-19,48-201-0055|2024|8|0,episode,houston_2024-08-01,0.1111111111111111,0,False
Houston,48-201-0416,2024-08-19,48-201-0416|2024|8|0,episode,houston_2024-08-01,0.1111111111111111,0,False
Houston,48-201-0417,2024-08-19,48-201-0417|2024|8|0,episode,houston_2024-08-01,0.1111111111111111,0,False
Houston,48-201-1034,2024-08-19,48-201-1034|2024|8|0,episode,houston_2024-08-01,0.1111111111111111,0,False
Houston,48-201-1035,2024-08-19,48-201-1035|2024|8|0,episode,houston_2024-08-01,0.1111111111111111,0,False
Houston,48-201-1052,2024-08-19,48-201-1052|2024|8|0,episode,houston_2024-08-01,0.1111111111111111,0,False
Houston,48-201-1066,2024-08-19,48-201-1066|2024|8|0,episode,houston_2024-08-01,0.1111111111111111,0,False
Houston,48-201-0024,2024-08-20,48-201-0024|2024|8|1,episode,houston_2024-08-01,0.125,0,False
Houston,48-201-0026,2024-08-20,48-201-0026|2024|8|1,episode,houston_2024-08-01,0.125,0,False
Houston,48-201-0055,2024-08-20,48-201-0055|2024|8|1,episode,houston_2024-08-01,0.125,0,False
Houston,48-201-0416,2024-08-20,48-201-0416|2024|8|1,episode,houston_2024-08-01,0.125,0,False
Houston,48-201-0417,2024-08-20,48-201-0417|2024|8|1,episode,houston_2024-08-01,0.125,0,False
Houston,48-201-1034,2024-08-20,48-201-1034|2024|8|1,episode,houston_2024-08-01,0.125,0,False
Houston,48-201-1052,2024-08-20,48-201-1052|2024|8|1,episode,houston_2024-08-01,0.125,0,False
Houston,48-201-1066,2024-08-20,48-201-1066|2024|8|1,episode,houston_2024-08-01,0.125,0,False
Houston,48-201-0024,2024-08-21,48-201-0024|2024|8|2,episode,houston_2024-08-01,0.125,0,False
Houston,48-201-0026,2024-08-21,48-201-0026|2024|8|2,episode,houston_2024-08-01,0.125,0,False
Houston,48-201-0055,2024-08-21,48-201-0055|2024|8|2,episode,houston_2024-08-01,0.125,0,False
Houston,48-201-0416,2024-08-21,48-201-0416|2024|8|2,episode,houston_2024-08-01,0.125,0,False
Houston,48-201-0417,2024-08-21,48-201-0417|2024|8|2,episode,houston_2024-08-01,0.125,0,False
Houston,48-201-1035,2024-08-21,48-201-1035|2024|8|2,episode,houston_2024-08-01,0.125,0,False
Houston,48-201-1052,2024-08-21,48-201-1052|2024|8|2,episode,houston_2024-08-01,0.125,0,False
Houston,48-201-1066,2024-08-21,48-201-1066|2024|8|2,episode,houston_2024-08-01,0.125,0,False
Houston,48-201-0024,2024-08-22,48-201-0024|2024|8|3,episode,houston_2024-08-01,0.1111111111111111,0,False
Houston,48-201-0026,2024-08-22,48-201-0026|2024|8|3,episode,houston_2024-08-01,0.1111111111111111,0,False
Houston,48-201-0055,2024-08-22,48-201-0055|2024|8|3,episode,houston_2024-08-01,0.1111111111111111,0,False
Houston,48-201-0416,2024-08-22,48-201-0416|2024|8|3,episode,houston_2024-08-01,0.1111111111111111,0,False
Houston,48-201-0417,2024-08-22,48-201-0417|2024|8|3,episode,houston_2024-08-01,0.1111111111111111,0,False
Houston,48-201-1034,2024-08-22,48-201-1034|2024|8|3,episode,houston_2024-08-01,0.1111111111111111,0,False
Houston,48-201-1035,2024-08-22,48-201-1035|2024|8|3,episode,houston_2024-08-01,0.1111111111111111,0,False
Houston,48-201-1052,2024-08-22,48-201-1052|2024|8|3,episode,houston_2024-08-01,0.1111111111111111,0,False
Houston,48-201-1066,2024-08-22,48-201-1066|2024|8|3,episode,houston_2024-08-01,0.1111111111111111,0,False
Houston,48-201-0024,2024-08-26,48-201-0024|2024|8|0,wind_only,,0.1111111111111111,4,True
Houston,48-201-0026,2024-08-26,48-201-0026|2024|8|0,wind_only,,0.1111111111111111,4,True
Houston,48-201-0055,2024-08-26,48-201-0055|2024|8|0,wind_only,,0.1111111111111111,4,True
Houston,48-201-0416,2024-08-26,48-201-0416|2024|8|0,wind_only,,0.1111111111111111,4,True
Houston,48-201-0417,2024-08-26,48-201-0417|2024|8|0,wind_only,,0.1111111111111111,4,True
Houston,48-201-1034,2024-08-26,48-201-1034|2024|8|0,wind_only,,0.1111111111111111,4,True
Houston,48-201-1035,2024-08-26,48-201-1035|2024|8|0,wind_only,,0.1111111111111111,4,True
Houston,48-201-1052,2024-08-26,48-201-1052|2024|8|0,wind_only,,0.1111111111111111,4,True
Houston,48-201-1066,2024-08-26,48-201-1066|2024|8|0,wind_only,,0.1111111111111111,4,True
Houston,48-201-0024,2024-08-27,48-201-0024|2024|8|1,wind_only,,0.125,4,True
Houston,48-201-0026,2024-08-27,48-201-0026|2024|8|1,wind_only,,0.125,4,True
Houston,48-201-0055,2024-08-27,48-201-0055|2024|8|1,wind_only,,0.125,4,True
Houston,48-201-0416,2024-08-27,48-201-0416|2024|8|1,wind_only,,0.125,4,True
Houston,48-201-0417,2024-08-27,48-201-0417|2024|8|1,wind_only,,0.125,4,True
Houston,48-201-1034,2024-08-27,48-201-1034|2024|8|1,wind_only,,0.125,4,True
Houston,48-201-1052,2024-08-27,48-201-1052|2024|8|1,wind_only,,0.125,4,True
Houston,48-201-1066,2024-08-27,48-201-1066|2024|8|1,wind_only,,0.125,4,True
Houston,48-201-0024,2024-08-28,48-201-0024|2024|8|2,wind_only,,0.1111111111111111,4,True
Houston,48-201-0026,2024-08-28,48-201-0026|2024|8|2,wind_only,,0.1111111111111111,4,True
Houston,48-201-0047,2024-08-28,48-201-0047|2024|8|2,wind_only,,0.1111111111111111,4,True
Houston,48-201-0055,2024-08-28,48-201-0055|2024|8|2,wind_only,,0.1111111111111111,4,True
Houston,48-201-0416,2024-08-28,48-201-0416|2024|8|2,wind_only,,0.1111111111111111,4,True
Houston,48-201-0417,2024-08-28,48-201-0417|2024|8|2,wind_only,,0.1111111111111111,4,True
Houston,48-201-1035,2024-08-28,48-201-1035|2024|8|2,wind_only,,0.1111111111111111,4,True
Houston,48-201-1052,2024-08-28,48-201-1052|2024|8|2,wind_only,,0.1111111111111111,4,True
Houston,48-201-1066,2024-08-28,48-201-1066|2024|8|2,wind_only,,0.1111111111111111,4,True
Houston,48-201-0024,2024-08-29,48-201-0024|2024|8|3,wind_only,,0.1,4,True
Houston,48-201-0026,2024-08-29,48-201-0026|2024|8|3,wind_only,,0.1,4,True
Houston,48-201-0047,2024-08-29,48-201-0047|2024|8|3,wind_only,,0.1,4,True
Houston,48-201-0055,2024-08-29,48-201-0055|2024|8|3,wind_only,,0.1,4,True
Houston,48-201-0416,2024-08-29,48-201-0416|2024|8|3,wind_only,,0.1,4,True
Houston,48-201-0417,2024-08-29,48-201-0417|2024|8|3,wind_only,,0.1,4,True
Houston,48-201-1034,2024-08-29,48-201-1034|2024|8|3,wind_only,,0.1,4,True
Houston,48-201-1035,2024-08-29,48-201-1035|2024|8|3,wind_only,,0.1,4,True
Houston,48-201-1052,2024-08-29,48-201-1052|2024|8|3,wind_only,,0.1,4,True
Houston,48-201-1066,2024-08-29,48-201-1066|2024|8|3,wind_only,,0.1,4,True
Houston,48-201-0026,2024-09-13,48-201-0026|2024|9|4,wind_only,,0.125,1,False
Houston,48-201-0047,2024-09-13,48-201-0047|2024|9|4,wind_only,,0.125,1,False
Houston,48-201-0416,2024-09-13,48-201-0416|2024|9|4,wind_only,,0.125,1,False
Houston,48-201-0417,2024-09-13,48-201-0417|2024|9|4,wind_only,,0.125,1,False
Houston,48-201-1034,2024-09-13,48-201-1034|2024|9|4,wind_only,,0.125,1,False
Houston,48-201-1035,2024-09-13,48-201-1035|2024|9|4,wind_only,,0.125,1,False
Houston,48-201-1052,2024-09-13,48-201-1052|2024|9|4,wind_only,,0.125,1,False
Houston,48-201-1066,2024-09-13,48-201-1066|2024|9|4,wind_only,,0.125,1,False
Houston,48-201-0024,2024-09-18,48-201-0024|2024|9|2,episode,houston_2024-09-18,0.1,0,False
Houston,48-201-0026,2024-09-18,48-201-0026|2024|9|2,episode,houston_2024-09-18,0.1,0,False
Houston,48-201-0047,2024-09-18,48-201-0047|2024|9|2,episode,houston_2024-09-18,0.1,0,False
Houston,48-201-0055,2024-09-18,48-201-0055|2024|9|2,episode,houston_2024-09-18,0.1,0,False
Houston,48-201-0416,2024-09-18,48-201-0416|2024|9|2,episode,houston_2024-09-18,0.1,0,False
Houston,48-201-0417,2024-09-18,48-201-0417|2024|9|2,episode,houston_2024-09-18,0.1,0,False
Houston,48-201-1034,2024-09-18,48-201-1034|2024|9|2,episode,houston_2024-09-18,0.1,0,False
Houston,48-201-1035,2024-09-18,48-201-1035|2024|9|2,episode,houston_2024-09-18,0.1,0,False
Houston,48-201-1052,2024-09-18,48-201-1052|2024|9|2,episode,houston_2024-09-18,0.1,0,False
Houston,48-201-1066,2024-09-18,48-201-1066|2024|9|2,episode,houston_2024-09-18,0.1,0,False
Houston,48-201-0026,2024-09-20,48-201-0026|2024|9|4,episode,houston_2024-09-18,0.125,0,False
Houston,48-201-0047,2024-09-20,48-201-0047|2024|9|4,episode,houston_2024-09-18,0.125,0,False
Houston,48-201-0416,2024-09-20,48-201-0416|2024|9|4,episode,houston_2024-09-18,0.125,0,False
Houston,48-201-0417,2024-09-20,48-201-0417|2024|9|4,episode,houston_2024-09-18,0.125,0,False
Houston,48-201-1034,2024-09-20,48-201-1034|2024|9|4,episode,houston_2024-09-18,0.125,0,False
Houston,48-201-1035,2024-09-20,48-201-1035|2024|9|4,episode,houston_2024-09-18,0.125,0,False
Houston,48-201-1052,2024-09-20,48-201-1052|2024|9|4,episode,houston_2024-09-18,0.125,0,False
Houston,48-201-1066,2024-09-20,48-201-1066|2024|9|4,episode,houston_2024-09-18,0.125,0,False
Houston,48-201-0024,2024-09-25,48-201-0024|2024|9|2,wind_only,,0.1,5,True
Houston,48-201-0026,2024-09-25,48-201-0026|2024|9|2,wind_only,,0.1,5,True
Houston,48-201-0047,2024-09-25,48-201-0047|2024|9|2,wind_only,,0.1,5,True
Houston,48-201-0055,2024-09-25,48-201-0055|2024|9|2,wind_only,,0.1,5,True
Houston,48-201-0416,2024-09-25,48-201-0416|2024|9|2,wind_only,,0.1,5,True
Houston,48-201-0417,2024-09-25,48-201-0417|2024|9|2,wind_only,,0.1,5,True
Houston,48-201-1034,2024-09-25,48-201-1034|2024|9|2,wind_only,,0.1,5,True
Houston,48-201-1035,2024-09-25,48-201-1035|2024|9|2,wind_only,,0.1,5,True
Houston,48-201-1052,2024-09-25,48-201-1052|2024|9|2,wind_only,,0.1,5,True
Houston,48-201-1066,2024-09-25,48-201-1066|2024|9|2,wind_only,,0.1,5,True
Houston,48-201-0026,2024-09-27,48-201-0026|2024|9|4,wind_only,,0.125,1,False
Houston,48-201-0047,2024-09-27,48-201-0047|2024|9|4,wind_only,,0.125,1,False
Houston,48-201-0416,2024-09-27,48-201-0416|2024|9|4,wind_only,,0.125,1,False
Houston,48-201-0417,2024-09-27,48-201-0417|2024|9|4,wind_only,,0.125,1,False
Houston,48-201-1034,2024-09-27,48-201-1034|2024|9|4,wind_only,,0.125,1,False
Houston,48-201-1035,2024-09-27,48-201-1035|2024|9|4,wind_only,,0.125,1,False
Houston,48-201-1052,2024-09-27,48-201-1052|2024|9|4,wind_only,,0.125,1,False
Houston,48-201-1066,2024-09-27,48-201-1066|2024|9|4,wind_only,,0.125,1,False
Los Angeles,06-037-0113,2019-08-19,06-037-0113|2019|8|0,wind_only,,0.16666666666666666,2,True
Los Angeles,06-037-1103,2019-08-19,06-037-1103|2019|8|0,wind_only,,0.16666666666666666,2,True
Los Angeles,06-037-1302,2019-08-19,06-037-1302|2019|8|0,wind_only,,0.16666666666666666,2,True
Los Angeles,06-037-1602,2019-08-19,06-037-1602|2019|8|0,wind_only,,0.16666666666666666,2,True
Los Angeles,06-037-2005,2019-08-19,06-037-2005|2019|8|0,wind_only,,0.16666666666666666,2,True
Los Angeles,06-037-4008,2019-08-19,06-037-4008|2019|8|0,wind_only,,0.16666666666666666,2,True
Los Angeles,06-037-0113,2019-08-26,06-037-0113|2019|8|0,episode,los_angeles_2019-08-25,0.16666666666666666,0,False
Los Angeles,06-037-1103,2019-08-26,06-037-1103|2019|8|0,episode,los_angeles_2019-08-25,0.16666666666666666,0,False
Los Angeles,06-037-1302,2019-08-26,06-037-1302|2019|8|0,episode,los_angeles_2019-08-25,0.16666666666666666,0,False
Los Angeles,06-037-1602,2019-08-26,06-037-1602|2019|8|0,episode,los_angeles_2019-08-25,0.16666666666666666,0,False
Los Angeles,06-037-2005,2019-08-26,06-037-2005|2019|8|0,episode,los_angeles_2019-08-25,0.16666666666666666,0,False
Los Angeles,06-037-4008,2019-08-26,06-037-4008|2019|8|0,episode,los_angeles_2019-08-25,0.16666666666666666,0,False
Los Angeles,06-037-0113,2019-09-13,06-037-0113|2019|9|4,episode,los_angeles_2019-09-12,0.14285714285714285,0,False
Los Angeles,06-037-1103,2019-09-13,06-037-1103|2019|9|4,episode,los_angeles_2019-09-12,0.14285714285714285,0,False
Los Angeles,06-037-1302,2019-09-13,06-037-1302|2019|9|4,episode,los_angeles_2019-09-12,0.14285714285714285,0,False
Los Angeles,06-037-1602,2019-09-13,06-037-1602|2019|9|4,episode,los_angeles_2019-09-12,0.14285714285714285,0,False
Los Angeles,06-037-2005,2019-09-13,06-037-2005|2019|9|4,episode,los_angeles_2019-09-12,0.14285714285714285,0,False
Los Angeles,06-037-4008,2019-09-13,06-037-4008|2019|9|4,episode,los_angeles_2019-09-12,0.14285714285714285,0,False
Los Angeles,06-037-5005,2019-09-13,06-037-5005|2019|9|4,episode,los_angeles_2019-09-12,0.14285714285714285,0,False
Los Angeles,06-037-0113,2019-09-14,06-037-0113|2019|9|5,episode,los_angeles_2019-09-12,0.14285714285714285,0,False
Los Angeles,06-037-1103,2019-09-14,06-037-1103|2019|9|5,episode,los_angeles_2019-09-12,0.14285714285714285,0,False
Los Angeles,06-037-1302,2019-09-14,06-037-1302|2019|9|5,episode,los_angeles_2019-09-12,0.14285714285714285,0,False
Los Angeles,06-037-1602,2019-09-14,06-037-1602|2019|9|5,episode,los_angeles_2019-09-12,0.14285714285714285,0,False
Los Angeles,06-037-2005,2019-09-14,06-037-2005|2019|9|5,episode,los_angeles_2019-09-12,0.14285714285714285,0,False
Los Angeles,06-037-4008,2019-09-14,06-037-4008|2019|9|5,episode,los_angeles_2019-09-12,0.14285714285714285,0,False
Los Angeles,06-037-5005,2019-09-14,06-037-5005|2019|9|5,episode,los_angeles_2019-09-12,0.14285714285714285,0,False
Los Angeles,06-037-0113,2019-09-20,06-037-0113|2019|9|4,wind_only,,0.14285714285714285,2,True
Los Angeles,06-037-1103,2019-09-20,06-037-1103|2019|9|4,wind_only,,0.14285714285714285,2,True
Los Angeles,06-037-1302,2019-09-20,06-037-1302|2019|9|4,wind_only,,0.14285714285714285,2,True
Los Angeles,06-037-1602,2019-09-20,06-037-1602|2019|9|4,wind_only,,0.14285714285714285,2,True
Los Angeles,06-037-2005,2019-09-20,06-037-2005|2019|9|4,wind_only,,0.14285714285714285,2,True
Los Angeles,06-037-4008,2019-09-20,06-037-4008|2019|9|4,wind_only,,0.14285714285714285,2,True
Los Angeles,06-037-5005,2019-09-20,06-037-5005|2019|9|4,wind_only,,0.14285714285714285,2,True
Los Angeles,06-037-0113,2019-09-21,06-037-0113|2019|9|5,wind_only,,0.14285714285714285,2,True
Los Angeles,06-037-1103,2019-09-21,06-037-1103|2019|9|5,wind_only,,0.14285714285714285,2,True
Los Angeles,06-037-1302,2019-09-21,06-037-1302|2019|9|5,wind_only,,0.14285714285714285,2,True
Los Angeles,06-037-1602,2019-09-21,06-037-1602|2019|9|5,wind_only,,0.14285714285714285,2,True
Los Angeles,06-037-2005,2019-09-21,06-037-2005|2019|9|5,wind_only,,0.14285714285714285,2,True
Los Angeles,06-037-4008,2019-09-21,06-037-4008|2019|9|5,wind_only,,0.14285714285714285,2,True
Los Angeles,06-037-5005,2019-09-21,06-037-5005|2019|9|5,wind_only,,0.14285714285714285,2,True
Los Angeles,06-037-0113,2020-07-03,06-037-0113|2020|7|4,wind_only,,0.125,1,False
Los Angeles,06-037-1103,2020-07-03,06-037-1103|2020|7|4,wind_only,,0.125,1,False
Los Angeles,06-037-1302,2020-07-03,06-037-1302|2020|7|4,wind_only,,0.125,1,False
Los Angeles,06-037-1602,2020-07-03,06-037-1602|2020|7|4,wind_only,,0.125,1,False
Los Angeles,06-037-2005,2020-07-03,06-037-2005|2020|7|4,wind_only,,0.125,1,False
Los Angeles,06-037-4008,2020-07-03,06-037-4008|2020|7|4,wind_only,,0.125,1,False
Los Angeles,06-037-4010,2020-07-03,06-037-4010|2020|7|4,wind_only,,0.125,1,False
Los Angeles,06-037-5005,2020-07-03,06-037-5005|2020|7|4,wind_only,,0.125,1,False
Los Angeles,06-037-0113,2020-07-31,06-037-0113|2020|7|4,episode,los_angeles_2020-07-30,0.125,0,False
Los Angeles,06-037-1103,2020-07-31,06-037-1103|2020|7|4,episode,los_angeles_2020-07-30,0.125,0,False
Los Angeles,06-037-1302,2020-07-31,06-037-1302|2020|7|4,episode,los_angeles_2020-07-30,0.125,0,False
Los Angeles,06-037-1602,2020-07-31,06-037-1602|2020|7|4,episode,los_angeles_2020-07-30,0.125,0,False
Los Angeles,06-037-2005,2020-07-31,06-037-2005|2020|7|4,episode,los_angeles_2020-07-30,0.125,0,False
Los Angeles,06-037-4008,2020-07-31,06-037-4008|2020|7|4,episode,los_angeles_2020-07-30,0.125,0,False
Los Angeles,06-037-4010,2020-07-31,06-037-4010|2020|7|4,episode,los_angeles_2020-07-30,0.125,0,False
Los Angeles,06-037-5005,2020-07-31,06-037-5005|2020|7|4,episode,los_angeles_2020-07-30,0.125,0,False
Los Angeles,06-037-0113,2020-08-01,06-037-0113|2020|8|5,episode,los_angeles_2020-07-30,0.125,0,False
Los Angeles,06-037-1103,2020-08-01,06-037-1103|2020|8|5,episode,los_angeles_2020-07-30,0.125,0,False
Los Angeles,06-037-1302,2020-08-01,06-037-1302|2020|8|5,episode,los_angeles_2020-07-30,0.125,0,False
Los Angeles,06-037-1602,2020-08-01,06-037-1602|2020|8|5,episode,los_angeles_2020-07-30,0.125,0,False
Los Angeles,06-037-2005,2020-08-01,06-037-2005|2020|8|5,episode,los_angeles_2020-07-30,0.125,0,False
Los Angeles,06-037-4008,2020-08-01,06-037-4008|2020|8|5,episode,los_angeles_2020-07-30,0.125,0,False
Los Angeles,06-037-4010,2020-08-01,06-037-4010|2020|8|5,episode,los_angeles_2020-07-30,0.125,0,False
Los Angeles,06-037-5005,2020-08-01,06-037-5005|2020|8|5,episode,los_angeles_2020-07-30,0.125,0,False
Los Angeles,06-037-0113,2020-08-08,06-037-0113|2020|8|5,wind_only,,0.125,1,False
Los Angeles,06-037-1103,2020-08-08,06-037-1103|2020|8|5,wind_only,,0.125,1,False
Los Angeles,06-037-1302,2020-08-08,06-037-1302|2020|8|5,wind_only,,0.125,1,False
Los Angeles,06-037-1602,2020-08-08,06-037-1602|2020|8|5,wind_only,,0.125,1,False
Los Angeles,06-037-2005,2020-08-08,06-037-2005|2020|8|5,wind_only,,0.125,1,False
Los Angeles,06-037-4008,2020-08-08,06-037-4008|2020|8|5,wind_only,,0.125,1,False
Los Angeles,06-037-4010,2020-08-08,06-037-4010|2020|8|5,wind_only,,0.125,1,False
Los Angeles,06-037-5005,2020-08-08,06-037-5005|2020|8|5,wind_only,,0.125,1,False
Los Angeles,06-037-0113,2020-09-04,06-037-0113|2020|9|4,episode,los_angeles_2020-09-04,0.125,0,False
Los Angeles,06-037-1103,2020-09-04,06-037-1103|2020|9|4,episode,los_angeles_2020-09-04,0.125,0,False
Los Angeles,06-037-1302,2020-09-04,06-037-1302|2020|9|4,episode,los_angeles_2020-09-04,0.125,0,False
Los Angeles,06-037-1602,2020-09-04,06-037-1602|2020|9|4,episode,los_angeles_2020-09-04,0.125,0,False
Los Angeles,06-037-2005,2020-09-04,06-037-2005|2020|9|4,episode,los_angeles_2020-09-04,0.125,0,False
Los Angeles,06-037-4008,2020-09-04,06-037-4008|2020|9|4,episode,los_angeles_2020-09-04,0.125,0,False
Los Angeles,06-037-4010,2020-09-04,06-037-4010|2020|9|4,episode,los_angeles_2020-09-04,0.125,0,False
Los Angeles,06-037-5005,2020-09-04,06-037-5005|2020|9|4,episode,los_angeles_2020-09-04,0.125,0,False
Los Angeles,06-037-0113,2020-09-05,06-037-0113|2020|9|5,episode,los_angeles_2020-09-04,0.125,0,False
Los Angeles,06-037-1103,2020-09-05,06-037-1103|2020|9|5,episode,los_angeles_2020-09-04,0.125,0,False
Los Angeles,06-037-1302,2020-09-05,06-037-1302|2020|9|5,episode,los_angeles_2020-09-04,0.125,0,False
Los Angeles,06-037-1602,2020-09-05,06-037-1602|2020|9|5,episode,los_angeles_2020-09-04,0.125,0,False
Los Angeles,06-037-2005,2020-09-05,06-037-2005|2020|9|5,episode,los_angeles_2020-09-04,0.125,0,False
Los Angeles,06-037-4008,2020-09-05,06-037-4008|2020|9|5,episode,los_angeles_2020-09-04,0.125,0,False
Los Angeles,06-037-4010,2020-09-05,06-037-4010|2020|9|5,episode,los_angeles_2020-09-04,0.125,0,False
Los Angeles,06-037-5005,2020-09-05,06-037-5005|2020|9|5,episode,los_angeles_2020-09-04,0.125,0,False
Los Angeles,06-037-0113,2020-09-10,06-037-0113|2020|9|3,wind_only,,0.14285714285714285,4,True
Los Angeles,06-037-1302,2020-09-10,06-037-1302|2020|9|3,wind_only,,0.14285714285714285,4,True
Los Angeles,06-037-1602,2020-09-10,06-037-1602|2020|9|3,wind_only,,0.14285714285714285,4,True
Los Angeles,06-037-2005,2020-09-10,06-037-2005|2020|9|3,wind_only,,0.14285714285714285,4,True
Los Angeles,06-037-4008,2020-09-10,06-037-4008|2020|9|3,wind_only,,0.14285714285714285,4,True
Los Angeles,06-037-4010,2020-09-10,06-037-4010|2020|9|3,wind_only,,0.14285714285714285,4,True
Los Angeles,06-037-5005,2020-09-10,06-037-5005|2020|9|3,wind_only,,0.14285714285714285,4,True
Los Angeles,06-037-0113,2020-09-11,06-037-0113|2020|9|4,wind_only,,0.125,4,True
Los Angeles,06-037-1103,2020-09-11,06-037-1103|2020|9|4,wind_only,,0.125,4,True
Los Angeles,06-037-1302,2020-09-11,06-037-1302|2020|9|4,wind_only,,0.125,4,True
Los Angeles,06-037-1602,2020-09-11,06-037-1602|2020|9|4,wind_only,,0.125,4,True
Los Angeles,06-037-2005,2020-09-11,06-037-2005|2020|9|4,wind_only,,0.125,4,True
Los Angeles,06-037-4008,2020-09-11,06-037-4008|2020|9|4,wind_only,,0.125,4,True
Los Angeles,06-037-4010,2020-09-11,06-037-4010|2020|9|4,wind_only,,0.125,4,True
Los Angeles,06-037-5005,2020-09-11,06-037-5005|2020|9|4,wind_only,,0.125,4,True
Los Angeles,06-037-0113,2020-09-12,06-037-0113|2020|9|5,wind_only,,0.125,4,True
Los Angeles,06-037-1103,2020-09-12,06-037-1103|2020|9|5,wind_only,,0.125,4,True
Los Angeles,06-037-1302,2020-09-12,06-037-1302|2020|9|5,wind_only,,0.125,4,True
Los Angeles,06-037-1602,2020-09-12,06-037-1602|2020|9|5,wind_only,,0.125,4,True
Los Angeles,06-037-2005,2020-09-12,06-037-2005|2020|9|5,wind_only,,0.125,4,True
Los Angeles,06-037-4008,2020-09-12,06-037-4008|2020|9|5,wind_only,,0.125,4,True
Los Angeles,06-037-4010,2020-09-12,06-037-4010|2020|9|5,wind_only,,0.125,4,True
Los Angeles,06-037-5005,2020-09-12,06-037-5005|2020|9|5,wind_only,,0.125,4,True
Los Angeles,06-037-0113,2020-09-14,06-037-0113|2020|9|0,episode,los_angeles_2020-09-14,0.125,0,False
Los Angeles,06-037-1103,2020-09-14,06-037-1103|2020|9|0,episode,los_angeles_2020-09-14,0.125,0,False
Los Angeles,06-037-1302,2020-09-14,06-037-1302|2020|9|0,episode,los_angeles_2020-09-14,0.125,0,False
Los Angeles,06-037-1602,2020-09-14,06-037-1602|2020|9|0,episode,los_angeles_2020-09-14,0.125,0,False
Los Angeles,06-037-2005,2020-09-14,06-037-2005|2020|9|0,episode,los_angeles_2020-09-14,0.125,0,False
Los Angeles,06-037-4008,2020-09-14,06-037-4008|2020|9|0,episode,los_angeles_2020-09-14,0.125,0,False
Los Angeles,06-037-4010,2020-09-14,06-037-4010|2020|9|0,episode,los_angeles_2020-09-14,0.125,0,False
Los Angeles,06-037-5005,2020-09-14,06-037-5005|2020|9|0,episode,los_angeles_2020-09-14,0.125,0,False
Los Angeles,06-037-0113,2020-09-15,06-037-0113|2020|9|1,episode,los_angeles_2020-09-14,0.125,0,False
Los Angeles,06-037-1103,2020-09-15,06-037-1103|2020|9|1,episode,los_angeles_2020-09-14,0.125,0,False
Los Angeles,06-037-1302,2020-09-15,06-037-1302|2020|9|1,episode,los_angeles_2020-09-14,0.125,0,False
Los Angeles,06-037-1602,2020-09-15,06-037-1602|2020|9|1,episode,los_angeles_2020-09-14,0.125,0,False
Los Angeles,06-037-2005,2020-09-15,06-037-2005|2020|9|1,episode,los_angeles_2020-09-14,0.125,0,False
Los Angeles,06-037-4008,2020-09-15,06-037-4008|2020|9|1,episode,los_angeles_2020-09-14,0.125,0,False
Los Angeles,06-037-4010,2020-09-15,06-037-4010|2020|9|1,episode,los_angeles_2020-09-14,0.125,0,False
Los Angeles,06-037-5005,2020-09-15,06-037-5005|2020|9|1,episode,los_angeles_2020-09-14,0.125,0,False
Los Angeles,06-037-0113,2020-09-16,06-037-0113|2020|9|2,episode,los_angeles_2020-09-14,0.125,0,False
Los Angeles,06-037-1103,2020-09-16,06-037-1103|2020|9|2,episode,los_angeles_2020-09-14,0.125,0,False
Los Angeles,06-037-1302,2020-09-16,06-037-1302|2020|9|2,episode,los_angeles_2020-09-14,0.125,0,False
Los Angeles,06-037-1602,2020-09-16,06-037-1602|2020|9|2,episode,los_angeles_2020-09-14,0.125,0,False
Los Angeles,06-037-2005,2020-09-16,06-037-2005|2020|9|2,episode,los_angeles_2020-09-14,0.125,0,False
Los Angeles,06-037-4008,2020-09-16,06-037-4008|2020|9|2,episode,los_angeles_2020-09-14,0.125,0,False
Los Angeles,06-037-4010,2020-09-16,06-037-4010|2020|9|2,episode,los_angeles_2020-09-14,0.125,0,False
Los Angeles,06-037-5005,2020-09-16,06-037-5005|2020|9|2,episode,los_angeles_2020-09-14,0.125,0,False
Los Angeles,06-037-0113,2020-09-17,06-037-0113|2020|9|3,episode,los_angeles_2020-09-14,0.14285714285714285,0,False
Los Angeles,06-037-1302,2020-09-17,06-037-1302|2020|9|3,episode,los_angeles_2020-09-14,0.14285714285714285,0,False
Los Angeles,06-037-1602,2020-09-17,06-037-1602|2020|9|3,episode,los_angeles_2020-09-14,0.14285714285714285,0,False
Los Angeles,06-037-2005,2020-09-17,06-037-2005|2020|9|3,episode,los_angeles_2020-09-14,0.14285714285714285,0,False
Los Angeles,06-037-4008,2020-09-17,06-037-4008|2020|9|3,episode,los_angeles_2020-09-14,0.14285714285714285,0,False
Los Angeles,06-037-4010,2020-09-17,06-037-4010|2020|9|3,episode,los_angeles_2020-09-14,0.14285714285714285,0,False
Los Angeles,06-037-5005,2020-09-17,06-037-5005|2020|9|3,episode,los_angeles_2020-09-14,0.14285714285714285,0,False
Los Angeles,06-037-0113,2020-09-18,06-037-0113|2020|9|4,episode,los_angeles_2020-09-14,0.125,0,False
Los Angeles,06-037-1103,2020-09-18,06-037-1103|2020|9|4,episode,los_angeles_2020-09-14,0.125,0,False
Los Angeles,06-037-1302,2020-09-18,06-037-1302|2020|9|4,episode,los_angeles_2020-09-14,0.125,0,False
Los Angeles,06-037-1602,2020-09-18,06-037-1602|2020|9|4,episode,los_angeles_2020-09-14,0.125,0,False
Los Angeles,06-037-2005,2020-09-18,06-037-2005|2020|9|4,episode,los_angeles_2020-09-14,0.125,0,False
Los Angeles,06-037-4008,2020-09-18,06-037-4008|2020|9|4,episode,los_angeles_2020-09-14,0.125,0,False
Los Angeles,06-037-4010,2020-09-18,06-037-4010|2020|9|4,episode,los_angeles_2020-09-14,0.125,0,False
Los Angeles,06-037-5005,2020-09-18,06-037-5005|2020|9|4,episode,los_angeles_2020-09-14,0.125,0,False
Los Angeles,06-037-0113,2020-09-19,06-037-0113|2020|9|5,episode,los_angeles_2020-09-14,0.125,0,False
Los Angeles,06-037-1103,2020-09-19,06-037-1103|2020|9|5,episode,los_angeles_2020-09-14,0.125,0,False
Los Angeles,06-037-1302,2020-09-19,06-037-1302|2020|9|5,episode,los_angeles_2020-09-14,0.125,0,False
Los Angeles,06-037-1602,2020-09-19,06-037-1602|2020|9|5,episode,los_angeles_2020-09-14,0.125,0,False
Los Angeles,06-037-2005,2020-09-19,06-037-2005|2020|9|5,episode,los_angeles_2020-09-14,0.125,0,False
Los Angeles,06-037-4008,2020-09-19,06-037-4008|2020|9|5,episode,los_angeles_2020-09-14,0.125,0,False
Los Angeles,06-037-4010,2020-09-19,06-037-4010|2020|9|5,episode,los_angeles_2020-09-14,0.125,0,False
Los Angeles,06-037-5005,2020-09-19,06-037-5005|2020|9|5,episode,los_angeles_2020-09-14,0.125,0,False
Los Angeles,06-037-0113,2020-09-21,06-037-0113|2020|9|0,wind_only,,0.125,8,True
Los Angeles,06-037-1103,2020-09-21,06-037-1103|2020|9|0,wind_only,,0.125,8,True
Los Angeles,06-037-1302,2020-09-21,06-037-1302|2020|9|0,wind_only,,0.125,8,True
Los Angeles,06-037-1602,2020-09-21,06-037-1602|2020|9|0,wind_only,,0.125,8,True
Los Angeles,06-037-2005,2020-09-21,06-037-2005|2020|9|0,wind_only,,0.125,8,True
Los Angeles,06-037-4008,2020-09-21,06-037-4008|2020|9|0,wind_only,,0.125,8,True
Los Angeles,06-037-4010,2020-09-21,06-037-4010|2020|9|0,wind_only,,0.125,8,True
Los Angeles,06-037-5005,2020-09-21,06-037-5005|2020|9|0,wind_only,,0.125,8,True
Los Angeles,06-037-0113,2020-09-22,06-037-0113|2020|9|1,wind_only,,0.125,8,True
Los Angeles,06-037-1103,2020-09-22,06-037-1103|2020|9|1,wind_only,,0.125,8,True
Los Angeles,06-037-1302,2020-09-22,06-037-1302|2020|9|1,wind_only,,0.125,8,True
Los Angeles,06-037-1602,2020-09-22,06-037-1602|2020|9|1,wind_only,,0.125,8,True
Los Angeles,06-037-2005,2020-09-22,06-037-2005|2020|9|1,wind_only,,0.125,8,True
Los Angeles,06-037-4008,2020-09-22,06-037-4008|2020|9|1,wind_only,,0.125,8,True
Los Angeles,06-037-4010,2020-09-22,06-037-4010|2020|9|1,wind_only,,0.125,8,True
Los Angeles,06-037-5005,2020-09-22,06-037-5005|2020|9|1,wind_only,,0.125,8,True
Los Angeles,06-037-0113,2020-09-23,06-037-0113|2020|9|2,wind_only,,0.125,8,True
Los Angeles,06-037-1103,2020-09-23,06-037-1103|2020|9|2,wind_only,,0.125,8,True
Los Angeles,06-037-1302,2020-09-23,06-037-1302|2020|9|2,wind_only,,0.125,8,True
Los Angeles,06-037-1602,2020-09-23,06-037-1602|2020|9|2,wind_only,,0.125,8,True
Los Angeles,06-037-2005,2020-09-23,06-037-2005|2020|9|2,wind_only,,0.125,8,True
Los Angeles,06-037-4008,2020-09-23,06-037-4008|2020|9|2,wind_only,,0.125,8,True
Los Angeles,06-037-4010,2020-09-23,06-037-4010|2020|9|2,wind_only,,0.125,8,True
Los Angeles,06-037-5005,2020-09-23,06-037-5005|2020|9|2,wind_only,,0.125,8,True
Los Angeles,06-037-0113,2020-09-24,06-037-0113|2020|9|3,wind_only,,0.14285714285714285,8,True
Los Angeles,06-037-1302,2020-09-24,06-037-1302|2020|9|3,wind_only,,0.14285714285714285,8,True
Los Angeles,06-037-1602,2020-09-24,06-037-1602|2020|9|3,wind_only,,0.14285714285714285,8,True
Los Angeles,06-037-2005,2020-09-24,06-037-2005|2020|9|3,wind_only,,0.14285714285714285,8,True
Los Angeles,06-037-4008,2020-09-24,06-037-4008|2020|9|3,wind_only,,0.14285714285714285,8,True
Los Angeles,06-037-4010,2020-09-24,06-037-4010|2020|9|3,wind_only,,0.14285714285714285,8,True
Los Angeles,06-037-5005,2020-09-24,06-037-5005|2020|9|3,wind_only,,0.14285714285714285,8,True
Los Angeles,06-037-0113,2020-09-25,06-037-0113|2020|9|4,wind_only,,0.125,8,True
Los Angeles,06-037-1103,2020-09-25,06-037-1103|2020|9|4,wind_only,,0.125,8,True
Los Angeles,06-037-1302,2020-09-25,06-037-1302|2020|9|4,wind_only,,0.125,8,True
Los Angeles,06-037-1602,2020-09-25,06-037-1602|2020|9|4,wind_only,,0.125,8,True
Los Angeles,06-037-2005,2020-09-25,06-037-2005|2020|9|4,wind_only,,0.125,8,True
Los Angeles,06-037-4008,2020-09-25,06-037-4008|2020|9|4,wind_only,,0.125,8,True
Los Angeles,06-037-4010,2020-09-25,06-037-4010|2020|9|4,wind_only,,0.125,8,True
Los Angeles,06-037-5005,2020-09-25,06-037-5005|2020|9|4,wind_only,,0.125,8,True
Los Angeles,06-037-0113,2020-09-26,06-037-0113|2020|9|5,wind_only,,0.125,8,True
Los Angeles,06-037-1103,2020-09-26,06-037-1103|2020|9|5,wind_only,,0.125,8,True
Los Angeles,06-037-1302,2020-09-26,06-037-1302|2020|9|5,wind_only,,0.125,8,True
Los Angeles,06-037-1602,2020-09-26,06-037-1602|2020|9|5,wind_only,,0.125,8,True
Los Angeles,06-037-2005,2020-09-26,06-037-2005|2020|9|5,wind_only,,0.125,8,True
Los Angeles,06-037-4008,2020-09-26,06-037-4008|2020|9|5,wind_only,,0.125,8,True
Los Angeles,06-037-4010,2020-09-26,06-037-4010|2020|9|5,wind_only,,0.125,8,True
Los Angeles,06-037-5005,2020-09-26,06-037-5005|2020|9|5,wind_only,,0.125,8,True
Los Angeles,06-037-0113,2020-09-28,06-037-0113|2020|9|0,episode,los_angeles_2020-09-28,0.125,0,False
Los Angeles,06-037-1103,2020-09-28,06-037-1103|2020|9|0,episode,los_angeles_2020-09-28,0.125,0,False
Los Angeles,06-037-1302,2020-09-28,06-037-1302|2020|9|0,episode,los_angeles_2020-09-28,0.125,0,False
Los Angeles,06-037-1602,2020-09-28,06-037-1602|2020|9|0,episode,los_angeles_2020-09-28,0.125,0,False
Los Angeles,06-037-2005,2020-09-28,06-037-2005|2020|9|0,episode,los_angeles_2020-09-28,0.125,0,False
Los Angeles,06-037-4008,2020-09-28,06-037-4008|2020|9|0,episode,los_angeles_2020-09-28,0.125,0,False
Los Angeles,06-037-4010,2020-09-28,06-037-4010|2020|9|0,episode,los_angeles_2020-09-28,0.125,0,False
Los Angeles,06-037-5005,2020-09-28,06-037-5005|2020|9|0,episode,los_angeles_2020-09-28,0.125,0,False
Los Angeles,06-037-0113,2020-09-29,06-037-0113|2020|9|1,episode,los_angeles_2020-09-28,0.125,0,False
Los Angeles,06-037-1103,2020-09-29,06-037-1103|2020|9|1,episode,los_angeles_2020-09-28,0.125,0,False
Los Angeles,06-037-1302,2020-09-29,06-037-1302|2020|9|1,episode,los_angeles_2020-09-28,0.125,0,False
Los Angeles,06-037-1602,2020-09-29,06-037-1602|2020|9|1,episode,los_angeles_2020-09-28,0.125,0,False
Los Angeles,06-037-2005,2020-09-29,06-037-2005|2020|9|1,episode,los_angeles_2020-09-28,0.125,0,False
Los Angeles,06-037-4008,2020-09-29,06-037-4008|2020|9|1,episode,los_angeles_2020-09-28,0.125,0,False
Los Angeles,06-037-4010,2020-09-29,06-037-4010|2020|9|1,episode,los_angeles_2020-09-28,0.125,0,False
Los Angeles,06-037-5005,2020-09-29,06-037-5005|2020|9|1,episode,los_angeles_2020-09-28,0.125,0,False
Los Angeles,06-037-0113,2020-10-07,06-037-0113|2020|10|2,wind_only,,0.125,5,True
Los Angeles,06-037-1103,2020-10-07,06-037-1103|2020|10|2,wind_only,,0.125,5,True
Los Angeles,06-037-1302,2020-10-07,06-037-1302|2020|10|2,wind_only,,0.125,5,True
Los Angeles,06-037-1602,2020-10-07,06-037-1602|2020|10|2,wind_only,,0.125,5,True
Los Angeles,06-037-2005,2020-10-07,06-037-2005|2020|10|2,wind_only,,0.125,5,True
Los Angeles,06-037-4008,2020-10-07,06-037-4008|2020|10|2,wind_only,,0.125,5,True
Los Angeles,06-037-4010,2020-10-07,06-037-4010|2020|10|2,wind_only,,0.125,5,True
Los Angeles,06-037-5005,2020-10-07,06-037-5005|2020|10|2,wind_only,,0.125,5,True
Los Angeles,06-037-0113,2020-10-08,06-037-0113|2020|10|3,wind_only,,0.125,5,True
Los Angeles,06-037-1103,2020-10-08,06-037-1103|2020|10|3,wind_only,,0.125,5,True
Los Angeles,06-037-1302,2020-10-08,06-037-1302|2020|10|3,wind_only,,0.125,5,True
Los Angeles,06-037-1602,2020-10-08,06-037-1602|2020|10|3,wind_only,,0.125,5,True
Los Angeles,06-037-2005,2020-10-08,06-037-2005|2020|10|3,wind_only,,0.125,5,True
Los Angeles,06-037-4008,2020-10-08,06-037-4008|2020|10|3,wind_only,,0.125,5,True
Los Angeles,06-037-4010,2020-10-08,06-037-4010|2020|10|3,wind_only,,0.125,5,True
Los Angeles,06-037-5005,2020-10-08,06-037-5005|2020|10|3,wind_only,,0.125,5,True
Los Angeles,06-037-0113,2020-10-09,06-037-0113|2020|10|4,wind_only,,0.125,5,True
Los Angeles,06-037-1103,2020-10-09,06-037-1103|2020|10|4,wind_only,,0.125,5,True
Los Angeles,06-037-1302,2020-10-09,06-037-1302|2020|10|4,wind_only,,0.125,5,True
Los Angeles,06-037-1602,2020-10-09,06-037-1602|2020|10|4,wind_only,,0.125,5,True
Los Angeles,06-037-2005,2020-10-09,06-037-2005|2020|10|4,wind_only,,0.125,5,True
Los Angeles,06-037-4008,2020-10-09,06-037-4008|2020|10|4,wind_only,,0.125,5,True
Los Angeles,06-037-4010,2020-10-09,06-037-4010|2020|10|4,wind_only,,0.125,5,True
Los Angeles,06-037-5005,2020-10-09,06-037-5005|2020|10|4,wind_only,,0.125,5,True
Los Angeles,06-037-0113,2020-10-12,06-037-0113|2020|10|0,episode,los_angeles_2020-10-12,0.125,0,False
Los Angeles,06-037-1103,2020-10-12,06-037-1103|2020|10|0,episode,los_angeles_2020-10-12,0.125,0,False
Los Angeles,06-037-1302,2020-10-12,06-037-1302|2020|10|0,episode,los_angeles_2020-10-12,0.125,0,False
Los Angeles,06-037-1602,2020-10-12,06-037-1602|2020|10|0,episode,los_angeles_2020-10-12,0.125,0,False
Los Angeles,06-037-2005,2020-10-12,06-037-2005|2020|10|0,episode,los_angeles_2020-10-12,0.125,0,False
Los Angeles,06-037-4008,2020-10-12,06-037-4008|2020|10|0,episode,los_angeles_2020-10-12,0.125,0,False
Los Angeles,06-037-4010,2020-10-12,06-037-4010|2020|10|0,episode,los_angeles_2020-10-12,0.125,0,False
Los Angeles,06-037-5005,2020-10-12,06-037-5005|2020|10|0,episode,los_angeles_2020-10-12,0.125,0,False
Los Angeles,06-037-0113,2020-10-13,06-037-0113|2020|10|1,episode,los_angeles_2020-10-12,0.125,0,False
Los Angeles,06-037-1103,2020-10-13,06-037-1103|2020|10|1,episode,los_angeles_2020-10-12,0.125,0,False
Los Angeles,06-037-1302,2020-10-13,06-037-1302|2020|10|1,episode,los_angeles_2020-10-12,0.125,0,False
Los Angeles,06-037-1602,2020-10-13,06-037-1602|2020|10|1,episode,los_angeles_2020-10-12,0.125,0,False
Los Angeles,06-037-2005,2020-10-13,06-037-2005|2020|10|1,episode,los_angeles_2020-10-12,0.125,0,False
Los Angeles,06-037-4008,2020-10-13,06-037-4008|2020|10|1,episode,los_angeles_2020-10-12,0.125,0,False
Los Angeles,06-037-4010,2020-10-13,06-037-4010|2020|10|1,episode,los_angeles_2020-10-12,0.125,0,False
Los Angeles,06-037-5005,2020-10-13,06-037-5005|2020|10|1,episode,los_angeles_2020-10-12,0.125,0,False
Los Angeles,06-037-0113,2020-10-14,06-037-0113|2020|10|2,episode,los_angeles_2020-10-12,0.125,0,False
Los Angeles,06-037-1103,2020-10-14,06-037-1103|2020|10|2,episode,los_angeles_2020-10-12,0.125,0,False
Los Angeles,06-037-1302,2020-10-14,06-037-1302|2020|10|2,episode,los_angeles_2020-10-12,0.125,0,False
Los Angeles,06-037-1602,2020-10-14,06-037-1602|2020|10|2,episode,los_angeles_2020-10-12,0.125,0,False
Los Angeles,06-037-2005,2020-10-14,06-037-2005|2020|10|2,episode,los_angeles_2020-10-12,0.125,0,False
Los Angeles,06-037-4008,2020-10-14,06-037-4008|2020|10|2,episode,los_angeles_2020-10-12,0.125,0,False
Los Angeles,06-037-4010,2020-10-14,06-037-4010|2020|10|2,episode,los_angeles_2020-10-12,0.125,0,False
Los Angeles,06-037-5005,2020-10-14,06-037-5005|2020|10|2,episode,los_angeles_2020-10-12,0.125,0,False
Los Angeles,06-037-0113,2020-10-15,06-037-0113|2020|10|3,episode,los_angeles_2020-10-12,0.125,0,False
Los Angeles,06-037-1103,2020-10-15,06-037-1103|2020|10|3,episode,los_angeles_2020-10-12,0.125,0,False
Los Angeles,06-037-1302,2020-10-15,06-037-1302|2020|10|3,episode,los_angeles_2020-10-12,0.125,0,False
Los Angeles,06-037-1602,2020-10-15,06-037-1602|2020|10|3,episode,los_angeles_2020-10-12,0.125,0,False
Los Angeles,06-037-2005,2020-10-15,06-037-2005|2020|10|3,episode,los_angeles_2020-10-12,0.125,0,False
Los Angeles,06-037-4008,2020-10-15,06-037-4008|2020|10|3,episode,los_angeles_2020-10-12,0.125,0,False
Los Angeles,06-037-4010,2020-10-15,06-037-4010|2020|10|3,episode,los_angeles_2020-10-12,0.125,0,False
Los Angeles,06-037-5005,2020-10-15,06-037-5005|2020|10|3,episode,los_angeles_2020-10-12,0.125,0,False
Los Angeles,06-037-0113,2020-10-16,06-037-0113|2020|10|4,episode,los_angeles_2020-10-12,0.125,0,False
Los Angeles,06-037-1103,2020-10-16,06-037-1103|2020|10|4,episode,los_angeles_2020-10-12,0.125,0,False
Los Angeles,06-037-1302,2020-10-16,06-037-1302|2020|10|4,episode,los_angeles_2020-10-12,0.125,0,False
Los Angeles,06-037-1602,2020-10-16,06-037-1602|2020|10|4,episode,los_angeles_2020-10-12,0.125,0,False
Los Angeles,06-037-2005,2020-10-16,06-037-2005|2020|10|4,episode,los_angeles_2020-10-12,0.125,0,False
Los Angeles,06-037-4008,2020-10-16,06-037-4008|2020|10|4,episode,los_angeles_2020-10-12,0.125,0,False
Los Angeles,06-037-4010,2020-10-16,06-037-4010|2020|10|4,episode,los_angeles_2020-10-12,0.125,0,False
Los Angeles,06-037-5005,2020-10-16,06-037-5005|2020|10|4,episode,los_angeles_2020-10-12,0.125,0,False
Los Angeles,06-037-0113,2020-10-19,06-037-0113|2020|10|0,wind_only,,0.125,8,True
Los Angeles,06-037-1103,2020-10-19,06-037-1103|2020|10|0,wind_only,,0.125,8,True
Los Angeles,06-037-1302,2020-10-19,06-037-1302|2020|10|0,wind_only,,0.125,8,True
Los Angeles,06-037-1602,2020-10-19,06-037-1602|2020|10|0,wind_only,,0.125,8,True
Los Angeles,06-037-2005,2020-10-19,06-037-2005|2020|10|0,wind_only,,0.125,8,True
Los Angeles,06-037-4008,2020-10-19,06-037-4008|2020|10|0,wind_only,,0.125,8,True
Los Angeles,06-037-4010,2020-10-19,06-037-4010|2020|10|0,wind_only,,0.125,8,True
Los Angeles,06-037-5005,2020-10-19,06-037-5005|2020|10|0,wind_only,,0.125,8,True
Los Angeles,06-037-0113,2020-10-20,06-037-0113|2020|10|1,wind_only,,0.125,8,True
Los Angeles,06-037-1103,2020-10-20,06-037-1103|2020|10|1,wind_only,,0.125,8,True
Los Angeles,06-037-1302,2020-10-20,06-037-1302|2020|10|1,wind_only,,0.125,8,True
Los Angeles,06-037-1602,2020-10-20,06-037-1602|2020|10|1,wind_only,,0.125,8,True
Los Angeles,06-037-2005,2020-10-20,06-037-2005|2020|10|1,wind_only,,0.125,8,True
Los Angeles,06-037-4008,2020-10-20,06-037-4008|2020|10|1,wind_only,,0.125,8,True
Los Angeles,06-037-4010,2020-10-20,06-037-4010|2020|10|1,wind_only,,0.125,8,True
Los Angeles,06-037-5005,2020-10-20,06-037-5005|2020|10|1,wind_only,,0.125,8,True
Los Angeles,06-037-0113,2020-10-21,06-037-0113|2020|10|2,wind_only,,0.125,8,True
Los Angeles,06-037-1103,2020-10-21,06-037-1103|2020|10|2,wind_only,,0.125,8,True
Los Angeles,06-037-1302,2020-10-21,06-037-1302|2020|10|2,wind_only,,0.125,8,True
Los Angeles,06-037-1602,2020-10-21,06-037-1602|2020|10|2,wind_only,,0.125,8,True
Los Angeles,06-037-2005,2020-10-21,06-037-2005|2020|10|2,wind_only,,0.125,8,True
Los Angeles,06-037-4008,2020-10-21,06-037-4008|2020|10|2,wind_only,,0.125,8,True
Los Angeles,06-037-4010,2020-10-21,06-037-4010|2020|10|2,wind_only,,0.125,8,True
Los Angeles,06-037-5005,2020-10-21,06-037-5005|2020|10|2,wind_only,,0.125,8,True
Los Angeles,06-037-0113,2020-10-22,06-037-0113|2020|10|3,wind_only,,0.125,8,True
Los Angeles,06-037-1103,2020-10-22,06-037-1103|2020|10|3,wind_only,,0.125,8,True
Los Angeles,06-037-1302,2020-10-22,06-037-1302|2020|10|3,wind_only,,0.125,8,True
Los Angeles,06-037-1602,2020-10-22,06-037-1602|2020|10|3,wind_only,,0.125,8,True
Los Angeles,06-037-2005,2020-10-22,06-037-2005|2020|10|3,wind_only,,0.125,8,True
Los Angeles,06-037-4008,2020-10-22,06-037-4008|2020|10|3,wind_only,,0.125,8,True
Los Angeles,06-037-4010,2020-10-22,06-037-4010|2020|10|3,wind_only,,0.125,8,True
Los Angeles,06-037-5005,2020-10-22,06-037-5005|2020|10|3,wind_only,,0.125,8,True
Los Angeles,06-037-0113,2020-10-23,06-037-0113|2020|10|4,wind_only,,0.125,8,True
Los Angeles,06-037-1103,2020-10-23,06-037-1103|2020|10|4,wind_only,,0.125,8,True
Los Angeles,06-037-1302,2020-10-23,06-037-1302|2020|10|4,wind_only,,0.125,8,True
Los Angeles,06-037-1602,2020-10-23,06-037-1602|2020|10|4,wind_only,,0.125,8,True
Los Angeles,06-037-2005,2020-10-23,06-037-2005|2020|10|4,wind_only,,0.125,8,True
Los Angeles,06-037-4008,2020-10-23,06-037-4008|2020|10|4,wind_only,,0.125,8,True
Los Angeles,06-037-4010,2020-10-23,06-037-4010|2020|10|4,wind_only,,0.125,8,True
Los Angeles,06-037-5005,2020-10-23,06-037-5005|2020|10|4,wind_only,,0.125,8,True
Los Angeles,06-037-0113,2020-10-27,06-037-0113|2020|10|1,wind_only,,0.125,5,True
Los Angeles,06-037-1103,2020-10-27,06-037-1103|2020|10|1,wind_only,,0.125,5,True
Los Angeles,06-037-1302,2020-10-27,06-037-1302|2020|10|1,wind_only,,0.125,5,True
Los Angeles,06-037-1602,2020-10-27,06-037-1602|2020|10|1,wind_only,,0.125,5,True
Los Angeles,06-037-2005,2020-10-27,06-037-2005|2020|10|1,wind_only,,0.125,5,True
Los Angeles,06-037-4008,2020-10-27,06-037-4008|2020|10|1,wind_only,,0.125,5,True
Los Angeles,06-037-4010,2020-10-27,06-037-4010|2020|10|1,wind_only,,0.125,5,True
Los Angeles,06-037-5005,2020-10-27,06-037-5005|2020|10|1,wind_only,,0.125,5,True
Los Angeles,06-037-0113,2020-10-28,06-037-0113|2020|10|2,wind_only,,0.125,5,True
Los Angeles,06-037-1103,2020-10-28,06-037-1103|2020|10|2,wind_only,,0.125,5,True
Los Angeles,06-037-1302,2020-10-28,06-037-1302|2020|10|2,wind_only,,0.125,5,True
Los Angeles,06-037-1602,2020-10-28,06-037-1602|2020|10|2,wind_only,,0.125,5,True
Los Angeles,06-037-2005,2020-10-28,06-037-2005|2020|10|2,wind_only,,0.125,5,True
Los Angeles,06-037-4008,2020-10-28,06-037-4008|2020|10|2,wind_only,,0.125,5,True
Los Angeles,06-037-4010,2020-10-28,06-037-4010|2020|10|2,wind_only,,0.125,5,True
Los Angeles,06-037-5005,2020-10-28,06-037-5005|2020|10|2,wind_only,,0.125,5,True
Los Angeles,06-037-0113,2020-10-29,06-037-0113|2020|10|3,wind_only,,0.125,5,True
Los Angeles,06-037-1103,2020-10-29,06-037-1103|2020|10|3,wind_only,,0.125,5,True
Los Angeles,06-037-1302,2020-10-29,06-037-1302|2020|10|3,wind_only,,0.125,5,True
Los Angeles,06-037-1602,2020-10-29,06-037-1602|2020|10|3,wind_only,,0.125,5,True
Los Angeles,06-037-2005,2020-10-29,06-037-2005|2020|10|3,wind_only,,0.125,5,True
Los Angeles,06-037-4008,2020-10-29,06-037-4008|2020|10|3,wind_only,,0.125,5,True
Los Angeles,06-037-4010,2020-10-29,06-037-4010|2020|10|3,wind_only,,0.125,5,True
Los Angeles,06-037-5005,2020-10-29,06-037-5005|2020|10|3,wind_only,,0.125,5,True
Los Angeles,06-037-0113,2020-10-30,06-037-0113|2020|10|4,wind_only,,0.125,5,True
Los Angeles,06-037-1103,2020-10-30,06-037-1103|2020|10|4,wind_only,,0.125,5,True
Los Angeles,06-037-1302,2020-10-30,06-037-1302|2020|10|4,wind_only,,0.125,5,True
Los Angeles,06-037-1602,2020-10-30,06-037-1602|2020|10|4,wind_only,,0.125,5,True
Los Angeles,06-037-2005,2020-10-30,06-037-2005|2020|10|4,wind_only,,0.125,5,True
Los Angeles,06-037-4008,2020-10-30,06-037-4008|2020|10|4,wind_only,,0.125,5,True
Los Angeles,06-037-4010,2020-10-30,06-037-4010|2020|10|4,wind_only,,0.125,5,True
Los Angeles,06-037-5005,2020-10-30,06-037-5005|2020|10|4,wind_only,,0.125,5,True
Los Angeles,06-037-0113,2021-09-03,06-037-0113|2021|9|4,wind_only,,0.125,1,False
Los Angeles,06-037-1103,2021-09-03,06-037-1103|2021|9|4,wind_only,,0.125,1,False
Los Angeles,06-037-1302,2021-09-03,06-037-1302|2021|9|4,wind_only,,0.125,1,False
Los Angeles,06-037-1602,2021-09-03,06-037-1602|2021|9|4,wind_only,,0.125,1,False
Los Angeles,06-037-2005,2021-09-03,06-037-2005|2021|9|4,wind_only,,0.125,1,False
Los Angeles,06-037-4008,2021-09-03,06-037-4008|2021|9|4,wind_only,,0.125,1,False
Los Angeles,06-037-4010,2021-09-03,06-037-4010|2021|9|4,wind_only,,0.125,1,False
Los Angeles,06-037-5005,2021-09-03,06-037-5005|2021|9|4,wind_only,,0.125,1,False
Los Angeles,06-037-0113,2021-09-09,06-037-0113|2021|9|3,episode,los_angeles_2021-09-09,0.16666666666666666,0,False
Los Angeles,06-037-1103,2021-09-09,06-037-1103|2021|9|3,episode,los_angeles_2021-09-09,0.16666666666666666,0,False
Los Angeles,06-037-1302,2021-09-09,06-037-1302|2021|9|3,episode,los_angeles_2021-09-09,0.16666666666666666,0,False
Los Angeles,06-037-2005,2021-09-09,06-037-2005|2021|9|3,episode,los_angeles_2021-09-09,0.16666666666666666,0,False
Los Angeles,06-037-4008,2021-09-09,06-037-4008|2021|9|3,episode,los_angeles_2021-09-09,0.16666666666666666,0,False
Los Angeles,06-037-4010,2021-09-09,06-037-4010|2021|9|3,episode,los_angeles_2021-09-09,0.16666666666666666,0,False
Los Angeles,06-037-0113,2021-09-10,06-037-0113|2021|9|4,episode,los_angeles_2021-09-09,0.125,0,False
Los Angeles,06-037-1103,2021-09-10,06-037-1103|2021|9|4,episode,los_angeles_2021-09-09,0.125,0,False
Los Angeles,06-037-1302,2021-09-10,06-037-1302|2021|9|4,episode,los_angeles_2021-09-09,0.125,0,False
Los Angeles,06-037-1602,2021-09-10,06-037-1602|2021|9|4,episode,los_angeles_2021-09-09,0.125,0,False
Los Angeles,06-037-2005,2021-09-10,06-037-2005|2021|9|4,episode,los_angeles_2021-09-09,0.125,0,False
Los Angeles,06-037-4008,2021-09-10,06-037-4008|2021|9|4,episode,los_angeles_2021-09-09,0.125,0,False
Los Angeles,06-037-4010,2021-09-10,06-037-4010|2021|9|4,episode,los_angeles_2021-09-09,0.125,0,False
Los Angeles,06-037-5005,2021-09-10,06-037-5005|2021|9|4,episode,los_angeles_2021-09-09,0.125,0,False
Los Angeles,06-037-0113,2021-09-11,06-037-0113|2021|9|5,episode,los_angeles_2021-09-09,0.14285714285714285,0,False
Los Angeles,06-037-1103,2021-09-11,06-037-1103|2021|9|5,episode,los_angeles_2021-09-09,0.14285714285714285,0,False
Los Angeles,06-037-1302,2021-09-11,06-037-1302|2021|9|5,episode,los_angeles_2021-09-09,0.14285714285714285,0,False
Los Angeles,06-037-1602,2021-09-11,06-037-1602|2021|9|5,episode,los_angeles_2021-09-09,0.14285714285714285,0,False
Los Angeles,06-037-2005,2021-09-11,06-037-2005|2021|9|5,episode,los_angeles_2021-09-09,0.14285714285714285,0,False
Los Angeles,06-037-4008,2021-09-11,06-037-4008|2021|9|5,episode,los_angeles_2021-09-09,0.14285714285714285,0,False
Los Angeles,06-037-4010,2021-09-11,06-037-4010|2021|9|5,episode,los_angeles_2021-09-09,0.14285714285714285,0,False
Los Angeles,06-037-0113,2021-09-12,06-037-0113|2021|9|6,episode,los_angeles_2021-09-09,0.14285714285714285,0,False
Los Angeles,06-037-1103,2021-09-12,06-037-1103|2021|9|6,episode,los_angeles_2021-09-09,0.14285714285714285,0,False
Los Angeles,06-037-1302,2021-09-12,06-037-1302|2021|9|6,episode,los_angeles_2021-09-09,0.14285714285714285,0,False
Los Angeles,06-037-1602,2021-09-12,06-037-1602|2021|9|6,episode,los_angeles_2021-09-09,0.14285714285714285,0,False
Los Angeles,06-037-2005,2021-09-12,06-037-2005|2021|9|6,episode,los_angeles_2021-09-09,0.14285714285714285,0,False
Los Angeles,06-037-4008,2021-09-12,06-037-4008|2021|9|6,episode,los_angeles_2021-09-09,0.14285714285714285,0,False
Los Angeles,06-037-4010,2021-09-12,06-037-4010|2021|9|6,episode,los_angeles_2021-09-09,0.14285714285714285,0,False
Los Angeles,06-037-0113,2021-09-13,06-037-0113|2021|9|0,episode,los_angeles_2021-09-09,0.14285714285714285,0,False
Los Angeles,06-037-1103,2021-09-13,06-037-1103|2021|9|0,episode,los_angeles_2021-09-09,0.14285714285714285,0,False
Los Angeles,06-037-1302,2021-09-13,06-037-1302|2021|9|0,episode,los_angeles_2021-09-09,0.14285714285714285,0,False
Los Angeles,06-037-1602,2021-09-13,06-037-1602|2021|9|0,episode,los_angeles_2021-09-09,0.14285714285714285,0,False
Los Angeles,06-037-2005,2021-09-13,06-037-2005|2021|9|0,episode,los_angeles_2021-09-09,0.14285714285714285,0,False
Los Angeles,06-037-4008,2021-09-13,06-037-4008|2021|9|0,episode,los_angeles_2021-09-09,0.14285714285714285,0,False
Los Angeles,06-037-4010,2021-09-13,06-037-4010|2021|9|0,episode,los_angeles_2021-09-09,0.14285714285714285,0,False
Los Angeles,06-037-0113,2021-09-18,06-037-0113|2021|9|5,wind_only,,0.14285714285714285,3,True
Los Angeles,06-037-1103,2021-09-18,06-037-1103|2021|9|5,wind_only,,0.14285714285714285,3,True
Los Angeles,06-037-1302,2021-09-18,06-037-1302|2021|9|5,wind_only,,0.14285714285714285,3,True
Los Angeles,06-037-1602,2021-09-18,06-037-1602|2021|9|5,wind_only,,0.14285714285714285,3,True
Los Angeles,06-037-2005,2021-09-18,06-037-2005|2021|9|5,wind_only,,0.14285714285714285,3,True
Los Angeles,06-037-4008,2021-09-18,06-037-4008|2021|9|5,wind_only,,0.14285714285714285,3,True
Los Angeles,06-037-4010,2021-09-18,06-037-4010|2021|9|5,wind_only,,0.14285714285714285,3,True
Los Angeles,06-037-0113,2021-09-19,06-037-0113|2021|9|6,wind_only,,0.14285714285714285,3,True
Los Angeles,06-037-1103,2021-09-19,06-037-1103|2021|9|6,wind_only,,0.14285714285714285,3,True
Los Angeles,06-037-1302,2021-09-19,06-037-1302|2021|9|6,wind_only,,0.14285714285714285,3,True
Los Angeles,06-037-1602,2021-09-19,06-037-1602|2021|9|6,wind_only,,0.14285714285714285,3,True
Los Angeles,06-037-2005,2021-09-19,06-037-2005|2021|9|6,wind_only,,0.14285714285714285,3,True
Los Angeles,06-037-4008,2021-09-19,06-037-4008|2021|9|6,wind_only,,0.14285714285714285,3,True
Los Angeles,06-037-4010,2021-09-19,06-037-4010|2021|9|6,wind_only,,0.14285714285714285,3,True
Los Angeles,06-037-0113,2021-09-20,06-037-0113|2021|9|0,wind_only,,0.14285714285714285,3,True
Los Angeles,06-037-1103,2021-09-20,06-037-1103|2021|9|0,wind_only,,0.14285714285714285,3,True
Los Angeles,06-037-1302,2021-09-20,06-037-1302|2021|9|0,wind_only,,0.14285714285714285,3,True
Los Angeles,06-037-1602,2021-09-20,06-037-1602|2021|9|0,wind_only,,0.14285714285714285,3,True
Los Angeles,06-037-2005,2021-09-20,06-037-2005|2021|9|0,wind_only,,0.14285714285714285,3,True
Los Angeles,06-037-4008,2021-09-20,06-037-4008|2021|9|0,wind_only,,0.14285714285714285,3,True
Los Angeles,06-037-4010,2021-09-20,06-037-4010|2021|9|0,wind_only,,0.14285714285714285,3,True
Los Angeles,06-037-0113,2021-09-23,06-037-0113|2021|9|3,wind_only,,0.16666666666666666,2,True
Los Angeles,06-037-1103,2021-09-23,06-037-1103|2021|9|3,wind_only,,0.16666666666666666,2,True
Los Angeles,06-037-1302,2021-09-23,06-037-1302|2021|9|3,wind_only,,0.16666666666666666,2,True
Los Angeles,06-037-2005,2021-09-23,06-037-2005|2021|9|3,wind_only,,0.16666666666666666,2,True
Los Angeles,06-037-4008,2021-09-23,06-037-4008|2021|9|3,wind_only,,0.16666666666666666,2,True
Los Angeles,06-037-4010,2021-09-23,06-037-4010|2021|9|3,wind_only,,0.16666666666666666,2,True
Los Angeles,06-037-0113,2021-09-24,06-037-0113|2021|9|4,wind_only,,0.14285714285714285,2,True
Los Angeles,06-037-1103,2021-09-24,06-037-1103|2021|9|4,wind_only,,0.14285714285714285,2,True
Los Angeles,06-037-1302,2021-09-24,06-037-1302|2021|9|4,wind_only,,0.14285714285714285,2,True
Los Angeles,06-037-1602,2021-09-24,06-037-1602|2021|9|4,wind_only,,0.14285714285714285,2,True
Los Angeles,06-037-2005,2021-09-24,06-037-2005|2021|9|4,wind_only,,0.14285714285714285,2,True
Los Angeles,06-037-4008,2021-09-24,06-037-4008|2021|9|4,wind_only,,0.14285714285714285,2,True
Los Angeles,06-037-4010,2021-09-24,06-037-4010|2021|9|4,wind_only,,0.14285714285714285,2,True
Los Angeles,06-037-0113,2021-09-26,06-037-0113|2021|9|6,wind_only,,0.14285714285714285,1,False
Los Angeles,06-037-1103,2021-09-26,06-037-1103|2021|9|6,wind_only,,0.14285714285714285,1,False
Los Angeles,06-037-1302,2021-09-26,06-037-1302|2021|9|6,wind_only,,0.14285714285714285,1,False
Los Angeles,06-037-1602,2021-09-26,06-037-1602|2021|9|6,wind_only,,0.14285714285714285,1,False
Los Angeles,06-037-2005,2021-09-26,06-037-2005|2021|9|6,wind_only,,0.14285714285714285,1,False
Los Angeles,06-037-4008,2021-09-26,06-037-4008|2021|9|6,wind_only,,0.14285714285714285,1,False
Los Angeles,06-037-4010,2021-09-26,06-037-4010|2021|9|6,wind_only,,0.14285714285714285,1,False
Los Angeles,06-037-0113,2022-09-05,06-037-0113|2022|9|0,episode,los_angeles_2022-09-05,0.14285714285714285,0,False
Los Angeles,06-037-1103,2022-09-05,06-037-1103|2022|9|0,episode,los_angeles_2022-09-05,0.14285714285714285,0,False
Los Angeles,06-037-1302,2022-09-05,06-037-1302|2022|9|0,episode,los_angeles_2022-09-05,0.14285714285714285,0,False
Los Angeles,06-037-1602,2022-09-05,06-037-1602|2022|9|0,episode,los_angeles_2022-09-05,0.14285714285714285,0,False
Los Angeles,06-037-2005,2022-09-05,06-037-2005|2022|9|0,episode,los_angeles_2022-09-05,0.14285714285714285,0,False
Los Angeles,06-037-4008,2022-09-05,06-037-4008|2022|9|0,episode,los_angeles_2022-09-05,0.14285714285714285,0,False
Los Angeles,06-037-4010,2022-09-05,06-037-4010|2022|9|0,episode,los_angeles_2022-09-05,0.14285714285714285,0,False
Los Angeles,06-037-0113,2022-09-06,06-037-0113|2022|9|1,episode,los_angeles_2022-09-05,0.14285714285714285,0,False
Los Angeles,06-037-1103,2022-09-06,06-037-1103|2022|9|1,episode,los_angeles_2022-09-05,0.14285714285714285,0,False
Los Angeles,06-037-1302,2022-09-06,06-037-1302|2022|9|1,episode,los_angeles_2022-09-05,0.14285714285714285,0,False
Los Angeles,06-037-1602,2022-09-06,06-037-1602|2022|9|1,episode,los_angeles_2022-09-05,0.14285714285714285,0,False
Los Angeles,06-037-2005,2022-09-06,06-037-2005|2022|9|1,episode,los_angeles_2022-09-05,0.14285714285714285,0,False
Los Angeles,06-037-4008,2022-09-06,06-037-4008|2022|9|1,episode,los_angeles_2022-09-05,0.14285714285714285,0,False
Los Angeles,06-037-4010,2022-09-06,06-037-4010|2022|9|1,episode,los_angeles_2022-09-05,0.14285714285714285,0,False
Los Angeles,06-037-0113,2022-09-10,06-037-0113|2022|9|5,wind_only,,0.14285714285714285,4,True
Los Angeles,06-037-1103,2022-09-10,06-037-1103|2022|9|5,wind_only,,0.14285714285714285,4,True
Los Angeles,06-037-1302,2022-09-10,06-037-1302|2022|9|5,wind_only,,0.14285714285714285,4,True
Los Angeles,06-037-1602,2022-09-10,06-037-1602|2022|9|5,wind_only,,0.14285714285714285,4,True
Los Angeles,06-037-2005,2022-09-10,06-037-2005|2022|9|5,wind_only,,0.14285714285714285,4,True
Los Angeles,06-037-4008,2022-09-10,06-037-4008|2022|9|5,wind_only,,0.14285714285714285,4,True
Los Angeles,06-037-4010,2022-09-10,06-037-4010|2022|9|5,wind_only,,0.14285714285714285,4,True
Los Angeles,06-037-0113,2022-09-11,06-037-0113|2022|9|6,wind_only,,0.14285714285714285,4,True
Los Angeles,06-037-1103,2022-09-11,06-037-1103|2022|9|6,wind_only,,0.14285714285714285,4,True
Los Angeles,06-037-1302,2022-09-11,06-037-1302|2022|9|6,wind_only,,0.14285714285714285,4,True
Los Angeles,06-037-1602,2022-09-11,06-037-1602|2022|9|6,wind_only,,0.14285714285714285,4,True
Los Angeles,06-037-2005,2022-09-11,06-037-2005|2022|9|6,wind_only,,0.14285714285714285,4,True
Los Angeles,06-037-4008,2022-09-11,06-037-4008|2022|9|6,wind_only,,0.14285714285714285,4,True
Los Angeles,06-037-4010,2022-09-11,06-037-4010|2022|9|6,wind_only,,0.14285714285714285,4,True
Los Angeles,06-037-0113,2022-09-12,06-037-0113|2022|9|0,wind_only,,0.14285714285714285,4,True
Los Angeles,06-037-1103,2022-09-12,06-037-1103|2022|9|0,wind_only,,0.14285714285714285,4,True
Los Angeles,06-037-1302,2022-09-12,06-037-1302|2022|9|0,wind_only,,0.14285714285714285,4,True
Los Angeles,06-037-1602,2022-09-12,06-037-1602|2022|9|0,wind_only,,0.14285714285714285,4,True
Los Angeles,06-037-2005,2022-09-12,06-037-2005|2022|9|0,wind_only,,0.14285714285714285,4,True
Los Angeles,06-037-4008,2022-09-12,06-037-4008|2022|9|0,wind_only,,0.14285714285714285,4,True
Los Angeles,06-037-4010,2022-09-12,06-037-4010|2022|9|0,wind_only,,0.14285714285714285,4,True
Los Angeles,06-037-0113,2022-09-13,06-037-0113|2022|9|1,wind_only,,0.14285714285714285,4,True
Los Angeles,06-037-1103,2022-09-13,06-037-1103|2022|9|1,wind_only,,0.14285714285714285,4,True
Los Angeles,06-037-1302,2022-09-13,06-037-1302|2022|9|1,wind_only,,0.14285714285714285,4,True
Los Angeles,06-037-1602,2022-09-13,06-037-1602|2022|9|1,wind_only,,0.14285714285714285,4,True
Los Angeles,06-037-2005,2022-09-13,06-037-2005|2022|9|1,wind_only,,0.14285714285714285,4,True
Los Angeles,06-037-4008,2022-09-13,06-037-4008|2022|9|1,wind_only,,0.14285714285714285,4,True
Los Angeles,06-037-4010,2022-09-13,06-037-4010|2022|9|1,wind_only,,0.14285714285714285,4,True
Los Angeles,06-037-0113,2022-09-24,06-037-0113|2022|9|5,episode,los_angeles_2022-09-23,0.14285714285714285,0,False
Los Angeles,06-037-1103,2022-09-24,06-037-1103|2022|9|5,episode,los_angeles_2022-09-23,0.14285714285714285,0,False
Los Angeles,06-037-1302,2022-09-24,06-037-1302|2022|9|5,episode,los_angeles_2022-09-23,0.14285714285714285,0,False
Los Angeles,06-037-1602,2022-09-24,06-037-1602|2022|9|5,episode,los_angeles_2022-09-23,0.14285714285714285,0,False
Los Angeles,06-037-2005,2022-09-24,06-037-2005|2022|9|5,episode,los_angeles_2022-09-23,0.14285714285714285,0,False
Los Angeles,06-037-4008,2022-09-24,06-037-4008|2022|9|5,episode,los_angeles_2022-09-23,0.14285714285714285,0,False
Los Angeles,06-037-4010,2022-09-24,06-037-4010|2022|9|5,episode,los_angeles_2022-09-23,0.14285714285714285,0,False
Los Angeles,06-037-0113,2022-09-25,06-037-0113|2022|9|6,episode,los_angeles_2022-09-23,0.14285714285714285,0,False
Los Angeles,06-037-1103,2022-09-25,06-037-1103|2022|9|6,episode,los_angeles_2022-09-23,0.14285714285714285,0,False
Los Angeles,06-037-1302,2022-09-25,06-037-1302|2022|9|6,episode,los_angeles_2022-09-23,0.14285714285714285,0,False
Los Angeles,06-037-1602,2022-09-25,06-037-1602|2022|9|6,episode,los_angeles_2022-09-23,0.14285714285714285,0,False
Los Angeles,06-037-2005,2022-09-25,06-037-2005|2022|9|6,episode,los_angeles_2022-09-23,0.14285714285714285,0,False
Los Angeles,06-037-4008,2022-09-25,06-037-4008|2022|9|6,episode,los_angeles_2022-09-23,0.14285714285714285,0,False
Los Angeles,06-037-4010,2022-09-25,06-037-4010|2022|9|6,episode,los_angeles_2022-09-23,0.14285714285714285,0,False
Los Angeles,06-037-0113,2022-09-26,06-037-0113|2022|9|0,episode,los_angeles_2022-09-23,0.14285714285714285,0,False
Los Angeles,06-037-1103,2022-09-26,06-037-1103|2022|9|0,episode,los_angeles_2022-09-23,0.14285714285714285,0,False
Los Angeles,06-037-1302,2022-09-26,06-037-1302|2022|9|0,episode,los_angeles_2022-09-23,0.14285714285714285,0,False
Los Angeles,06-037-1602,2022-09-26,06-037-1602|2022|9|0,episode,los_angeles_2022-09-23,0.14285714285714285,0,False
Los Angeles,06-037-2005,2022-09-26,06-037-2005|2022|9|0,episode,los_angeles_2022-09-23,0.14285714285714285,0,False
Los Angeles,06-037-4008,2022-09-26,06-037-4008|2022|9|0,episode,los_angeles_2022-09-23,0.14285714285714285,0,False
Los Angeles,06-037-4010,2022-09-26,06-037-4010|2022|9|0,episode,los_angeles_2022-09-23,0.14285714285714285,0,False
Los Angeles,06-037-0113,2022-09-27,06-037-0113|2022|9|1,episode,los_angeles_2022-09-23,0.14285714285714285,0,False
Los Angeles,06-037-1103,2022-09-27,06-037-1103|2022|9|1,episode,los_angeles_2022-09-23,0.14285714285714285,0,False
Los Angeles,06-037-1302,2022-09-27,06-037-1302|2022|9|1,episode,los_angeles_2022-09-23,0.14285714285714285,0,False
Los Angeles,06-037-1602,2022-09-27,06-037-1602|2022|9|1,episode,los_angeles_2022-09-23,0.14285714285714285,0,False
Los Angeles,06-037-2005,2022-09-27,06-037-2005|2022|9|1,episode,los_angeles_2022-09-23,0.14285714285714285,0,False
Los Angeles,06-037-4008,2022-09-27,06-037-4008|2022|9|1,episode,los_angeles_2022-09-23,0.14285714285714285,0,False
Los Angeles,06-037-4010,2022-09-27,06-037-4010|2022|9|1,episode,los_angeles_2022-09-23,0.14285714285714285,0,False
Los Angeles,06-037-0113,2023-07-11,06-037-0113|2023|7|1,wind_only,,0.14285714285714285,1,False
Los Angeles,06-037-1103,2023-07-11,06-037-1103|2023|7|1,wind_only,,0.14285714285714285,1,False
Los Angeles,06-037-1302,2023-07-11,06-037-1302|2023|7|1,wind_only,,0.14285714285714285,1,False
Los Angeles,06-037-1602,2023-07-11,06-037-1602|2023|7|1,wind_only,,0.14285714285714285,1,False
Los Angeles,06-037-2005,2023-07-11,06-037-2005|2023|7|1,wind_only,,0.14285714285714285,1,False
Los Angeles,06-037-4008,2023-07-11,06-037-4008|2023|7|1,wind_only,,0.14285714285714285,1,False
Los Angeles,06-037-4010,2023-07-11,06-037-4010|2023|7|1,wind_only,,0.14285714285714285,1,False
Los Angeles,06-037-0113,2023-07-25,06-037-0113|2023|7|1,episode,los_angeles_2023-07-24,0.14285714285714285,0,False
Los Angeles,06-037-1103,2023-07-25,06-037-1103|2023|7|1,episode,los_angeles_2023-07-24,0.14285714285714285,0,False
Los Angeles,06-037-1302,2023-07-25,06-037-1302|2023|7|1,episode,los_angeles_2023-07-24,0.14285714285714285,0,False
Los Angeles,06-037-1602,2023-07-25,06-037-1602|2023|7|1,episode,los_angeles_2023-07-24,0.14285714285714285,0,False
Los Angeles,06-037-2005,2023-07-25,06-037-2005|2023|7|1,episode,los_angeles_2023-07-24,0.14285714285714285,0,False
Los Angeles,06-037-4008,2023-07-25,06-037-4008|2023|7|1,episode,los_angeles_2023-07-24,0.14285714285714285,0,False
Los Angeles,06-037-4010,2023-07-25,06-037-4010|2023|7|1,episode,los_angeles_2023-07-24,0.14285714285714285,0,False
Los Angeles,06-037-0113,2023-08-01,06-037-0113|2023|8|1,wind_only,,0.14285714285714285,1,False
Los Angeles,06-037-1103,2023-08-01,06-037-1103|2023|8|1,wind_only,,0.14285714285714285,1,False
Los Angeles,06-037-1302,2023-08-01,06-037-1302|2023|8|1,wind_only,,0.14285714285714285,1,False
Los Angeles,06-037-1602,2023-08-01,06-037-1602|2023|8|1,wind_only,,0.14285714285714285,1,False
Los Angeles,06-037-2005,2023-08-01,06-037-2005|2023|8|1,wind_only,,0.14285714285714285,1,False
Los Angeles,06-037-4008,2023-08-01,06-037-4008|2023|8|1,wind_only,,0.14285714285714285,1,False
Los Angeles,06-037-4010,2023-08-01,06-037-4010|2023|8|1,wind_only,,0.14285714285714285,1,False
Los Angeles,06-037-0113,2023-08-07,06-037-0113|2023|8|0,wind_only,,0.14285714285714285,1,False
Los Angeles,06-037-1103,2023-08-07,06-037-1103|2023|8|0,wind_only,,0.14285714285714285,1,False
Los Angeles,06-037-1302,2023-08-07,06-037-1302|2023|8|0,wind_only,,0.14285714285714285,1,False
Los Angeles,06-037-1602,2023-08-07,06-037-1602|2023|8|0,wind_only,,0.14285714285714285,1,False
Los Angeles,06-037-2005,2023-08-07,06-037-2005|2023|8|0,wind_only,,0.14285714285714285,1,False
Los Angeles,06-037-4008,2023-08-07,06-037-4008|2023|8|0,wind_only,,0.14285714285714285,1,False
Los Angeles,06-037-4010,2023-08-07,06-037-4010|2023|8|0,wind_only,,0.14285714285714285,1,False
Los Angeles,06-037-0113,2023-08-09,06-037-0113|2023|8|2,wind_only,,0.14285714285714285,1,False
Los Angeles,06-037-1103,2023-08-09,06-037-1103|2023|8|2,wind_only,,0.14285714285714285,1,False
Los Angeles,06-037-1302,2023-08-09,06-037-1302|2023|8|2,wind_only,,0.14285714285714285,1,False
Los Angeles,06-037-1602,2023-08-09,06-037-1602|2023|8|2,wind_only,,0.14285714285714285,1,False
Los Angeles,06-037-2005,2023-08-09,06-037-2005|2023|8|2,wind_only,,0.14285714285714285,1,False
Los Angeles,06-037-4008,2023-08-09,06-037-4008|2023|8|2,wind_only,,0.14285714285714285,1,False
Los Angeles,06-037-4010,2023-08-09,06-037-4010|2023|8|2,wind_only,,0.14285714285714285,1,False
Los Angeles,06-037-0113,2023-08-22,06-037-0113|2023|8|1,wind_only,,0.14285714285714285,5,True
Los Angeles,06-037-1103,2023-08-22,06-037-1103|2023|8|1,wind_only,,0.14285714285714285,5,True
Los Angeles,06-037-1302,2023-08-22,06-037-1302|2023|8|1,wind_only,,0.14285714285714285,5,True
Los Angeles,06-037-1602,2023-08-22,06-037-1602|2023|8|1,wind_only,,0.14285714285714285,5,True
Los Angeles,06-037-2005,2023-08-22,06-037-2005|2023|8|1,wind_only,,0.14285714285714285,5,True
Los Angeles,06-037-4008,2023-08-22,06-037-4008|2023|8|1,wind_only,,0.14285714285714285,5,True
Los Angeles,06-037-4010,2023-08-22,06-037-4010|2023|8|1,wind_only,,0.14285714285714285,5,True
Los Angeles,06-037-0113,2023-08-23,06-037-0113|2023|8|2,wind_only,,0.14285714285714285,5,True
Los Angeles,06-037-1103,2023-08-23,06-037-1103|2023|8|2,wind_only,,0.14285714285714285,5,True
Los Angeles,06-037-1302,2023-08-23,06-037-1302|2023|8|2,wind_only,,0.14285714285714285,5,True
Los Angeles,06-037-1602,2023-08-23,06-037-1602|2023|8|2,wind_only,,0.14285714285714285,5,True
Los Angeles,06-037-2005,2023-08-23,06-037-2005|2023|8|2,wind_only,,0.14285714285714285,5,True
Los Angeles,06-037-4008,2023-08-23,06-037-4008|2023|8|2,wind_only,,0.14285714285714285,5,True
Los Angeles,06-037-4010,2023-08-23,06-037-4010|2023|8|2,wind_only,,0.14285714285714285,5,True
Los Angeles,06-037-0113,2023-08-28,06-037-0113|2023|8|0,episode,los_angeles_2023-08-27,0.14285714285714285,0,False
Los Angeles,06-037-1103,2023-08-28,06-037-1103|2023|8|0,episode,los_angeles_2023-08-27,0.14285714285714285,0,False
Los Angeles,06-037-1302,2023-08-28,06-037-1302|2023|8|0,episode,los_angeles_2023-08-27,0.14285714285714285,0,False
Los Angeles,06-037-1602,2023-08-28,06-037-1602|2023|8|0,episode,los_angeles_2023-08-27,0.14285714285714285,0,False
Los Angeles,06-037-2005,2023-08-28,06-037-2005|2023|8|0,episode,los_angeles_2023-08-27,0.14285714285714285,0,False
Los Angeles,06-037-4008,2023-08-28,06-037-4008|2023|8|0,episode,los_angeles_2023-08-27,0.14285714285714285,0,False
Los Angeles,06-037-4010,2023-08-28,06-037-4010|2023|8|0,episode,los_angeles_2023-08-27,0.14285714285714285,0,False
Los Angeles,06-037-0113,2023-08-29,06-037-0113|2023|8|1,episode,los_angeles_2023-08-27,0.14285714285714285,0,False
Los Angeles,06-037-1103,2023-08-29,06-037-1103|2023|8|1,episode,los_angeles_2023-08-27,0.14285714285714285,0,False
Los Angeles,06-037-1302,2023-08-29,06-037-1302|2023|8|1,episode,los_angeles_2023-08-27,0.14285714285714285,0,False
Los Angeles,06-037-1602,2023-08-29,06-037-1602|2023|8|1,episode,los_angeles_2023-08-27,0.14285714285714285,0,False
Los Angeles,06-037-2005,2023-08-29,06-037-2005|2023|8|1,episode,los_angeles_2023-08-27,0.14285714285714285,0,False
Los Angeles,06-037-4008,2023-08-29,06-037-4008|2023|8|1,episode,los_angeles_2023-08-27,0.14285714285714285,0,False
Los Angeles,06-037-4010,2023-08-29,06-037-4010|2023|8|1,episode,los_angeles_2023-08-27,0.14285714285714285,0,False
Los Angeles,06-037-0113,2023-08-30,06-037-0113|2023|8|2,episode,los_angeles_2023-08-27,0.14285714285714285,0,False
Los Angeles,06-037-1103,2023-08-30,06-037-1103|2023|8|2,episode,los_angeles_2023-08-27,0.14285714285714285,0,False
Los Angeles,06-037-1302,2023-08-30,06-037-1302|2023|8|2,episode,los_angeles_2023-08-27,0.14285714285714285,0,False
Los Angeles,06-037-1602,2023-08-30,06-037-1602|2023|8|2,episode,los_angeles_2023-08-27,0.14285714285714285,0,False
Los Angeles,06-037-2005,2023-08-30,06-037-2005|2023|8|2,episode,los_angeles_2023-08-27,0.14285714285714285,0,False
Los Angeles,06-037-4008,2023-08-30,06-037-4008|2023|8|2,episode,los_angeles_2023-08-27,0.14285714285714285,0,False
Los Angeles,06-037-4010,2023-08-30,06-037-4010|2023|8|2,episode,los_angeles_2023-08-27,0.14285714285714285,0,False
Los Angeles,06-037-0113,2023-09-08,06-037-0113|2023|9|4,episode,los_angeles_2023-09-08,0.14285714285714285,0,False
Los Angeles,06-037-1103,2023-09-08,06-037-1103|2023|9|4,episode,los_angeles_2023-09-08,0.14285714285714285,0,False
Los Angeles,06-037-1302,2023-09-08,06-037-1302|2023|9|4,episode,los_angeles_2023-09-08,0.14285714285714285,0,False
Los Angeles,06-037-1602,2023-09-08,06-037-1602|2023|9|4,episode,los_angeles_2023-09-08,0.14285714285714285,0,False
Los Angeles,06-037-2005,2023-09-08,06-037-2005|2023|9|4,episode,los_angeles_2023-09-08,0.14285714285714285,0,False
Los Angeles,06-037-4008,2023-09-08,06-037-4008|2023|9|4,episode,los_angeles_2023-09-08,0.14285714285714285,0,False
Los Angeles,06-037-4010,2023-09-08,06-037-4010|2023|9|4,episode,los_angeles_2023-09-08,0.14285714285714285,0,False
Los Angeles,06-037-0113,2023-09-09,06-037-0113|2023|9|5,episode,los_angeles_2023-09-08,0.14285714285714285,0,False
Los Angeles,06-037-1103,2023-09-09,06-037-1103|2023|9|5,episode,los_angeles_2023-09-08,0.14285714285714285,0,False
Los Angeles,06-037-1302,2023-09-09,06-037-1302|2023|9|5,episode,los_angeles_2023-09-08,0.14285714285714285,0,False
Los Angeles,06-037-1602,2023-09-09,06-037-1602|2023|9|5,episode,los_angeles_2023-09-08,0.14285714285714285,0,False
Los Angeles,06-037-2005,2023-09-09,06-037-2005|2023|9|5,episode,los_angeles_2023-09-08,0.14285714285714285,0,False
Los Angeles,06-037-4008,2023-09-09,06-037-4008|2023|9|5,episode,los_angeles_2023-09-08,0.14285714285714285,0,False
Los Angeles,06-037-4010,2023-09-09,06-037-4010|2023|9|5,episode,los_angeles_2023-09-08,0.14285714285714285,0,False
Los Angeles,06-037-0113,2023-09-22,06-037-0113|2023|9|4,wind_only,,0.14285714285714285,8,True
Los Angeles,06-037-1103,2023-09-22,06-037-1103|2023|9|4,wind_only,,0.14285714285714285,8,True
Los Angeles,06-037-1302,2023-09-22,06-037-1302|2023|9|4,wind_only,,0.14285714285714285,8,True
Los Angeles,06-037-1602,2023-09-22,06-037-1602|2023|9|4,wind_only,,0.14285714285714285,8,True
Los Angeles,06-037-2005,2023-09-22,06-037-2005|2023|9|4,wind_only,,0.14285714285714285,8,True
Los Angeles,06-037-4008,2023-09-22,06-037-4008|2023|9|4,wind_only,,0.14285714285714285,8,True
Los Angeles,06-037-4010,2023-09-22,06-037-4010|2023|9|4,wind_only,,0.14285714285714285,8,True
Los Angeles,06-037-0113,2023-09-23,06-037-0113|2023|9|5,wind_only,,0.14285714285714285,8,True
Los Angeles,06-037-1103,2023-09-23,06-037-1103|2023|9|5,wind_only,,0.14285714285714285,8,True
Los Angeles,06-037-1302,2023-09-23,06-037-1302|2023|9|5,wind_only,,0.14285714285714285,8,True
Los Angeles,06-037-1602,2023-09-23,06-037-1602|2023|9|5,wind_only,,0.14285714285714285,8,True
Los Angeles,06-037-2005,2023-09-23,06-037-2005|2023|9|5,wind_only,,0.14285714285714285,8,True
Los Angeles,06-037-4008,2023-09-23,06-037-4008|2023|9|5,wind_only,,0.14285714285714285,8,True
Los Angeles,06-037-4010,2023-09-23,06-037-4010|2023|9|5,wind_only,,0.14285714285714285,8,True
Los Angeles,06-037-0113,2023-09-29,06-037-0113|2023|9|4,wind_only,,0.14285714285714285,8,True
Los Angeles,06-037-1103,2023-09-29,06-037-1103|2023|9|4,wind_only,,0.14285714285714285,8,True
Los Angeles,06-037-1302,2023-09-29,06-037-1302|2023|9|4,wind_only,,0.14285714285714285,8,True
Los Angeles,06-037-1602,2023-09-29,06-037-1602|2023|9|4,wind_only,,0.14285714285714285,8,True
Los Angeles,06-037-2005,2023-09-29,06-037-2005|2023|9|4,wind_only,,0.14285714285714285,8,True
Los Angeles,06-037-4008,2023-09-29,06-037-4008|2023|9|4,wind_only,,0.14285714285714285,8,True
Los Angeles,06-037-4010,2023-09-29,06-037-4010|2023|9|4,wind_only,,0.14285714285714285,8,True
Los Angeles,06-037-0113,2023-10-01,06-037-0113|2023|10|6,wind_only,,0.14285714285714285,1,False
Los Angeles,06-037-1103,2023-10-01,06-037-1103|2023|10|6,wind_only,,0.14285714285714285,1,False
Los Angeles,06-037-1302,2023-10-01,06-037-1302|2023|10|6,wind_only,,0.14285714285714285,1,False
Los Angeles,06-037-1602,2023-10-01,06-037-1602|2023|10|6,wind_only,,0.14285714285714285,1,False
Los Angeles,06-037-2005,2023-10-01,06-037-2005|2023|10|6,wind_only,,0.14285714285714285,1,False
Los Angeles,06-037-4008,2023-10-01,06-037-4008|2023|10|6,wind_only,,0.14285714285714285,1,False
Los Angeles,06-037-4010,2023-10-01,06-037-4010|2023|10|6,wind_only,,0.14285714285714285,1,False
Los Angeles,06-037-0113,2023-10-04,06-037-0113|2023|10|2,episode,los_angeles_2023-10-04,0.16666666666666666,0,False
Los Angeles,06-037-1302,2023-10-04,06-037-1302|2023|10|2,episode,los_angeles_2023-10-04,0.16666666666666666,0,False
Los Angeles,06-037-1602,2023-10-04,06-037-1602|2023|10|2,episode,los_angeles_2023-10-04,0.16666666666666666,0,False
Los Angeles,06-037-2005,2023-10-04,06-037-2005|2023|10|2,episode,los_angeles_2023-10-04,0.16666666666666666,0,False
Los Angeles,06-037-4008,2023-10-04,06-037-4008|2023|10|2,episode,los_angeles_2023-10-04,0.16666666666666666,0,False
Los Angeles,06-037-4010,2023-10-04,06-037-4010|2023|10|2,episode,los_angeles_2023-10-04,0.16666666666666666,0,False
Los Angeles,06-037-0113,2023-10-05,06-037-0113|2023|10|3,episode,los_angeles_2023-10-04,0.14285714285714285,0,False
Los Angeles,06-037-1103,2023-10-05,06-037-1103|2023|10|3,episode,los_angeles_2023-10-04,0.14285714285714285,0,False
Los Angeles,06-037-1302,2023-10-05,06-037-1302|2023|10|3,episode,los_angeles_2023-10-04,0.14285714285714285,0,False
Los Angeles,06-037-1602,2023-10-05,06-037-1602|2023|10|3,episode,los_angeles_2023-10-04,0.14285714285714285,0,False
Los Angeles,06-037-2005,2023-10-05,06-037-2005|2023|10|3,episode,los_angeles_2023-10-04,0.14285714285714285,0,False
Los Angeles,06-037-4008,2023-10-05,06-037-4008|2023|10|3,episode,los_angeles_2023-10-04,0.14285714285714285,0,False
Los Angeles,06-037-4010,2023-10-05,06-037-4010|2023|10|3,episode,los_angeles_2023-10-04,0.14285714285714285,0,False
Los Angeles,06-037-0113,2023-10-06,06-037-0113|2023|10|4,episode,los_angeles_2023-10-04,0.14285714285714285,0,False
Los Angeles,06-037-1103,2023-10-06,06-037-1103|2023|10|4,episode,los_angeles_2023-10-04,0.14285714285714285,0,False
Los Angeles,06-037-1302,2023-10-06,06-037-1302|2023|10|4,episode,los_angeles_2023-10-04,0.14285714285714285,0,False
Los Angeles,06-037-1602,2023-10-06,06-037-1602|2023|10|4,episode,los_angeles_2023-10-04,0.14285714285714285,0,False
Los Angeles,06-037-2005,2023-10-06,06-037-2005|2023|10|4,episode,los_angeles_2023-10-04,0.14285714285714285,0,False
Los Angeles,06-037-4008,2023-10-06,06-037-4008|2023|10|4,episode,los_angeles_2023-10-04,0.14285714285714285,0,False
Los Angeles,06-037-4010,2023-10-06,06-037-4010|2023|10|4,episode,los_angeles_2023-10-04,0.14285714285714285,0,False
Los Angeles,06-037-0113,2023-10-07,06-037-0113|2023|10|5,episode,los_angeles_2023-10-04,0.14285714285714285,0,False
Los Angeles,06-037-1103,2023-10-07,06-037-1103|2023|10|5,episode,los_angeles_2023-10-04,0.14285714285714285,0,False
Los Angeles,06-037-1302,2023-10-07,06-037-1302|2023|10|5,episode,los_angeles_2023-10-04,0.14285714285714285,0,False
Los Angeles,06-037-1602,2023-10-07,06-037-1602|2023|10|5,episode,los_angeles_2023-10-04,0.14285714285714285,0,False
Los Angeles,06-037-2005,2023-10-07,06-037-2005|2023|10|5,episode,los_angeles_2023-10-04,0.14285714285714285,0,False
Los Angeles,06-037-4008,2023-10-07,06-037-4008|2023|10|5,episode,los_angeles_2023-10-04,0.14285714285714285,0,False
Los Angeles,06-037-4010,2023-10-07,06-037-4010|2023|10|5,episode,los_angeles_2023-10-04,0.14285714285714285,0,False
Los Angeles,06-037-0113,2023-10-08,06-037-0113|2023|10|6,episode,los_angeles_2023-10-04,0.14285714285714285,0,False
Los Angeles,06-037-1103,2023-10-08,06-037-1103|2023|10|6,episode,los_angeles_2023-10-04,0.14285714285714285,0,False
Los Angeles,06-037-1302,2023-10-08,06-037-1302|2023|10|6,episode,los_angeles_2023-10-04,0.14285714285714285,0,False
Los Angeles,06-037-1602,2023-10-08,06-037-1602|2023|10|6,episode,los_angeles_2023-10-04,0.14285714285714285,0,False
Los Angeles,06-037-2005,2023-10-08,06-037-2005|2023|10|6,episode,los_angeles_2023-10-04,0.14285714285714285,0,False
Los Angeles,06-037-4008,2023-10-08,06-037-4008|2023|10|6,episode,los_angeles_2023-10-04,0.14285714285714285,0,False
Los Angeles,06-037-4010,2023-10-08,06-037-4010|2023|10|6,episode,los_angeles_2023-10-04,0.14285714285714285,0,False
Los Angeles,06-037-0113,2023-10-11,06-037-0113|2023|10|2,wind_only,,0.16666666666666666,4,True
Los Angeles,06-037-1302,2023-10-11,06-037-1302|2023|10|2,wind_only,,0.16666666666666666,4,True
Los Angeles,06-037-1602,2023-10-11,06-037-1602|2023|10|2,wind_only,,0.16666666666666666,4,True
Los Angeles,06-037-2005,2023-10-11,06-037-2005|2023|10|2,wind_only,,0.16666666666666666,4,True
Los Angeles,06-037-4008,2023-10-11,06-037-4008|2023|10|2,wind_only,,0.16666666666666666,4,True
Los Angeles,06-037-4010,2023-10-11,06-037-4010|2023|10|2,wind_only,,0.16666666666666666,4,True
Los Angeles,06-037-0113,2023-10-12,06-037-0113|2023|10|3,wind_only,,0.14285714285714285,4,True
Los Angeles,06-037-1103,2023-10-12,06-037-1103|2023|10|3,wind_only,,0.14285714285714285,4,True
Los Angeles,06-037-1302,2023-10-12,06-037-1302|2023|10|3,wind_only,,0.14285714285714285,4,True
Los Angeles,06-037-1602,2023-10-12,06-037-1602|2023|10|3,wind_only,,0.14285714285714285,4,True
Los Angeles,06-037-2005,2023-10-12,06-037-2005|2023|10|3,wind_only,,0.14285714285714285,4,True
Los Angeles,06-037-4008,2023-10-12,06-037-4008|2023|10|3,wind_only,,0.14285714285714285,4,True
Los Angeles,06-037-4010,2023-10-12,06-037-4010|2023|10|3,wind_only,,0.14285714285714285,4,True
Los Angeles,06-037-0113,2023-10-13,06-037-0113|2023|10|4,wind_only,,0.14285714285714285,4,True
Los Angeles,06-037-1103,2023-10-13,06-037-1103|2023|10|4,wind_only,,0.14285714285714285,4,True
Los Angeles,06-037-1302,2023-10-13,06-037-1302|2023|10|4,wind_only,,0.14285714285714285,4,True
Los Angeles,06-037-1602,2023-10-13,06-037-1602|2023|10|4,wind_only,,0.14285714285714285,4,True
Los Angeles,06-037-2005,2023-10-13,06-037-2005|2023|10|4,wind_only,,0.14285714285714285,4,True
Los Angeles,06-037-4008,2023-10-13,06-037-4008|2023|10|4,wind_only,,0.14285714285714285,4,True
Los Angeles,06-037-4010,2023-10-13,06-037-4010|2023|10|4,wind_only,,0.14285714285714285,4,True
Los Angeles,06-037-0113,2023-10-14,06-037-0113|2023|10|5,wind_only,,0.14285714285714285,4,True
Los Angeles,06-037-1103,2023-10-14,06-037-1103|2023|10|5,wind_only,,0.14285714285714285,4,True
Los Angeles,06-037-1302,2023-10-14,06-037-1302|2023|10|5,wind_only,,0.14285714285714285,4,True
Los Angeles,06-037-1602,2023-10-14,06-037-1602|2023|10|5,wind_only,,0.14285714285714285,4,True
Los Angeles,06-037-2005,2023-10-14,06-037-2005|2023|10|5,wind_only,,0.14285714285714285,4,True
Los Angeles,06-037-4008,2023-10-14,06-037-4008|2023|10|5,wind_only,,0.14285714285714285,4,True
Los Angeles,06-037-4010,2023-10-14,06-037-4010|2023|10|5,wind_only,,0.14285714285714285,4,True
Los Angeles,06-037-0113,2023-10-18,06-037-0113|2023|10|2,wind_only,,0.2,4,True
Los Angeles,06-037-1302,2023-10-18,06-037-1302|2023|10|2,wind_only,,0.2,4,True
Los Angeles,06-037-2005,2023-10-18,06-037-2005|2023|10|2,wind_only,,0.2,4,True
Los Angeles,06-037-4008,2023-10-18,06-037-4008|2023|10|2,wind_only,,0.2,4,True
Los Angeles,06-037-4010,2023-10-18,06-037-4010|2023|10|2,wind_only,,0.2,4,True
Los Angeles,06-037-0113,2023-10-19,06-037-0113|2023|10|3,wind_only,,0.14285714285714285,4,True
Los Angeles,06-037-1103,2023-10-19,06-037-1103|2023|10|3,wind_only,,0.14285714285714285,4,True
Los Angeles,06-037-1302,2023-10-19,06-037-1302|2023|10|3,wind_only,,0.14285714285714285,4,True
Los Angeles,06-037-1602,2023-10-19,06-037-1602|2023|10|3,wind_only,,0.14285714285714285,4,True
Los Angeles,06-037-2005,2023-10-19,06-037-2005|2023|10|3,wind_only,,0.14285714285714285,4,True
Los Angeles,06-037-4008,2023-10-19,06-037-4008|2023|10|3,wind_only,,0.14285714285714285,4,True
Los Angeles,06-037-4010,2023-10-19,06-037-4010|2023|10|3,wind_only,,0.14285714285714285,4,True
Los Angeles,06-037-0113,2023-10-21,06-037-0113|2023|10|5,wind_only,,0.14285714285714285,1,False
Los Angeles,06-037-1103,2023-10-21,06-037-1103|2023|10|5,wind_only,,0.14285714285714285,1,False
Los Angeles,06-037-1302,2023-10-21,06-037-1302|2023|10|5,wind_only,,0.14285714285714285,1,False
Los Angeles,06-037-1602,2023-10-21,06-037-1602|2023|10|5,wind_only,,0.14285714285714285,1,False
Los Angeles,06-037-2005,2023-10-21,06-037-2005|2023|10|5,wind_only,,0.14285714285714285,1,False
Los Angeles,06-037-4008,2023-10-21,06-037-4008|2023|10|5,wind_only,,0.14285714285714285,1,False
Los Angeles,06-037-4010,2023-10-21,06-037-4010|2023|10|5,wind_only,,0.14285714285714285,1,False
Los Angeles,06-037-0113,2023-10-26,06-037-0113|2023|10|3,wind_only,,0.14285714285714285,3,True
Los Angeles,06-037-1103,2023-10-26,06-037-1103|2023|10|3,wind_only,,0.14285714285714285,3,True
Los Angeles,06-037-1302,2023-10-26,06-037-1302|2023|10|3,wind_only,,0.14285714285714285,3,True
Los Angeles,06-037-1602,2023-10-26,06-037-1602|2023|10|3,wind_only,,0.14285714285714285,3,True
Los Angeles,06-037-2005,2023-10-26,06-037-2005|2023|10|3,wind_only,,0.14285714285714285,3,True
Los Angeles,06-037-4008,2023-10-26,06-037-4008|2023|10|3,wind_only,,0.14285714285714285,3,True
Los Angeles,06-037-4010,2023-10-26,06-037-4010|2023|10|3,wind_only,,0.14285714285714285,3,True
Los Angeles,06-037-0113,2023-10-27,06-037-0113|2023|10|4,wind_only,,0.14285714285714285,3,True
Los Angeles,06-037-1103,2023-10-27,06-037-1103|2023|10|4,wind_only,,0.14285714285714285,3,True
Los Angeles,06-037-1302,2023-10-27,06-037-1302|2023|10|4,wind_only,,0.14285714285714285,3,True
Los Angeles,06-037-1602,2023-10-27,06-037-1602|2023|10|4,wind_only,,0.14285714285714285,3,True
Los Angeles,06-037-2005,2023-10-27,06-037-2005|2023|10|4,wind_only,,0.14285714285714285,3,True
Los Angeles,06-037-4008,2023-10-27,06-037-4008|2023|10|4,wind_only,,0.14285714285714285,3,True
Los Angeles,06-037-4010,2023-10-27,06-037-4010|2023|10|4,wind_only,,0.14285714285714285,3,True
Los Angeles,06-037-0113,2023-10-28,06-037-0113|2023|10|5,wind_only,,0.14285714285714285,3,True
Los Angeles,06-037-1103,2023-10-28,06-037-1103|2023|10|5,wind_only,,0.14285714285714285,3,True
Los Angeles,06-037-1302,2023-10-28,06-037-1302|2023|10|5,wind_only,,0.14285714285714285,3,True
Los Angeles,06-037-1602,2023-10-28,06-037-1602|2023|10|5,wind_only,,0.14285714285714285,3,True
Los Angeles,06-037-2005,2023-10-28,06-037-2005|2023|10|5,wind_only,,0.14285714285714285,3,True
Los Angeles,06-037-4008,2023-10-28,06-037-4008|2023|10|5,wind_only,,0.14285714285714285,3,True
Los Angeles,06-037-4010,2023-10-28,06-037-4010|2023|10|5,wind_only,,0.14285714285714285,3,True
Los Angeles,06-037-0113,2024-08-02,06-037-0113|2024|8|4,episode,los_angeles_2024-08-02,0.14285714285714285,0,False
Los Angeles,06-037-1103,2024-08-02,06-037-1103|2024|8|4,episode,los_angeles_2024-08-02,0.14285714285714285,0,False
Los Angeles,06-037-1302,2024-08-02,06-037-1302|2024|8|4,episode,los_angeles_2024-08-02,0.14285714285714285,0,False
Los Angeles,06-037-1602,2024-08-02,06-037-1602|2024|8|4,episode,los_angeles_2024-08-02,0.14285714285714285,0,False
Los Angeles,06-037-2005,2024-08-02,06-037-2005|2024|8|4,episode,los_angeles_2024-08-02,0.14285714285714285,0,False
Los Angeles,06-037-4008,2024-08-02,06-037-4008|2024|8|4,episode,los_angeles_2024-08-02,0.14285714285714285,0,False
Los Angeles,06-037-4010,2024-08-02,06-037-4010|2024|8|4,episode,los_angeles_2024-08-02,0.14285714285714285,0,False
Los Angeles,06-037-0113,2024-08-03,06-037-0113|2024|8|5,episode,los_angeles_2024-08-02,0.14285714285714285,0,False
Los Angeles,06-037-1103,2024-08-03,06-037-1103|2024|8|5,episode,los_angeles_2024-08-02,0.14285714285714285,0,False
Los Angeles,06-037-1302,2024-08-03,06-037-1302|2024|8|5,episode,los_angeles_2024-08-02,0.14285714285714285,0,False
Los Angeles,06-037-1602,2024-08-03,06-037-1602|2024|8|5,episode,los_angeles_2024-08-02,0.14285714285714285,0,False
Los Angeles,06-037-2005,2024-08-03,06-037-2005|2024|8|5,episode,los_angeles_2024-08-02,0.14285714285714285,0,False
Los Angeles,06-037-4008,2024-08-03,06-037-4008|2024|8|5,episode,los_angeles_2024-08-02,0.14285714285714285,0,False
Los Angeles,06-037-4010,2024-08-03,06-037-4010|2024|8|5,episode,los_angeles_2024-08-02,0.14285714285714285,0,False
Los Angeles,06-037-0113,2024-08-12,06-037-0113|2024|8|0,wind_only,,0.14285714285714285,2,True
Los Angeles,06-037-1103,2024-08-12,06-037-1103|2024|8|0,wind_only,,0.14285714285714285,2,True
Los Angeles,06-037-1302,2024-08-12,06-037-1302|2024|8|0,wind_only,,0.14285714285714285,2,True
Los Angeles,06-037-1602,2024-08-12,06-037-1602|2024|8|0,wind_only,,0.14285714285714285,2,True
Los Angeles,06-037-2005,2024-08-12,06-037-2005|2024|8|0,wind_only,,0.14285714285714285,2,True
Los Angeles,06-037-4008,2024-08-12,06-037-4008|2024|8|0,wind_only,,0.14285714285714285,2,True
Los Angeles,06-037-4010,2024-08-12,06-037-4010|2024|8|0,wind_only,,0.14285714285714285,2,True
Los Angeles,06-037-0113,2024-08-19,06-037-0113|2024|8|0,episode,los_angeles_2024-08-19,0.14285714285714285,0,False
Los Angeles,06-037-1103,2024-08-19,06-037-1103|2024|8|0,episode,los_angeles_2024-08-19,0.14285714285714285,0,False
Los Angeles,06-037-1302,2024-08-19,06-037-1302|2024|8|0,episode,los_angeles_2024-08-19,0.14285714285714285,0,False
Los Angeles,06-037-1602,2024-08-19,06-037-1602|2024|8|0,episode,los_angeles_2024-08-19,0.14285714285714285,0,False
Los Angeles,06-037-2005,2024-08-19,06-037-2005|2024|8|0,episode,los_angeles_2024-08-19,0.14285714285714285,0,False
Los Angeles,06-037-4008,2024-08-19,06-037-4008|2024|8|0,episode,los_angeles_2024-08-19,0.14285714285714285,0,False
Los Angeles,06-037-4010,2024-08-19,06-037-4010|2024|8|0,episode,los_angeles_2024-08-19,0.14285714285714285,0,False
Los Angeles,06-037-0113,2024-08-20,06-037-0113|2024|8|1,episode,los_angeles_2024-08-19,0.14285714285714285,0,False
Los Angeles,06-037-1103,2024-08-20,06-037-1103|2024|8|1,episode,los_angeles_2024-08-19,0.14285714285714285,0,False
Los Angeles,06-037-1302,2024-08-20,06-037-1302|2024|8|1,episode,los_angeles_2024-08-19,0.14285714285714285,0,False
Los Angeles,06-037-1602,2024-08-20,06-037-1602|2024|8|1,episode,los_angeles_2024-08-19,0.14285714285714285,0,False
Los Angeles,06-037-2005,2024-08-20,06-037-2005|2024|8|1,episode,los_angeles_2024-08-19,0.14285714285714285,0,False
Los Angeles,06-037-4008,2024-08-20,06-037-4008|2024|8|1,episode,los_angeles_2024-08-19,0.14285714285714285,0,False
Los Angeles,06-037-4010,2024-08-20,06-037-4010|2024|8|1,episode,los_angeles_2024-08-19,0.14285714285714285,0,False
Los Angeles,06-037-0113,2024-08-26,06-037-0113|2024|8|0,wind_only,,0.14285714285714285,2,True
Los Angeles,06-037-1103,2024-08-26,06-037-1103|2024|8|0,wind_only,,0.14285714285714285,2,True
Los Angeles,06-037-1302,2024-08-26,06-037-1302|2024|8|0,wind_only,,0.14285714285714285,2,True
Los Angeles,06-037-1602,2024-08-26,06-037-1602|2024|8|0,wind_only,,0.14285714285714285,2,True
Los Angeles,06-037-2005,2024-08-26,06-037-2005|2024|8|0,wind_only,,0.14285714285714285,2,True
Los Angeles,06-037-4008,2024-08-26,06-037-4008|2024|8|0,wind_only,,0.14285714285714285,2,True
Los Angeles,06-037-4010,2024-08-26,06-037-4010|2024|8|0,wind_only,,0.14285714285714285,2,True
Los Angeles,06-037-0113,2024-08-27,06-037-0113|2024|8|1,wind_only,,0.14285714285714285,2,True
Los Angeles,06-037-1103,2024-08-27,06-037-1103|2024|8|1,wind_only,,0.14285714285714285,2,True
Los Angeles,06-037-1302,2024-08-27,06-037-1302|2024|8|1,wind_only,,0.14285714285714285,2,True
Los Angeles,06-037-1602,2024-08-27,06-037-1602|2024|8|1,wind_only,,0.14285714285714285,2,True
Los Angeles,06-037-2005,2024-08-27,06-037-2005|2024|8|1,wind_only,,0.14285714285714285,2,True
Los Angeles,06-037-4008,2024-08-27,06-037-4008|2024|8|1,wind_only,,0.14285714285714285,2,True
Los Angeles,06-037-4010,2024-08-27,06-037-4010|2024|8|1,wind_only,,0.14285714285714285,2,True
Los Angeles,06-037-0113,2024-08-30,06-037-0113|2024|8|4,wind_only,,0.14285714285714285,2,True
Los Angeles,06-037-1103,2024-08-30,06-037-1103|2024|8|4,wind_only,,0.14285714285714285,2,True
Los Angeles,06-037-1302,2024-08-30,06-037-1302|2024|8|4,wind_only,,0.14285714285714285,2,True
Los Angeles,06-037-1602,2024-08-30,06-037-1602|2024|8|4,wind_only,,0.14285714285714285,2,True
Los Angeles,06-037-2005,2024-08-30,06-037-2005|2024|8|4,wind_only,,0.14285714285714285,2,True
Los Angeles,06-037-4008,2024-08-30,06-037-4008|2024|8|4,wind_only,,0.14285714285714285,2,True
Los Angeles,06-037-4010,2024-08-30,06-037-4010|2024|8|4,wind_only,,0.14285714285714285,2,True
Los Angeles,06-037-0113,2024-08-31,06-037-0113|2024|8|5,wind_only,,0.14285714285714285,2,True
Los Angeles,06-037-1103,2024-08-31,06-037-1103|2024|8|5,wind_only,,0.14285714285714285,2,True
Los Angeles,06-037-1302,2024-08-31,06-037-1302|2024|8|5,wind_only,,0.14285714285714285,2,True
Los Angeles,06-037-1602,2024-08-31,06-037-1602|2024|8|5,wind_only,,0.14285714285714285,2,True
Los Angeles,06-037-2005,2024-08-31,06-037-2005|2024|8|5,wind_only,,0.14285714285714285,2,True
Los Angeles,06-037-4008,2024-08-31,06-037-4008|2024|8|5,wind_only,,0.14285714285714285,2,True
Los Angeles,06-037-4010,2024-08-31,06-037-4010|2024|8|5,wind_only,,0.14285714285714285,2,True
Los Angeles,06-037-0113,2024-09-07,06-037-0113|2024|9|5,episode,los_angeles_2024-09-07,0.2,0,False
Los Angeles,06-037-1103,2024-09-07,06-037-1103|2024|9|5,episode,los_angeles_2024-09-07,0.2,0,False
Los Angeles,06-037-1602,2024-09-07,06-037-1602|2024|9|5,episode,los_angeles_2024-09-07,0.2,0,False
Los Angeles,06-037-2005,2024-09-07,06-037-2005|2024|9|5,episode,los_angeles_2024-09-07,0.2,0,False
Los Angeles,06-037-4008,2024-09-07,06-037-4008|2024|9|5,episode,los_angeles_2024-09-07,0.2,0,False
Los Angeles,06-037-0113,2024-09-08,06-037-0113|2024|9|6,episode,los_angeles_2024-09-07,0.2,0,False
Los Angeles,06-037-1103,2024-09-08,06-037-1103|2024|9|6,episode,los_angeles_2024-09-07,0.2,0,False
Los Angeles,06-037-1602,2024-09-08,06-037-1602|2024|9|6,episode,los_angeles_2024-09-07,0.2,0,False
Los Angeles,06-037-2005,2024-09-08,06-037-2005|2024|9|6,episode,los_angeles_2024-09-07,0.2,0,False
Los Angeles,06-037-4008,2024-09-08,06-037-4008|2024|9|6,episode,los_angeles_2024-09-07,0.2,0,False
Los Angeles,06-037-0113,2024-09-21,06-037-0113|2024|9|5,wind_only,,0.2,11,True
Los Angeles,06-037-1103,2024-09-21,06-037-1103|2024|9|5,wind_only,,0.2,11,True
Los Angeles,06-037-1602,2024-09-21,06-037-1602|2024|9|5,wind_only,,0.2,11,True
Los Angeles,06-037-2005,2024-09-21,06-037-2005|2024|9|5,wind_only,,0.2,11,True
Los Angeles,06-037-4008,2024-09-21,06-037-4008|2024|9|5,wind_only,,0.2,11,True
Los Angeles,06-037-0113,2024-09-22,06-037-0113|2024|9|6,wind_only,,0.2,11,True
Los Angeles,06-037-1103,2024-09-22,06-037-1103|2024|9|6,wind_only,,0.2,11,True
Los Angeles,06-037-1602,2024-09-22,06-037-1602|2024|9|6,wind_only,,0.2,11,True
Los Angeles,06-037-2005,2024-09-22,06-037-2005|2024|9|6,wind_only,,0.2,11,True
Los Angeles,06-037-4008,2024-09-22,06-037-4008|2024|9|6,wind_only,,0.2,11,True
Los Angeles,06-037-0113,2024-09-28,06-037-0113|2024|9|5,wind_only,,0.2,11,True
Los Angeles,06-037-1103,2024-09-28,06-037-1103|2024|9|5,wind_only,,0.2,11,True
Los Angeles,06-037-1602,2024-09-28,06-037-1602|2024|9|5,wind_only,,0.2,11,True
Los Angeles,06-037-2005,2024-09-28,06-037-2005|2024|9|5,wind_only,,0.2,11,True
Los Angeles,06-037-4008,2024-09-28,06-037-4008|2024|9|5,wind_only,,0.2,11,True
Los Angeles,06-037-0113,2024-09-29,06-037-0113|2024|9|6,wind_only,,0.2,11,True
Los Angeles,06-037-1103,2024-09-29,06-037-1103|2024|9|6,wind_only,,0.2,11,True
Los Angeles,06-037-1602,2024-09-29,06-037-1602|2024|9|6,wind_only,,0.2,11,True
Los Angeles,06-037-2005,2024-09-29,06-037-2005|2024|9|6,wind_only,,0.2,11,True
Los Angeles,06-037-4008,2024-09-29,06-037-4008|2024|9|6,wind_only,,0.2,11,True
Los Angeles,06-037-0113,2024-10-01,06-037-0113|2024|10|1,episode,los_angeles_2024-10-01,0.14285714285714285,0,False
Los Angeles,06-037-1103,2024-10-01,06-037-1103|2024|10|1,episode,los_angeles_2024-10-01,0.14285714285714285,0,False
Los Angeles,06-037-1302,2024-10-01,06-037-1302|2024|10|1,episode,los_angeles_2024-10-01,0.14285714285714285,0,False
Los Angeles,06-037-1602,2024-10-01,06-037-1602|2024|10|1,episode,los_angeles_2024-10-01,0.14285714285714285,0,False
Los Angeles,06-037-2005,2024-10-01,06-037-2005|2024|10|1,episode,los_angeles_2024-10-01,0.14285714285714285,0,False
Los Angeles,06-037-4008,2024-10-01,06-037-4008|2024|10|1,episode,los_angeles_2024-10-01,0.14285714285714285,0,False
Los Angeles,06-037-4010,2024-10-01,06-037-4010|2024|10|1,episode,los_angeles_2024-10-01,0.14285714285714285,0,False
Los Angeles,06-037-0113,2024-10-02,06-037-0113|2024|10|2,episode,los_angeles_2024-10-01,0.14285714285714285,0,False
Los Angeles,06-037-1103,2024-10-02,06-037-1103|2024|10|2,episode,los_angeles_2024-10-01,0.14285714285714285,0,False
Los Angeles,06-037-1302,2024-10-02,06-037-1302|2024|10|2,episode,los_angeles_2024-10-01,0.14285714285714285,0,False
Los Angeles,06-037-1602,2024-10-02,06-037-1602|2024|10|2,episode,los_angeles_2024-10-01,0.14285714285714285,0,False
Los Angeles,06-037-2005,2024-10-02,06-037-2005|2024|10|2,episode,los_angeles_2024-10-01,0.14285714285714285,0,False
Los Angeles,06-037-4008,2024-10-02,06-037-4008|2024|10|2,episode,los_angeles_2024-10-01,0.14285714285714285,0,False
Los Angeles,06-037-4010,2024-10-02,06-037-4010|2024|10|2,episode,los_angeles_2024-10-01,0.14285714285714285,0,False
Los Angeles,06-037-0113,2024-10-08,06-037-0113|2024|10|1,wind_only,,0.16666666666666666,16,True
Los Angeles,06-037-1103,2024-10-08,06-037-1103|2024|10|1,wind_only,,0.16666666666666666,16,True
Los Angeles,06-037-1302,2024-10-08,06-037-1302|2024|10|1,wind_only,,0.16666666666666666,16,True
Los Angeles,06-037-1602,2024-10-08,06-037-1602|2024|10|1,wind_only,,0.16666666666666666,16,True
Los Angeles,06-037-2005,2024-10-08,06-037-2005|2024|10|1,wind_only,,0.16666666666666666,16,True
Los Angeles,06-037-4008,2024-10-08,06-037-4008|2024|10|1,wind_only,,0.16666666666666666,16,True
Los Angeles,06-037-0113,2024-10-09,06-037-0113|2024|10|2,wind_only,,0.14285714285714285,16,True
Los Angeles,06-037-1103,2024-10-09,06-037-1103|2024|10|2,wind_only,,0.14285714285714285,16,True
Los Angeles,06-037-1302,2024-10-09,06-037-1302|2024|10|2,wind_only,,0.14285714285714285,16,True
Los Angeles,06-037-1602,2024-10-09,06-037-1602|2024|10|2,wind_only,,0.14285714285714285,16,True
Los Angeles,06-037-2005,2024-10-09,06-037-2005|2024|10|2,wind_only,,0.14285714285714285,16,True
Los Angeles,06-037-4008,2024-10-09,06-037-4008|2024|10|2,wind_only,,0.14285714285714285,16,True
Los Angeles,06-037-4010,2024-10-09,06-037-4010|2024|10|2,wind_only,,0.14285714285714285,16,True
Los Angeles,06-037-0113,2024-10-15,06-037-0113|2024|10|1,wind_only,,0.14285714285714285,16,True
Los Angeles,06-037-1103,2024-10-15,06-037-1103|2024|10|1,wind_only,,0.14285714285714285,16,True
Los Angeles,06-037-1302,2024-10-15,06-037-1302|2024|10|1,wind_only,,0.14285714285714285,16,True
Los Angeles,06-037-1602,2024-10-15,06-037-1602|2024|10|1,wind_only,,0.14285714285714285,16,True
Los Angeles,06-037-2005,2024-10-15,06-037-2005|2024|10|1,wind_only,,0.14285714285714285,16,True
Los Angeles,06-037-4008,2024-10-15,06-037-4008|2024|10|1,wind_only,,0.14285714285714285,16,True
Los Angeles,06-037-4010,2024-10-15,06-037-4010|2024|10|1,wind_only,,0.14285714285714285,16,True
Los Angeles,06-037-0113,2024-10-16,06-037-0113|2024|10|2,wind_only,,0.14285714285714285,16,True
Los Angeles,06-037-1103,2024-10-16,06-037-1103|2024|10|2,wind_only,,0.14285714285714285,16,True
Los Angeles,06-037-1302,2024-10-16,06-037-1302|2024|10|2,wind_only,,0.14285714285714285,16,True
Los Angeles,06-037-1602,2024-10-16,06-037-1602|2024|10|2,wind_only,,0.14285714285714285,16,True
Los Angeles,06-037-2005,2024-10-16,06-037-2005|2024|10|2,wind_only,,0.14285714285714285,16,True
Los Angeles,06-037-4008,2024-10-16,06-037-4008|2024|10|2,wind_only,,0.14285714285714285,16,True
Los Angeles,06-037-4010,2024-10-16,06-037-4010|2024|10|2,wind_only,,0.14285714285714285,16,True
Los Angeles,06-037-0113,2024-10-22,06-037-0113|2024|10|1,wind_only,,0.14285714285714285,8,True
Los Angeles,06-037-1103,2024-10-22,06-037-1103|2024|10|1,wind_only,,0.14285714285714285,8,True
Los Angeles,06-037-1302,2024-10-22,06-037-1302|2024|10|1,wind_only,,0.14285714285714285,8,True
Los Angeles,06-037-1602,2024-10-22,06-037-1602|2024|10|1,wind_only,,0.14285714285714285,8,True
Los Angeles,06-037-2005,2024-10-22,06-037-2005|2024|10|1,wind_only,,0.14285714285714285,8,True
Los Angeles,06-037-4008,2024-10-22,06-037-4008|2024|10|1,wind_only,,0.14285714285714285,8,True
Los Angeles,06-037-4010,2024-10-22,06-037-4010|2024|10|1,wind_only,,0.14285714285714285,8,True
Los Angeles,06-037-0113,2024-10-23,06-037-0113|2024|10|2,wind_only,,0.14285714285714285,8,True
Los Angeles,06-037-1103,2024-10-23,06-037-1103|2024|10|2,wind_only,,0.14285714285714285,8,True
Los Angeles,06-037-1302,2024-10-23,06-037-1302|2024|10|2,wind_only,,0.14285714285714285,8,True
Los Angeles,06-037-1602,2024-10-23,06-037-1602|2024|10|2,wind_only,,0.14285714285714285,8,True
Los Angeles,06-037-2005,2024-10-23,06-037-2005|2024|10|2,wind_only,,0.14285714285714285,8,True
Los Angeles,06-037-4008,2024-10-23,06-037-4008|2024|10|2,wind_only,,0.14285714285714285,8,True
Los Angeles,06-037-4010,2024-10-23,06-037-4010|2024|10|2,wind_only,,0.14285714285714285,8,True
Los Angeles,06-037-0113,2024-10-29,06-037-0113|2024|10|1,wind_only,,0.14285714285714285,3,True
Los Angeles,06-037-1103,2024-10-29,06-037-1103|2024|10|1,wind_only,,0.14285714285714285,3,True
Los Angeles,06-037-1302,2024-10-29,06-037-1302|2024|10|1,wind_only,,0.14285714285714285,3,True
Los Angeles,06-037-1602,2024-10-29,06-037-1602|2024|10|1,wind_only,,0.14285714285714285,3,True
Los Angeles,06-037-2005,2024-10-29,06-037-2005|2024|10|1,wind_only,,0.14285714285714285,3,True
Los Angeles,06-037-4008,2024-10-29,06-037-4008|2024|10|1,wind_only,,0.14285714285714285,3,True
Los Angeles,06-037-4010,2024-10-29,06-037-4010|2024|10|1,wind_only,,0.14285714285714285,3,True
Los Angeles,06-037-0113,2024-10-30,06-037-0113|2024|10|2,wind_only,,0.14285714285714285,3,True
Los Angeles,06-037-1103,2024-10-30,06-037-1103|2024|10|2,wind_only,,0.14285714285714285,3,True
Los Angeles,06-037-1302,2024-10-30,06-037-1302|2024|10|2,wind_only,,0.14285714285714285,3,True
Los Angeles,06-037-1602,2024-10-30,06-037-1602|2024|10|2,wind_only,,0.14285714285714285,3,True
Los Angeles,06-037-2005,2024-10-30,06-037-2005|2024|10|2,wind_only,,0.14285714285714285,3,True
Los Angeles,06-037-4008,2024-10-30,06-037-4008|2024|10|2,wind_only,,0.14285714285714285,3,True
Los Angeles,06-037-4010,2024-10-30,06-037-4010|2024|10|2,wind_only,,0.14285714285714285,3,True
New York,34-003-0010,2019-06-07,34-003-0010|2019|6|4,wind_only,,0.14285714285714285,1,False
New York,34-013-0003,2019-06-07,34-013-0003|2019|6|4,wind_only,,0.14285714285714285,1,False
New York,34-017-0006,2019-06-07,34-017-0006|2019|6|4,wind_only,,0.14285714285714285,1,False
New York,34-017-1002,2019-06-07,34-017-1002|2019|6|4,wind_only,,0.14285714285714285,1,False
New York,36-005-0110,2019-06-07,36-005-0110|2019|6|4,wind_only,,0.14285714285714285,1,False
New York,36-005-0133,2019-06-07,36-005-0133|2019|6|4,wind_only,,0.14285714285714285,1,False
New York,36-081-0124,2019-06-07,36-081-0124|2019|6|4,wind_only,,0.14285714285714285,1,False
New York,34-003-0010,2019-06-20,34-003-0010|2019|6|3,wind_only,,0.125,1,False
New York,34-013-0003,2019-06-20,34-013-0003|2019|6|3,wind_only,,0.125,1,False
New York,34-017-0006,2019-06-20,34-017-0006|2019|6|3,wind_only,,0.125,1,False
New York,34-017-1002,2019-06-20,34-017-1002|2019|6|3,wind_only,,0.125,1,False
New York,34-039-0004,2019-06-20,34-039-0004|2019|6|3,wind_only,,0.125,1,False
New York,36-005-0110,2019-06-20,36-005-0110|2019|6|3,wind_only,,0.125,1,False
New York,36-005-0133,2019-06-20,36-005-0133|2019|6|3,wind_only,,0.125,1,False
New York,36-081-0124,2019-06-20,36-081-0124|2019|6|3,wind_only,,0.125,1,False
New York,34-003-0010,2019-06-27,34-003-0010|2019|6|3,episode,new_york_2019-06-26,0.125,0,False
New York,34-013-0003,2019-06-27,34-013-0003|2019|6|3,episode,new_york_2019-06-26,0.125,0,False
New York,34-017-0006,2019-06-27,34-017-0006|2019|6|3,episode,new_york_2019-06-26,0.125,0,False
New York,34-017-1002,2019-06-27,34-017-1002|2019|6|3,episode,new_york_2019-06-26,0.125,0,False
New York,34-039-0004,2019-06-27,34-039-0004|2019|6|3,episode,new_york_2019-06-26,0.125,0,False
New York,36-005-0110,2019-06-27,36-005-0110|2019|6|3,episode,new_york_2019-06-26,0.125,0,False
New York,36-005-0133,2019-06-27,36-005-0133|2019|6|3,episode,new_york_2019-06-26,0.125,0,False
New York,36-081-0124,2019-06-27,36-081-0124|2019|6|3,episode,new_york_2019-06-26,0.125,0,False
New York,34-003-0010,2019-06-28,34-003-0010|2019|6|4,episode,new_york_2019-06-26,0.14285714285714285,0,False
New York,34-013-0003,2019-06-28,34-013-0003|2019|6|4,episode,new_york_2019-06-26,0.14285714285714285,0,False
New York,34-017-0006,2019-06-28,34-017-0006|2019|6|4,episode,new_york_2019-06-26,0.14285714285714285,0,False
New York,34-017-1002,2019-06-28,34-017-1002|2019|6|4,episode,new_york_2019-06-26,0.14285714285714285,0,False
New York,36-005-0110,2019-06-28,36-005-0110|2019|6|4,episode,new_york_2019-06-26,0.14285714285714285,0,False
New York,36-005-0133,2019-06-28,36-005-0133|2019|6|4,episode,new_york_2019-06-26,0.14285714285714285,0,False
New York,36-081-0124,2019-06-28,36-081-0124|2019|6|4,episode,new_york_2019-06-26,0.14285714285714285,0,False
New York,34-003-0010,2019-07-03,34-003-0010|2019|7|2,episode,new_york_2019-07-03,0.1111111111111111,0,False
New York,34-013-0003,2019-07-03,34-013-0003|2019|7|2,episode,new_york_2019-07-03,0.1111111111111111,0,False
New York,34-017-0006,2019-07-03,34-017-0006|2019|7|2,episode,new_york_2019-07-03,0.1111111111111111,0,False
New York,34-017-1002,2019-07-03,34-017-1002|2019|7|2,episode,new_york_2019-07-03,0.1111111111111111,0,False
New York,34-039-0004,2019-07-03,34-039-0004|2019|7|2,episode,new_york_2019-07-03,0.1111111111111111,0,False
New York,36-005-0110,2019-07-03,36-005-0110|2019|7|2,episode,new_york_2019-07-03,0.1111111111111111,0,False
New York,36-005-0133,2019-07-03,36-005-0133|2019|7|2,episode,new_york_2019-07-03,0.1111111111111111,0,False
New York,36-081-0124,2019-07-03,36-081-0124|2019|7|2,episode,new_york_2019-07-03,0.1111111111111111,0,False
New York,36-081-0125,2019-07-03,36-081-0125|2019|7|2,episode,new_york_2019-07-03,0.1111111111111111,0,False
New York,34-003-0010,2019-07-04,34-003-0010|2019|7|3,episode,new_york_2019-07-03,0.125,0,False
New York,34-013-0003,2019-07-04,34-013-0003|2019|7|3,episode,new_york_2019-07-03,0.125,0,False
New York,34-017-0006,2019-07-04,34-017-0006|2019|7|3,episode,new_york_2019-07-03,0.125,0,False
New York,34-017-1002,2019-07-04,34-017-1002|2019|7|3,episode,new_york_2019-07-03,0.125,0,False
New York,34-039-0004,2019-07-04,34-039-0004|2019|7|3,episode,new_york_2019-07-03,0.125,0,False
New York,36-005-0110,2019-07-04,36-005-0110|2019|7|3,episode,new_york_2019-07-03,0.125,0,False
New York,36-005-0133,2019-07-04,36-005-0133|2019|7|3,episode,new_york_2019-07-03,0.125,0,False
New York,36-081-0124,2019-07-04,36-081-0124|2019|7|3,episode,new_york_2019-07-03,0.125,0,False
New York,34-003-0010,2019-07-05,34-003-0010|2019|7|4,wind_only,,0.125,1,False
New York,34-013-0003,2019-07-05,34-013-0003|2019|7|4,wind_only,,0.125,1,False
New York,34-017-0006,2019-07-05,34-017-0006|2019|7|4,wind_only,,0.125,1,False
New York,34-017-1002,2019-07-05,34-017-1002|2019|7|4,wind_only,,0.125,1,False
New York,34-039-0004,2019-07-05,34-039-0004|2019|7|4,wind_only,,0.125,1,False
New York,36-005-0110,2019-07-05,36-005-0110|2019|7|4,wind_only,,0.125,1,False
New York,36-005-0133,2019-07-05,36-005-0133|2019|7|4,wind_only,,0.125,1,False
New York,36-081-0124,2019-07-05,36-081-0124|2019|7|4,wind_only,,0.125,1,False
New York,34-003-0010,2019-07-08,34-003-0010|2019|7|0,wind_only,,0.125,1,False
New York,34-013-0003,2019-07-08,34-013-0003|2019|7|0,wind_only,,0.125,1,False
New York,34-017-0006,2019-07-08,34-017-0006|2019|7|0,wind_only,,0.125,1,False
New York,34-017-1002,2019-07-08,34-017-1002|2019|7|0,wind_only,,0.125,1,False
New York,34-039-0004,2019-07-08,34-039-0004|2019|7|0,wind_only,,0.125,1,False
New York,36-005-0110,2019-07-08,36-005-0110|2019|7|0,wind_only,,0.125,1,False
New York,36-005-0133,2019-07-08,36-005-0133|2019|7|0,wind_only,,0.125,1,False
New York,36-081-0124,2019-07-08,36-081-0124|2019|7|0,wind_only,,0.125,1,False
New York,34-003-0010,2019-07-15,34-003-0010|2019|7|0,episode,new_york_2019-07-15,0.125,0,False
New York,34-013-0003,2019-07-15,34-013-0003|2019|7|0,episode,new_york_2019-07-15,0.125,0,False
New York,34-017-0006,2019-07-15,34-017-0006|2019|7|0,episode,new_york_2019-07-15,0.125,0,False
New York,34-017-1002,2019-07-15,34-017-1002|2019|7|0,episode,new_york_2019-07-15,0.125,0,False
New York,34-039-0004,2019-07-15,34-039-0004|2019|7|0,episode,new_york_2019-07-15,0.125,0,False
New York,36-005-0110,2019-07-15,36-005-0110|2019|7|0,episode,new_york_2019-07-15,0.125,0,False
New York,36-005-0133,2019-07-15,36-005-0133|2019|7|0,episode,new_york_2019-07-15,0.125,0,False
New York,36-081-0124,2019-07-15,36-081-0124|2019|7|0,episode,new_york_2019-07-15,0.125,0,False
New York,34-003-0010,2019-07-24,34-003-0010|2019|7|2,wind_only,,0.1111111111111111,2,True
New York,34-013-0003,2019-07-24,34-013-0003|2019|7|2,wind_only,,0.1111111111111111,2,True
New York,34-017-0006,2019-07-24,34-017-0006|2019|7|2,wind_only,,0.1111111111111111,2,True
New York,34-017-1002,2019-07-24,34-017-1002|2019|7|2,wind_only,,0.1111111111111111,2,True
New York,34-039-0004,2019-07-24,34-039-0004|2019|7|2,wind_only,,0.1111111111111111,2,True
New York,36-005-0110,2019-07-24,36-005-0110|2019|7|2,wind_only,,0.1111111111111111,2,True
New York,36-005-0133,2019-07-24,36-005-0133|2019|7|2,wind_only,,0.1111111111111111,2,True
New York,36-081-0124,2019-07-24,36-081-0124|2019|7|2,wind_only,,0.1111111111111111,2,True
New York,36-081-0125,2019-07-24,36-081-0125|2019|7|2,wind_only,,0.1111111111111111,2,True
New York,34-003-0010,2019-07-25,34-003-0010|2019|7|3,wind_only,,0.125,2,True
New York,34-013-0003,2019-07-25,34-013-0003|2019|7|3,wind_only,,0.125,2,True
New York,34-017-0006,2019-07-25,34-017-0006|2019|7|3,wind_only,,0.125,2,True
New York,34-017-1002,2019-07-25,34-017-1002|2019|7|3,wind_only,,0.125,2,True
New York,34-039-0004,2019-07-25,34-039-0004|2019|7|3,wind_only,,0.125,2,True
New York,36-005-0110,2019-07-25,36-005-0110|2019|7|3,wind_only,,0.125,2,True
New York,36-005-0133,2019-07-25,36-005-0133|2019|7|3,wind_only,,0.125,2,True
New York,36-081-0124,2019-07-25,36-081-0124|2019|7|3,wind_only,,0.125,2,True
New York,34-003-0010,2019-07-26,34-003-0010|2019|7|4,episode,new_york_2019-07-26,0.125,0,False
New York,34-013-0003,2019-07-26,34-013-0003|2019|7|4,episode,new_york_2019-07-26,0.125,0,False
New York,34-017-0006,2019-07-26,34-017-0006|2019|7|4,episode,new_york_2019-07-26,0.125,0,False
New York,34-017-1002,2019-07-26,34-017-1002|2019|7|4,episode,new_york_2019-07-26,0.125,0,False
New York,34-039-0004,2019-07-26,34-039-0004|2019|7|4,episode,new_york_2019-07-26,0.125,0,False
New York,36-005-0110,2019-07-26,36-005-0110|2019|7|4,episode,new_york_2019-07-26,0.125,0,False
New York,36-005-0133,2019-07-26,36-005-0133|2019|7|4,episode,new_york_2019-07-26,0.125,0,False
New York,36-081-0124,2019-07-26,36-081-0124|2019|7|4,episode,new_york_2019-07-26,0.125,0,False
New York,34-003-0010,2019-08-03,34-003-0010|2019|8|5,episode,new_york_2019-08-03,0.1111111111111111,0,False
New York,34-013-0003,2019-08-03,34-013-0003|2019|8|5,episode,new_york_2019-08-03,0.1111111111111111,0,False
New York,34-017-0006,2019-08-03,34-017-0006|2019|8|5,episode,new_york_2019-08-03,0.1111111111111111,0,False
New York,34-017-1002,2019-08-03,34-017-1002|2019|8|5,episode,new_york_2019-08-03,0.1111111111111111,0,False
New York,34-039-0004,2019-08-03,34-039-0004|2019|8|5,episode,new_york_2019-08-03,0.1111111111111111,0,False
New York,36-005-0110,2019-08-03,36-005-0110|2019|8|5,episode,new_york_2019-08-03,0.1111111111111111,0,False
New York,36-005-0133,2019-08-03,36-005-0133|2019|8|5,episode,new_york_2019-08-03,0.1111111111111111,0,False
New York,36-081-0124,2019-08-03,36-081-0124|2019|8|5,episode,new_york_2019-08-03,0.1111111111111111,0,False
New York,36-081-0125,2019-08-03,36-081-0125|2019|8|5,episode,new_york_2019-08-03,0.1111111111111111,0,False
New York,34-003-0010,2019-08-06,34-003-0010|2019|8|1,wind_only,,0.125,1,False
New York,34-013-0003,2019-08-06,34-013-0003|2019|8|1,wind_only,,0.125,1,False
New York,34-017-0006,2019-08-06,34-017-0006|2019|8|1,wind_only,,0.125,1,False
New York,34-017-1002,2019-08-06,34-017-1002|2019|8|1,wind_only,,0.125,1,False
New York,34-039-0004,2019-08-06,34-039-0004|2019|8|1,wind_only,,0.125,1,False
New York,36-005-0110,2019-08-06,36-005-0110|2019|8|1,wind_only,,0.125,1,False
New York,36-005-0133,2019-08-06,36-005-0133|2019|8|1,wind_only,,0.125,1,False
New York,36-081-0125,2019-08-06,36-081-0125|2019|8|1,wind_only,,0.125,1,False
New York,34-003-0010,2019-08-13,34-003-0010|2019|8|1,wind_only,,0.125,5,True
New York,34-013-0003,2019-08-13,34-013-0003|2019|8|1,wind_only,,0.125,5,True
New York,34-017-0006,2019-08-13,34-017-0006|2019|8|1,wind_only,,0.125,5,True
New York,34-017-1002,2019-08-13,34-017-1002|2019|8|1,wind_only,,0.125,5,True
New York,34-039-0004,2019-08-13,34-039-0004|2019|8|1,wind_only,,0.125,5,True
New York,36-005-0110,2019-08-13,36-005-0110|2019|8|1,wind_only,,0.125,5,True
New York,36-005-0133,2019-08-13,36-005-0133|2019|8|1,wind_only,,0.125,5,True
New York,36-081-0125,2019-08-13,36-081-0125|2019|8|1,wind_only,,0.125,5,True
New York,34-003-0010,2019-08-17,34-003-0010|2019|8|5,wind_only,,0.1111111111111111,5,True
New York,34-013-0003,2019-08-17,34-013-0003|2019|8|5,wind_only,,0.1111111111111111,5,True
New York,34-017-0006,2019-08-17,34-017-0006|2019|8|5,wind_only,,0.1111111111111111,5,True
New York,34-017-1002,2019-08-17,34-017-1002|2019|8|5,wind_only,,0.1111111111111111,5,True
New York,34-039-0004,2019-08-17,34-039-0004|2019|8|5,wind_only,,0.1111111111111111,5,True
New York,36-005-0110,2019-08-17,36-005-0110|2019|8|5,wind_only,,0.1111111111111111,5,True
New York,36-005-0133,2019-08-17,36-005-0133|2019|8|5,wind_only,,0.1111111111111111,5,True
New York,36-081-0124,2019-08-17,36-081-0124|2019|8|5,wind_only,,0.1111111111111111,5,True
New York,36-081-0125,2019-08-17,36-081-0125|2019|8|5,wind_only,,0.1111111111111111,5,True
New York,34-003-0010,2019-08-20,34-003-0010|2019|8|1,episode,new_york_2019-08-18,0.125,0,False
New York,34-013-0003,2019-08-20,34-013-0003|2019|8|1,episode,new_york_2019-08-18,0.125,0,False
New York,34-017-0006,2019-08-20,34-017-0006|2019|8|1,episode,new_york_2019-08-18,0.125,0,False
New York,34-017-1002,2019-08-20,34-017-1002|2019|8|1,episode,new_york_2019-08-18,0.125,0,False
New York,34-039-0004,2019-08-20,34-039-0004|2019|8|1,episode,new_york_2019-08-18,0.125,0,False
New York,36-005-0110,2019-08-20,36-005-0110|2019|8|1,episode,new_york_2019-08-18,0.125,0,False
New York,36-005-0133,2019-08-20,36-005-0133|2019|8|1,episode,new_york_2019-08-18,0.125,0,False
New York,36-081-0125,2019-08-20,36-081-0125|2019|8|1,episode,new_york_2019-08-18,0.125,0,False
New York,34-003-0010,2019-08-27,34-003-0010|2019|8|1,wind_only,,0.125,2,True
New York,34-013-0003,2019-08-27,34-013-0003|2019|8|1,wind_only,,0.125,2,True
New York,34-017-0006,2019-08-27,34-017-0006|2019|8|1,wind_only,,0.125,2,True
New York,34-017-1002,2019-08-27,34-017-1002|2019|8|1,wind_only,,0.125,2,True
New York,34-039-0004,2019-08-27,34-039-0004|2019|8|1,wind_only,,0.125,2,True
New York,36-005-0110,2019-08-27,36-005-0110|2019|8|1,wind_only,,0.125,2,True
New York,36-005-0133,2019-08-27,36-005-0133|2019|8|1,wind_only,,0.125,2,True
New York,36-081-0125,2019-08-27,36-081-0125|2019|8|1,wind_only,,0.125,2,True
New York,34-003-0010,2020-07-01,34-003-0010|2020|7|2,wind_only,,0.1111111111111111,2,True
New York,34-013-0003,2020-07-01,34-013-0003|2020|7|2,wind_only,,0.1111111111111111,2,True
New York,34-017-0006,2020-07-01,34-017-0006|2020|7|2,wind_only,,0.1111111111111111,2,True
New York,34-017-1002,2020-07-01,34-017-1002|2020|7|2,wind_only,,0.1111111111111111,2,True
New York,34-039-0004,2020-07-01,34-039-0004|2020|7|2,wind_only,,0.1111111111111111,2,True
New York,36-005-0110,2020-07-01,36-005-0110|2020|7|2,wind_only,,0.1111111111111111,2,True
New York,36-005-0133,2020-07-01,36-005-0133|2020|7|2,wind_only,,0.1111111111111111,2,True
New York,36-081-0124,2020-07-01,36-081-0124|2020|7|2,wind_only,,0.1111111111111111,2,True
New York,36-081-0125,2020-07-01,36-081-0125|2020|7|2,wind_only,,0.1111111111111111,2,True
New York,34-003-0010,2020-07-03,34-003-0010|2020|7|4,episode,new_york_2020-07-02,0.1111111111111111,0,False
New York,34-013-0003,2020-07-03,34-013-0003|2020|7|4,episode,new_york_2020-07-02,0.1111111111111111,0,False
New York,34-017-0006,2020-07-03,34-017-0006|2020|7|4,episode,new_york_2020-07-02,0.1111111111111111,0,False
New York,34-017-1002,2020-07-03,34-017-1002|2020|7|4,episode,new_york_2020-07-02,0.1111111111111111,0,False
New York,34-039-0004,2020-07-03,34-039-0004|2020|7|4,episode,new_york_2020-07-02,0.1111111111111111,0,False
New York,36-005-0110,2020-07-03,36-005-0110|2020|7|4,episode,new_york_2020-07-02,0.1111111111111111,0,False
New York,36-005-0133,2020-07-03,36-005-0133|2020|7|4,episode,new_york_2020-07-02,0.1111111111111111,0,False
New York,36-081-0124,2020-07-03,36-081-0124|2020|7|4,episode,new_york_2020-07-02,0.1111111111111111,0,False
New York,36-081-0125,2020-07-03,36-081-0125|2020|7|4,episode,new_york_2020-07-02,0.1111111111111111,0,False
New York,34-003-0010,2020-07-08,34-003-0010|2020|7|2,wind_only,,0.1111111111111111,1,False
New York,34-013-0003,2020-07-08,34-013-0003|2020|7|2,wind_only,,0.1111111111111111,1,False
New York,34-017-0006,2020-07-08,34-017-0006|2020|7|2,wind_only,,0.1111111111111111,1,False
New York,34-017-1002,2020-07-08,34-017-1002|2020|7|2,wind_only,,0.1111111111111111,1,False
New York,34-039-0004,2020-07-08,34-039-0004|2020|7|2,wind_only,,0.1111111111111111,1,False
New York,36-005-0110,2020-07-08,36-005-0110|2020|7|2,wind_only,,0.1111111111111111,1,False
New York,36-005-0133,2020-07-08,36-005-0133|2020|7|2,wind_only,,0.1111111111111111,1,False
New York,36-081-0124,2020-07-08,36-081-0124|2020|7|2,wind_only,,0.1111111111111111,1,False
New York,36-081-0125,2020-07-08,36-081-0125|2020|7|2,wind_only,,0.1111111111111111,1,False
New York,34-003-0010,2020-07-17,34-003-0010|2020|7|4,wind_only,,0.1111111111111111,1,False
New York,34-013-0003,2020-07-17,34-013-0003|2020|7|4,wind_only,,0.1111111111111111,1,False
New York,34-017-0006,2020-07-17,34-017-0006|2020|7|4,wind_only,,0.1111111111111111,1,False
New York,34-017-1002,2020-07-17,34-017-1002|2020|7|4,wind_only,,0.1111111111111111,1,False
New York,34-039-0004,2020-07-17,34-039-0004|2020|7|4,wind_only,,0.1111111111111111,1,False
New York,36-005-0110,2020-07-17,36-005-0110|2020|7|4,wind_only,,0.1111111111111111,1,False
New York,36-005-0133,2020-07-17,36-005-0133|2020|7|4,wind_only,,0.1111111111111111,1,False
New York,36-081-0124,2020-07-17,36-081-0124|2020|7|4,wind_only,,0.1111111111111111,1,False
New York,36-081-0125,2020-07-17,36-081-0125|2020|7|4,wind_only,,0.1111111111111111,1,False
New York,34-003-0010,2020-07-22,34-003-0010|2020|7|2,episode,new_york_2020-07-21,0.1111111111111111,0,False
New York,34-013-0003,2020-07-22,34-013-0003|2020|7|2,episode,new_york_2020-07-21,0.1111111111111111,0,False
New York,34-017-0006,2020-07-22,34-017-0006|2020|7|2,episode,new_york_2020-07-21,0.1111111111111111,0,False
New York,34-017-1002,2020-07-22,34-017-1002|2020|7|2,episode,new_york_2020-07-21,0.1111111111111111,0,False
New York,34-039-0004,2020-07-22,34-039-0004|2020|7|2,episode,new_york_2020-07-21,0.1111111111111111,0,False
New York,36-005-0110,2020-07-22,36-005-0110|2020|7|2,episode,new_york_2020-07-21,0.1111111111111111,0,False
New York,36-005-0133,2020-07-22,36-005-0133|2020|7|2,episode,new_york_2020-07-21,0.1111111111111111,0,False
New York,36-081-0124,2020-07-22,36-081-0124|2020|7|2,episode,new_york_2020-07-21,0.1111111111111111,0,False
New York,36-081-0125,2020-07-22,36-081-0125|2020|7|2,episode,new_york_2020-07-21,0.1111111111111111,0,False
New York,34-003-0010,2020-07-24,34-003-0010|2020|7|4,wind_only,,0.1111111111111111,1,False
New York,34-013-0003,2020-07-24,34-013-0003|2020|7|4,wind_only,,0.1111111111111111,1,False
New York,34-017-0006,2020-07-24,34-017-0006|2020|7|4,wind_only,,0.1111111111111111,1,False
New York,34-017-1002,2020-07-24,34-017-1002|2020|7|4,wind_only,,0.1111111111111111,1,False
New York,34-039-0004,2020-07-24,34-039-0004|2020|7|4,wind_only,,0.1111111111111111,1,False
New York,36-005-0110,2020-07-24,36-005-0110|2020|7|4,wind_only,,0.1111111111111111,1,False
New York,36-005-0133,2020-07-24,36-005-0133|2020|7|4,wind_only,,0.1111111111111111,1,False
New York,36-081-0124,2020-07-24,36-081-0124|2020|7|4,wind_only,,0.1111111111111111,1,False
New York,36-081-0125,2020-07-24,36-081-0125|2020|7|4,wind_only,,0.1111111111111111,1,False
New York,34-003-0010,2020-07-29,34-003-0010|2020|7|2,episode,new_york_2020-07-29,0.1111111111111111,0,False
New York,34-013-0003,2020-07-29,34-013-0003|2020|7|2,episode,new_york_2020-07-29,0.1111111111111111,0,False
New York,34-017-0006,2020-07-29,34-017-0006|2020|7|2,episode,new_york_2020-07-29,0.1111111111111111,0,False
New York,34-017-1002,2020-07-29,34-017-1002|2020|7|2,episode,new_york_2020-07-29,0.1111111111111111,0,False
New York,34-039-0004,2020-07-29,34-039-0004|2020|7|2,episode,new_york_2020-07-29,0.1111111111111111,0,False
New York,36-005-0110,2020-07-29,36-005-0110|2020|7|2,episode,new_york_2020-07-29,0.1111111111111111,0,False
New York,36-005-0133,2020-07-29,36-005-0133|2020|7|2,episode,new_york_2020-07-29,0.1111111111111111,0,False
New York,36-081-0124,2020-07-29,36-081-0124|2020|7|2,episode,new_york_2020-07-29,0.1111111111111111,0,False
New York,36-081-0125,2020-07-29,36-081-0125|2020|7|2,episode,new_york_2020-07-29,0.1111111111111111,0,False
New York,34-003-0010,2020-07-31,34-003-0010|2020|7|4,wind_only,,0.1111111111111111,1,False
New York,34-013-0003,2020-07-31,34-013-0003|2020|7|4,wind_only,,0.1111111111111111,1,False
New York,34-017-0006,2020-07-31,34-017-0006|2020|7|4,wind_only,,0.1111111111111111,1,False
New York,34-017-1002,2020-07-31,34-017-1002|2020|7|4,wind_only,,0.1111111111111111,1,False
New York,34-039-0004,2020-07-31,34-039-0004|2020|7|4,wind_only,,0.1111111111111111,1,False
New York,36-005-0110,2020-07-31,36-005-0110|2020|7|4,wind_only,,0.1111111111111111,1,False
New York,36-005-0133,2020-07-31,36-005-0133|2020|7|4,wind_only,,0.1111111111111111,1,False
New York,36-081-0124,2020-07-31,36-081-0124|2020|7|4,wind_only,,0.1111111111111111,1,False
New York,36-081-0125,2020-07-31,36-081-0125|2020|7|4,wind_only,,0.1111111111111111,1,False
New York,34-003-0010,2021-06-01,34-003-0010|2021|6|1,wind_only,,0.1111111111111111,1,False
New York,34-013-0003,2021-06-01,34-013-0003|2021|6|1,wind_only,,0.1111111111111111,1,False
New York,34-017-0006,2021-06-01,34-017-0006|2021|6|1,wind_only,,0.1111111111111111,1,False
New York,34-017-1002,2021-06-01,34-017-1002|2021|6|1,wind_only,,0.1111111111111111,1,False
New York,34-039-0004,2021-06-01,34-039-0004|2021|6|1,wind_only,,0.1111111111111111,1,False
New York,36-005-0110,2021-06-01,36-005-0110|2021|6|1,wind_only,,0.1111111111111111,1,False
New York,36-005-0133,2021-06-01,36-005-0133|2021|6|1,wind_only,,0.1111111111111111,1,False
New York,36-081-0124,2021-06-01,36-081-0124|2021|6|1,wind_only,,0.1111111111111111,1,False
New York,36-081-0125,2021-06-01,36-081-0125|2021|6|1,wind_only,,0.1111111111111111,1,False
New York,34-003-0010,2021-06-08,34-003-0010|2021|6|1,episode,new_york_2021-06-08,0.1111111111111111,0,False
New York,34-013-0003,2021-06-08,34-013-0003|2021|6|1,episode,new_york_2021-06-08,0.1111111111111111,0,False
New York,34-017-0006,2021-06-08,34-017-0006|2021|6|1,episode,new_york_2021-06-08,0.1111111111111111,0,False
New York,34-017-1002,2021-06-08,34-017-1002|2021|6|1,episode,new_york_2021-06-08,0.1111111111111111,0,False
New York,34-039-0004,2021-06-08,34-039-0004|2021|6|1,episode,new_york_2021-06-08,0.1111111111111111,0,False
New York,36-005-0110,2021-06-08,36-005-0110|2021|6|1,episode,new_york_2021-06-08,0.1111111111111111,0,False
New York,36-005-0133,2021-06-08,36-005-0133|2021|6|1,episode,new_york_2021-06-08,0.1111111111111111,0,False
New York,36-081-0124,2021-06-08,36-081-0124|2021|6|1,episode,new_york_2021-06-08,0.1111111111111111,0,False
New York,36-081-0125,2021-06-08,36-081-0125|2021|6|1,episode,new_york_2021-06-08,0.1111111111111111,0,False
New York,34-003-0010,2021-07-01,34-003-0010|2021|7|3,wind_only,,0.14285714285714285,2,True
New York,34-013-0003,2021-07-01,34-013-0003|2021|7|3,wind_only,,0.14285714285714285,2,True
New York,34-017-0006,2021-07-01,34-017-0006|2021|7|3,wind_only,,0.14285714285714285,2,True
New York,34-017-1002,2021-07-01,34-017-1002|2021|7|3,wind_only,,0.14285714285714285,2,True
New York,34-039-0004,2021-07-01,34-039-0004|2021|7|3,wind_only,,0.14285714285714285,2,True
New York,36-005-0133,2021-07-01,36-005-0133|2021|7|3,wind_only,,0.14285714285714285,2,True
New York,36-081-0125,2021-07-01,36-081-0125|2021|7|3,wind_only,,0.14285714285714285,2,True
New York,34-003-0010,2021-07-02,34-003-0010|2021|7|4,wind_only,,0.14285714285714285,2,True
New York,34-013-0003,2021-07-02,34-013-0003|2021|7|4,wind_only,,0.14285714285714285,2,True
New York,34-017-0006,2021-07-02,34-017-0006|2021|7|4,wind_only,,0.14285714285714285,2,True
New York,34-017-1002,2021-07-02,34-017-1002|2021|7|4,wind_only,,0.14285714285714285,2,True
New York,34-039-0004,2021-07-02,34-039-0004|2021|7|4,wind_only,,0.14285714285714285,2,True
New York,36-005-0133,2021-07-02,36-005-0133|2021|7|4,wind_only,,0.14285714285714285,2,True
New York,36-081-0124,2021-07-02,36-081-0124|2021|7|4,wind_only,,0.14285714285714285,2,True
New York,34-003-0010,2021-07-08,34-003-0010|2021|7|3,wind_only,,0.14285714285714285,1,False
New York,34-013-0003,2021-07-08,34-013-0003|2021|7|3,wind_only,,0.14285714285714285,1,False
New York,34-017-0006,2021-07-08,34-017-0006|2021|7|3,wind_only,,0.14285714285714285,1,False
New York,34-017-1002,2021-07-08,34-017-1002|2021|7|3,wind_only,,0.14285714285714285,1,False
New York,34-039-0004,2021-07-08,34-039-0004|2021|7|3,wind_only,,0.14285714285714285,1,False
New York,36-005-0133,2021-07-08,36-005-0133|2021|7|3,wind_only,,0.14285714285714285,1,False
New York,36-081-0125,2021-07-08,36-081-0125|2021|7|3,wind_only,,0.14285714285714285,1,False
New York,34-003-0010,2021-07-12,34-003-0010|2021|7|0,wind_only,,0.125,1,False
New York,34-013-0003,2021-07-12,34-013-0003|2021|7|0,wind_only,,0.125,1,False
New York,34-017-0006,2021-07-12,34-017-0006|2021|7|0,wind_only,,0.125,1,False
New York,34-017-1002,2021-07-12,34-017-1002|2021|7|0,wind_only,,0.125,1,False
New York,34-039-0004,2021-07-12,34-039-0004|2021|7|0,wind_only,,0.125,1,False
New York,36-005-0133,2021-07-12,36-005-0133|2021|7|0,wind_only,,0.125,1,False
New York,36-081-0124,2021-07-12,36-081-0124|2021|7|0,wind_only,,0.125,1,False
New York,36-081-0125,2021-07-12,36-081-0125|2021|7|0,wind_only,,0.125,1,False
New York,34-003-0010,2021-07-15,34-003-0010|2021|7|3,episode,new_york_2021-07-14,0.14285714285714285,0,False
New York,34-013-0003,2021-07-15,34-013-0003|2021|7|3,episode,new_york_2021-07-14,0.14285714285714285,0,False
New York,34-017-0006,2021-07-15,34-017-0006|2021|7|3,episode,new_york_2021-07-14,0.14285714285714285,0,False
New York,34-017-1002,2021-07-15,34-017-1002|2021|7|3,episode,new_york_2021-07-14,0.14285714285714285,0,False
New York,34-039-0004,2021-07-15,34-039-0004|2021|7|3,episode,new_york_2021-07-14,0.14285714285714285,0,False
New York,36-005-0133,2021-07-15,36-005-0133|2021|7|3,episode,new_york_2021-07-14,0.14285714285714285,0,False
New York,36-081-0125,2021-07-15,36-081-0125|2021|7|3,episode,new_york_2021-07-14,0.14285714285714285,0,False
New York,34-003-0010,2021-07-16,34-003-0010|2021|7|4,episode,new_york_2021-07-14,0.14285714285714285,0,False
New York,34-013-0003,2021-07-16,34-013-0003|2021|7|4,episode,new_york_2021-07-14,0.14285714285714285,0,False
New York,34-017-0006,2021-07-16,34-017-0006|2021|7|4,episode,new_york_2021-07-14,0.14285714285714285,0,False
New York,34-017-1002,2021-07-16,34-017-1002|2021|7|4,episode,new_york_2021-07-14,0.14285714285714285,0,False
New York,34-039-0004,2021-07-16,34-039-0004|2021|7|4,episode,new_york_2021-07-14,0.14285714285714285,0,False
New York,36-005-0133,2021-07-16,36-005-0133|2021|7|4,episode,new_york_2021-07-14,0.14285714285714285,0,False
New York,36-081-0124,2021-07-16,36-081-0124|2021|7|4,episode,new_york_2021-07-14,0.14285714285714285,0,False
New York,34-003-0010,2021-07-17,34-003-0010|2021|7|5,episode,new_york_2021-07-14,0.125,0,False
New York,34-013-0003,2021-07-17,34-013-0003|2021|7|5,episode,new_york_2021-07-14,0.125,0,False
New York,34-017-0006,2021-07-17,34-017-0006|2021|7|5,episode,new_york_2021-07-14,0.125,0,False
New York,34-017-1002,2021-07-17,34-017-1002|2021|7|5,episode,new_york_2021-07-14,0.125,0,False
New York,34-039-0004,2021-07-17,34-039-0004|2021|7|5,episode,new_york_2021-07-14,0.125,0,False
New York,36-005-0133,2021-07-17,36-005-0133|2021|7|5,episode,new_york_2021-07-14,0.125,0,False
New York,36-081-0124,2021-07-17,36-081-0124|2021|7|5,episode,new_york_2021-07-14,0.125,0,False
New York,36-081-0125,2021-07-17,36-081-0125|2021|7|5,episode,new_york_2021-07-14,0.125,0,False
New York,34-003-0010,2021-07-24,34-003-0010|2021|7|5,wind_only,,0.125,1,False
New York,34-013-0003,2021-07-24,34-013-0003|2021|7|5,wind_only,,0.125,1,False
New York,34-017-0006,2021-07-24,34-017-0006|2021|7|5,wind_only,,0.125,1,False
New York,34-017-1002,2021-07-24,34-017-1002|2021|7|5,wind_only,,0.125,1,False
New York,34-039-0004,2021-07-24,34-039-0004|2021|7|5,wind_only,,0.125,1,False
New York,36-005-0133,2021-07-24,36-005-0133|2021|7|5,wind_only,,0.125,1,False
New York,36-081-0124,2021-07-24,36-081-0124|2021|7|5,wind_only,,0.125,1,False
New York,36-081-0125,2021-07-24,36-081-0125|2021|7|5,wind_only,,0.125,1,False
New York,34-003-0010,2021-07-26,34-003-0010|2021|7|0,episode,new_york_2021-07-26,0.125,0,False
New York,34-013-0003,2021-07-26,34-013-0003|2021|7|0,episode,new_york_2021-07-26,0.125,0,False
New York,34-017-0006,2021-07-26,34-017-0006|2021|7|0,episode,new_york_2021-07-26,0.125,0,False
New York,34-017-1002,2021-07-26,34-017-1002|2021|7|0,episode,new_york_2021-07-26,0.125,0,False
New York,34-039-0004,2021-07-26,34-039-0004|2021|7|0,episode,new_york_2021-07-26,0.125,0,False
New York,36-005-0133,2021-07-26,36-005-0133|2021|7|0,episode,new_york_2021-07-26,0.125,0,False
New York,36-081-0124,2021-07-26,36-081-0124|2021|7|0,episode,new_york_2021-07-26,0.125,0,False
New York,36-081-0125,2021-07-26,36-081-0125|2021|7|0,episode,new_york_2021-07-26,0.125,0,False
New York,34-003-0010,2021-07-31,34-003-0010|2021|7|5,wind_only,,0.125,2,True
New York,34-013-0003,2021-07-31,34-013-0003|2021|7|5,wind_only,,0.125,2,True
New York,34-017-0006,2021-07-31,34-017-0006|2021|7|5,wind_only,,0.125,2,True
New York,34-017-1002,2021-07-31,34-017-1002|2021|7|5,wind_only,,0.125,2,True
New York,34-039-0004,2021-07-31,34-039-0004|2021|7|5,wind_only,,0.125,2,True
New York,36-005-0133,2021-07-31,36-005-0133|2021|7|5,wind_only,,0.125,2,True
New York,36-081-0124,2021-07-31,36-081-0124|2021|7|5,wind_only,,0.125,2,True
New York,36-081-0125,2021-07-31,36-081-0125|2021|7|5,wind_only,,0.125,2,True
New York,34-003-0010,2021-08-04,34-003-0010|2021|8|2,wind_only,,0.1111111111111111,3,True
New York,34-013-0003,2021-08-04,34-013-0003|2021|8|2,wind_only,,0.1111111111111111,3,True
New York,34-017-0006,2021-08-04,34-017-0006|2021|8|2,wind_only,,0.1111111111111111,3,True
New York,34-017-1002,2021-08-04,34-017-1002|2021|8|2,wind_only,,0.1111111111111111,3,True
New York,34-039-0004,2021-08-04,34-039-0004|2021|8|2,wind_only,,0.1111111111111111,3,True
New York,36-005-0110,2021-08-04,36-005-0110|2021|8|2,wind_only,,0.1111111111111111,3,True
New York,36-005-0133,2021-08-04,36-005-0133|2021|8|2,wind_only,,0.1111111111111111,3,True
New York,36-081-0124,2021-08-04,36-081-0124|2021|8|2,wind_only,,0.1111111111111111,3,True
New York,36-081-0125,2021-08-04,36-081-0125|2021|8|2,wind_only,,0.1111111111111111,3,True
New York,34-003-0010,2021-08-05,34-003-0010|2021|8|3,wind_only,,0.1111111111111111,3,True
New York,34-013-0003,2021-08-05,34-013-0003|2021|8|3,wind_only,,0.1111111111111111,3,True
New York,34-017-0006,2021-08-05,34-017-0006|2021|8|3,wind_only,,0.1111111111111111,3,True
New York,34-017-1002,2021-08-05,34-017-1002|2021|8|3,wind_only,,0.1111111111111111,3,True
New York,34-039-0004,2021-08-05,34-039-0004|2021|8|3,wind_only,,0.1111111111111111,3,True
New York,36-005-0110,2021-08-05,36-005-0110|2021|8|3,wind_only,,0.1111111111111111,3,True
New York,36-005-0133,2021-08-05,36-005-0133|2021|8|3,wind_only,,0.1111111111111111,3,True
New York,36-081-0124,2021-08-05,36-081-0124|2021|8|3,wind_only,,0.1111111111111111,3,True
New York,36-081-0125,2021-08-05,36-081-0125|2021|8|3,wind_only,,0.1111111111111111,3,True
New York,34-003-0010,2021-08-20,34-003-0010|2021|8|4,wind_only,,0.1111111111111111,2,True
New York,34-013-0003,2021-08-20,34-013-0003|2021|8|4,wind_only,,0.1111111111111111,2,True
New York,34-017-0006,2021-08-20,34-017-0006|2021|8|4,wind_only,,0.1111111111111111,2,True
New York,34-017-1002,2021-08-20,34-017-1002|2021|8|4,wind_only,,0.1111111111111111,2,True
New York,34-039-0004,2021-08-20,34-039-0004|2021|8|4,wind_only,,0.1111111111111111,2,True
New York,36-005-0110,2021-08-20,36-005-0110|2021|8|4,wind_only,,0.1111111111111111,2,True
New York,36-005-0133,2021-08-20,36-005-0133|2021|8|4,wind_only,,0.1111111111111111,2,True
New York,36-081-0124,2021-08-20,36-081-0124|2021|8|4,wind_only,,0.1111111111111111,2,True
New York,36-081-0125,2021-08-20,36-081-0125|2021|8|4,wind_only,,0.1111111111111111,2,True
New York,34-003-0010,2021-08-25,34-003-0010|2021|8|2,episode,new_york_2021-08-25,0.1111111111111111,0,False
New York,34-013-0003,2021-08-25,34-013-0003|2021|8|2,episode,new_york_2021-08-25,0.1111111111111111,0,False
New York,34-017-0006,2021-08-25,34-017-0006|2021|8|2,episode,new_york_2021-08-25,0.1111111111111111,0,False
New York,34-017-1002,2021-08-25,34-017-1002|2021|8|2,episode,new_york_2021-08-25,0.1111111111111111,0,False
New York,34-039-0004,2021-08-25,34-039-0004|2021|8|2,episode,new_york_2021-08-25,0.1111111111111111,0,False
New York,36-005-0110,2021-08-25,36-005-0110|2021|8|2,episode,new_york_2021-08-25,0.1111111111111111,0,False
New York,36-005-0133,2021-08-25,36-005-0133|2021|8|2,episode,new_york_2021-08-25,0.1111111111111111,0,False
New York,36-081-0124,2021-08-25,36-081-0124|2021|8|2,episode,new_york_2021-08-25,0.1111111111111111,0,False
New York,36-081-0125,2021-08-25,36-081-0125|2021|8|2,episode,new_york_2021-08-25,0.1111111111111111,0,False
New York,34-003-0010,2021-08-26,34-003-0010|2021|8|3,episode,new_york_2021-08-25,0.1111111111111111,0,False
New York,34-013-0003,2021-08-26,34-013-0003|2021|8|3,episode,new_york_2021-08-25,0.1111111111111111,0,False
New York,34-017-0006,2021-08-26,34-017-0006|2021|8|3,episode,new_york_2021-08-25,0.1111111111111111,0,False
New York,34-017-1002,2021-08-26,34-017-1002|2021|8|3,episode,new_york_2021-08-25,0.1111111111111111,0,False
New York,34-039-0004,2021-08-26,34-039-0004|2021|8|3,episode,new_york_2021-08-25,0.1111111111111111,0,False
New York,36-005-0110,2021-08-26,36-005-0110|2021|8|3,episode,new_york_2021-08-25,0.1111111111111111,0,False
New York,36-005-0133,2021-08-26,36-005-0133|2021|8|3,episode,new_york_2021-08-25,0.1111111111111111,0,False
New York,36-081-0124,2021-08-26,36-081-0124|2021|8|3,episode,new_york_2021-08-25,0.1111111111111111,0,False
New York,36-081-0125,2021-08-26,36-081-0125|2021|8|3,episode,new_york_2021-08-25,0.1111111111111111,0,False
New York,34-003-0010,2021-08-27,34-003-0010|2021|8|4,episode,new_york_2021-08-25,0.1111111111111111,0,False
New York,34-013-0003,2021-08-27,34-013-0003|2021|8|4,episode,new_york_2021-08-25,0.1111111111111111,0,False
New York,34-017-0006,2021-08-27,34-017-0006|2021|8|4,episode,new_york_2021-08-25,0.1111111111111111,0,False
New York,34-017-1002,2021-08-27,34-017-1002|2021|8|4,episode,new_york_2021-08-25,0.1111111111111111,0,False
New York,34-039-0004,2021-08-27,34-039-0004|2021|8|4,episode,new_york_2021-08-25,0.1111111111111111,0,False
New York,36-005-0110,2021-08-27,36-005-0110|2021|8|4,episode,new_york_2021-08-25,0.1111111111111111,0,False
New York,36-005-0133,2021-08-27,36-005-0133|2021|8|4,episode,new_york_2021-08-25,0.1111111111111111,0,False
New York,36-081-0124,2021-08-27,36-081-0124|2021|8|4,episode,new_york_2021-08-25,0.1111111111111111,0,False
New York,36-081-0125,2021-08-27,36-081-0125|2021|8|4,episode,new_york_2021-08-25,0.1111111111111111,0,False
New York,34-013-0003,2022-09-04,34-013-0003|2022|9|6,episode,new_york_2022-09-04,0.125,0,False
New York,34-017-0006,2022-09-04,34-017-0006|2022|9|6,episode,new_york_2022-09-04,0.125,0,False
New York,34-017-1002,2022-09-04,34-017-1002|2022|9|6,episode,new_york_2022-09-04,0.125,0,False
New York,34-039-0004,2022-09-04,34-039-0004|2022|9|6,episode,new_york_2022-09-04,0.125,0,False
New York,36-005-0110,2022-09-04,36-005-0110|2022|9|6,episode,new_york_2022-09-04,0.125,0,False
New York,36-005-0133,2022-09-04,36-005-0133|2022|9|6,episode,new_york_2022-09-04,0.125,0,False
New York,36-081-0124,2022-09-04,36-081-0124|2022|9|6,episode,new_york_2022-09-04,0.125,0,False
New York,36-081-0125,2022-09-04,36-081-0125|2022|9|6,episode,new_york_2022-09-04,0.125,0,False
New York,34-013-0003,2022-09-05,34-013-0003|2022|9|0,episode,new_york_2022-09-04,0.125,0,False
New York,34-017-0006,2022-09-05,34-017-0006|2022|9|0,episode,new_york_2022-09-04,0.125,0,False
New York,34-017-1002,2022-09-05,34-017-1002|2022|9|0,episode,new_york_2022-09-04,0.125,0,False
New York,34-039-0004,2022-09-05,34-039-0004|2022|9|0,episode,new_york_2022-09-04,0.125,0,False
New York,36-005-0110,2022-09-05,36-005-0110|2022|9|0,episode,new_york_2022-09-04,0.125,0,False
New York,36-005-0133,2022-09-05,36-005-0133|2022|9|0,episode,new_york_2022-09-04,0.125,0,False
New York,36-081-0124,2022-09-05,36-081-0124|2022|9|0,episode,new_york_2022-09-04,0.125,0,False
New York,36-081-0125,2022-09-05,36-081-0125|2022|9|0,episode,new_york_2022-09-04,0.125,0,False
New York,34-013-0003,2022-09-11,34-013-0003|2022|9|6,wind_only,,0.125,4,True
New York,34-017-0006,2022-09-11,34-017-0006|2022|9|6,wind_only,,0.125,4,True
New York,34-017-1002,2022-09-11,34-017-1002|2022|9|6,wind_only,,0.125,4,True
New York,34-039-0004,2022-09-11,34-039-0004|2022|9|6,wind_only,,0.125,4,True
New York,36-005-0110,2022-09-11,36-005-0110|2022|9|6,wind_only,,0.125,4,True
New York,36-005-0133,2022-09-11,36-005-0133|2022|9|6,wind_only,,0.125,4,True
New York,36-081-0124,2022-09-11,36-081-0124|2022|9|6,wind_only,,0.125,4,True
New York,36-081-0125,2022-09-11,36-081-0125|2022|9|6,wind_only,,0.125,4,True
New York,34-013-0003,2022-09-12,34-013-0003|2022|9|0,wind_only,,0.125,4,True
New York,34-017-0006,2022-09-12,34-017-0006|2022|9|0,wind_only,,0.125,4,True
New York,34-017-1002,2022-09-12,34-017-1002|2022|9|0,wind_only,,0.125,4,True
New York,34-039-0004,2022-09-12,34-039-0004|2022|9|0,wind_only,,0.125,4,True
New York,36-005-0110,2022-09-12,36-005-0110|2022|9|0,wind_only,,0.125,4,True
New York,36-005-0133,2022-09-12,36-005-0133|2022|9|0,wind_only,,0.125,4,True
New York,36-081-0124,2022-09-12,36-081-0124|2022|9|0,wind_only,,0.125,4,True
New York,36-081-0125,2022-09-12,36-081-0125|2022|9|0,wind_only,,0.125,4,True
New York,34-003-0010,2023-07-05,34-003-0010|2023|7|2,episode,new_york_2023-07-05,0.14285714285714285,0,False
New York,34-017-0006,2023-07-05,34-017-0006|2023|7|2,episode,new_york_2023-07-05,0.14285714285714285,0,False
New York,34-039-0004,2023-07-05,34-039-0004|2023|7|2,episode,new_york_2023-07-05,0.14285714285714285,0,False
New York,36-005-0110,2023-07-05,36-005-0110|2023|7|2,episode,new_york_2023-07-05,0.14285714285714285,0,False
New York,36-005-0133,2023-07-05,36-005-0133|2023|7|2,episode,new_york_2023-07-05,0.14285714285714285,0,False
New York,36-081-0124,2023-07-05,36-081-0124|2023|7|2,episode,new_york_2023-07-05,0.14285714285714285,0,False
New York,36-081-0125,2023-07-05,36-081-0125|2023|7|2,episode,new_york_2023-07-05,0.14285714285714285,0,False
New York,34-003-0010,2023-07-19,34-003-0010|2023|7|2,wind_only,,0.14285714285714285,1,False
New York,34-017-0006,2023-07-19,34-017-0006|2023|7|2,wind_only,,0.14285714285714285,1,False
New York,34-039-0004,2023-07-19,34-039-0004|2023|7|2,wind_only,,0.14285714285714285,1,False
New York,36-005-0110,2023-07-19,36-005-0110|2023|7|2,wind_only,,0.14285714285714285,1,False
New York,36-005-0133,2023-07-19,36-005-0133|2023|7|2,wind_only,,0.14285714285714285,1,False
New York,36-081-0124,2023-07-19,36-081-0124|2023|7|2,wind_only,,0.14285714285714285,1,False
New York,36-081-0125,2023-07-19,36-081-0125|2023|7|2,wind_only,,0.14285714285714285,1,False
New York,34-003-0010,2023-09-04,34-003-0010|2023|9|0,episode,new_york_2023-09-04,0.125,0,False
New York,34-017-0006,2023-09-04,34-017-0006|2023|9|0,episode,new_york_2023-09-04,0.125,0,False
New York,34-017-1002,2023-09-04,34-017-1002|2023|9|0,episode,new_york_2023-09-04,0.125,0,False
New York,34-039-0004,2023-09-04,34-039-0004|2023|9|0,episode,new_york_2023-09-04,0.125,0,False
New York,36-005-0110,2023-09-04,36-005-0110|2023|9|0,episode,new_york_2023-09-04,0.125,0,False
New York,36-005-0133,2023-09-04,36-005-0133|2023|9|0,episode,new_york_2023-09-04,0.125,0,False
New York,36-081-0124,2023-09-04,36-081-0124|2023|9|0,episode,new_york_2023-09-04,0.125,0,False
New York,36-081-0125,2023-09-04,36-081-0125|2023|9|0,episode,new_york_2023-09-04,0.125,0,False
New York,34-003-0010,2023-09-05,34-003-0010|2023|9|1,episode,new_york_2023-09-04,0.125,0,False
New York,34-017-0006,2023-09-05,34-017-0006|2023|9|1,episode,new_york_2023-09-04,0.125,0,False
New York,34-017-1002,2023-09-05,34-017-1002|2023|9|1,episode,new_york_2023-09-04,0.125,0,False
New York,34-039-0004,2023-09-05,34-039-0004|2023|9|1,episode,new_york_2023-09-04,0.125,0,False
New York,36-005-0110,2023-09-05,36-005-0110|2023|9|1,episode,new_york_2023-09-04,0.125,0,False
New York,36-005-0133,2023-09-05,36-005-0133|2023|9|1,episode,new_york_2023-09-04,0.125,0,False
New York,36-081-0124,2023-09-05,36-081-0124|2023|9|1,episode,new_york_2023-09-04,0.125,0,False
New York,36-081-0125,2023-09-05,36-081-0125|2023|9|1,episode,new_york_2023-09-04,0.125,0,False
New York,34-003-0010,2023-09-06,34-003-0010|2023|9|2,episode,new_york_2023-09-04,0.125,0,False
New York,34-017-0006,2023-09-06,34-017-0006|2023|9|2,episode,new_york_2023-09-04,0.125,0,False
New York,34-017-1002,2023-09-06,34-017-1002|2023|9|2,episode,new_york_2023-09-04,0.125,0,False
New York,34-039-0004,2023-09-06,34-039-0004|2023|9|2,episode,new_york_2023-09-04,0.125,0,False
New York,36-005-0110,2023-09-06,36-005-0110|2023|9|2,episode,new_york_2023-09-04,0.125,0,False
New York,36-005-0133,2023-09-06,36-005-0133|2023|9|2,episode,new_york_2023-09-04,0.125,0,False
New York,36-081-0124,2023-09-06,36-081-0124|2023|9|2,episode,new_york_2023-09-04,0.125,0,False
New York,36-081-0125,2023-09-06,36-081-0125|2023|9|2,episode,new_york_2023-09-04,0.125,0,False
New York,34-003-0010,2023-09-07,34-003-0010|2023|9|3,episode,new_york_2023-09-04,0.14285714285714285,0,False
New York,34-017-0006,2023-09-07,34-017-0006|2023|9|3,episode,new_york_2023-09-04,0.14285714285714285,0,False
New York,34-017-1002,2023-09-07,34-017-1002|2023|9|3,episode,new_york_2023-09-04,0.14285714285714285,0,False
New York,34-039-0004,2023-09-07,34-039-0004|2023|9|3,episode,new_york_2023-09-04,0.14285714285714285,0,False
New York,36-005-0133,2023-09-07,36-005-0133|2023|9|3,episode,new_york_2023-09-04,0.14285714285714285,0,False
New York,36-081-0124,2023-09-07,36-081-0124|2023|9|3,episode,new_york_2023-09-04,0.14285714285714285,0,False
New York,36-081-0125,2023-09-07,36-081-0125|2023|9|3,episode,new_york_2023-09-04,0.14285714285714285,0,False
New York,34-003-0010,2023-09-11,34-003-0010|2023|9|0,wind_only,,0.125,4,True
New York,34-017-0006,2023-09-11,34-017-0006|2023|9|0,wind_only,,0.125,4,True
New York,34-017-1002,2023-09-11,34-017-1002|2023|9|0,wind_only,,0.125,4,True
New York,34-039-0004,2023-09-11,34-039-0004|2023|9|0,wind_only,,0.125,4,True
New York,36-005-0110,2023-09-11,36-005-0110|2023|9|0,wind_only,,0.125,4,True
New York,36-005-0133,2023-09-11,36-005-0133|2023|9|0,wind_only,,0.125,4,True
New York,36-081-0124,2023-09-11,36-081-0124|2023|9|0,wind_only,,0.125,4,True
New York,36-081-0125,2023-09-11,36-081-0125|2023|9|0,wind_only,,0.125,4,True
New York,34-003-0010,2023-09-12,34-003-0010|2023|9|1,wind_only,,0.125,4,True
New York,34-017-0006,2023-09-12,34-017-0006|2023|9|1,wind_only,,0.125,4,True
New York,34-017-1002,2023-09-12,34-017-1002|2023|9|1,wind_only,,0.125,4,True
New York,34-039-0004,2023-09-12,34-039-0004|2023|9|1,wind_only,,0.125,4,True
New York,36-005-0110,2023-09-12,36-005-0110|2023|9|1,wind_only,,0.125,4,True
New York,36-005-0133,2023-09-12,36-005-0133|2023|9|1,wind_only,,0.125,4,True
New York,36-081-0124,2023-09-12,36-081-0124|2023|9|1,wind_only,,0.125,4,True
New York,36-081-0125,2023-09-12,36-081-0125|2023|9|1,wind_only,,0.125,4,True
New York,34-003-0010,2023-09-13,34-003-0010|2023|9|2,wind_only,,0.16666666666666666,4,True
New York,34-017-0006,2023-09-13,34-017-0006|2023|9|2,wind_only,,0.16666666666666666,4,True
New York,34-017-1002,2023-09-13,34-017-1002|2023|9|2,wind_only,,0.16666666666666666,4,True
New York,36-005-0110,2023-09-13,36-005-0110|2023|9|2,wind_only,,0.16666666666666666,4,True
New York,36-005-0133,2023-09-13,36-005-0133|2023|9|2,wind_only,,0.16666666666666666,4,True
New York,36-081-0124,2023-09-13,36-081-0124|2023|9|2,wind_only,,0.16666666666666666,4,True
New York,34-003-0010,2023-09-20,34-003-0010|2023|9|2,wind_only,,0.125,2,True
New York,34-017-0006,2023-09-20,34-017-0006|2023|9|2,wind_only,,0.125,2,True
New York,34-017-1002,2023-09-20,34-017-1002|2023|9|2,wind_only,,0.125,2,True
New York,34-039-0004,2023-09-20,34-039-0004|2023|9|2,wind_only,,0.125,2,True
New York,36-005-0110,2023-09-20,36-005-0110|2023|9|2,wind_only,,0.125,2,True
New York,36-005-0133,2023-09-20,36-005-0133|2023|9|2,wind_only,,0.125,2,True
New York,36-081-0124,2023-09-20,36-081-0124|2023|9|2,wind_only,,0.125,2,True
New York,36-081-0125,2023-09-20,36-081-0125|2023|9|2,wind_only,,0.125,2,True
New York,34-003-0010,2023-09-21,34-003-0010|2023|9|3,wind_only,,0.14285714285714285,2,True
New York,34-017-0006,2023-09-21,34-017-0006|2023|9|3,wind_only,,0.14285714285714285,2,True
New York,34-017-1002,2023-09-21,34-017-1002|2023|9|3,wind_only,,0.14285714285714285,2,True
New York,34-039-0004,2023-09-21,34-039-0004|2023|9|3,wind_only,,0.14285714285714285,2,True
New York,36-005-0133,2023-09-21,36-005-0133|2023|9|3,wind_only,,0.14285714285714285,2,True
New York,36-081-0124,2023-09-21,36-081-0124|2023|9|3,wind_only,,0.14285714285714285,2,True
New York,36-081-0125,2023-09-21,36-081-0125|2023|9|3,wind_only,,0.14285714285714285,2,True
New York,34-003-0010,2024-07-05,34-003-0010|2024|7|4,episode,new_york_2024-07-05,0.125,0,False
New York,34-017-0006,2024-07-05,34-017-0006|2024|7|4,episode,new_york_2024-07-05,0.125,0,False
New York,34-017-1002,2024-07-05,34-017-1002|2024|7|4,episode,new_york_2024-07-05,0.125,0,False
New York,34-039-0004,2024-07-05,34-039-0004|2024|7|4,episode,new_york_2024-07-05,0.125,0,False
New York,36-005-0110,2024-07-05,36-005-0110|2024|7|4,episode,new_york_2024-07-05,0.125,0,False
New York,36-005-0133,2024-07-05,36-005-0133|2024|7|4,episode,new_york_2024-07-05,0.125,0,False
New York,36-081-0124,2024-07-05,36-081-0124|2024|7|4,episode,new_york_2024-07-05,0.125,0,False
New York,36-081-0125,2024-07-05,36-081-0125|2024|7|4,episode,new_york_2024-07-05,0.125,0,False
New York,34-003-0010,2024-07-06,34-003-0010|2024|7|5,episode,new_york_2024-07-05,0.125,0,False
New York,34-017-0006,2024-07-06,34-017-0006|2024|7|5,episode,new_york_2024-07-05,0.125,0,False
New York,34-017-1002,2024-07-06,34-017-1002|2024|7|5,episode,new_york_2024-07-05,0.125,0,False
New York,34-039-0004,2024-07-06,34-039-0004|2024|7|5,episode,new_york_2024-07-05,0.125,0,False
New York,36-005-0110,2024-07-06,36-005-0110|2024|7|5,episode,new_york_2024-07-05,0.125,0,False
New York,36-005-0133,2024-07-06,36-005-0133|2024|7|5,episode,new_york_2024-07-05,0.125,0,False
New York,36-081-0124,2024-07-06,36-081-0124|2024|7|5,episode,new_york_2024-07-05,0.125,0,False
New York,36-081-0125,2024-07-06,36-081-0125|2024|7|5,episode,new_york_2024-07-05,0.125,0,False
New York,34-003-0010,2024-07-07,34-003-0010|2024|7|6,episode,new_york_2024-07-05,0.125,0,False
New York,34-017-0006,2024-07-07,34-017-0006|2024|7|6,episode,new_york_2024-07-05,0.125,0,False
New York,34-017-1002,2024-07-07,34-017-1002|2024|7|6,episode,new_york_2024-07-05,0.125,0,False
New York,34-039-0004,2024-07-07,34-039-0004|2024|7|6,episode,new_york_2024-07-05,0.125,0,False
New York,36-005-0110,2024-07-07,36-005-0110|2024|7|6,episode,new_york_2024-07-05,0.125,0,False
New York,36-005-0133,2024-07-07,36-005-0133|2024|7|6,episode,new_york_2024-07-05,0.125,0,False
New York,36-081-0124,2024-07-07,36-081-0124|2024|7|6,episode,new_york_2024-07-05,0.125,0,False
New York,36-081-0125,2024-07-07,36-081-0125|2024|7|6,episode,new_york_2024-07-05,0.125,0,False
New York,34-003-0010,2024-07-08,34-003-0010|2024|7|0,episode,new_york_2024-07-05,0.125,0,False
New York,34-017-0006,2024-07-08,34-017-0006|2024|7|0,episode,new_york_2024-07-05,0.125,0,False
New York,34-017-1002,2024-07-08,34-017-1002|2024|7|0,episode,new_york_2024-07-05,0.125,0,False
New York,34-039-0004,2024-07-08,34-039-0004|2024|7|0,episode,new_york_2024-07-05,0.125,0,False
New York,36-005-0110,2024-07-08,36-005-0110|2024|7|0,episode,new_york_2024-07-05,0.125,0,False
New York,36-005-0133,2024-07-08,36-005-0133|2024|7|0,episode,new_york_2024-07-05,0.125,0,False
New York,36-081-0124,2024-07-08,36-081-0124|2024|7|0,episode,new_york_2024-07-05,0.125,0,False
New York,36-081-0125,2024-07-08,36-081-0125|2024|7|0,episode,new_york_2024-07-05,0.125,0,False
New York,34-003-0010,2024-07-12,34-003-0010|2024|7|4,wind_only,,0.125,1,False
New York,34-017-0006,2024-07-12,34-017-0006|2024|7|4,wind_only,,0.125,1,False
New York,34-017-1002,2024-07-12,34-017-1002|2024|7|4,wind_only,,0.125,1,False
New York,34-039-0004,2024-07-12,34-039-0004|2024|7|4,wind_only,,0.125,1,False
New York,36-005-0110,2024-07-12,36-005-0110|2024|7|4,wind_only,,0.125,1,False
New York,36-005-0133,2024-07-12,36-005-0133|2024|7|4,wind_only,,0.125,1,False
New York,36-081-0124,2024-07-12,36-081-0124|2024|7|4,wind_only,,0.125,1,False
New York,36-081-0125,2024-07-12,36-081-0125|2024|7|4,wind_only,,0.125,1,False
New York,34-003-0010,2024-07-13,34-003-0010|2024|7|5,episode,new_york_2024-07-13,0.125,0,False
New York,34-017-0006,2024-07-13,34-017-0006|2024|7|5,episode,new_york_2024-07-13,0.125,0,False
New York,34-017-1002,2024-07-13,34-017-1002|2024|7|5,episode,new_york_2024-07-13,0.125,0,False
New York,34-039-0004,2024-07-13,34-039-0004|2024|7|5,episode,new_york_2024-07-13,0.125,0,False
New York,36-005-0110,2024-07-13,36-005-0110|2024|7|5,episode,new_york_2024-07-13,0.125,0,False
New York,36-005-0133,2024-07-13,36-005-0133|2024|7|5,episode,new_york_2024-07-13,0.125,0,False
New York,36-081-0124,2024-07-13,36-081-0124|2024|7|5,episode,new_york_2024-07-13,0.125,0,False
New York,36-081-0125,2024-07-13,36-081-0125|2024|7|5,episode,new_york_2024-07-13,0.125,0,False
New York,34-003-0010,2024-07-14,34-003-0010|2024|7|6,episode,new_york_2024-07-13,0.125,0,False
New York,34-017-0006,2024-07-14,34-017-0006|2024|7|6,episode,new_york_2024-07-13,0.125,0,False
New York,34-017-1002,2024-07-14,34-017-1002|2024|7|6,episode,new_york_2024-07-13,0.125,0,False
New York,34-039-0004,2024-07-14,34-039-0004|2024|7|6,episode,new_york_2024-07-13,0.125,0,False
New York,36-005-0110,2024-07-14,36-005-0110|2024|7|6,episode,new_york_2024-07-13,0.125,0,False
New York,36-005-0133,2024-07-14,36-005-0133|2024|7|6,episode,new_york_2024-07-13,0.125,0,False
New York,36-081-0124,2024-07-14,36-081-0124|2024|7|6,episode,new_york_2024-07-13,0.125,0,False
New York,36-081-0125,2024-07-14,36-081-0125|2024|7|6,episode,new_york_2024-07-13,0.125,0,False
New York,34-003-0010,2024-07-21,34-003-0010|2024|7|6,wind_only,,0.125,1,False
New York,34-017-0006,2024-07-21,34-017-0006|2024|7|6,wind_only,,0.125,1,False
New York,34-017-1002,2024-07-21,34-017-1002|2024|7|6,wind_only,,0.125,1,False
New York,34-039-0004,2024-07-21,34-039-0004|2024|7|6,wind_only,,0.125,1,False
New York,36-005-0110,2024-07-21,36-005-0110|2024|7|6,wind_only,,0.125,1,False
New York,36-005-0133,2024-07-21,36-005-0133|2024|7|6,wind_only,,0.125,1,False
New York,36-081-0124,2024-07-21,36-081-0124|2024|7|6,wind_only,,0.125,1,False
New York,36-081-0125,2024-07-21,36-081-0125|2024|7|6,wind_only,,0.125,1,False
New York,34-003-0010,2024-07-27,34-003-0010|2024|7|5,wind_only,,0.125,1,False
New York,34-017-0006,2024-07-27,34-017-0006|2024|7|5,wind_only,,0.125,1,False
New York,34-017-1002,2024-07-27,34-017-1002|2024|7|5,wind_only,,0.125,1,False
New York,34-039-0004,2024-07-27,34-039-0004|2024|7|5,wind_only,,0.125,1,False
New York,36-005-0110,2024-07-27,36-005-0110|2024|7|5,wind_only,,0.125,1,False
New York,36-005-0133,2024-07-27,36-005-0133|2024|7|5,wind_only,,0.125,1,False
New York,36-081-0124,2024-07-27,36-081-0124|2024|7|5,wind_only,,0.125,1,False
New York,36-081-0125,2024-07-27,36-081-0125|2024|7|5,wind_only,,0.125,1,False
New York,34-003-0010,2024-07-29,34-003-0010|2024|7|0,wind_only,,0.125,1,False
New York,34-017-0006,2024-07-29,34-017-0006|2024|7|0,wind_only,,0.125,1,False
New York,34-017-1002,2024-07-29,34-017-1002|2024|7|0,wind_only,,0.125,1,False
New York,34-039-0004,2024-07-29,34-039-0004|2024|7|0,wind_only,,0.125,1,False
New York,36-005-0110,2024-07-29,36-005-0110|2024|7|0,wind_only,,0.125,1,False
New York,36-005-0133,2024-07-29,36-005-0133|2024|7|0,wind_only,,0.125,1,False
New York,36-081-0124,2024-07-29,36-081-0124|2024|7|0,wind_only,,0.125,1,False
New York,36-081-0125,2024-07-29,36-081-0125|2024|7|0,wind_only,,0.125,1,False
New York,34-003-0010,2024-08-02,34-003-0010|2024|8|4,episode,new_york_2024-08-01,0.125,0,False
New York,34-017-0006,2024-08-02,34-017-0006|2024|8|4,episode,new_york_2024-08-01,0.125,0,False
New York,34-017-1002,2024-08-02,34-017-1002|2024|8|4,episode,new_york_2024-08-01,0.125,0,False
New York,34-039-0004,2024-08-02,34-039-0004|2024|8|4,episode,new_york_2024-08-01,0.125,0,False
New York,36-005-0110,2024-08-02,36-005-0110|2024|8|4,episode,new_york_2024-08-01,0.125,0,False
New York,36-005-0133,2024-08-02,36-005-0133|2024|8|4,episode,new_york_2024-08-01,0.125,0,False
New York,36-081-0124,2024-08-02,36-081-0124|2024|8|4,episode,new_york_2024-08-01,0.125,0,False
New York,36-081-0125,2024-08-02,36-081-0125|2024|8|4,episode,new_york_2024-08-01,0.125,0,False
New York,34-003-0010,2024-08-03,34-003-0010|2024|8|5,episode,new_york_2024-08-01,0.125,0,False
New York,34-017-0006,2024-08-03,34-017-0006|2024|8|5,episode,new_york_2024-08-01,0.125,0,False
New York,34-017-1002,2024-08-03,34-017-1002|2024|8|5,episode,new_york_2024-08-01,0.125,0,False
New York,34-039-0004,2024-08-03,34-039-0004|2024|8|5,episode,new_york_2024-08-01,0.125,0,False
New York,36-005-0110,2024-08-03,36-005-0110|2024|8|5,episode,new_york_2024-08-01,0.125,0,False
New York,36-005-0133,2024-08-03,36-005-0133|2024|8|5,episode,new_york_2024-08-01,0.125,0,False
New York,36-081-0124,2024-08-03,36-081-0124|2024|8|5,episode,new_york_2024-08-01,0.125,0,False
New York,36-081-0125,2024-08-03,36-081-0125|2024|8|5,episode,new_york_2024-08-01,0.125,0,False
New York,34-003-0010,2024-08-16,34-003-0010|2024|8|4,wind_only,,0.125,1,False
New York,34-017-0006,2024-08-16,34-017-0006|2024|8|4,wind_only,,0.125,1,False
New York,34-017-1002,2024-08-16,34-017-1002|2024|8|4,wind_only,,0.125,1,False
New York,34-039-0004,2024-08-16,34-039-0004|2024|8|4,wind_only,,0.125,1,False
New York,36-005-0110,2024-08-16,36-005-0110|2024|8|4,wind_only,,0.125,1,False
New York,36-005-0133,2024-08-16,36-005-0133|2024|8|4,wind_only,,0.125,1,False
New York,36-081-0124,2024-08-16,36-081-0124|2024|8|4,wind_only,,0.125,1,False
New York,36-081-0125,2024-08-16,36-081-0125|2024|8|4,wind_only,,0.125,1,False
New York,34-003-0010,2024-08-23,34-003-0010|2024|8|4,wind_only,,0.125,5,True
New York,34-017-0006,2024-08-23,34-017-0006|2024|8|4,wind_only,,0.125,5,True
New York,34-017-1002,2024-08-23,34-017-1002|2024|8|4,wind_only,,0.125,5,True
New York,34-039-0004,2024-08-23,34-039-0004|2024|8|4,wind_only,,0.125,5,True
New York,36-005-0110,2024-08-23,36-005-0110|2024|8|4,wind_only,,0.125,5,True
New York,36-005-0133,2024-08-23,36-005-0133|2024|8|4,wind_only,,0.125,5,True
New York,36-081-0124,2024-08-23,36-081-0124|2024|8|4,wind_only,,0.125,5,True
New York,36-081-0125,2024-08-23,36-081-0125|2024|8|4,wind_only,,0.125,5,True
New York,34-003-0010,2024-08-24,34-003-0010|2024|8|5,wind_only,,0.125,5,True
New York,34-017-0006,2024-08-24,34-017-0006|2024|8|5,wind_only,,0.125,5,True
New York,34-017-1002,2024-08-24,34-017-1002|2024|8|5,wind_only,,0.125,5,True
New York,34-039-0004,2024-08-24,34-039-0004|2024|8|5,wind_only,,0.125,5,True
New York,36-005-0110,2024-08-24,36-005-0110|2024|8|5,wind_only,,0.125,5,True
New York,36-005-0133,2024-08-24,36-005-0133|2024|8|5,wind_only,,0.125,5,True
New York,36-081-0124,2024-08-24,36-081-0124|2024|8|5,wind_only,,0.125,5,True
New York,36-081-0125,2024-08-24,36-081-0125|2024|8|5,wind_only,,0.125,5,True
New York,34-003-0010,2024-08-31,34-003-0010|2024|8|5,wind_only,,0.125,1,False
New York,34-017-0006,2024-08-31,34-017-0006|2024|8|5,wind_only,,0.125,1,False
New York,34-017-1002,2024-08-31,34-017-1002|2024|8|5,wind_only,,0.125,1,False
New York,34-039-0004,2024-08-31,34-039-0004|2024|8|5,wind_only,,0.125,1,False
New York,36-005-0110,2024-08-31,36-005-0110|2024|8|5,wind_only,,0.125,1,False
New York,36-005-0133,2024-08-31,36-005-0133|2024|8|5,wind_only,,0.125,1,False
New York,36-081-0124,2024-08-31,36-081-0124|2024|8|5,wind_only,,0.125,1,False
New York,36-081-0125,2024-08-31,36-081-0125|2024|8|5,wind_only,,0.125,1,False
Philadelphia,34-007-0002,2019-06-07,34-007-0002|2019|6|4,wind_only,,0.3333333333333333,1,False
Philadelphia,42-101-0075,2019-06-07,42-101-0075|2019|6|4,wind_only,,0.3333333333333333,1,False
Philadelphia,42-101-0076,2019-06-07,42-101-0076|2019|6|4,wind_only,,0.3333333333333333,1,False
Philadelphia,34-007-0002,2019-06-28,34-007-0002|2019|6|4,episode,philadelphia_2019-06-27,0.3333333333333333,0,False
Philadelphia,42-101-0075,2019-06-28,42-101-0075|2019|6|4,episode,philadelphia_2019-06-27,0.3333333333333333,0,False
Philadelphia,42-101-0076,2019-06-28,42-101-0076|2019|6|4,episode,philadelphia_2019-06-27,0.3333333333333333,0,False
Philadelphia,34-007-0002,2019-08-04,34-007-0002|2019|8|6,episode,philadelphia_2019-08-03,0.3333333333333333,0,False
Philadelphia,42-101-0075,2019-08-04,42-101-0075|2019|8|6,episode,philadelphia_2019-08-03,0.3333333333333333,0,False
Philadelphia,42-101-0076,2019-08-04,42-101-0076|2019|8|6,episode,philadelphia_2019-08-03,0.3333333333333333,0,False
Philadelphia,34-007-0002,2019-08-05,34-007-0002|2019|8|0,wind_only,,0.3333333333333333,2,True
Philadelphia,42-101-0075,2019-08-05,42-101-0075|2019|8|0,wind_only,,0.3333333333333333,2,True
Philadelphia,42-101-0076,2019-08-05,42-101-0076|2019|8|0,wind_only,,0.3333333333333333,2,True
Philadelphia,34-007-0002,2019-08-06,34-007-0002|2019|8|1,wind_only,,0.3333333333333333,2,True
Philadelphia,42-101-0075,2019-08-06,42-101-0075|2019|8|1,wind_only,,0.3333333333333333,2,True
Philadelphia,42-101-0076,2019-08-06,42-101-0076|2019|8|1,wind_only,,0.3333333333333333,2,True
Philadelphia,34-007-0002,2019-08-11,34-007-0002|2019|8|6,wind_only,,0.3333333333333333,1,False
Philadelphia,42-101-0075,2019-08-11,42-101-0075|2019|8|6,wind_only,,0.3333333333333333,1,False
Philadelphia,42-101-0076,2019-08-11,42-101-0076|2019|8|6,wind_only,,0.3333333333333333,1,False
Philadelphia,34-007-0002,2019-08-13,34-007-0002|2019|8|1,wind_only,,0.3333333333333333,4,True
Philadelphia,42-045-0002,2019-08-13,42-045-0002|2019|8|1,wind_only,,0.3333333333333333,4,True
Philadelphia,42-101-0075,2019-08-13,42-101-0075|2019|8|1,wind_only,,0.3333333333333333,4,True
Philadelphia,34-007-0002,2019-08-18,34-007-0002|2019|8|6,episode,philadelphia_2019-08-17,0.3333333333333333,0,False
Philadelphia,42-101-0075,2019-08-18,42-101-0075|2019|8|6,episode,philadelphia_2019-08-17,0.3333333333333333,0,False
Philadelphia,42-101-0076,2019-08-18,42-101-0076|2019|8|6,episode,philadelphia_2019-08-17,0.3333333333333333,0,False
Philadelphia,34-007-0002,2019-08-19,34-007-0002|2019|8|0,episode,philadelphia_2019-08-17,0.3333333333333333,0,False
Philadelphia,42-101-0075,2019-08-19,42-101-0075|2019|8|0,episode,philadelphia_2019-08-17,0.3333333333333333,0,False
Philadelphia,42-101-0076,2019-08-19,42-101-0076|2019|8|0,episode,philadelphia_2019-08-17,0.3333333333333333,0,False
Philadelphia,34-007-0002,2019-08-20,34-007-0002|2019|8|1,episode,philadelphia_2019-08-17,0.25,0,False
Philadelphia,42-045-0002,2019-08-20,42-045-0002|2019|8|1,episode,philadelphia_2019-08-17,0.25,0,False
Philadelphia,42-101-0075,2019-08-20,42-101-0075|2019|8|1,episode,philadelphia_2019-08-17,0.25,0,False
Philadelphia,42-101-0076,2019-08-20,42-101-0076|2019|8|1,episode,philadelphia_2019-08-17,0.25,0,False
Philadelphia,34-007-0002,2019-08-27,34-007-0002|2019|8|1,wind_only,,0.25,2,True
Philadelphia,42-045-0002,2019-08-27,42-045-0002|2019|8|1,wind_only,,0.25,2,True
Philadelphia,42-101-0075,2019-08-27,42-101-0075|2019|8|1,wind_only,,0.25,2,True
Philadelphia,42-101-0076,2019-08-27,42-101-0076|2019|8|1,wind_only,,0.25,2,True
Philadelphia,34-007-0002,2020-07-01,34-007-0002|2020|7|2,wind_only,,0.25,2,True
Philadelphia,42-101-0048,2020-07-01,42-101-0048|2020|7|2,wind_only,,0.25,2,True
Philadelphia,42-101-0075,2020-07-01,42-101-0075|2020|7|2,wind_only,,0.25,2,True
Philadelphia,42-101-0076,2020-07-01,42-101-0076|2020|7|2,wind_only,,0.25,2,True
Philadelphia,34-007-0002,2020-07-07,34-007-0002|2020|7|1,wind_only,,0.25,2,True
Philadelphia,42-101-0048,2020-07-07,42-101-0048|2020|7|1,wind_only,,0.25,2,True
Philadelphia,42-101-0075,2020-07-07,42-101-0075|2020|7|1,wind_only,,0.25,2,True
Philadelphia,42-101-0076,2020-07-07,42-101-0076|2020|7|1,wind_only,,0.25,2,True
Philadelphia,34-007-0002,2020-07-08,34-007-0002|2020|7|2,wind_only,,0.25,2,True
Philadelphia,42-101-0048,2020-07-08,42-101-0048|2020|7|2,wind_only,,0.25,2,True
Philadelphia,42-101-0075,2020-07-08,42-101-0075|2020|7|2,wind_only,,0.25,2,True
Philadelphia,42-101-0076,2020-07-08,42-101-0076|2020|7|2,wind_only,,0.25,2,True
Philadelphia,34-007-0002,2020-07-21,34-007-0002|2020|7|1,episode,philadelphia_2020-07-21,0.25,0,False
Philadelphia,42-101-0048,2020-07-21,42-101-0048|2020|7|1,episode,philadelphia_2020-07-21,0.25,0,False
Philadelphia,42-101-0075,2020-07-21,42-101-0075|2020|7|1,episode,philadelphia_2020-07-21,0.25,0,False
Philadelphia,42-101-0076,2020-07-21,42-101-0076|2020|7|1,episode,philadelphia_2020-07-21,0.25,0,False
Philadelphia,34-007-0002,2020-07-22,34-007-0002|2020|7|2,episode,philadelphia_2020-07-21,0.25,0,False
Philadelphia,42-101-0048,2020-07-22,42-101-0048|2020|7|2,episode,philadelphia_2020-07-21,0.25,0,False
Philadelphia,42-101-0075,2020-07-22,42-101-0075|2020|7|2,episode,philadelphia_2020-07-21,0.25,0,False
Philadelphia,42-101-0076,2020-07-22,42-101-0076|2020|7|2,episode,philadelphia_2020-07-21,0.25,0,False
Philadelphia,34-007-0002,2021-06-09,34-007-0002|2021|6|2,episode,philadelphia_2021-06-08,0.2,0,False
Philadelphia,42-045-0002,2021-06-09,42-045-0002|2021|6|2,episode,philadelphia_2021-06-08,0.2,0,False
Philadelphia,42-101-0048,2021-06-09,42-101-0048|2021|6|2,episode,philadelphia_2021-06-08,0.2,0,False
Philadelphia,42-101-0075,2021-06-09,42-101-0075|2021|6|2,episode,philadelphia_2021-06-08,0.2,0,False
Philadelphia,42-101-0076,2021-06-09,42-101-0076|2021|6|2,episode,philadelphia_2021-06-08,0.2,0,False
Philadelphia,34-007-0002,2021-06-23,34-007-0002|2021|6|2,wind_only,,0.2,1,False
Philadelphia,42-045-0002,2021-06-23,42-045-0002|2021|6|2,wind_only,,0.2,1,False
Philadelphia,42-101-0048,2021-06-23,42-101-0048|2021|6|2,wind_only,,0.2,1,False
Philadelphia,42-101-0075,2021-06-23,42-101-0075|2021|6|2,wind_only,,0.2,1,False
Philadelphia,42-101-0076,2021-06-23,42-101-0076|2021|6|2,wind_only,,0.2,1,False
Philadelphia,42-045-0002,2021-07-01,42-045-0002|2021|7|3,wind_only,,0.25,4,True
Philadelphia,42-101-0048,2021-07-01,42-101-0048|2021|7|3,wind_only,,0.25,4,True
Philadelphia,42-101-0075,2021-07-01,42-101-0075|2021|7|3,wind_only,,0.25,4,True
Philadelphia,42-101-0076,2021-07-01,42-101-0076|2021|7|3,wind_only,,0.25,4,True
Philadelphia,34-007-0002,2021-07-02,34-007-0002|2021|7|4,wind_only,,0.2,4,True
Philadelphia,42-045-0002,2021-07-02,42-045-0002|2021|7|4,wind_only,,0.2,4,True
Philadelphia,42-101-0048,2021-07-02,42-101-0048|2021|7|4,wind_only,,0.2,4,True
Philadelphia,42-101-0075,2021-07-02,42-101-0075|2021|7|4,wind_only,,0.2,4,True
Philadelphia,42-101-0076,2021-07-02,42-101-0076|2021|7|4,wind_only,,0.2,4,True
Philadelphia,34-007-0002,2021-07-03,34-007-0002|2021|7|5,wind_only,,0.2,4,True
Philadelphia,42-045-0002,2021-07-03,42-045-0002|2021|7|5,wind_only,,0.2,4,True
Philadelphia,42-101-0048,2021-07-03,42-101-0048|2021|7|5,wind_only,,0.2,4,True
Philadelphia,42-101-0075,2021-07-03,42-101-0075|2021|7|5,wind_only,,0.2,4,True
Philadelphia,42-101-0076,2021-07-03,42-101-0076|2021|7|5,wind_only,,0.2,4,True
Philadelphia,34-007-0002,2021-07-14,34-007-0002|2021|7|2,episode,philadelphia_2021-07-14,0.2,0,False
Philadelphia,42-045-0002,2021-07-14,42-045-0002|2021|7|2,episode,philadelphia_2021-07-14,0.2,0,False
Philadelphia,42-101-0048,2021-07-14,42-101-0048|2021|7|2,episode,philadelphia_2021-07-14,0.2,0,False
Philadelphia,42-101-0075,2021-07-14,42-101-0075|2021|7|2,episode,philadelphia_2021-07-14,0.2,0,False
Philadelphia,42-101-0076,2021-07-14,42-101-0076|2021|7|2,episode,philadelphia_2021-07-14,0.2,0,False
Philadelphia,42-045-0002,2021-07-15,42-045-0002|2021|7|3,episode,philadelphia_2021-07-14,0.25,0,False
Philadelphia,42-101-0048,2021-07-15,42-101-0048|2021|7|3,episode,philadelphia_2021-07-14,0.25,0,False
Philadelphia,42-101-0075,2021-07-15,42-101-0075|2021|7|3,episode,philadelphia_2021-07-14,0.25,0,False
Philadelphia,42-101-0076,2021-07-15,42-101-0076|2021|7|3,episode,philadelphia_2021-07-14,0.25,0,False
Philadelphia,34-007-0002,2021-07-16,34-007-0002|2021|7|4,episode,philadelphia_2021-07-14,0.2,0,False
Philadelphia,42-045-0002,2021-07-16,42-045-0002|2021|7|4,episode,philadelphia_2021-07-14,0.2,0,False
Philadelphia,42-101-0048,2021-07-16,42-101-0048|2021|7|4,episode,philadelphia_2021-07-14,0.2,0,False
Philadelphia,42-101-0075,2021-07-16,42-101-0075|2021|7|4,episode,philadelphia_2021-07-14,0.2,0,False
Philadelphia,42-101-0076,2021-07-16,42-101-0076|2021|7|4,episode,philadelphia_2021-07-14,0.2,0,False
Philadelphia,34-007-0002,2021-07-17,34-007-0002|2021|7|5,episode,philadelphia_2021-07-14,0.2,0,False
Philadelphia,42-045-0002,2021-07-17,42-045-0002|2021|7|5,episode,philadelphia_2021-07-14,0.2,0,False
Philadelphia,42-101-0048,2021-07-17,42-101-0048|2021|7|5,episode,philadelphia_2021-07-14,0.2,0,False
Philadelphia,42-101-0075,2021-07-17,42-101-0075|2021|7|5,episode,philadelphia_2021-07-14,0.2,0,False
Philadelphia,42-101-0076,2021-07-17,42-101-0076|2021|7|5,episode,philadelphia_2021-07-14,0.2,0,False
Philadelphia,34-007-0002,2021-07-21,34-007-0002|2021|7|2,wind_only,,0.2,1,False
Philadelphia,42-045-0002,2021-07-21,42-045-0002|2021|7|2,wind_only,,0.2,1,False
Philadelphia,42-101-0048,2021-07-21,42-101-0048|2021|7|2,wind_only,,0.2,1,False
Philadelphia,42-101-0075,2021-07-21,42-101-0075|2021|7|2,wind_only,,0.2,1,False
Philadelphia,42-101-0076,2021-07-21,42-101-0076|2021|7|2,wind_only,,0.2,1,False
Philadelphia,42-045-0002,2021-07-23,42-045-0002|2021|7|4,wind_only,,0.25,2,True
Philadelphia,42-101-0048,2021-07-23,42-101-0048|2021|7|4,wind_only,,0.25,2,True
Philadelphia,42-101-0075,2021-07-23,42-101-0075|2021|7|4,wind_only,,0.25,2,True
Philadelphia,42-101-0076,2021-07-23,42-101-0076|2021|7|4,wind_only,,0.25,2,True
Philadelphia,42-045-0002,2021-07-24,42-045-0002|2021|7|5,wind_only,,0.25,2,True
Philadelphia,42-101-0048,2021-07-24,42-101-0048|2021|7|5,wind_only,,0.25,2,True
Philadelphia,42-101-0075,2021-07-24,42-101-0075|2021|7|5,wind_only,,0.25,2,True
Philadelphia,42-101-0076,2021-07-24,42-101-0076|2021|7|5,wind_only,,0.25,2,True
Philadelphia,34-007-0002,2021-07-28,34-007-0002|2021|7|2,wind_only,,0.2,1,False
Philadelphia,42-045-0002,2021-07-28,42-045-0002|2021|7|2,wind_only,,0.2,1,False
Philadelphia,42-101-0048,2021-07-28,42-101-0048|2021|7|2,wind_only,,0.2,1,False
Philadelphia,42-101-0075,2021-07-28,42-101-0075|2021|7|2,wind_only,,0.2,1,False
Philadelphia,42-101-0076,2021-07-28,42-101-0076|2021|7|2,wind_only,,0.2,1,False
Philadelphia,34-007-0002,2021-07-31,34-007-0002|2021|7|5,wind_only,,0.2,2,True
Philadelphia,42-045-0002,2021-07-31,42-045-0002|2021|7|5,wind_only,,0.2,2,True
Philadelphia,42-101-0048,2021-07-31,42-101-0048|2021|7|5,wind_only,,0.2,2,True
Philadelphia,42-101-0075,2021-07-31,42-101-0075|2021|7|5,wind_only,,0.2,2,True
Philadelphia,42-101-0076,2021-07-31,42-101-0076|2021|7|5,wind_only,,0.2,2,True
Philadelphia,34-007-0002,2021-08-03,34-007-0002|2021|8|1,wind_only,,0.2,3,True
Philadelphia,42-045-0002,2021-08-03,42-045-0002|2021|8|1,wind_only,,0.2,3,True
Philadelphia,42-101-0048,2021-08-03,42-101-0048|2021|8|1,wind_only,,0.2,3,True
Philadelphia,42-101-0075,2021-08-03,42-101-0075|2021|8|1,wind_only,,0.2,3,True
Philadelphia,42-101-0076,2021-08-03,42-101-0076|2021|8|1,wind_only,,0.2,3,True
Philadelphia,34-007-0002,2021-08-04,34-007-0002|2021|8|2,wind_only,,0.2,3,True
Philadelphia,42-045-0002,2021-08-04,42-045-0002|2021|8|2,wind_only,,0.2,3,True
Philadelphia,42-101-0048,2021-08-04,42-101-0048|2021|8|2,wind_only,,0.2,3,True
Philadelphia,42-101-0075,2021-08-04,42-101-0075|2021|8|2,wind_only,,0.2,3,True
Philadelphia,42-101-0076,2021-08-04,42-101-0076|2021|8|2,wind_only,,0.2,3,True
Philadelphia,34-007-0002,2021-08-05,34-007-0002|2021|8|3,wind_only,,0.2,3,True
Philadelphia,42-045-0002,2021-08-05,42-045-0002|2021|8|3,wind_only,,0.2,3,True
Philadelphia,42-101-0048,2021-08-05,42-101-0048|2021|8|3,wind_only,,0.2,3,True
Philadelphia,42-101-0075,2021-08-05,42-101-0075|2021|8|3,wind_only,,0.2,3,True
Philadelphia,42-101-0076,2021-08-05,42-101-0076|2021|8|3,wind_only,,0.2,3,True
Philadelphia,34-007-0002,2021-08-20,34-007-0002|2021|8|4,wind_only,,0.2,2,True
Philadelphia,42-045-0002,2021-08-20,42-045-0002|2021|8|4,wind_only,,0.2,2,True
Philadelphia,42-101-0048,2021-08-20,42-101-0048|2021|8|4,wind_only,,0.2,2,True
Philadelphia,42-101-0075,2021-08-20,42-101-0075|2021|8|4,wind_only,,0.2,2,True
Philadelphia,42-101-0076,2021-08-20,42-101-0076|2021|8|4,wind_only,,0.2,2,True
Philadelphia,34-007-0002,2021-08-24,34-007-0002|2021|8|1,episode,philadelphia_2021-08-24,0.2,0,False
Philadelphia,42-045-0002,2021-08-24,42-045-0002|2021|8|1,episode,philadelphia_2021-08-24,0.2,0,False
Philadelphia,42-101-0048,2021-08-24,42-101-0048|2021|8|1,episode,philadelphia_2021-08-24,0.2,0,False
Philadelphia,42-101-0075,2021-08-24,42-101-0075|2021|8|1,episode,philadelphia_2021-08-24,0.2,0,False
Philadelphia,42-101-0076,2021-08-24,42-101-0076|2021|8|1,episode,philadelphia_2021-08-24,0.2,0,False
Philadelphia,34-007-0002,2021-08-25,34-007-0002|2021|8|2,episode,philadelphia_2021-08-24,0.2,0,False
Philadelphia,42-045-0002,2021-08-25,42-045-0002|2021|8|2,episode,philadelphia_2021-08-24,0.2,0,False
Philadelphia,42-101-0048,2021-08-25,42-101-0048|2021|8|2,episode,philadelphia_2021-08-24,0.2,0,False
Philadelphia,42-101-0075,2021-08-25,42-101-0075|2021|8|2,episode,philadelphia_2021-08-24,0.2,0,False
Philadelphia,42-101-0076,2021-08-25,42-101-0076|2021|8|2,episode,philadelphia_2021-08-24,0.2,0,False
Philadelphia,34-007-0002,2021-08-26,34-007-0002|2021|8|3,episode,philadelphia_2021-08-24,0.2,0,False
Philadelphia,42-045-0002,2021-08-26,42-045-0002|2021|8|3,episode,philadelphia_2021-08-24,0.2,0,False
Philadelphia,42-101-0048,2021-08-26,42-101-0048|2021|8|3,episode,philadelphia_2021-08-24,0.2,0,False
Philadelphia,42-101-0075,2021-08-26,42-101-0075|2021|8|3,episode,philadelphia_2021-08-24,0.2,0,False
Philadelphia,42-101-0076,2021-08-26,42-101-0076|2021|8|3,episode,philadelphia_2021-08-24,0.2,0,False
Philadelphia,34-007-0002,2021-08-27,34-007-0002|2021|8|4,episode,philadelphia_2021-08-24,0.2,0,False
Philadelphia,42-045-0002,2021-08-27,42-045-0002|2021|8|4,episode,philadelphia_2021-08-24,0.2,0,False
Philadelphia,42-101-0048,2021-08-27,42-101-0048|2021|8|4,episode,philadelphia_2021-08-24,0.2,0,False
Philadelphia,42-101-0075,2021-08-27,42-101-0075|2021|8|4,episode,philadelphia_2021-08-24,0.2,0,False
Philadelphia,42-101-0076,2021-08-27,42-101-0076|2021|8|4,episode,philadelphia_2021-08-24,0.2,0,False
Philadelphia,34-007-0002,2021-08-31,34-007-0002|2021|8|1,wind_only,,0.2,1,False
Philadelphia,42-045-0002,2021-08-31,42-045-0002|2021|8|1,wind_only,,0.2,1,False
Philadelphia,42-101-0048,2021-08-31,42-101-0048|2021|8|1,wind_only,,0.2,1,False
Philadelphia,42-101-0075,2021-08-31,42-101-0075|2021|8|1,wind_only,,0.2,1,False
Philadelphia,42-101-0076,2021-08-31,42-101-0076|2021|8|1,wind_only,,0.2,1,False
Philadelphia,34-007-0002,2022-08-10,34-007-0002|2022|8|2,episode,philadelphia_2022-08-10,0.2,0,False
Philadelphia,42-045-0002,2022-08-10,42-045-0002|2022|8|2,episode,philadelphia_2022-08-10,0.2,0,False
Philadelphia,42-101-0048,2022-08-10,42-101-0048|2022|8|2,episode,philadelphia_2022-08-10,0.2,0,False
Philadelphia,42-101-0075,2022-08-10,42-101-0075|2022|8|2,episode,philadelphia_2022-08-10,0.2,0,False
Philadelphia,42-101-0076,2022-08-10,42-101-0076|2022|8|2,episode,philadelphia_2022-08-10,0.2,0,False
Philadelphia,34-007-0002,2022-08-11,34-007-0002|2022|8|3,episode,philadelphia_2022-08-10,0.2,0,False
Philadelphia,42-045-0002,2022-08-11,42-045-0002|2022|8|3,episode,philadelphia_2022-08-10,0.2,0,False
Philadelphia,42-101-0048,2022-08-11,42-101-0048|2022|8|3,episode,philadelphia_2022-08-10,0.2,0,False
Philadelphia,42-101-0075,2022-08-11,42-101-0075|2022|8|3,episode,philadelphia_2022-08-10,0.2,0,False
Philadelphia,42-101-0076,2022-08-11,42-101-0076|2022|8|3,episode,philadelphia_2022-08-10,0.2,0,False
Philadelphia,34-007-0002,2022-08-17,34-007-0002|2022|8|2,wind_only,,0.2,2,True
Philadelphia,42-045-0002,2022-08-17,42-045-0002|2022|8|2,wind_only,,0.2,2,True
Philadelphia,42-101-0048,2022-08-17,42-101-0048|2022|8|2,wind_only,,0.2,2,True
Philadelphia,42-101-0075,2022-08-17,42-101-0075|2022|8|2,wind_only,,0.2,2,True
Philadelphia,42-101-0076,2022-08-17,42-101-0076|2022|8|2,wind_only,,0.2,2,True
Philadelphia,34-007-0002,2022-08-18,34-007-0002|2022|8|3,wind_only,,0.2,2,True
Philadelphia,42-045-0002,2022-08-18,42-045-0002|2022|8|3,wind_only,,0.2,2,True
Philadelphia,42-101-0048,2022-08-18,42-101-0048|2022|8|3,wind_only,,0.2,2,True
Philadelphia,42-101-0075,2022-08-18,42-101-0075|2022|8|3,wind_only,,0.2,2,True
Philadelphia,42-101-0076,2022-08-18,42-101-0076|2022|8|3,wind_only,,0.2,2,True
Philadelphia,34-007-0002,2023-06-01,34-007-0002|2023|6|3,episode,philadelphia_2023-06-01,0.2,0,False
Philadelphia,42-045-0002,2023-06-01,42-045-0002|2023|6|3,episode,philadelphia_2023-06-01,0.2,0,False
Philadelphia,42-101-0048,2023-06-01,42-101-0048|2023|6|3,episode,philadelphia_2023-06-01,0.2,0,False
Philadelphia,42-101-0075,2023-06-01,42-101-0075|2023|6|3,episode,philadelphia_2023-06-01,0.2,0,False
Philadelphia,42-101-0076,2023-06-01,42-101-0076|2023|6|3,episode,philadelphia_2023-06-01,0.2,0,False
Philadelphia,34-007-0002,2023-06-02,34-007-0002|2023|6|4,episode,philadelphia_2023-06-01,0.25,0,False
Philadelphia,42-045-0002,2023-06-02,42-045-0002|2023|6|4,episode,philadelphia_2023-06-01,0.25,0,False
Philadelphia,42-101-0048,2023-06-02,42-101-0048|2023|6|4,episode,philadelphia_2023-06-01,0.25,0,False
Philadelphia,42-101-0075,2023-06-02,42-101-0075|2023|6|4,episode,philadelphia_2023-06-01,0.25,0,False
Philadelphia,34-007-0002,2023-06-16,34-007-0002|2023|6|4,wind_only,,0.25,1,False
Philadelphia,42-045-0002,2023-06-16,42-045-0002|2023|6|4,wind_only,,0.25,1,False
Philadelphia,42-101-0048,2023-06-16,42-101-0048|2023|6|4,wind_only,,0.25,1,False
Philadelphia,42-101-0075,2023-06-16,42-101-0075|2023|6|4,wind_only,,0.25,1,False
Philadelphia,34-007-0002,2023-06-29,34-007-0002|2023|6|3,wind_only,,0.2,1,False
Philadelphia,42-045-0002,2023-06-29,42-045-0002|2023|6|3,wind_only,,0.2,1,False
Philadelphia,42-101-0048,2023-06-29,42-101-0048|2023|6|3,wind_only,,0.2,1,False
Philadelphia,42-101-0075,2023-06-29,42-101-0075|2023|6|3,wind_only,,0.2,1,False
Philadelphia,42-101-0076,2023-06-29,42-101-0076|2023|6|3,wind_only,,0.2,1,False
Philadelphia,34-007-0002,2023-07-05,34-007-0002|2023|7|2,episode,philadelphia_2023-07-05,0.25,0,False
Philadelphia,42-101-0048,2023-07-05,42-101-0048|2023|7|2,episode,philadelphia_2023-07-05,0.25,0,False
Philadelphia,42-101-0075,2023-07-05,42-101-0075|2023|7|2,episode,philadelphia_2023-07-05,0.25,0,False
Philadelphia,42-101-0076,2023-07-05,42-101-0076|2023|7|2,episode,philadelphia_2023-07-05,0.25,0,False
Philadelphia,34-007-0002,2023-07-06,34-007-0002|2023|7|3,episode,philadelphia_2023-07-05,0.2,0,False
Philadelphia,42-045-0002,2023-07-06,42-045-0002|2023|7|3,episode,philadelphia_2023-07-05,0.2,0,False
Philadelphia,42-101-0048,2023-07-06,42-101-0048|2023|7|3,episode,philadelphia_2023-07-05,0.2,0,False
Philadelphia,42-101-0075,2023-07-06,42-101-0075|2023|7|3,episode,philadelphia_2023-07-05,0.2,0,False
Philadelphia,42-101-0076,2023-07-06,42-101-0076|2023|7|3,episode,philadelphia_2023-07-05,0.2,0,False
Philadelphia,34-007-0002,2023-07-07,34-007-0002|2023|7|4,episode,philadelphia_2023-07-05,0.2,0,False
Philadelphia,42-045-0002,2023-07-07,42-045-0002|2023|7|4,episode,philadelphia_2023-07-05,0.2,0,False
Philadelphia,42-101-0048,2023-07-07,42-101-0048|2023|7|4,episode,philadelphia_2023-07-05,0.2,0,False
Philadelphia,42-101-0075,2023-07-07,42-101-0075|2023|7|4,episode,philadelphia_2023-07-05,0.2,0,False
Philadelphia,42-101-0076,2023-07-07,42-101-0076|2023|7|4,episode,philadelphia_2023-07-05,0.2,0,False
Philadelphia,34-007-0002,2023-07-19,34-007-0002|2023|7|2,wind_only,,0.25,3,True
Philadelphia,42-101-0048,2023-07-19,42-101-0048|2023|7|2,wind_only,,0.25,3,True
Philadelphia,42-101-0075,2023-07-19,42-101-0075|2023|7|2,wind_only,,0.25,3,True
Philadelphia,42-101-0076,2023-07-19,42-101-0076|2023|7|2,wind_only,,0.25,3,True
Philadelphia,34-007-0002,2023-07-20,34-007-0002|2023|7|3,wind_only,,0.2,3,True
Philadelphia,42-045-0002,2023-07-20,42-045-0002|2023|7|3,wind_only,,0.2,3,True
Philadelphia,42-101-0048,2023-07-20,42-101-0048|2023|7|3,wind_only,,0.2,3,True
Philadelphia,42-101-0075,2023-07-20,42-101-0075|2023|7|3,wind_only,,0.2,3,True
Philadelphia,42-101-0076,2023-07-20,42-101-0076|2023|7|3,wind_only,,0.2,3,True
Philadelphia,34-007-0002,2023-07-21,34-007-0002|2023|7|4,wind_only,,0.2,3,True
Philadelphia,42-045-0002,2023-07-21,42-045-0002|2023|7|4,wind_only,,0.2,3,True
Philadelphia,42-101-0048,2023-07-21,42-101-0048|2023|7|4,wind_only,,0.2,3,True
Philadelphia,42-101-0075,2023-07-21,42-101-0075|2023|7|4,wind_only,,0.2,3,True
Philadelphia,42-101-0076,2023-07-21,42-101-0076|2023|7|4,wind_only,,0.2,3,True
Philadelphia,34-007-0002,2023-09-07,34-007-0002|2023|9|3,episode,philadelphia_2023-09-07,0.25,0,False
Philadelphia,42-101-0048,2023-09-07,42-101-0048|2023|9|3,episode,philadelphia_2023-09-07,0.25,0,False
Philadelphia,42-101-0075,2023-09-07,42-101-0075|2023|9|3,episode,philadelphia_2023-09-07,0.25,0,False
Philadelphia,42-101-0076,2023-09-07,42-101-0076|2023|9|3,episode,philadelphia_2023-09-07,0.25,0,False
Philadelphia,34-007-0002,2023-09-21,34-007-0002|2023|9|3,wind_only,,0.25,2,True
Philadelphia,42-101-0048,2023-09-21,42-101-0048|2023|9|3,wind_only,,0.25,2,True
Philadelphia,42-101-0075,2023-09-21,42-101-0075|2023|9|3,wind_only,,0.25,2,True
Philadelphia,42-101-0076,2023-09-21,42-101-0076|2023|9|3,wind_only,,0.25,2,True
Philadelphia,42-045-0002,2024-07-07,42-045-0002|2024|7|6,episode,philadelphia_2024-07-07,0.25,0,False
Philadelphia,42-101-0048,2024-07-07,42-101-0048|2024|7|6,episode,philadelphia_2024-07-07,0.25,0,False
Philadelphia,42-101-0075,2024-07-07,42-101-0075|2024|7|6,episode,philadelphia_2024-07-07,0.25,0,False
Philadelphia,42-101-0076,2024-07-07,42-101-0076|2024|7|6,episode,philadelphia_2024-07-07,0.25,0,False
Philadelphia,42-045-0002,2024-07-08,42-045-0002|2024|7|0,episode,philadelphia_2024-07-07,0.25,0,False
Philadelphia,42-101-0048,2024-07-08,42-101-0048|2024|7|0,episode,philadelphia_2024-07-07,0.25,0,False
Philadelphia,42-101-0075,2024-07-08,42-101-0075|2024|7|0,episode,philadelphia_2024-07-07,0.25,0,False
Philadelphia,42-101-0076,2024-07-08,42-101-0076|2024|7|0,episode,philadelphia_2024-07-07,0.25,0,False
Philadelphia,42-045-0002,2024-07-21,42-045-0002|2024|7|6,wind_only,,0.25,6,True
Philadelphia,42-101-0048,2024-07-21,42-101-0048|2024|7|6,wind_only,,0.25,6,True
Philadelphia,42-101-0075,2024-07-21,42-101-0075|2024|7|6,wind_only,,0.25,6,True
Philadelphia,42-101-0076,2024-07-21,42-101-0076|2024|7|6,wind_only,,0.25,6,True
Philadelphia,42-045-0002,2024-07-22,42-045-0002|2024|7|0,wind_only,,0.25,6,True
Philadelphia,42-101-0048,2024-07-22,42-101-0048|2024|7|0,wind_only,,0.25,6,True
Philadelphia,42-101-0075,2024-07-22,42-101-0075|2024|7|0,wind_only,,0.25,6,True
Philadelphia,42-101-0076,2024-07-22,42-101-0076|2024|7|0,wind_only,,0.25,6,True
Phoenix,04-013-0019,2020-09-16,04-013-0019|2020|9|2,episode,phoenix_2020-09-16,0.25,0,False
Phoenix,04-013-3002,2020-09-16,04-013-3002|2020|9|2,episode,phoenix_2020-09-16,0.25,0,False
Phoenix,04-013-4020,2020-09-16,04-013-4020|2020|9|2,episode,phoenix_2020-09-16,0.25,0,False
Phoenix,04-013-9997,2020-09-16,04-013-9997|2020|9|2,episode,phoenix_2020-09-16,0.25,0,False
Phoenix,04-013-0019,2020-09-30,04-013-0019|2020|9|2,wind_only,,0.25,1,False
Phoenix,04-013-3002,2020-09-30,04-013-3002|2020|9|2,wind_only,,0.25,1,False
Phoenix,04-013-4020,2020-09-30,04-013-4020|2020|9|2,wind_only,,0.25,1,False
Phoenix,04-013-9997,2020-09-30,04-013-9997|2020|9|2,wind_only,,0.25,1,False
Phoenix,04-013-0019,2021-07-01,04-013-0019|2021|7|3,wind_only,,0.2,2,True
Phoenix,04-013-3002,2021-07-01,04-013-3002|2021|7|3,wind_only,,0.2,2,True
Phoenix,04-013-4020,2021-07-01,04-013-4020|2021|7|3,wind_only,,0.2,2,True
Phoenix,04-013-4021,2021-07-01,04-013-4021|2021|7|3,wind_only,,0.2,2,True
Phoenix,04-013-9997,2021-07-01,04-013-9997|2021|7|3,wind_only,,0.2,2,True
Phoenix,04-013-0019,2021-07-07,04-013-0019|2021|7|2,episode,phoenix_2021-07-07,0.2,0,False
Phoenix,04-013-3002,2021-07-07,04-013-3002|2021|7|2,episode,phoenix_2021-07-07,0.2,0,False
Phoenix,04-013-4020,2021-07-07,04-013-4020|2021|7|2,episode,phoenix_2021-07-07,0.2,0,False
Phoenix,04-013-4021,2021-07-07,04-013-4021|2021|7|2,episode,phoenix_2021-07-07,0.2,0,False
Phoenix,04-013-9997,2021-07-07,04-013-9997|2021|7|2,episode,phoenix_2021-07-07,0.2,0,False
Phoenix,04-013-0019,2021-07-08,04-013-0019|2021|7|3,episode,phoenix_2021-07-07,0.2,0,False
Phoenix,04-013-3002,2021-07-08,04-013-3002|2021|7|3,episode,phoenix_2021-07-07,0.2,0,False
Phoenix,04-013-4020,2021-07-08,04-013-4020|2021|7|3,episode,phoenix_2021-07-07,0.2,0,False
Phoenix,04-013-4021,2021-07-08,04-013-4021|2021|7|3,episode,phoenix_2021-07-07,0.2,0,False
Phoenix,04-013-9997,2021-07-08,04-013-9997|2021|7|3,episode,phoenix_2021-07-07,0.2,0,False
Phoenix,04-013-0019,2021-07-22,04-013-0019|2021|7|3,wind_only,,0.2,1,False
Phoenix,04-013-3002,2021-07-22,04-013-3002|2021|7|3,wind_only,,0.2,1,False
Phoenix,04-013-4020,2021-07-22,04-013-4020|2021|7|3,wind_only,,0.2,1,False
Phoenix,04-013-4021,2021-07-22,04-013-4021|2021|7|3,wind_only,,0.2,1,False
Phoenix,04-013-9997,2021-07-22,04-013-9997|2021|7|3,wind_only,,0.2,1,False
Phoenix,04-013-0019,2021-07-28,04-013-0019|2021|7|2,wind_only,,0.2,5,True
Phoenix,04-013-3002,2021-07-28,04-013-3002|2021|7|2,wind_only,,0.2,5,True
Phoenix,04-013-4020,2021-07-28,04-013-4020|2021|7|2,wind_only,,0.2,5,True
Phoenix,04-013-4021,2021-07-28,04-013-4021|2021|7|2,wind_only,,0.2,5,True
Phoenix,04-013-9997,2021-07-28,04-013-9997|2021|7|2,wind_only,,0.2,5,True
Phoenix,04-013-0019,2021-07-29,04-013-0019|2021|7|3,wind_only,,0.2,5,True
Phoenix,04-013-3002,2021-07-29,04-013-3002|2021|7|3,wind_only,,0.2,5,True
Phoenix,04-013-4020,2021-07-29,04-013-4020|2021|7|3,wind_only,,0.2,5,True
Phoenix,04-013-4021,2021-07-29,04-013-4021|2021|7|3,wind_only,,0.2,5,True
Phoenix,04-013-9997,2021-07-29,04-013-9997|2021|7|3,wind_only,,0.2,5,True
Phoenix,04-013-0019,2021-08-04,04-013-0019|2021|8|2,episode,phoenix_2021-08-04,0.2,0,False
Phoenix,04-013-3002,2021-08-04,04-013-3002|2021|8|2,episode,phoenix_2021-08-04,0.2,0,False
Phoenix,04-013-4020,2021-08-04,04-013-4020|2021|8|2,episode,phoenix_2021-08-04,0.2,0,False
Phoenix,04-013-4021,2021-08-04,04-013-4021|2021|8|2,episode,phoenix_2021-08-04,0.2,0,False
Phoenix,04-013-9997,2021-08-04,04-013-9997|2021|8|2,episode,phoenix_2021-08-04,0.2,0,False
Phoenix,04-013-0019,2021-08-05,04-013-0019|2021|8|3,episode,phoenix_2021-08-04,0.2,0,False
Phoenix,04-013-3002,2021-08-05,04-013-3002|2021|8|3,episode,phoenix_2021-08-04,0.2,0,False
Phoenix,04-013-4020,2021-08-05,04-013-4020|2021|8|3,episode,phoenix_2021-08-04,0.2,0,False
Phoenix,04-013-4021,2021-08-05,04-013-4021|2021|8|3,episode,phoenix_2021-08-04,0.2,0,False
Phoenix,04-013-9997,2021-08-05,04-013-9997|2021|8|3,episode,phoenix_2021-08-04,0.2,0,False
Phoenix,04-013-0019,2021-08-11,04-013-0019|2021|8|2,wind_only,,0.2,6,True
Phoenix,04-013-3002,2021-08-11,04-013-3002|2021|8|2,wind_only,,0.2,6,True
Phoenix,04-013-4020,2021-08-11,04-013-4020|2021|8|2,wind_only,,0.2,6,True
Phoenix,04-013-4021,2021-08-11,04-013-4021|2021|8|2,wind_only,,0.2,6,True
Phoenix,04-013-9997,2021-08-11,04-013-9997|2021|8|2,wind_only,,0.2,6,True
Phoenix,04-013-0019,2021-08-12,04-013-0019|2021|8|3,wind_only,,0.2,6,True
Phoenix,04-013-3002,2021-08-12,04-013-3002|2021|8|3,wind_only,,0.2,6,True
Phoenix,04-013-4020,2021-08-12,04-013-4020|2021|8|3,wind_only,,0.2,6,True
Phoenix,04-013-4021,2021-08-12,04-013-4021|2021|8|3,wind_only,,0.2,6,True
Phoenix,04-013-9997,2021-08-12,04-013-9997|2021|8|3,wind_only,,0.2,6,True
Phoenix,04-013-0019,2021-08-19,04-013-0019|2021|8|3,wind_only,,0.2,6,True
Phoenix,04-013-3002,2021-08-19,04-013-3002|2021|8|3,wind_only,,0.2,6,True
Phoenix,04-013-4020,2021-08-19,04-013-4020|2021|8|3,wind_only,,0.2,6,True
Phoenix,04-013-4021,2021-08-19,04-013-4021|2021|8|3,wind_only,,0.2,6,True
Phoenix,04-013-9997,2021-08-19,04-013-9997|2021|8|3,wind_only,,0.2,6,True
Phoenix,04-013-0019,2021-08-25,04-013-0019|2021|8|2,episode,phoenix_2021-08-25,0.2,0,False
Phoenix,04-013-3002,2021-08-25,04-013-3002|2021|8|2,episode,phoenix_2021-08-25,0.2,0,False
Phoenix,04-013-4020,2021-08-25,04-013-4020|2021|8|2,episode,phoenix_2021-08-25,0.2,0,False
Phoenix,04-013-4021,2021-08-25,04-013-4021|2021|8|2,episode,phoenix_2021-08-25,0.2,0,False
Phoenix,04-013-9997,2021-08-25,04-013-9997|2021|8|2,episode,phoenix_2021-08-25,0.2,0,False
Phoenix,04-013-0019,2021-08-26,04-013-0019|2021|8|3,episode,phoenix_2021-08-25,0.2,0,False
Phoenix,04-013-3002,2021-08-26,04-013-3002|2021|8|3,episode,phoenix_2021-08-25,0.2,0,False
Phoenix,04-013-4020,2021-08-26,04-013-4020|2021|8|3,episode,phoenix_2021-08-25,0.2,0,False
Phoenix,04-013-4021,2021-08-26,04-013-4021|2021|8|3,episode,phoenix_2021-08-25,0.2,0,False
Phoenix,04-013-9997,2021-08-26,04-013-9997|2021|8|3,episode,phoenix_2021-08-25,0.2,0,False
Phoenix,04-013-0019,2021-09-05,04-013-0019|2021|9|6,wind_only,,0.2,8,True
Phoenix,04-013-3002,2021-09-05,04-013-3002|2021|9|6,wind_only,,0.2,8,True
Phoenix,04-013-4020,2021-09-05,04-013-4020|2021|9|6,wind_only,,0.2,8,True
Phoenix,04-013-4021,2021-09-05,04-013-4021|2021|9|6,wind_only,,0.2,8,True
Phoenix,04-013-9997,2021-09-05,04-013-9997|2021|9|6,wind_only,,0.2,8,True
Phoenix,04-013-0019,2021-09-06,04-013-0019|2021|9|0,wind_only,,0.2,8,True
Phoenix,04-013-3002,2021-09-06,04-013-3002|2021|9|0,wind_only,,0.2,8,True
Phoenix,04-013-4020,2021-09-06,04-013-4020|2021|9|0,wind_only,,0.2,8,True
Phoenix,04-013-4021,2021-09-06,04-013-4021|2021|9|0,wind_only,,0.2,8,True
Phoenix,04-013-9997,2021-09-06,04-013-9997|2021|9|0,wind_only,,0.2,8,True
Phoenix,04-013-0019,2021-09-12,04-013-0019|2021|9|6,episode,phoenix_2021-09-12,0.2,0,False
Phoenix,04-013-3002,2021-09-12,04-013-3002|2021|9|6,episode,phoenix_2021-09-12,0.2,0,False
Phoenix,04-013-4020,2021-09-12,04-013-4020|2021|9|6,episode,phoenix_2021-09-12,0.2,0,False
Phoenix,04-013-4021,2021-09-12,04-013-4021|2021|9|6,episode,phoenix_2021-09-12,0.2,0,False
Phoenix,04-013-9997,2021-09-12,04-013-9997|2021|9|6,episode,phoenix_2021-09-12,0.2,0,False
Phoenix,04-013-0019,2021-09-13,04-013-0019|2021|9|0,episode,phoenix_2021-09-12,0.2,0,False
Phoenix,04-013-3002,2021-09-13,04-013-3002|2021|9|0,episode,phoenix_2021-09-12,0.2,0,False
Phoenix,04-013-4020,2021-09-13,04-013-4020|2021|9|0,episode,phoenix_2021-09-12,0.2,0,False
Phoenix,04-013-4021,2021-09-13,04-013-4021|2021|9|0,episode,phoenix_2021-09-12,0.2,0,False
Phoenix,04-013-9997,2021-09-13,04-013-9997|2021|9|0,episode,phoenix_2021-09-12,0.2,0,False
Phoenix,04-013-0019,2021-09-20,04-013-0019|2021|9|0,wind_only,,0.2,2,True
Phoenix,04-013-3002,2021-09-20,04-013-3002|2021|9|0,wind_only,,0.2,2,True
Phoenix,04-013-4020,2021-09-20,04-013-4020|2021|9|0,wind_only,,0.2,2,True
Phoenix,04-013-4021,2021-09-20,04-013-4021|2021|9|0,wind_only,,0.2,2,True
Phoenix,04-013-9997,2021-09-20,04-013-9997|2021|9|0,wind_only,,0.2,2,True
Phoenix,04-013-0019,2021-09-27,04-013-0019|2021|9|0,wind_only,,0.25,6,True
Phoenix,04-013-3002,2021-09-27,04-013-3002|2021|9|0,wind_only,,0.25,6,True
Phoenix,04-013-4020,2021-09-27,04-013-4020|2021|9|0,wind_only,,0.25,6,True
Phoenix,04-013-4021,2021-09-27,04-013-4021|2021|9|0,wind_only,,0.25,6,True
Phoenix,04-013-3002,2023-07-24,04-013-3002|2023|7|0,episode,phoenix_2023-07-24,0.25,0,False
Phoenix,04-013-4020,2023-07-24,04-013-4020|2023|7|0,episode,phoenix_2023-07-24,0.25,0,False
Phoenix,04-013-4021,2023-07-24,04-013-4021|2023|7|0,episode,phoenix_2023-07-24,0.25,0,False
Phoenix,04-013-9997,2023-07-24,04-013-9997|2023|7|0,episode,phoenix_2023-07-24,0.25,0,False
Phoenix,04-013-3002,2023-07-31,04-013-3002|2023|7|0,wind_only,,0.25,1,False
Phoenix,04-013-4020,2023-07-31,04-013-4020|2023|7|0,wind_only,,0.25,1,False
Phoenix,04-013-4021,2023-07-31,04-013-4021|2023|7|0,wind_only,,0.25,1,False
Phoenix,04-013-9997,2023-07-31,04-013-9997|2023|7|0,wind_only,,0.25,1,False
Phoenix,04-013-0019,2024-08-02,04-013-0019|2024|8|4,episode,phoenix_2024-08-02,0.25,0,False
Phoenix,04-013-3002,2024-08-02,04-013-3002|2024|8|4,episode,phoenix_2024-08-02,0.25,0,False
Phoenix,04-013-4021,2024-08-02,04-013-4021|2024|8|4,episode,phoenix_2024-08-02,0.25,0,False
Phoenix,04-013-9997,2024-08-02,04-013-9997|2024|8|4,episode,phoenix_2024-08-02,0.25,0,False
Phoenix,04-013-0019,2024-08-09,04-013-0019|2024|8|4,wind_only,,0.25,2,True
Phoenix,04-013-3002,2024-08-09,04-013-3002|2024|8|4,wind_only,,0.25,2,True
Phoenix,04-013-4021,2024-08-09,04-013-4021|2024|8|4,wind_only,,0.25,2,True
Phoenix,04-013-9997,2024-08-09,04-013-9997|2024|8|4,wind_only,,0.25,2,True
San Diego,06-073-0001,2019-08-04,06-073-0001|2019|8|6,wind_only,,0.25,3,True
San Diego,06-073-1016,2019-08-04,06-073-1016|2019|8|6,wind_only,,0.25,3,True
San Diego,06-073-1022,2019-08-04,06-073-1022|2019|8|6,wind_only,,0.25,3,True
San Diego,06-073-1026,2019-08-04,06-073-1026|2019|8|6,wind_only,,0.25,3,True
San Diego,06-073-0001,2019-08-08,06-073-0001|2019|8|3,wind_only,,0.3333333333333333,2,True
San Diego,06-073-1016,2019-08-08,06-073-1016|2019|8|3,wind_only,,0.3333333333333333,2,True
San Diego,06-073-1026,2019-08-08,06-073-1026|2019|8|3,wind_only,,0.3333333333333333,2,True
San Diego,06-073-0001,2019-08-11,06-073-0001|2019|8|6,wind_only,,0.25,3,True
San Diego,06-073-1016,2019-08-11,06-073-1016|2019|8|6,wind_only,,0.25,3,True
San Diego,06-073-1022,2019-08-11,06-073-1022|2019|8|6,wind_only,,0.25,3,True
San Diego,06-073-1026,2019-08-11,06-073-1026|2019|8|6,wind_only,,0.25,3,True
San Diego,06-073-0001,2019-08-12,06-073-0001|2019|8|0,wind_only,,0.25,3,True
San Diego,06-073-1016,2019-08-12,06-073-1016|2019|8|0,wind_only,,0.25,3,True
San Diego,06-073-1022,2019-08-12,06-073-1022|2019|8|0,wind_only,,0.25,3,True
San Diego,06-073-1026,2019-08-12,06-073-1026|2019|8|0,wind_only,,0.25,3,True
San Diego,06-073-0001,2019-08-14,06-073-0001|2019|8|2,episode,san_diego_2019-08-14,0.25,0,False
San Diego,06-073-1016,2019-08-14,06-073-1016|2019|8|2,episode,san_diego_2019-08-14,0.25,0,False
San Diego,06-073-1022,2019-08-14,06-073-1022|2019|8|2,episode,san_diego_2019-08-14,0.25,0,False
San Diego,06-073-1026,2019-08-14,06-073-1026|2019|8|2,episode,san_diego_2019-08-14,0.25,0,False
San Diego,06-073-0001,2019-08-15,06-073-0001|2019|8|3,episode,san_diego_2019-08-14,0.3333333333333333,0,False
San Diego,06-073-1016,2019-08-15,06-073-1016|2019|8|3,episode,san_diego_2019-08-14,0.3333333333333333,0,False
San Diego,06-073-1026,2019-08-15,06-073-1026|2019|8|3,episode,san_diego_2019-08-14,0.3333333333333333,0,False
San Diego,06-073-0001,2019-08-18,06-073-0001|2019|8|6,wind_only,,0.25,3,True
San Diego,06-073-1016,2019-08-18,06-073-1016|2019|8|6,wind_only,,0.25,3,True
San Diego,06-073-1022,2019-08-18,06-073-1022|2019|8|6,wind_only,,0.25,3,True
San Diego,06-073-1026,2019-08-18,06-073-1026|2019|8|6,wind_only,,0.25,3,True
San Diego,06-073-0001,2019-08-25,06-073-0001|2019|8|6,episode,san_diego_2019-08-25,0.25,0,False
San Diego,06-073-1016,2019-08-25,06-073-1016|2019|8|6,episode,san_diego_2019-08-25,0.25,0,False
San Diego,06-073-1022,2019-08-25,06-073-1022|2019|8|6,episode,san_diego_2019-08-25,0.25,0,False
San Diego,06-073-1026,2019-08-25,06-073-1026|2019|8|6,episode,san_diego_2019-08-25,0.25,0,False
San Diego,06-073-0001,2019-08-26,06-073-0001|2019|8|0,episode,san_diego_2019-08-25,0.25,0,False
San Diego,06-073-1016,2019-08-26,06-073-1016|2019|8|0,episode,san_diego_2019-08-25,0.25,0,False
San Diego,06-073-1022,2019-08-26,06-073-1022|2019|8|0,episode,san_diego_2019-08-25,0.25,0,False
San Diego,06-073-1026,2019-08-26,06-073-1026|2019|8|0,episode,san_diego_2019-08-25,0.25,0,False
San Diego,06-073-0001,2019-08-28,06-073-0001|2019|8|2,wind_only,,0.25,2,True
San Diego,06-073-1016,2019-08-28,06-073-1016|2019|8|2,wind_only,,0.25,2,True
San Diego,06-073-1022,2019-08-28,06-073-1022|2019|8|2,wind_only,,0.25,2,True
San Diego,06-073-1026,2019-08-28,06-073-1026|2019|8|2,wind_only,,0.25,2,True
San Diego,06-073-0001,2019-09-01,06-073-0001|2019|9|6,wind_only,,0.25,1,False
San Diego,06-073-1016,2019-09-01,06-073-1016|2019|9|6,wind_only,,0.25,1,False
San Diego,06-073-1022,2019-09-01,06-073-1022|2019|9|6,wind_only,,0.25,1,False
San Diego,06-073-1026,2019-09-01,06-073-1026|2019|9|6,wind_only,,0.25,1,False
San Diego,06-073-0001,2019-09-02,06-073-0001|2019|9|0,episode,san_diego_2019-09-02,0.25,0,False
San Diego,06-073-1016,2019-09-02,06-073-1016|2019|9|0,episode,san_diego_2019-09-02,0.25,0,False
San Diego,06-073-1022,2019-09-02,06-073-1022|2019|9|0,episode,san_diego_2019-09-02,0.25,0,False
San Diego,06-073-1026,2019-09-02,06-073-1026|2019|9|0,episode,san_diego_2019-09-02,0.25,0,False
San Diego,06-073-1016,2019-09-03,06-073-1016|2019|9|1,episode,san_diego_2019-09-02,0.3333333333333333,0,False
San Diego,06-073-1022,2019-09-03,06-073-1022|2019|9|1,episode,san_diego_2019-09-02,0.3333333333333333,0,False
San Diego,06-073-1026,2019-09-03,06-073-1026|2019|9|1,episode,san_diego_2019-09-02,0.3333333333333333,0,False
San Diego,06-073-1016,2019-09-04,06-073-1016|2019|9|2,episode,san_diego_2019-09-02,0.3333333333333333,0,False
San Diego,06-073-1022,2019-09-04,06-073-1022|2019|9|2,episode,san_diego_2019-09-02,0.3333333333333333,0,False
San Diego,06-073-1026,2019-09-04,06-073-1026|2019|9|2,episode,san_diego_2019-09-02,0.3333333333333333,0,False
San Diego,06-073-1016,2019-09-13,06-073-1016|2019|9|4,episode,san_diego_2019-09-13,0.3333333333333333,0,False
San Diego,06-073-1022,2019-09-13,06-073-1022|2019|9|4,episode,san_diego_2019-09-13,0.3333333333333333,0,False
San Diego,06-073-1026,2019-09-13,06-073-1026|2019|9|4,episode,san_diego_2019-09-13,0.3333333333333333,0,False
San Diego,06-073-0001,2019-09-14,06-073-0001|2019|9|5,episode,san_diego_2019-09-13,0.25,0,False
San Diego,06-073-1016,2019-09-14,06-073-1016|2019|9|5,episode,san_diego_2019-09-13,0.25,0,False
San Diego,06-073-1022,2019-09-14,06-073-1022|2019|9|5,episode,san_diego_2019-09-13,0.25,0,False
San Diego,06-073-1026,2019-09-14,06-073-1026|2019|9|5,episode,san_diego_2019-09-13,0.25,0,False
San Diego,06-073-0001,2019-09-15,06-073-0001|2019|9|6,episode,san_diego_2019-09-13,0.25,0,False
San Diego,06-073-1016,2019-09-15,06-073-1016|2019|9|6,episode,san_diego_2019-09-13,0.25,0,False
San Diego,06-073-1022,2019-09-15,06-073-1022|2019|9|6,episode,san_diego_2019-09-13,0.25,0,False
San Diego,06-073-1026,2019-09-15,06-073-1026|2019|9|6,episode,san_diego_2019-09-13,0.25,0,False
San Diego,06-073-1016,2019-09-16,06-073-1016|2019|9|0,wind_only,,0.3333333333333333,3,True
San Diego,06-073-1022,2019-09-16,06-073-1022|2019|9|0,wind_only,,0.3333333333333333,3,True
San Diego,06-073-1026,2019-09-16,06-073-1026|2019|9|0,wind_only,,0.3333333333333333,3,True
San Diego,06-073-1016,2019-09-17,06-073-1016|2019|9|1,wind_only,,0.3333333333333333,3,True
San Diego,06-073-1022,2019-09-17,06-073-1022|2019|9|1,wind_only,,0.3333333333333333,3,True
San Diego,06-073-1026,2019-09-17,06-073-1026|2019|9|1,wind_only,,0.3333333333333333,3,True
San Diego,06-073-1016,2019-09-18,06-073-1016|2019|9|2,wind_only,,0.3333333333333333,3,True
San Diego,06-073-1022,2019-09-18,06-073-1022|2019|9|2,wind_only,,0.3333333333333333,3,True
San Diego,06-073-1026,2019-09-18,06-073-1026|2019|9|2,wind_only,,0.3333333333333333,3,True
San Diego,06-073-1016,2019-09-20,06-073-1016|2019|9|4,wind_only,,0.3333333333333333,2,True
San Diego,06-073-1022,2019-09-20,06-073-1022|2019|9|4,wind_only,,0.3333333333333333,2,True
San Diego,06-073-1026,2019-09-20,06-073-1026|2019|9|4,wind_only,,0.3333333333333333,2,True
San Diego,06-073-0001,2019-09-21,06-073-0001|2019|9|5,wind_only,,0.25,2,True
San Diego,06-073-1016,2019-09-21,06-073-1016|2019|9|5,wind_only,,0.25,2,True
San Diego,06-073-1022,2019-09-21,06-073-1022|2019|9|5,wind_only,,0.25,2,True
San Diego,06-073-1026,2019-09-21,06-073-1026|2019|9|5,wind_only,,0.25,2,True
San Diego,06-073-0001,2019-09-23,06-073-0001|2019|9|0,wind_only,,0.25,1,False
San Diego,06-073-1016,2019-09-23,06-073-1016|2019|9|0,wind_only,,0.25,1,False
San Diego,06-073-1022,2019-09-23,06-073-1022|2019|9|0,wind_only,,0.25,1,False
San Diego,06-073-1026,2019-09-23,06-073-1026|2019|9|0,wind_only,,0.25,1,False
San Diego,06-073-0001,2019-10-06,06-073-0001|2019|10|6,episode,san_diego_2019-10-06,0.25,0,False
San Diego,06-073-1016,2019-10-06,06-073-1016|2019|10|6,episode,san_diego_2019-10-06,0.25,0,False
San Diego,06-073-1022,2019-10-06,06-073-1022|2019|10|6,episode,san_diego_2019-10-06,0.25,0,False
San Diego,06-073-1026,2019-10-06,06-073-1026|2019|10|6,episode,san_diego_2019-10-06,0.25,0,False
San Diego,06-073-0001,2019-10-07,06-073-0001|2019|10|0,episode,san_diego_2019-10-06,0.25,0,False
San Diego,06-073-1016,2019-10-07,06-073-1016|2019|10|0,episode,san_diego_2019-10-06,0.25,0,False
San Diego,06-073-1022,2019-10-07,06-073-1022|2019|10|0,episode,san_diego_2019-10-06,0.25,0,False
San Diego,06-073-1026,2019-10-07,06-073-1026|2019|10|0,episode,san_diego_2019-10-06,0.25,0,False
San Diego,06-073-0001,2019-10-13,06-073-0001|2019|10|6,wind_only,,0.25,4,True
San Diego,06-073-1016,2019-10-13,06-073-1016|2019|10|6,wind_only,,0.25,4,True
San Diego,06-073-1022,2019-10-13,06-073-1022|2019|10|6,wind_only,,0.25,4,True
San Diego,06-073-1026,2019-10-13,06-073-1026|2019|10|6,wind_only,,0.25,4,True
San Diego,06-073-0001,2019-10-14,06-073-0001|2019|10|0,wind_only,,0.25,4,True
San Diego,06-073-1016,2019-10-14,06-073-1016|2019|10|0,wind_only,,0.25,4,True
San Diego,06-073-1022,2019-10-14,06-073-1022|2019|10|0,wind_only,,0.25,4,True
San Diego,06-073-1026,2019-10-14,06-073-1026|2019|10|0,wind_only,,0.25,4,True
San Diego,06-073-0001,2019-10-20,06-073-0001|2019|10|6,wind_only,,0.25,2,True
San Diego,06-073-1016,2019-10-20,06-073-1016|2019|10|6,wind_only,,0.25,2,True
San Diego,06-073-1022,2019-10-20,06-073-1022|2019|10|6,wind_only,,0.25,2,True
San Diego,06-073-1026,2019-10-20,06-073-1026|2019|10|6,wind_only,,0.25,2,True
San Diego,06-073-0001,2019-10-28,06-073-0001|2019|10|0,wind_only,,0.25,1,False
San Diego,06-073-1016,2019-10-28,06-073-1016|2019|10|0,wind_only,,0.25,1,False
San Diego,06-073-1022,2019-10-28,06-073-1022|2019|10|0,wind_only,,0.25,1,False
San Diego,06-073-1026,2019-10-28,06-073-1026|2019|10|0,wind_only,,0.25,1,False
San Diego,06-073-0001,2020-08-03,06-073-0001|2020|8|0,wind_only,,0.25,4,True
San Diego,06-073-1016,2020-08-03,06-073-1016|2020|8|0,wind_only,,0.25,4,True
San Diego,06-073-1022,2020-08-03,06-073-1022|2020|8|0,wind_only,,0.25,4,True
San Diego,06-073-1026,2020-08-03,06-073-1026|2020|8|0,wind_only,,0.25,4,True
San Diego,06-073-0001,2020-08-04,06-073-0001|2020|8|1,wind_only,,0.25,4,True
San Diego,06-073-1016,2020-08-04,06-073-1016|2020|8|1,wind_only,,0.25,4,True
San Diego,06-073-1022,2020-08-04,06-073-1022|2020|8|1,wind_only,,0.25,4,True
San Diego,06-073-1026,2020-08-04,06-073-1026|2020|8|1,wind_only,,0.25,4,True
San Diego,06-073-0001,2020-08-17,06-073-0001|2020|8|0,episode,san_diego_2020-08-17,0.25,0,False
San Diego,06-073-1016,2020-08-17,06-073-1016|2020|8|0,episode,san_diego_2020-08-17,0.25,0,False
San Diego,06-073-1022,2020-08-17,06-073-1022|2020|8|0,episode,san_diego_2020-08-17,0.25,0,False
San Diego,06-073-1026,2020-08-17,06-073-1026|2020|8|0,episode,san_diego_2020-08-17,0.25,0,False
San Diego,06-073-0001,2020-08-18,06-073-0001|2020|8|1,episode,san_diego_2020-08-17,0.25,0,False
San Diego,06-073-1016,2020-08-18,06-073-1016|2020|8|1,episode,san_diego_2020-08-17,0.25,0,False
San Diego,06-073-1022,2020-08-18,06-073-1022|2020|8|1,episode,san_diego_2020-08-17,0.25,0,False
San Diego,06-073-1026,2020-08-18,06-073-1026|2020|8|1,episode,san_diego_2020-08-17,0.25,0,False
San Diego,06-073-0001,2020-09-04,06-073-0001|2020|9|4,episode,san_diego_2020-09-04,0.25,0,False
San Diego,06-073-1016,2020-09-04,06-073-1016|2020|9|4,episode,san_diego_2020-09-04,0.25,0,False
San Diego,06-073-1022,2020-09-04,06-073-1022|2020|9|4,episode,san_diego_2020-09-04,0.25,0,False
San Diego,06-073-1026,2020-09-04,06-073-1026|2020|9|4,episode,san_diego_2020-09-04,0.25,0,False
San Diego,06-073-0001,2020-09-05,06-073-0001|2020|9|5,episode,san_diego_2020-09-04,0.25,0,False
San Diego,06-073-1016,2020-09-05,06-073-1016|2020|9|5,episode,san_diego_2020-09-04,0.25,0,False
San Diego,06-073-1022,2020-09-05,06-073-1022|2020|9|5,episode,san_diego_2020-09-04,0.25,0,False
San Diego,06-073-1026,2020-09-05,06-073-1026|2020|9|5,episode,san_diego_2020-09-04,0.25,0,False
San Diego,06-073-0001,2020-09-25,06-073-0001|2020|9|4,wind_only,,0.25,3,True
San Diego,06-073-1016,2020-09-25,06-073-1016|2020|9|4,wind_only,,0.25,3,True
San Diego,06-073-1022,2020-09-25,06-073-1022|2020|9|4,wind_only,,0.25,3,True
San Diego,06-073-1026,2020-09-25,06-073-1026|2020|9|4,wind_only,,0.25,3,True
San Diego,06-073-0001,2020-09-26,06-073-0001|2020|9|5,wind_only,,0.25,3,True
San Diego,06-073-1016,2020-09-26,06-073-1016|2020|9|5,wind_only,,0.25,3,True
San Diego,06-073-1022,2020-09-26,06-073-1022|2020|9|5,wind_only,,0.25,3,True
San Diego,06-073-1026,2020-09-26,06-073-1026|2020|9|5,wind_only,,0.25,3,True
San Diego,06-073-0001,2020-10-01,06-073-0001|2020|10|3,episode,san_diego_2020-10-01,0.25,0,False
San Diego,06-073-1016,2020-10-01,06-073-1016|2020|10|3,episode,san_diego_2020-10-01,0.25,0,False
San Diego,06-073-1022,2020-10-01,06-073-1022|2020|10|3,episode,san_diego_2020-10-01,0.25,0,False
San Diego,06-073-1026,2020-10-01,06-073-1026|2020|10|3,episode,san_diego_2020-10-01,0.25,0,False
San Diego,06-073-0001,2020-10-02,06-073-0001|2020|10|4,episode,san_diego_2020-10-01,0.25,0,False
San Diego,06-073-1016,2020-10-02,06-073-1016|2020|10|4,episode,san_diego_2020-10-01,0.25,0,False
San Diego,06-073-1022,2020-10-02,06-073-1022|2020|10|4,episode,san_diego_2020-10-01,0.25,0,False
San Diego,06-073-1026,2020-10-02,06-073-1026|2020|10|4,episode,san_diego_2020-10-01,0.25,0,False
San Diego,06-073-0001,2020-10-03,06-073-0001|2020|10|5,episode,san_diego_2020-10-01,0.25,0,False
San Diego,06-073-1016,2020-10-03,06-073-1016|2020|10|5,episode,san_diego_2020-10-01,0.25,0,False
San Diego,06-073-1022,2020-10-03,06-073-1022|2020|10|5,episode,san_diego_2020-10-01,0.25,0,False
San Diego,06-073-1026,2020-10-03,06-073-1026|2020|10|5,episode,san_diego_2020-10-01,0.25,0,False
San Diego,06-073-0001,2020-10-04,06-073-0001|2020|10|6,episode,san_diego_2020-10-01,0.25,0,False
San Diego,06-073-1016,2020-10-04,06-073-1016|2020|10|6,episode,san_diego_2020-10-01,0.25,0,False
San Diego,06-073-1022,2020-10-04,06-073-1022|2020|10|6,episode,san_diego_2020-10-01,0.25,0,False
San Diego,06-073-1026,2020-10-04,06-073-1026|2020|10|6,episode,san_diego_2020-10-01,0.25,0,False
San Diego,06-073-1016,2020-10-05,06-073-1016|2020|10|0,episode,san_diego_2020-10-01,0.3333333333333333,0,False
San Diego,06-073-1022,2020-10-05,06-073-1022|2020|10|0,episode,san_diego_2020-10-01,0.3333333333333333,0,False
San Diego,06-073-1026,2020-10-05,06-073-1026|2020|10|0,episode,san_diego_2020-10-01,0.3333333333333333,0,False
San Diego,06-073-0001,2020-10-06,06-073-0001|2020|10|1,episode,san_diego_2020-10-01,0.25,0,False
San Diego,06-073-1016,2020-10-06,06-073-1016|2020|10|1,episode,san_diego_2020-10-01,0.25,0,False
San Diego,06-073-1022,2020-10-06,06-073-1022|2020|10|1,episode,san_diego_2020-10-01,0.25,0,False
San Diego,06-073-1026,2020-10-06,06-073-1026|2020|10|1,episode,san_diego_2020-10-01,0.25,0,False
San Diego,06-073-0001,2020-10-07,06-073-0001|2020|10|2,wind_only,,0.25,2,True
San Diego,06-073-1016,2020-10-07,06-073-1016|2020|10|2,wind_only,,0.25,2,True
San Diego,06-073-1022,2020-10-07,06-073-1022|2020|10|2,wind_only,,0.25,2,True
San Diego,06-073-1026,2020-10-07,06-073-1026|2020|10|2,wind_only,,0.25,2,True
San Diego,06-073-0001,2020-10-08,06-073-0001|2020|10|3,wind_only,,0.25,2,True
San Diego,06-073-1016,2020-10-08,06-073-1016|2020|10|3,wind_only,,0.25,2,True
San Diego,06-073-1022,2020-10-08,06-073-1022|2020|10|3,wind_only,,0.25,2,True
San Diego,06-073-1026,2020-10-08,06-073-1026|2020|10|3,wind_only,,0.25,2,True
San Diego,06-073-0001,2020-10-14,06-073-0001|2020|10|2,episode,san_diego_2020-10-14,0.25,0,False
San Diego,06-073-1016,2020-10-14,06-073-1016|2020|10|2,episode,san_diego_2020-10-14,0.25,0,False
San Diego,06-073-1022,2020-10-14,06-073-1022|2020|10|2,episode,san_diego_2020-10-14,0.25,0,False
San Diego,06-073-1026,2020-10-14,06-073-1026|2020|10|2,episode,san_diego_2020-10-14,0.25,0,False
San Diego,06-073-0001,2020-10-15,06-073-0001|2020|10|3,episode,san_diego_2020-10-14,0.25,0,False
San Diego,06-073-1016,2020-10-15,06-073-1016|2020|10|3,episode,san_diego_2020-10-14,0.25,0,False
San Diego,06-073-1022,2020-10-15,06-073-1022|2020|10|3,episode,san_diego_2020-10-14,0.25,0,False
San Diego,06-073-1026,2020-10-15,06-073-1026|2020|10|3,episode,san_diego_2020-10-14,0.25,0,False
San Diego,06-073-0001,2020-10-16,06-073-0001|2020|10|4,episode,san_diego_2020-10-14,0.25,0,False
San Diego,06-073-1016,2020-10-16,06-073-1016|2020|10|4,episode,san_diego_2020-10-14,0.25,0,False
San Diego,06-073-1022,2020-10-16,06-073-1022|2020|10|4,episode,san_diego_2020-10-14,0.25,0,False
San Diego,06-073-1026,2020-10-16,06-073-1026|2020|10|4,episode,san_diego_2020-10-14,0.25,0,False
San Diego,06-073-0001,2020-10-17,06-073-0001|2020|10|5,wind_only,,0.25,7,True
San Diego,06-073-1016,2020-10-17,06-073-1016|2020|10|5,wind_only,,0.25,7,True
San Diego,06-073-1022,2020-10-17,06-073-1022|2020|10|5,wind_only,,0.25,7,True
San Diego,06-073-1026,2020-10-17,06-073-1026|2020|10|5,wind_only,,0.25,7,True
San Diego,06-073-0001,2020-10-18,06-073-0001|2020|10|6,wind_only,,0.25,7,True
San Diego,06-073-1016,2020-10-18,06-073-1016|2020|10|6,wind_only,,0.25,7,True
San Diego,06-073-1022,2020-10-18,06-073-1022|2020|10|6,wind_only,,0.25,7,True
San Diego,06-073-1026,2020-10-18,06-073-1026|2020|10|6,wind_only,,0.25,7,True
San Diego,06-073-1016,2020-10-19,06-073-1016|2020|10|0,wind_only,,0.3333333333333333,7,True
San Diego,06-073-1022,2020-10-19,06-073-1022|2020|10|0,wind_only,,0.3333333333333333,7,True
San Diego,06-073-1026,2020-10-19,06-073-1026|2020|10|0,wind_only,,0.3333333333333333,7,True
San Diego,06-073-0001,2020-10-20,06-073-0001|2020|10|1,wind_only,,0.25,7,True
San Diego,06-073-1016,2020-10-20,06-073-1016|2020|10|1,wind_only,,0.25,7,True
San Diego,06-073-1022,2020-10-20,06-073-1022|2020|10|1,wind_only,,0.25,7,True
San Diego,06-073-1026,2020-10-20,06-073-1026|2020|10|1,wind_only,,0.25,7,True
San Diego,06-073-0001,2020-10-21,06-073-0001|2020|10|2,wind_only,,0.25,7,True
San Diego,06-073-1016,2020-10-21,06-073-1016|2020|10|2,wind_only,,0.25,7,True
San Diego,06-073-1022,2020-10-21,06-073-1022|2020|10|2,wind_only,,0.25,7,True
San Diego,06-073-1026,2020-10-21,06-073-1026|2020|10|2,wind_only,,0.25,7,True
San Diego,06-073-0001,2020-10-22,06-073-0001|2020|10|3,wind_only,,0.25,7,True
San Diego,06-073-1016,2020-10-22,06-073-1016|2020|10|3,wind_only,,0.25,7,True
San Diego,06-073-1022,2020-10-22,06-073-1022|2020|10|3,wind_only,,0.25,7,True
San Diego,06-073-1026,2020-10-22,06-073-1026|2020|10|3,wind_only,,0.25,7,True
San Diego,06-073-0001,2020-10-23,06-073-0001|2020|10|4,wind_only,,0.25,7,True
San Diego,06-073-1016,2020-10-23,06-073-1016|2020|10|4,wind_only,,0.25,7,True
San Diego,06-073-1022,2020-10-23,06-073-1022|2020|10|4,wind_only,,0.25,7,True
San Diego,06-073-1026,2020-10-23,06-073-1026|2020|10|4,wind_only,,0.25,7,True
San Diego,06-073-1016,2020-10-26,06-073-1016|2020|10|0,wind_only,,0.3333333333333333,2,True
San Diego,06-073-1022,2020-10-26,06-073-1022|2020|10|0,wind_only,,0.3333333333333333,2,True
San Diego,06-073-1026,2020-10-26,06-073-1026|2020|10|0,wind_only,,0.3333333333333333,2,True
San Diego,06-073-0001,2020-10-27,06-073-0001|2020|10|1,wind_only,,0.25,2,True
San Diego,06-073-1016,2020-10-27,06-073-1016|2020|10|1,wind_only,,0.25,2,True
San Diego,06-073-1022,2020-10-27,06-073-1022|2020|10|1,wind_only,,0.25,2,True
San Diego,06-073-1026,2020-10-27,06-073-1026|2020|10|1,wind_only,,0.25,2,True
San Diego,06-073-0001,2020-10-29,06-073-0001|2020|10|3,wind_only,,0.25,3,True
San Diego,06-073-1016,2020-10-29,06-073-1016|2020|10|3,wind_only,,0.25,3,True
San Diego,06-073-1022,2020-10-29,06-073-1022|2020|10|3,wind_only,,0.25,3,True
San Diego,06-073-1026,2020-10-29,06-073-1026|2020|10|3,wind_only,,0.25,3,True
San Diego,06-073-0001,2020-10-30,06-073-0001|2020|10|4,wind_only,,0.25,3,True
San Diego,06-073-1016,2020-10-30,06-073-1016|2020|10|4,wind_only,,0.25,3,True
San Diego,06-073-1022,2020-10-30,06-073-1022|2020|10|4,wind_only,,0.25,3,True
San Diego,06-073-1026,2020-10-30,06-073-1026|2020|10|4,wind_only,,0.25,3,True
San Diego,06-073-0001,2020-10-31,06-073-0001|2020|10|5,wind_only,,0.25,3,True
San Diego,06-073-1016,2020-10-31,06-073-1016|2020|10|5,wind_only,,0.25,3,True
San Diego,06-073-1022,2020-10-31,06-073-1022|2020|10|5,wind_only,,0.25,3,True
San Diego,06-073-1026,2020-10-31,06-073-1026|2020|10|5,wind_only,,0.25,3,True
San Diego,06-073-0001,2021-08-07,06-073-0001|2021|8|5,wind_only,,0.25,1,False
San Diego,06-073-1016,2021-08-07,06-073-1016|2021|8|5,wind_only,,0.25,1,False
San Diego,06-073-1022,2021-08-07,06-073-1022|2021|8|5,wind_only,,0.25,1,False
San Diego,06-073-1026,2021-08-07,06-073-1026|2021|8|5,wind_only,,0.25,1,False
San Diego,06-073-0001,2021-08-28,06-073-0001|2021|8|5,episode,san_diego_2021-08-27,0.25,0,False
San Diego,06-073-1016,2021-08-28,06-073-1016|2021|8|5,episode,san_diego_2021-08-27,0.25,0,False
San Diego,06-073-1022,2021-08-28,06-073-1022|2021|8|5,episode,san_diego_2021-08-27,0.25,0,False
San Diego,06-073-1026,2021-08-28,06-073-1026|2021|8|5,episode,san_diego_2021-08-27,0.25,0,False
San Diego,06-073-0001,2021-10-01,06-073-0001|2021|10|4,episode,san_diego_2021-10-01,0.25,0,False
San Diego,06-073-1016,2021-10-01,06-073-1016|2021|10|4,episode,san_diego_2021-10-01,0.25,0,False
San Diego,06-073-1022,2021-10-01,06-073-1022|2021|10|4,episode,san_diego_2021-10-01,0.25,0,False
San Diego,06-073-1026,2021-10-01,06-073-1026|2021|10|4,episode,san_diego_2021-10-01,0.25,0,False
San Diego,06-073-0001,2021-10-02,06-073-0001|2021|10|5,episode,san_diego_2021-10-01,0.25,0,False
San Diego,06-073-1016,2021-10-02,06-073-1016|2021|10|5,episode,san_diego_2021-10-01,0.25,0,False
San Diego,06-073-1022,2021-10-02,06-073-1022|2021|10|5,episode,san_diego_2021-10-01,0.25,0,False
San Diego,06-073-1026,2021-10-02,06-073-1026|2021|10|5,episode,san_diego_2021-10-01,0.25,0,False
San Diego,06-073-0001,2021-10-09,06-073-0001|2021|10|5,wind_only,,0.25,2,True
San Diego,06-073-1016,2021-10-09,06-073-1016|2021|10|5,wind_only,,0.25,2,True
San Diego,06-073-1022,2021-10-09,06-073-1022|2021|10|5,wind_only,,0.25,2,True
San Diego,06-073-1026,2021-10-09,06-073-1026|2021|10|5,wind_only,,0.25,2,True
San Diego,06-073-0001,2021-10-23,06-073-0001|2021|10|5,wind_only,,0.25,2,True
San Diego,06-073-1016,2021-10-23,06-073-1016|2021|10|5,wind_only,,0.25,2,True
San Diego,06-073-1022,2021-10-23,06-073-1022|2021|10|5,wind_only,,0.25,2,True
San Diego,06-073-1026,2021-10-23,06-073-1026|2021|10|5,wind_only,,0.25,2,True
San Diego,06-073-0001,2021-10-29,06-073-0001|2021|10|4,wind_only,,0.25,3,True
San Diego,06-073-1016,2021-10-29,06-073-1016|2021|10|4,wind_only,,0.25,3,True
San Diego,06-073-1022,2021-10-29,06-073-1022|2021|10|4,wind_only,,0.25,3,True
San Diego,06-073-1026,2021-10-29,06-073-1026|2021|10|4,wind_only,,0.25,3,True
San Diego,06-073-0001,2021-10-30,06-073-0001|2021|10|5,wind_only,,0.25,3,True
San Diego,06-073-1016,2021-10-30,06-073-1016|2021|10|5,wind_only,,0.25,3,True
San Diego,06-073-1022,2021-10-30,06-073-1022|2021|10|5,wind_only,,0.25,3,True
San Diego,06-073-1026,2021-10-30,06-073-1026|2021|10|5,wind_only,,0.25,3,True
San Diego,06-073-0001,2022-06-12,06-073-0001|2022|6|6,wind_only,,0.25,1,False
San Diego,06-073-1016,2022-06-12,06-073-1016|2022|6|6,wind_only,,0.25,1,False
San Diego,06-073-1022,2022-06-12,06-073-1022|2022|6|6,wind_only,,0.25,1,False
San Diego,06-073-1026,2022-06-12,06-073-1026|2022|6|6,wind_only,,0.25,1,False
San Diego,06-073-1016,2022-06-21,06-073-1016|2022|6|1,wind_only,,0.3333333333333333,1,False
San Diego,06-073-1022,2022-06-21,06-073-1022|2022|6|1,wind_only,,0.3333333333333333,1,False
San Diego,06-073-1026,2022-06-21,06-073-1026|2022|6|1,wind_only,,0.3333333333333333,1,False
San Diego,06-073-0001,2022-06-26,06-073-0001|2022|6|6,episode,san_diego_2022-06-26,0.25,0,False
San Diego,06-073-1016,2022-06-26,06-073-1016|2022|6|6,episode,san_diego_2022-06-26,0.25,0,False
San Diego,06-073-1022,2022-06-26,06-073-1022|2022|6|6,episode,san_diego_2022-06-26,0.25,0,False
San Diego,06-073-1026,2022-06-26,06-073-1026|2022|6|6,episode,san_diego_2022-06-26,0.25,0,False
San Diego,06-073-1016,2022-06-28,06-073-1016|2022|6|1,episode,san_diego_2022-06-26,0.3333333333333333,0,False
San Diego,06-073-1022,2022-06-28,06-073-1022|2022|6|1,episode,san_diego_2022-06-26,0.3333333333333333,0,False
San Diego,06-073-1026,2022-06-28,06-073-1026|2022|6|1,episode,san_diego_2022-06-26,0.3333333333333333,0,False
San Diego,06-073-0001,2022-08-09,06-073-0001|2022|8|1,episode,san_diego_2022-08-09,0.3333333333333333,0,False
San Diego,06-073-1022,2022-08-09,06-073-1022|2022|8|1,episode,san_diego_2022-08-09,0.3333333333333333,0,False
San Diego,06-073-1026,2022-08-09,06-073-1026|2022|8|1,episode,san_diego_2022-08-09,0.3333333333333333,0,False
San Diego,06-073-0001,2022-08-10,06-073-0001|2022|8|2,episode,san_diego_2022-08-09,0.25,0,False
San Diego,06-073-1016,2022-08-10,06-073-1016|2022|8|2,episode,san_diego_2022-08-09,0.25,0,False
San Diego,06-073-1022,2022-08-10,06-073-1022|2022|8|2,episode,san_diego_2022-08-09,0.25,0,False
San Diego,06-073-1026,2022-08-10,06-073-1026|2022|8|2,episode,san_diego_2022-08-09,0.25,0,False
San Diego,06-073-0001,2022-08-23,06-073-0001|2022|8|1,wind_only,,0.3333333333333333,2,True
San Diego,06-073-1022,2022-08-23,06-073-1022|2022|8|1,wind_only,,0.3333333333333333,2,True
San Diego,06-073-1026,2022-08-23,06-073-1026|2022|8|1,wind_only,,0.3333333333333333,2,True
San Diego,06-073-0001,2022-08-24,06-073-0001|2022|8|2,wind_only,,0.25,2,True
San Diego,06-073-1016,2022-08-24,06-073-1016|2022|8|2,wind_only,,0.25,2,True
San Diego,06-073-1022,2022-08-24,06-073-1022|2022|8|2,wind_only,,0.25,2,True
San Diego,06-073-1026,2022-08-24,06-073-1026|2022|8|2,wind_only,,0.25,2,True
San Diego,06-073-0001,2022-09-02,06-073-0001|2022|9|4,episode,san_diego_2022-09-02,0.25,0,False
San Diego,06-073-1016,2022-09-02,06-073-1016|2022|9|4,episode,san_diego_2022-09-02,0.25,0,False
San Diego,06-073-1022,2022-09-02,06-073-1022|2022|9|4,episode,san_diego_2022-09-02,0.25,0,False
San Diego,06-073-1026,2022-09-02,06-073-1026|2022|9|4,episode,san_diego_2022-09-02,0.25,0,False
San Diego,06-073-0001,2022-09-03,06-073-0001|2022|9|5,episode,san_diego_2022-09-02,0.25,0,False
San Diego,06-073-1016,2022-09-03,06-073-1016|2022|9|5,episode,san_diego_2022-09-02,0.25,0,False
San Diego,06-073-1022,2022-09-03,06-073-1022|2022|9|5,episode,san_diego_2022-09-02,0.25,0,False
San Diego,06-073-1026,2022-09-03,06-073-1026|2022|9|5,episode,san_diego_2022-09-02,0.25,0,False
San Diego,06-073-0001,2022-09-10,06-073-0001|2022|9|5,wind_only,,0.25,1,False
San Diego,06-073-1016,2022-09-10,06-073-1016|2022|9|5,wind_only,,0.25,1,False
San Diego,06-073-1022,2022-09-10,06-073-1022|2022|9|5,wind_only,,0.25,1,False
San Diego,06-073-1026,2022-09-10,06-073-1026|2022|9|5,wind_only,,0.25,1,False
San Diego,06-073-0001,2022-09-16,06-073-0001|2022|9|4,wind_only,,0.25,3,True
San Diego,06-073-1016,2022-09-16,06-073-1016|2022|9|4,wind_only,,0.25,3,True
San Diego,06-073-1022,2022-09-16,06-073-1022|2022|9|4,wind_only,,0.25,3,True
San Diego,06-073-1026,2022-09-16,06-073-1026|2022|9|4,wind_only,,0.25,3,True
San Diego,06-073-0001,2022-09-17,06-073-0001|2022|9|5,wind_only,,0.25,3,True
San Diego,06-073-1016,2022-09-17,06-073-1016|2022|9|5,wind_only,,0.25,3,True
San Diego,06-073-1022,2022-09-17,06-073-1022|2022|9|5,wind_only,,0.25,3,True
San Diego,06-073-1026,2022-09-17,06-073-1026|2022|9|5,wind_only,,0.25,3,True
San Diego,06-073-1016,2023-07-10,06-073-1016|2023|7|0,wind_only,,0.3333333333333333,2,True
San Diego,06-073-1022,2023-07-10,06-073-1022|2023|7|0,wind_only,,0.3333333333333333,2,True
San Diego,06-073-1026,2023-07-10,06-073-1026|2023|7|0,wind_only,,0.3333333333333333,2,True
San Diego,06-073-0001,2023-07-11,06-073-0001|2023|7|1,wind_only,,0.25,2,True
San Diego,06-073-1016,2023-07-11,06-073-1016|2023|7|1,wind_only,,0.25,2,True
San Diego,06-073-1022,2023-07-11,06-073-1022|2023|7|1,wind_only,,0.25,2,True
San Diego,06-073-1026,2023-07-11,06-073-1026|2023|7|1,wind_only,,0.25,2,True
San Diego,06-073-0001,2023-07-24,06-073-0001|2023|7|0,episode,san_diego_2023-07-24,0.25,0,False
San Diego,06-073-1016,2023-07-24,06-073-1016|2023|7|0,episode,san_diego_2023-07-24,0.25,0,False
San Diego,06-073-1022,2023-07-24,06-073-1022|2023|7|0,episode,san_diego_2023-07-24,0.25,0,False
San Diego,06-073-1026,2023-07-24,06-073-1026|2023|7|0,episode,san_diego_2023-07-24,0.25,0,False
San Diego,06-073-0001,2023-07-25,06-073-0001|2023|7|1,episode,san_diego_2023-07-24,0.25,0,False
San Diego,06-073-1016,2023-07-25,06-073-1016|2023|7|1,episode,san_diego_2023-07-24,0.25,0,False
San Diego,06-073-1022,2023-07-25,06-073-1022|2023|7|1,episode,san_diego_2023-07-24,0.25,0,False
San Diego,06-073-1026,2023-07-25,06-073-1026|2023|7|1,episode,san_diego_2023-07-24,0.25,0,False
San Diego,06-073-0001,2023-07-31,06-073-0001|2023|7|0,wind_only,,0.25,1,False
San Diego,06-073-1016,2023-07-31,06-073-1016|2023|7|0,wind_only,,0.25,1,False
San Diego,06-073-1022,2023-07-31,06-073-1022|2023|7|0,wind_only,,0.25,1,False
San Diego,06-073-1026,2023-07-31,06-073-1026|2023|7|0,wind_only,,0.25,1,False
San Diego,06-073-0001,2023-09-04,06-073-0001|2023|9|0,wind_only,,0.25,2,True
San Diego,06-073-1016,2023-09-04,06-073-1016|2023|9|0,wind_only,,0.25,2,True
San Diego,06-073-1022,2023-09-04,06-073-1022|2023|9|0,wind_only,,0.25,2,True
San Diego,06-073-1026,2023-09-04,06-073-1026|2023|9|0,wind_only,,0.25,2,True
San Diego,06-073-0001,2023-09-10,06-073-0001|2023|9|6,episode,san_diego_2023-09-10,0.25,0,False
San Diego,06-073-1016,2023-09-10,06-073-1016|2023|9|6,episode,san_diego_2023-09-10,0.25,0,False
San Diego,06-073-1022,2023-09-10,06-073-1022|2023|9|6,episode,san_diego_2023-09-10,0.25,0,False
San Diego,06-073-1026,2023-09-10,06-073-1026|2023|9|6,episode,san_diego_2023-09-10,0.25,0,False
San Diego,06-073-0001,2023-09-11,06-073-0001|2023|9|0,episode,san_diego_2023-09-10,0.25,0,False
San Diego,06-073-1016,2023-09-11,06-073-1016|2023|9|0,episode,san_diego_2023-09-10,0.25,0,False
San Diego,06-073-1022,2023-09-11,06-073-1022|2023|9|0,episode,san_diego_2023-09-10,0.25,0,False
San Diego,06-073-1026,2023-09-11,06-073-1026|2023|9|0,episode,san_diego_2023-09-10,0.25,0,False
San Diego,06-073-0001,2023-09-24,06-073-0001|2023|9|6,wind_only,,0.25,1,False
San Diego,06-073-1016,2023-09-24,06-073-1016|2023|9|6,wind_only,,0.25,1,False
San Diego,06-073-1022,2023-09-24,06-073-1022|2023|9|6,wind_only,,0.25,1,False
San Diego,06-073-1026,2023-09-24,06-073-1026|2023|9|6,wind_only,,0.25,1,False
San Diego,06-073-0001,2023-10-04,06-073-0001|2023|10|2,episode,san_diego_2023-10-04,0.25,0,False
San Diego,06-073-1016,2023-10-04,06-073-1016|2023|10|2,episode,san_diego_2023-10-04,0.25,0,False
San Diego,06-073-1022,2023-10-04,06-073-1022|2023|10|2,episode,san_diego_2023-10-04,0.25,0,False
San Diego,06-073-1026,2023-10-04,06-073-1026|2023|10|2,episode,san_diego_2023-10-04,0.25,0,False
San Diego,06-073-0001,2023-10-05,06-073-0001|2023|10|3,episode,san_diego_2023-10-04,0.25,0,False
San Diego,06-073-1016,2023-10-05,06-073-1016|2023|10|3,episode,san_diego_2023-10-04,0.25,0,False
San Diego,06-073-1022,2023-10-05,06-073-1022|2023|10|3,episode,san_diego_2023-10-04,0.25,0,False
San Diego,06-073-1026,2023-10-05,06-073-1026|2023|10|3,episode,san_diego_2023-10-04,0.25,0,False
San Diego,06-073-0001,2023-10-06,06-073-0001|2023|10|4,episode,san_diego_2023-10-04,0.25,0,False
San Diego,06-073-1016,2023-10-06,06-073-1016|2023|10|4,episode,san_diego_2023-10-04,0.25,0,False
San Diego,06-073-1022,2023-10-06,06-073-1022|2023|10|4,episode,san_diego_2023-10-04,0.25,0,False
San Diego,06-073-1026,2023-10-06,06-073-1026|2023|10|4,episode,san_diego_2023-10-04,0.25,0,False
San Diego,06-073-0001,2023-10-07,06-073-0001|2023|10|5,episode,san_diego_2023-10-04,0.25,0,False
San Diego,06-073-1016,2023-10-07,06-073-1016|2023|10|5,episode,san_diego_2023-10-04,0.25,0,False
San Diego,06-073-1022,2023-10-07,06-073-1022|2023|10|5,episode,san_diego_2023-10-04,0.25,0,False
San Diego,06-073-1026,2023-10-07,06-073-1026|2023|10|5,episode,san_diego_2023-10-04,0.25,0,False
San Diego,06-073-0001,2023-10-12,06-073-0001|2023|10|3,wind_only,,0.25,2,True
San Diego,06-073-1016,2023-10-12,06-073-1016|2023|10|3,wind_only,,0.25,2,True
San Diego,06-073-1022,2023-10-12,06-073-1022|2023|10|3,wind_only,,0.25,2,True
San Diego,06-073-1026,2023-10-12,06-073-1026|2023|10|3,wind_only,,0.25,2,True
San Diego,06-073-0001,2023-10-13,06-073-0001|2023|10|4,wind_only,,0.25,2,True
San Diego,06-073-1016,2023-10-13,06-073-1016|2023|10|4,wind_only,,0.25,2,True
San Diego,06-073-1022,2023-10-13,06-073-1022|2023|10|4,wind_only,,0.25,2,True
San Diego,06-073-1026,2023-10-13,06-073-1026|2023|10|4,wind_only,,0.25,2,True
San Diego,06-073-0001,2023-10-18,06-073-0001|2023|10|2,wind_only,,0.25,3,True
San Diego,06-073-1016,2023-10-18,06-073-1016|2023|10|2,wind_only,,0.25,3,True
San Diego,06-073-1022,2023-10-18,06-073-1022|2023|10|2,wind_only,,0.25,3,True
San Diego,06-073-1026,2023-10-18,06-073-1026|2023|10|2,wind_only,,0.25,3,True
San Diego,06-073-0001,2023-10-26,06-073-0001|2023|10|3,wind_only,,0.25,3,True
San Diego,06-073-1016,2023-10-26,06-073-1016|2023|10|3,wind_only,,0.25,3,True
San Diego,06-073-1022,2023-10-26,06-073-1022|2023|10|3,wind_only,,0.25,3,True
San Diego,06-073-1026,2023-10-26,06-073-1026|2023|10|3,wind_only,,0.25,3,True
San Diego,06-073-0001,2023-10-27,06-073-0001|2023|10|4,wind_only,,0.25,3,True
San Diego,06-073-1016,2023-10-27,06-073-1016|2023|10|4,wind_only,,0.25,3,True
San Diego,06-073-1022,2023-10-27,06-073-1022|2023|10|4,wind_only,,0.25,3,True
San Diego,06-073-1026,2023-10-27,06-073-1026|2023|10|4,wind_only,,0.25,3,True
San Diego,06-073-0001,2023-10-28,06-073-0001|2023|10|5,wind_only,,0.25,3,True
San Diego,06-073-1016,2023-10-28,06-073-1016|2023|10|5,wind_only,,0.25,3,True
San Diego,06-073-1022,2023-10-28,06-073-1022|2023|10|5,wind_only,,0.25,3,True
San Diego,06-073-1026,2023-10-28,06-073-1026|2023|10|5,wind_only,,0.25,3,True
San Diego,06-073-0001,2024-06-15,06-073-0001|2024|6|5,wind_only,,0.2,1,False
San Diego,06-073-1016,2024-06-15,06-073-1016|2024|6|5,wind_only,,0.2,1,False
San Diego,06-073-1022,2024-06-15,06-073-1022|2024|6|5,wind_only,,0.2,1,False
San Diego,06-073-1025,2024-06-15,06-073-1025|2024|6|5,wind_only,,0.2,1,False
San Diego,06-073-1026,2024-06-15,06-073-1026|2024|6|5,wind_only,,0.2,1,False
San Diego,06-073-0001,2024-06-22,06-073-0001|2024|6|5,episode,san_diego_2024-06-22,0.2,0,False
San Diego,06-073-1016,2024-06-22,06-073-1016|2024|6|5,episode,san_diego_2024-06-22,0.2,0,False
San Diego,06-073-1022,2024-06-22,06-073-1022|2024|6|5,episode,san_diego_2024-06-22,0.2,0,False
San Diego,06-073-1025,2024-06-22,06-073-1025|2024|6|5,episode,san_diego_2024-06-22,0.2,0,False
San Diego,06-073-1026,2024-06-22,06-073-1026|2024|6|5,episode,san_diego_2024-06-22,0.2,0,False
San Diego,06-073-0001,2024-08-01,06-073-0001|2024|8|3,wind_only,,0.2,1,False
San Diego,06-073-1016,2024-08-01,06-073-1016|2024|8|3,wind_only,,0.2,1,False
San Diego,06-073-1022,2024-08-01,06-073-1022|2024|8|3,wind_only,,0.2,1,False
San Diego,06-073-1025,2024-08-01,06-073-1025|2024|8|3,wind_only,,0.2,1,False
San Diego,06-073-1026,2024-08-01,06-073-1026|2024|8|3,wind_only,,0.2,1,False
San Diego,06-073-0001,2024-08-13,06-073-0001|2024|8|1,episode,san_diego_2024-08-13,0.2,0,False
San Diego,06-073-1016,2024-08-13,06-073-1016|2024|8|1,episode,san_diego_2024-08-13,0.2,0,False
San Diego,06-073-1022,2024-08-13,06-073-1022|2024|8|1,episode,san_diego_2024-08-13,0.2,0,False
San Diego,06-073-1025,2024-08-13,06-073-1025|2024|8|1,episode,san_diego_2024-08-13,0.2,0,False
San Diego,06-073-1026,2024-08-13,06-073-1026|2024|8|1,episode,san_diego_2024-08-13,0.2,0,False
San Diego,06-073-0001,2024-08-15,06-073-0001|2024|8|3,episode,san_diego_2024-08-13,0.2,0,False
San Diego,06-073-1016,2024-08-15,06-073-1016|2024|8|3,episode,san_diego_2024-08-13,0.2,0,False
San Diego,06-073-1022,2024-08-15,06-073-1022|2024|8|3,episode,san_diego_2024-08-13,0.2,0,False
San Diego,06-073-1025,2024-08-15,06-073-1025|2024|8|3,episode,san_diego_2024-08-13,0.2,0,False
San Diego,06-073-1026,2024-08-15,06-073-1026|2024|8|3,episode,san_diego_2024-08-13,0.2,0,False
San Diego,06-073-0001,2024-08-27,06-073-0001|2024|8|1,wind_only,,0.2,1,False
San Diego,06-073-1016,2024-08-27,06-073-1016|2024|8|1,wind_only,,0.2,1,False
San Diego,06-073-1022,2024-08-27,06-073-1022|2024|8|1,wind_only,,0.2,1,False
San Diego,06-073-1025,2024-08-27,06-073-1025|2024|8|1,wind_only,,0.2,1,False
San Diego,06-073-1026,2024-08-27,06-073-1026|2024|8|1,wind_only,,0.2,1,False
San Diego,06-073-0001,2024-09-07,06-073-0001|2024|9|5,episode,san_diego_2024-09-05,0.2,0,False
San Diego,06-073-1016,2024-09-07,06-073-1016|2024|9|5,episode,san_diego_2024-09-05,0.2,0,False
San Diego,06-073-1022,2024-09-07,06-073-1022|2024|9|5,episode,san_diego_2024-09-05,0.2,0,False
San Diego,06-073-1025,2024-09-07,06-073-1025|2024|9|5,episode,san_diego_2024-09-05,0.2,0,False
San Diego,06-073-1026,2024-09-07,06-073-1026|2024|9|5,episode,san_diego_2024-09-05,0.2,0,False
San Diego,06-073-0001,2024-09-14,06-073-0001|2024|9|5,wind_only,,0.2,1,False
San Diego,06-073-1016,2024-09-14,06-073-1016|2024|9|5,wind_only,,0.2,1,False
San Diego,06-073-1022,2024-09-14,06-073-1022|2024|9|5,wind_only,,0.2,1,False
San Diego,06-073-1025,2024-09-14,06-073-1025|2024|9|5,wind_only,,0.2,1,False
San Diego,06-073-1026,2024-09-14,06-073-1026|2024|9|5,wind_only,,0.2,1,False
San Diego,06-073-0001,2024-09-21,06-073-0001|2024|9|5,wind_only,,0.2,1,False
San Diego,06-073-1016,2024-09-21,06-073-1016|2024|9|5,wind_only,,0.2,1,False
San Diego,06-073-1022,2024-09-21,06-073-1022|2024|9|5,wind_only,,0.2,1,False
San Diego,06-073-1025,2024-09-21,06-073-1025|2024|9|5,wind_only,,0.2,1,False
San Diego,06-073-1026,2024-09-21,06-073-1026|2024|9|5,wind_only,,0.2,1,False
San Diego,06-073-0001,2024-09-28,06-073-0001|2024|9|5,wind_only,,0.2,3,True
San Diego,06-073-1016,2024-09-28,06-073-1016|2024|9|5,wind_only,,0.2,3,True
San Diego,06-073-1022,2024-09-28,06-073-1022|2024|9|5,wind_only,,0.2,3,True
San Diego,06-073-1025,2024-09-28,06-073-1025|2024|9|5,wind_only,,0.2,3,True
San Diego,06-073-1026,2024-09-28,06-073-1026|2024|9|5,wind_only,,0.2,3,True
San Diego,06-073-0001,2024-10-01,06-073-0001|2024|10|1,episode,san_diego_2024-10-01,0.25,0,False
San Diego,06-073-1016,2024-10-01,06-073-1016|2024|10|1,episode,san_diego_2024-10-01,0.25,0,False
San Diego,06-073-1025,2024-10-01,06-073-1025|2024|10|1,episode,san_diego_2024-10-01,0.25,0,False
San Diego,06-073-1026,2024-10-01,06-073-1026|2024|10|1,episode,san_diego_2024-10-01,0.25,0,False
San Diego,06-073-0001,2024-10-02,06-073-0001|2024|10|2,episode,san_diego_2024-10-01,0.2,0,False
San Diego,06-073-1016,2024-10-02,06-073-1016|2024|10|2,episode,san_diego_2024-10-01,0.2,0,False
San Diego,06-073-1022,2024-10-02,06-073-1022|2024|10|2,episode,san_diego_2024-10-01,0.2,0,False
San Diego,06-073-1025,2024-10-02,06-073-1025|2024|10|2,episode,san_diego_2024-10-01,0.2,0,False
San Diego,06-073-1026,2024-10-02,06-073-1026|2024|10|2,episode,san_diego_2024-10-01,0.2,0,False
San Diego,06-073-0001,2024-10-08,06-073-0001|2024|10|1,wind_only,,0.25,3,True
San Diego,06-073-1016,2024-10-08,06-073-1016|2024|10|1,wind_only,,0.25,3,True
San Diego,06-073-1025,2024-10-08,06-073-1025|2024|10|1,wind_only,,0.25,3,True
San Diego,06-073-1026,2024-10-08,06-073-1026|2024|10|1,wind_only,,0.25,3,True
San Diego,06-073-0001,2024-10-09,06-073-0001|2024|10|2,wind_only,,0.2,3,True
San Diego,06-073-1016,2024-10-09,06-073-1016|2024|10|2,wind_only,,0.2,3,True
San Diego,06-073-1022,2024-10-09,06-073-1022|2024|10|2,wind_only,,0.2,3,True
San Diego,06-073-1025,2024-10-09,06-073-1025|2024|10|2,wind_only,,0.2,3,True
San Diego,06-073-1026,2024-10-09,06-073-1026|2024|10|2,wind_only,,0.2,3,True
San Diego,06-073-0001,2024-10-15,06-073-0001|2024|10|1,wind_only,,0.25,5,True
San Diego,06-073-1016,2024-10-15,06-073-1016|2024|10|1,wind_only,,0.25,5,True
San Diego,06-073-1025,2024-10-15,06-073-1025|2024|10|1,wind_only,,0.25,5,True
San Diego,06-073-1026,2024-10-15,06-073-1026|2024|10|1,wind_only,,0.25,5,True
San Diego,06-073-0001,2024-10-16,06-073-0001|2024|10|2,wind_only,,0.2,5,True
San Diego,06-073-1016,2024-10-16,06-073-1016|2024|10|2,wind_only,,0.2,5,True
San Diego,06-073-1022,2024-10-16,06-073-1022|2024|10|2,wind_only,,0.2,5,True
San Diego,06-073-1025,2024-10-16,06-073-1025|2024|10|2,wind_only,,0.2,5,True
San Diego,06-073-1026,2024-10-16,06-073-1026|2024|10|2,wind_only,,0.2,5,True
San Diego,06-073-0001,2024-10-22,06-073-0001|2024|10|1,wind_only,,0.25,6,True
San Diego,06-073-1016,2024-10-22,06-073-1016|2024|10|1,wind_only,,0.25,6,True
San Diego,06-073-1025,2024-10-22,06-073-1025|2024|10|1,wind_only,,0.25,6,True
San Diego,06-073-1026,2024-10-22,06-073-1026|2024|10|1,wind_only,,0.25,6,True
San Diego,06-073-0001,2024-10-23,06-073-0001|2024|10|2,wind_only,,0.2,6,True
San Diego,06-073-1016,2024-10-23,06-073-1016|2024|10|2,wind_only,,0.2,6,True
San Diego,06-073-1022,2024-10-23,06-073-1022|2024|10|2,wind_only,,0.2,6,True
San Diego,06-073-1025,2024-10-23,06-073-1025|2024|10|2,wind_only,,0.2,6,True
San Diego,06-073-1026,2024-10-23,06-073-1026|2024|10|2,wind_only,,0.2,6,True
San Diego,06-073-0001,2024-10-30,06-073-0001|2024|10|2,wind_only,,0.25,2,True
San Diego,06-073-1016,2024-10-30,06-073-1016|2024|10|2,wind_only,,0.25,2,True
San Diego,06-073-1025,2024-10-30,06-073-1025|2024|10|2,wind_only,,0.25,2,True
San Diego,06-073-1026,2024-10-30,06-073-1026|2024|10|2,wind_only,,0.25,2,True
Seattle,53-033-0030,2019-08-15,53-033-0030|2019|8|3,episode,seattle_2019-08-12,0.5,0,False
Seattle,53-033-0080,2019-08-15,53-033-0080|2019|8|3,episode,seattle_2019-08-12,0.5,0,False
Seattle,53-033-0030,2019-08-22,53-033-0030|2019|8|3,wind_only,,0.5,4,True
Seattle,53-033-0080,2019-08-22,53-033-0080|2019|8|3,wind_only,,0.5,4,True
Seattle,53-033-0030,2019-09-03,53-033-0030|2019|9|1,episode,seattle_2019-09-02,0.5,0,False
Seattle,53-033-0080,2019-09-03,53-033-0080|2019|9|1,episode,seattle_2019-09-02,0.5,0,False
Seattle,53-033-0030,2019-09-10,53-033-0030|2019|9|1,wind_only,,0.5,1,False
Seattle,53-033-0080,2019-09-10,53-033-0080|2019|9|1,wind_only,,0.5,1,False
Seattle,53-033-0030,2020-08-13,53-033-0030|2020|8|3,wind_only,,0.5,1,False
Seattle,53-033-0080,2020-08-13,53-033-0080|2020|8|3,wind_only,,0.5,1,False
Seattle,53-033-0030,2020-08-27,53-033-0030|2020|8|3,episode,seattle_2020-08-27,0.5,0,False
Seattle,53-033-0080,2020-08-27,53-033-0080|2020|8|3,episode,seattle_2020-08-27,0.5,0,False
Seattle,53-033-0030,2021-07-10,53-033-0030|2021|7|5,episode,seattle_2021-07-10,0.5,0,False
Seattle,53-033-0080,2021-07-10,53-033-0080|2021|7|5,episode,seattle_2021-07-10,0.5,0,False
Seattle,53-033-0030,2021-07-21,53-033-0030|2021|7|2,wind_only,,0.5,2,True
Seattle,53-033-0080,2021-07-21,53-033-0080|2021|7|2,wind_only,,0.5,2,True
Seattle,53-033-0030,2021-07-28,53-033-0030|2021|7|2,episode,seattle_2021-07-27,0.5,0,False
Seattle,53-033-0080,2021-07-28,53-033-0080|2021|7|2,episode,seattle_2021-07-27,0.5,0,False
Seattle,53-033-0030,2021-07-31,53-033-0030|2021|7|5,wind_only,,0.5,1,False
Seattle,53-033-0080,2021-07-31,53-033-0080|2021|7|5,wind_only,,0.5,1,False
Seattle,53-033-0030,2022-07-01,53-033-0030|2022|7|4,wind_only,,0.5,2,True
Seattle,53-033-0080,2022-07-01,53-033-0080|2022|7|4,wind_only,,0.5,2,True
Seattle,53-033-0030,2022-07-02,53-033-0030|2022|7|5,wind_only,,0.5,2,True
Seattle,53-033-0080,2022-07-02,53-033-0080|2022|7|5,wind_only,,0.5,2,True
Seattle,53-033-0030,2022-07-08,53-033-0030|2022|7|4,wind_only,,0.5,2,True
Seattle,53-033-0080,2022-07-08,53-033-0080|2022|7|4,wind_only,,0.5,2,True
Seattle,53-033-0030,2022-07-09,53-033-0030|2022|7|5,wind_only,,0.5,2,True
Seattle,53-033-0080,2022-07-09,53-033-0080|2022|7|5,wind_only,,0.5,2,True
Seattle,53-033-0030,2022-07-17,53-033-0030|2022|7|6,wind_only,,0.5,1,False
Seattle,53-033-0080,2022-07-17,53-033-0080|2022|7|6,wind_only,,0.5,1,False
Seattle,53-033-0030,2022-07-23,53-033-0030|2022|7|5,wind_only,,0.5,1,False
Seattle,53-033-0080,2022-07-23,53-033-0080|2022|7|5,wind_only,,0.5,1,False
Seattle,53-033-0030,2022-07-29,53-033-0030|2022|7|4,episode,seattle_2022-07-29,0.5,0,False
Seattle,53-033-0080,2022-07-29,53-033-0080|2022|7|4,episode,seattle_2022-07-29,0.5,0,False
Seattle,53-033-0030,2022-07-30,53-033-0030|2022|7|5,episode,seattle_2022-07-29,0.5,0,False
Seattle,53-033-0080,2022-07-30,53-033-0080|2022|7|5,episode,seattle_2022-07-29,0.5,0,False
Seattle,53-033-0030,2022-07-31,53-033-0030|2022|7|6,episode,seattle_2022-07-29,0.5,0,False
Seattle,53-033-0080,2022-07-31,53-033-0080|2022|7|6,episode,seattle_2022-07-29,0.5,0,False
Seattle,53-033-0030,2023-06-01,53-033-0030|2023|6|3,wind_only,,0.5,4,True
Seattle,53-033-0080,2023-06-01,53-033-0080|2023|6|3,wind_only,,0.5,4,True
Seattle,53-033-0030,2023-06-02,53-033-0030|2023|6|4,wind_only,,0.5,4,True
Seattle,53-033-0080,2023-06-02,53-033-0080|2023|6|4,wind_only,,0.5,4,True
Seattle,53-033-0030,2023-06-29,53-033-0030|2023|6|3,episode,seattle_2023-06-28,0.5,0,False
Seattle,53-033-0080,2023-06-29,53-033-0080|2023|6|3,episode,seattle_2023-06-28,0.5,0,False
Seattle,53-033-0030,2023-06-30,53-033-0030|2023|6|4,episode,seattle_2023-06-28,0.5,0,False
Seattle,53-033-0080,2023-06-30,53-033-0080|2023|6|4,episode,seattle_2023-06-28,0.5,0,False
Seattle,53-033-0030,2023-09-08,53-033-0030|2023|9|4,wind_only,,0.5,4,True
Seattle,53-033-0080,2023-09-08,53-033-0080|2023|9|4,wind_only,,0.5,4,True
Seattle,53-033-0030,2023-09-15,53-033-0030|2023|9|4,episode,seattle_2023-09-15,0.5,0,False
Seattle,53-033-0080,2023-09-15,53-033-0080|2023|9|4,episode,seattle_2023-09-15,0.5,0,False
Seattle,53-033-0030,2023-09-22,53-033-0030|2023|9|4,wind_only,,0.5,1,False
Seattle,53-033-0080,2023-09-22,53-033-0080|2023|9|4,wind_only,,0.5,1,False
