definition,city,year,run_type,run_id,start_date,end_date,duration_days
p80_p30_min2_sep7,Atlanta,2019,low_wind,atlanta_2019-04-09,2019-04-09,2019-04-09,1
p80_p30_min2_sep7,Atlanta,2019,low_wind,atlanta_2019-04-22,2019-04-22,2019-04-22,1
p80_p30_min2_sep7,Atlanta,2019,low_wind,atlanta_2019-05-03,2019-05-03,2019-05-03,1
p80_p30_min2_sep7,Atlanta,2019,low_wind,atlanta_2019-05-07,2019-05-07,2019-05-07,1
p80_p30_min2_sep7,Atlanta,2019,low_wind,atlanta_2019-05-10,2019-05-10,2019-05-10,1
p80_p30_min2_sep7,Atlanta,2019,low_wind,atlanta_2019-05-15,2019-05-15,2019-05-18,4
p80_p30_min2_sep7,Atlanta,2019,low_wind,atlanta_2019-05-24,2019-05-24,2019-05-24,1
p80_p30_min2_sep7,Atlanta,2019,low_wind,atlanta_2019-06-05,2019-06-05,2019-06-06,2
p80_p30_min2_sep7,Atlanta,2019,low_wind,atlanta_2019-06-10,2019-06-10,2019-06-10,1
p80_p30_min2_sep7,Atlanta,2019,low_wind,atlanta_2019-06-14,2019-06-14,2019-06-14,1
p80_p30_min2_sep7,Atlanta,2019,low_wind,atlanta_2019-06-27,2019-06-27,2019-06-27,1
p80_p30_min2_sep7,Atlanta,2019,low_wind,atlanta_2019-06-29,2019-06-29,2019-06-30,2
p80_p30_min2_sep7,Atlanta,2019,low_wind,atlanta_2019-07-05,2019-07-05,2019-07-06,2
p80_p30_min2_sep7,Atlanta,2019,low_wind,atlanta_2019-07-14,2019-07-14,2019-07-15,2
p80_p30_min2_sep7,Atlanta,2019,low_wind,atlanta_2019-07-26,2019-07-26,2019-08-01,7
p80_p30_min2_sep7,Atlanta,2019,low_wind,atlanta_2019-08-03,2019-08-03,2019-08-06,4
p80_p30_min2_sep7,Atlanta,2019,low_wind,atlanta_2019-08-10,2019-08-10,2019-08-14,5
p80_p30_min2_sep7,Atlanta,2019,low_wind,atlanta_2019-08-17,2019-08-17,2019-08-21,5
p80_p30_min2_sep7,Atlanta,2019,low_wind,atlanta_2019-08-23,2019-08-23,2019-08-24,2
p80_p30_min2_sep7,Atlanta,2019,low_wind,atlanta_2019-09-08,2019-09-08,2019-09-12,5
p80_p30_min2_sep7,Atlanta,2019,low_wind,atlanta_2019-09-16,2019-09-16,2019-09-17,2
p80_p30_min2_sep7,Atlanta,2019,low_wind,atlanta_2019-09-21,2019-09-21,2019-09-21,1
p80_p30_min2_sep7,Atlanta,2019,low_wind,atlanta_2019-09-23,2019-09-23,2019-09-23,1
p80_p30_min2_sep7,Atlanta,2019,low_wind,atlanta_2019-09-25,2019-09-25,2019-09-25,1
p80_p30_min2_sep7,Atlanta,2019,low_wind,atlanta_2019-09-27,2019-09-27,2019-09-27,1
p80_p30_min2_sep7,Atlanta,2019,low_wind,atlanta_2019-09-29,2019-09-29,2019-10-03,5
p80_p30_min2_sep7,Atlanta,2019,low_wind,atlanta_2019-10-11,2019-10-11,2019-10-11,1
p80_p30_min2_sep7,Atlanta,2019,low_wind,atlanta_2019-10-13,2019-10-13,2019-10-14,2
p80_p30_min2_sep7,Atlanta,2019,low_wind,atlanta_2019-10-28,2019-10-28,2019-10-28,1
p80_p30_min2_sep7,Atlanta,2020,low_wind,atlanta_2020-04-05,2020-04-05,2020-04-05,1
p80_p30_min2_sep7,Atlanta,2020,low_wind,atlanta_2020-05-02,2020-05-02,2020-05-02,1
p80_p30_min2_sep7,Atlanta,2020,low_wind,atlanta_2020-05-12,2020-05-12,2020-05-12,1
p80_p30_min2_sep7,Atlanta,2020,low_wind,atlanta_2020-05-21,2020-05-21,2020-05-21,1
p80_p30_min2_sep7,Atlanta,2020,low_wind,atlanta_2020-05-23,2020-05-23,2020-05-24,2
p80_p30_min2_sep7,Atlanta,2020,low_wind,atlanta_2020-05-29,2020-05-29,2020-05-29,1
p80_p30_min2_sep7,Atlanta,2020,low_wind,atlanta_2020-06-06,2020-06-06,2020-06-06,1
p80_p30_min2_sep7,Atlanta,2020,low_wind,atlanta_2020-06-17,2020-06-17,2020-06-20,4
p80_p30_min2_sep7,Atlanta,2020,low_wind,atlanta_2020-07-03,2020-07-03,2020-07-04,2
p80_p30_min2_sep7,Atlanta,2020,low_wind,atlanta_2020-07-08,2020-07-08,2020-07-10,3
p80_p30_min2_sep7,Atlanta,2020,low_wind,atlanta_2020-07-14,2020-07-14,2020-07-28,15
p80_p30_min2_sep7,Atlanta,2020,low_wind,atlanta_2020-08-02,2020-08-02,2020-08-09,8
p80_p30_min2_sep7,Atlanta,2020,low_wind,atlanta_2020-08-12,2020-08-12,2020-08-14,3
p80_p30_min2_sep7,Atlanta,2020,low_wind,atlanta_2020-08-17,2020-08-17,2020-08-19,3
p80_p30_min2_sep7,Atlanta,2020,low_wind,atlanta_2020-08-21,2020-08-21,2020-08-21,1
p80_p30_min2_sep7,Atlanta,2020,low_wind,atlanta_2020-08-26,2020-08-26,2020-08-26,1
p80_p30_min2_sep7,Atlanta,2020,low_wind,atlanta_2020-08-31,2020-08-31,2020-09-01,2
p80_p30_min2_sep7,Atlanta,2020,low_wind,atlanta_2020-09-23,2020-09-23,2020-09-23,1
p80_p30_min2_sep7,Atlanta,2020,low_wind,atlanta_2020-09-26,2020-09-26,2020-09-26,1
p80_p30_min2_sep7,Atlanta,2020,low_wind,atlanta_2020-10-04,2020-10-04,2020-10-05,2
p80_p30_min2_sep7,Atlanta,2020,low_wind,atlanta_2020-10-07,2020-10-07,2020-10-08,2
p80_p30_min2_sep7,Atlanta,2020,low_wind,atlanta_2020-10-24,2020-10-24,2020-10-25,2
p80_p30_min2_sep7,Atlanta,2021,low_wind,atlanta_2021-04-03,2021-04-03,2021-04-03,1
p80_p30_min2_sep7,Atlanta,2021,low_wind,atlanta_2021-04-05,2021-04-05,2021-04-05,1
p80_p30_min2_sep7,Atlanta,2021,low_wind,atlanta_2021-04-13,2021-04-13,2021-04-13,1
p80_p30_min2_sep7,Atlanta,2021,low_wind,atlanta_2021-04-16,2021-04-16,2021-04-17,2
p80_p30_min2_sep7,Atlanta,2021,low_wind,atlanta_2021-05-11,2021-05-11,2021-05-11,1
p80_p30_min2_sep7,Atlanta,2021,low_wind,atlanta_2021-05-14,2021-05-14,2021-05-15,2
p80_p30_min2_sep7,Atlanta,2021,low_wind,atlanta_2021-05-22,2021-05-22,2021-05-25,4
p80_p30_min2_sep7,Atlanta,2021,low_wind,atlanta_2021-06-04,2021-06-04,2021-06-06,3
p80_p30_min2_sep7,Atlanta,2021,low_wind,atlanta_2021-06-13,2021-06-13,2021-06-14,2
p80_p30_min2_sep7,Atlanta,2021,low_wind,atlanta_2021-06-17,2021-06-17,2021-06-17,1
p80_p30_min2_sep7,Atlanta,2021,low_wind,atlanta_2021-06-30,2021-06-30,2021-06-30,1
p80_p30_min2_sep7,Atlanta,2021,low_wind,atlanta_2021-07-04,2021-07-04,2021-07-04,1
p80_p30_min2_sep7,Atlanta,2021,low_wind,atlanta_2021-07-14,2021-07-14,2021-07-16,3
p80_p30_min2_sep7,Atlanta,2021,low_wind,atlanta_2021-07-18,2021-07-18,2021-07-18,1
p80_p30_min2_sep7,Atlanta,2021,low_wind,atlanta_2021-07-20,2021-07-20,2021-07-29,10
p80_p30_min2_sep7,Atlanta,2021,low_wind,atlanta_2021-08-02,2021-08-02,2021-08-02,1
p80_p30_min2_sep7,Atlanta,2021,low_wind,atlanta_2021-08-06,2021-08-06,2021-08-14,9
p80_p30_min2_sep7,Atlanta,2021,low_wind,atlanta_2021-08-18,2021-08-18,2021-08-19,2
p80_p30_min2_sep7,Atlanta,2021,low_wind,atlanta_2021-08-23,2021-08-23,2021-08-26,4
p80_p30_min2_sep7,Atlanta,2021,low_wind,atlanta_2021-09-04,2021-09-04,2021-09-05,2
p80_p30_min2_sep7,Atlanta,2021,low_wind,atlanta_2021-09-07,2021-09-07,2021-09-07,1
p80_p30_min2_sep7,Atlanta,2021,low_wind,atlanta_2021-09-10,2021-09-10,2021-09-15,6
p80_p30_min2_sep7,Atlanta,2021,low_wind,atlanta_2021-09-18,2021-09-18,2021-09-18,1
p80_p30_min2_sep7,Atlanta,2021,low_wind,atlanta_2021-09-21,2021-09-21,2021-09-21,1
p80_p30_min2_sep7,Atlanta,2021,low_wind,atlanta_2021-09-24,2021-09-24,2021-09-28,5
p80_p30_min2_sep7,Atlanta,2021,low_wind,atlanta_2021-09-30,2021-09-30,2021-10-01,2
p80_p30_min2_sep7,Atlanta,2021,low_wind,atlanta_2021-10-04,2021-10-04,2021-10-04,1
p80_p30_min2_sep7,Atlanta,2021,low_wind,atlanta_2021-10-08,2021-10-08,2021-10-09,2
p80_p30_min2_sep7,Atlanta,2021,low_wind,atlanta_2021-10-12,2021-10-12,2021-10-15,4
p80_p30_min2_sep7,Atlanta,2021,low_wind,atlanta_2021-10-18,2021-10-18,2021-10-20,3
p80_p30_min2_sep7,Atlanta,2021,low_wind,atlanta_2021-10-27,2021-10-27,2021-10-27,1
p80_p30_min2_sep7,Atlanta,2022,low_wind,atlanta_2022-04-17,2022-04-17,2022-04-17,1
p80_p30_min2_sep7,Atlanta,2022,low_wind,atlanta_2022-04-22,2022-04-22,2022-04-22,1
p80_p30_min2_sep7,Atlanta,2022,low_wind,atlanta_2022-05-14,2022-05-14,2022-05-15,2
p80_p30_min2_sep7,Atlanta,2022,low_wind,atlanta_2022-05-24,2022-05-24,2022-05-24,1
p80_p30_min2_sep7,Atlanta,2022,low_wind,atlanta_2022-06-01,2022-06-01,2022-06-01,1
p80_p30_min2_sep7,Atlanta,2022,low_wind,atlanta_2022-06-10,2022-06-10,2022-06-12,3
p80_p30_min2_sep7,Atlanta,2022,low_wind,atlanta_2022-06-16,2022-06-16,2022-06-16,1
p80_p30_min2_sep7,Atlanta,2022,low_wind,atlanta_2022-06-20,2022-06-20,2022-06-20,1
p80_p30_min2_sep7,Atlanta,2022,low_wind,atlanta_2022-06-26,2022-06-26,2022-06-27,2
p80_p30_min2_sep7,Atlanta,2022,low_wind,atlanta_2022-06-30,2022-06-30,2022-07-08,9
p80_p30_min2_sep7,Atlanta,2022,low_wind,atlanta_2022-07-12,2022-07-12,2022-07-16,5
p80_p30_min2_sep7,Atlanta,2022,low_wind,atlanta_2022-07-22,2022-07-22,2022-07-24,3
p80_p30_min2_sep7,Atlanta,2022,low_wind,atlanta_2022-07-30,2022-07-30,2022-07-30,1
p80_p30_min2_sep7,Atlanta,2022,low_wind,atlanta_2022-08-01,2022-08-01,2022-08-01,1
p80_p30_min2_sep7,Atlanta,2022,low_wind,atlanta_2022-08-03,2022-08-03,2022-08-03,1
p80_p30_min2_sep7,Atlanta,2022,low_wind,atlanta_2022-08-07,2022-08-07,2022-08-09,3
p80_p30_min2_sep7,Atlanta,2022,low_wind,atlanta_2022-08-11,2022-08-11,2022-08-11,1
p80_p30_min2_sep7,Atlanta,2022,low_wind,atlanta_2022-08-14,2022-08-14,2022-08-14,1
p80_p30_min2_sep7,Atlanta,2022,low_wind,atlanta_2022-08-17,2022-08-17,2022-08-18,2
p80_p30_min2_sep7,Atlanta,2022,low_wind,atlanta_2022-08-20,2022-08-20,2022-08-20,1
p80_p30_min2_sep7,Atlanta,2022,low_wind,atlanta_2022-08-23,2022-08-23,2022-08-28,6
p80_p30_min2_sep7,Atlanta,2022,low_wind,atlanta_2022-08-30,2022-08-30,2022-08-30,1
p80_p30_min2_sep7,Atlanta,2022,low_wind,atlanta_2022-09-06,2022-09-06,2022-09-06,1
p80_p30_min2_sep7,Atlanta,2022,low_wind,atlanta_2022-09-18,2022-09-18,2022-09-19,2
p80_p30_min2_sep7,Atlanta,2022,low_wind,atlanta_2022-09-21,2022-09-21,2022-09-21,1
p80_p30_min2_sep7,Atlanta,2022,low_wind,atlanta_2022-09-24,2022-09-24,2022-09-24,1
p80_p30_min2_sep7,Atlanta,2022,low_wind,atlanta_2022-10-21,2022-10-21,2022-10-23,3
p80_p30_min2_sep7,Atlanta,2023,low_wind,atlanta_2023-04-06,2023-04-06,2023-04-06,1
p80_p30_min2_sep7,Atlanta,2023,low_wind,atlanta_2023-04-12,2023-04-12,2023-04-12,1
p80_p30_min2_sep7,Atlanta,2023,low_wind,atlanta_2023-04-29,2023-04-29,2023-04-29,1
p80_p30_min2_sep7,Atlanta,2023,low_wind,atlanta_2023-05-04,2023-05-04,2023-05-04,1
p80_p30_min2_sep7,Atlanta,2023,low_wind,atlanta_2023-05-13,2023-05-13,2023-05-13,1
p80_p30_min2_sep7,Atlanta,2023,low_wind,atlanta_2023-05-20,2023-05-20,2023-05-20,1
p80_p30_min2_sep7,Atlanta,2023,low_wind,atlanta_2023-06-05,2023-06-05,2023-06-05,1
p80_p30_min2_sep7,Atlanta,2023,low_wind,atlanta_2023-06-20,2023-06-20,2023-06-20,1
p80_p30_min2_sep7,Atlanta,2023,low_wind,atlanta_2023-06-23,2023-06-23,2023-06-23,1
p80_p30_min2_sep7,Atlanta,2023,low_wind,atlanta_2023-06-29,2023-06-29,2023-06-30,2
p80_p30_min2_sep7,Atlanta,2023,low_wind,atlanta_2023-07-02,2023-07-02,2023-07-02,1
p80_p30_min2_sep7,Atlanta,2023,low_wind,atlanta_2023-07-04,2023-07-04,2023-07-07,4
p80_p30_min2_sep7,Atlanta,2023,low_wind,atlanta_2023-07-10,2023-07-10,2023-07-12,3
p80_p30_min2_sep7,Atlanta,2023,low_wind,atlanta_2023-07-14,2023-07-14,2023-07-14,1
p80_p30_min2_sep7,Atlanta,2023,low_wind,atlanta_2023-07-17,2023-07-17,2023-07-17,1
p80_p30_min2_sep7,Atlanta,2023,low_wind,atlanta_2023-07-23,2023-07-23,2023-07-23,1
p80_p30_min2_sep7,Atlanta,2023,low_wind,atlanta_2023-07-25,2023-07-25,2023-07-29,5
p80_p30_min2_sep7,Atlanta,2023,low_wind,atlanta_2023-08-05,2023-08-05,2023-08-05,1
p80_p30_min2_sep7,Atlanta,2023,low_wind,atlanta_2023-08-12,2023-08-12,2023-08-13,2
p80_p30_min2_sep7,Atlanta,2023,low_wind,atlanta_2023-08-16,2023-08-16,2023-08-16,1
p80_p30_min2_sep7,Atlanta,2023,low_wind,atlanta_2023-08-19,2023-08-19,2023-08-19,1
p80_p30_min2_sep7,Atlanta,2023,low_wind,atlanta_2023-08-21,2023-08-21,2023-08-22,2
p80_p30_min2_sep7,Atlanta,2023,low_wind,atlanta_2023-08-24,2023-08-24,2023-08-24,1
p80_p30_min2_sep7,Atlanta,2023,low_wind,atlanta_2023-08-27,2023-08-27,2023-08-27,1
p80_p30_min2_sep7,Atlanta,2023,low_wind,atlanta_2023-08-29,2023-08-29,2023-08-29,1
p80_p30_min2_sep7,Atlanta,2023,low_wind,atlanta_2023-09-03,2023-09-03,2023-09-05,3
p80_p30_min2_sep7,Atlanta,2023,low_wind,atlanta_2023-09-08,2023-09-08,2023-09-14,7
p80_p30_min2_sep7,Atlanta,2023,low_wind,atlanta_2023-09-19,2023-09-19,2023-09-19,1
p80_p30_min2_sep7,Atlanta,2023,low_wind,atlanta_2023-09-25,2023-09-25,2023-09-25,1
p80_p30_min2_sep7,Atlanta,2023,low_wind,atlanta_2023-09-29,2023-09-29,2023-09-30,2
p80_p30_min2_sep7,Atlanta,2023,low_wind,atlanta_2023-10-18,2023-10-18,2023-10-18,1
p80_p30_min2_sep7,Atlanta,2023,low_wind,atlanta_2023-10-27,2023-10-27,2023-10-28,2
p80_p30_min2_sep7,Atlanta,2024,low_wind,atlanta_2024-04-18,2024-04-18,2024-04-18,1
p80_p30_min2_sep7,Atlanta,2024,low_wind,atlanta_2024-04-25,2024-04-25,2024-04-25,1
p80_p30_min2_sep7,Atlanta,2024,low_wind,atlanta_2024-04-30,2024-04-30,2024-05-01,2
p80_p30_min2_sep7,Atlanta,2024,low_wind,atlanta_2024-05-04,2024-05-04,2024-05-05,2
p80_p30_min2_sep7,Atlanta,2024,low_wind,atlanta_2024-05-12,2024-05-12,2024-05-12,1
p80_p30_min2_sep7,Atlanta,2024,low_wind,atlanta_2024-05-21,2024-05-21,2024-05-21,1
p80_p30_min2_sep7,Atlanta,2024,low_wind,atlanta_2024-05-23,2024-05-23,2024-05-24,2
p80_p30_min2_sep7,Atlanta,2024,low_wind,atlanta_2024-06-03,2024-06-03,2024-06-03,1
p80_p30_min2_sep7,Atlanta,2024,low_wind,atlanta_2024-06-08,2024-06-08,2024-06-08,1
p80_p30_min2_sep7,Atlanta,2024,low_wind,atlanta_2024-06-14,2024-06-14,2024-06-15,2
p80_p30_min2_sep7,Atlanta,2024,low_wind,atlanta_2024-06-21,2024-06-21,2024-06-22,2
p80_p30_min2_sep7,Atlanta,2024,low_wind,atlanta_2024-06-25,2024-06-25,2024-06-25,1
p80_p30_min2_sep7,Atlanta,2024,low_wind,atlanta_2024-06-27,2024-06-27,2024-06-27,1
p80_p30_min2_sep7,Atlanta,2024,low_wind,atlanta_2024-07-04,2024-07-04,2024-07-07,4
p80_p30_min2_sep7,Atlanta,2024,low_wind,atlanta_2024-07-12,2024-07-12,2024-07-15,4
p80_p30_min2_sep7,Atlanta,2024,low_wind,atlanta_2024-07-19,2024-07-19,2024-07-20,2
p80_p30_min2_sep7,Atlanta,2024,low_wind,atlanta_2024-07-22,2024-07-22,2024-07-26,5
p80_p30_min2_sep7,Atlanta,2024,low_wind,atlanta_2024-07-29,2024-07-29,2024-07-29,1
p80_p30_min2_sep7,Atlanta,2024,low_wind,atlanta_2024-08-04,2024-08-04,2024-08-04,1
p80_p30_min2_sep7,Atlanta,2024,low_wind,atlanta_2024-08-14,2024-08-14,2024-08-14,1
p80_p30_min2_sep7,Atlanta,2024,low_wind,atlanta_2024-08-26,2024-08-26,2024-09-02,8
p80_p30_min2_sep7,Atlanta,2024,low_wind,atlanta_2024-09-18,2024-09-18,2024-09-21,4
p80_p30_min2_sep7,Atlanta,2024,low_wind,atlanta_2024-09-23,2024-09-23,2024-09-23,1
p80_p30_min2_sep7,Atlanta,2024,low_wind,atlanta_2024-09-30,2024-09-30,2024-09-30,1
p80_p30_min2_sep7,Atlanta,2024,low_wind,atlanta_2024-10-02,2024-10-02,2024-10-02,1
p80_p30_min2_sep7,Atlanta,2024,low_wind,atlanta_2024-10-05,2024-10-05,2024-10-06,2
p80_p30_min2_sep7,Atlanta,2024,low_wind,atlanta_2024-10-11,2024-10-11,2024-10-11,1
p80_p30_min2_sep7,Atlanta,2024,low_wind,atlanta_2024-10-17,2024-10-17,2024-10-17,1
p80_p30_min2_sep7,Atlanta,2024,low_wind,atlanta_2024-10-23,2024-10-23,2024-10-23,1
p80_p30_min2_sep7,Atlanta,2024,low_wind,atlanta_2024-10-25,2024-10-25,2024-10-25,1
p80_p30_min2_sep7,Atlanta,2025,low_wind,atlanta_2025-04-22,2025-04-22,2025-04-22,1
p80_p30_min2_sep7,Atlanta,2025,low_wind,atlanta_2025-05-06,2025-05-06,2025-05-06,1
p80_p30_min2_sep7,Atlanta,2025,low_wind,atlanta_2025-05-08,2025-05-08,2025-05-08,1
p80_p30_min2_sep7,Atlanta,2025,low_wind,atlanta_2025-05-19,2025-05-19,2025-05-19,1
p80_p30_min2_sep7,Atlanta,2025,low_wind,atlanta_2025-05-24,2025-05-24,2025-05-24,1
p80_p30_min2_sep7,Atlanta,2025,low_wind,atlanta_2025-05-29,2025-05-29,2025-05-29,1
p80_p30_min2_sep7,Atlanta,2025,low_wind,atlanta_2025-06-02,2025-06-02,2025-06-02,1
p80_p30_min2_sep7,Atlanta,2025,low_wind,atlanta_2025-06-05,2025-06-05,2025-06-06,2
p80_p30_min2_sep7,Atlanta,2025,low_wind,atlanta_2025-06-10,2025-06-10,2025-06-12,3
p80_p30_min2_sep7,Atlanta,2025,low_wind,atlanta_2025-06-21,2025-06-21,2025-06-28,8
p80_p30_min2_sep7,Atlanta,2025,low_wind,atlanta_2025-06-30,2025-06-30,2025-06-30,1
p80_p30_min2_sep7,Atlanta,2025,low_wind,atlanta_2025-07-07,2025-07-07,2025-07-08,2
p80_p30_min2_sep7,Atlanta,2025,low_wind,atlanta_2025-07-11,2025-07-11,2025-07-12,2
p80_p30_min2_sep7,Atlanta,2025,low_wind,atlanta_2025-07-15,2025-07-15,2025-07-15,1
p80_p30_min2_sep7,Atlanta,2025,low_wind,atlanta_2025-07-29,2025-07-29,2025-07-31,3
p80_p30_min2_sep7,Atlanta,2025,low_wind,atlanta_2025-08-15,2025-08-15,2025-08-22,8
p80_p30_min2_sep7,Atlanta,2025,low_wind,atlanta_2025-08-24,2025-08-24,2025-08-24,1
p80_p30_min2_sep7,Atlanta,2025,low_wind,atlanta_2025-08-27,2025-08-27,2025-08-30,4
p80_p30_min2_sep7,Atlanta,2025,low_wind,atlanta_2025-09-03,2025-09-03,2025-09-03,1
p80_p30_min2_sep7,Atlanta,2025,low_wind,atlanta_2025-09-06,2025-09-06,2025-09-06,1
p80_p30_min2_sep7,Atlanta,2025,low_wind,atlanta_2025-09-11,2025-09-11,2025-09-14,4
p80_p30_min2_sep7,Atlanta,2025,low_wind,atlanta_2025-09-16,2025-09-16,2025-09-20,5
p80_p30_min2_sep7,Atlanta,2025,low_wind,atlanta_2025-09-23,2025-09-23,2025-09-23,1
p80_p30_min2_sep7,Atlanta,2025,low_wind,atlanta_2025-09-26,2025-09-26,2025-09-27,2
p80_p30_min2_sep7,Atlanta,2025,low_wind,atlanta_2025-10-13,2025-10-13,2025-10-13,1
p80_p30_min2_sep7,Atlanta,2025,low_wind,atlanta_2025-10-20,2025-10-20,2025-10-20,1
p80_p30_min2_sep7,Atlanta,2019,pure_wind,atlanta_2019-04-09,2019-04-09,2019-04-09,1
p80_p30_min2_sep7,Atlanta,2019,pure_wind,atlanta_2019-04-22,2019-04-22,2019-04-22,1
p80_p30_min2_sep7,Atlanta,2019,pure_wind,atlanta_2019-05-03,2019-05-03,2019-05-03,1
p80_p30_min2_sep7,Atlanta,2019,pure_wind,atlanta_2019-05-07,2019-05-07,2019-05-07,1
p80_p30_min2_sep7,Atlanta,2019,pure_wind,atlanta_2019-05-10,2019-05-10,2019-05-10,1
p80_p30_min2_sep7,Atlanta,2019,pure_wind,atlanta_2019-05-15,2019-05-15,2019-05-18,4
p80_p30_min2_sep7,Atlanta,2019,pure_wind,atlanta_2019-06-05,2019-06-05,2019-06-06,2
p80_p30_min2_sep7,Atlanta,2019,pure_wind,atlanta_2019-06-10,2019-06-10,2019-06-10,1
p80_p30_min2_sep7,Atlanta,2019,pure_wind,atlanta_2019-06-14,2019-06-14,2019-06-14,1
p80_p30_min2_sep7,Atlanta,2019,pure_wind,atlanta_2019-06-29,2019-06-29,2019-06-29,1
p80_p30_min2_sep7,Atlanta,2019,pure_wind,atlanta_2019-07-26,2019-07-26,2019-07-26,1
p80_p30_min2_sep7,Atlanta,2019,pure_wind,atlanta_2019-08-03,2019-08-03,2019-08-06,4
p80_p30_min2_sep7,Atlanta,2019,pure_wind,atlanta_2019-08-20,2019-08-20,2019-08-20,1
p80_p30_min2_sep7,Atlanta,2019,pure_wind,atlanta_2019-09-21,2019-09-21,2019-09-21,1
p80_p30_min2_sep7,Atlanta,2019,pure_wind,atlanta_2019-10-11,2019-10-11,2019-10-11,1
p80_p30_min2_sep7,Atlanta,2019,pure_wind,atlanta_2019-10-13,2019-10-13,2019-10-14,2
p80_p30_min2_sep7,Atlanta,2019,pure_wind,atlanta_2019-10-28,2019-10-28,2019-10-28,1
p80_p30_min2_sep7,Atlanta,2020,pure_wind,atlanta_2020-04-05,2020-04-05,2020-04-05,1
p80_p30_min2_sep7,Atlanta,2020,pure_wind,atlanta_2020-05-02,2020-05-02,2020-05-02,1
p80_p30_min2_sep7,Atlanta,2020,pure_wind,atlanta_2020-05-12,2020-05-12,2020-05-12,1
p80_p30_min2_sep7,Atlanta,2020,pure_wind,atlanta_2020-05-21,2020-05-21,2020-05-21,1
p80_p30_min2_sep7,Atlanta,2020,pure_wind,atlanta_2020-05-23,2020-05-23,2020-05-24,2
p80_p30_min2_sep7,Atlanta,2020,pure_wind,atlanta_2020-05-29,2020-05-29,2020-05-29,1
p80_p30_min2_sep7,Atlanta,2020,pure_wind,atlanta_2020-06-06,2020-06-06,2020-06-06,1
p80_p30_min2_sep7,Atlanta,2020,pure_wind,atlanta_2020-06-17,2020-06-17,2020-06-20,4
p80_p30_min2_sep7,Atlanta,2020,pure_wind,atlanta_2020-07-03,2020-07-03,2020-07-04,2
p80_p30_min2_sep7,Atlanta,2020,pure_wind,atlanta_2020-07-08,2020-07-08,2020-07-09,2
p80_p30_min2_sep7,Atlanta,2020,pure_wind,atlanta_2020-07-24,2020-07-24,2020-07-25,2
p80_p30_min2_sep7,Atlanta,2020,pure_wind,atlanta_2020-07-28,2020-07-28,2020-07-28,1
p80_p30_min2_sep7,Atlanta,2020,pure_wind,atlanta_2020-08-03,2020-08-03,2020-08-04,2
p80_p30_min2_sep7,Atlanta,2020,pure_wind,atlanta_2020-08-14,2020-08-14,2020-08-14,1
p80_p30_min2_sep7,Atlanta,2020,pure_wind,atlanta_2020-08-17,2020-08-17,2020-08-19,3
p80_p30_min2_sep7,Atlanta,2020,pure_wind,atlanta_2020-08-21,2020-08-21,2020-08-21,1
p80_p30_min2_sep7,Atlanta,2020,pure_wind,atlanta_2020-08-26,2020-08-26,2020-08-26,1
p80_p30_min2_sep7,Atlanta,2020,pure_wind,atlanta_2020-08-31,2020-08-31,2020-09-01,2
p80_p30_min2_sep7,Atlanta,2020,pure_wind,atlanta_2020-09-23,2020-09-23,2020-09-23,1
p80_p30_min2_sep7,Atlanta,2020,pure_wind,atlanta_2020-09-26,2020-09-26,2020-09-26,1
p80_p30_min2_sep7,Atlanta,2020,pure_wind,atlanta_2020-10-04,2020-10-04,2020-10-05,2
p80_p30_min2_sep7,Atlanta,2020,pure_wind,atlanta_2020-10-07,2020-10-07,2020-10-08,2
p80_p30_min2_sep7,Atlanta,2020,pure_wind,atlanta_2020-10-24,2020-10-24,2020-10-25,2
p80_p30_min2_sep7,Atlanta,2021,pure_wind,atlanta_2021-04-03,2021-04-03,2021-04-03,1
p80_p30_min2_sep7,Atlanta,2021,pure_wind,atlanta_2021-04-05,2021-04-05,2021-04-05,1
p80_p30_min2_sep7,Atlanta,2021,pure_wind,atlanta_2021-04-13,2021-04-13,2021-04-13,1
p80_p30_min2_sep7,Atlanta,2021,pure_wind,atlanta_2021-04-16,2021-04-16,2021-04-17,2
p80_p30_min2_sep7,Atlanta,2021,pure_wind,atlanta_2021-05-11,2021-05-11,2021-05-11,1
p80_p30_min2_sep7,Atlanta,2021,pure_wind,atlanta_2021-05-14,2021-05-14,2021-05-15,2
p80_p30_min2_sep7,Atlanta,2021,pure_wind,atlanta_2021-05-22,2021-05-22,2021-05-25,4
p80_p30_min2_sep7,Atlanta,2021,pure_wind,atlanta_2021-06-04,2021-06-04,2021-06-06,3
p80_p30_min2_sep7,Atlanta,2021,pure_wind,atlanta_2021-06-13,2021-06-13,2021-06-13,1
p80_p30_min2_sep7,Atlanta,2021,pure_wind,atlanta_2021-06-17,2021-06-17,2021-06-17,1
p80_p30_min2_sep7,Atlanta,2021,pure_wind,atlanta_2021-06-30,2021-06-30,2021-06-30,1
p80_p30_min2_sep7,Atlanta,2021,pure_wind,atlanta_2021-07-04,2021-07-04,2021-07-04,1
p80_p30_min2_sep7,Atlanta,2021,pure_wind,atlanta_2021-07-14,2021-07-14,2021-07-16,3
p80_p30_min2_sep7,Atlanta,2021,pure_wind,atlanta_2021-07-18,2021-07-18,2021-07-18,1
p80_p30_min2_sep7,Atlanta,2021,pure_wind,atlanta_2021-07-20,2021-07-20,2021-07-25,6
p80_p30_min2_sep7,Atlanta,2021,pure_wind,atlanta_2021-08-02,2021-08-02,2021-08-02,1
p80_p30_min2_sep7,Atlanta,2021,pure_wind,atlanta_2021-08-06,2021-08-06,2021-08-08,3
p80_p30_min2_sep7,Atlanta,2021,pure_wind,atlanta_2021-08-11,2021-08-11,2021-08-11,1
p80_p30_min2_sep7,Atlanta,2021,pure_wind,atlanta_2021-08-18,2021-08-18,2021-08-19,2
p80_p30_min2_sep7,Atlanta,2021,pure_wind,atlanta_2021-08-26,2021-08-26,2021-08-26,1
p80_p30_min2_sep7,Atlanta,2021,pure_wind,atlanta_2021-09-04,2021-09-04,2021-09-05,2
p80_p30_min2_sep7,Atlanta,2021,pure_wind,atlanta_2021-09-07,2021-09-07,2021-09-07,1
p80_p30_min2_sep7,Atlanta,2021,pure_wind,atlanta_2021-09-10,2021-09-10,2021-09-15,6
p80_p30_min2_sep7,Atlanta,2021,pure_wind,atlanta_2021-09-18,2021-09-18,2021-09-18,1
p80_p30_min2_sep7,Atlanta,2021,pure_wind,atlanta_2021-09-21,2021-09-21,2021-09-21,1
p80_p30_min2_sep7,Atlanta,2021,pure_wind,atlanta_2021-09-24,2021-09-24,2021-09-28,5
p80_p30_min2_sep7,Atlanta,2021,pure_wind,atlanta_2021-09-30,2021-09-30,2021-10-01,2
p80_p30_min2_sep7,Atlanta,2021,pure_wind,atlanta_2021-10-04,2021-10-04,2021-10-04,1
p80_p30_min2_sep7,Atlanta,2021,pure_wind,atlanta_2021-10-08,2021-10-08,2021-10-09,2
p80_p30_min2_sep7,Atlanta,2021,pure_wind,atlanta_2021-10-12,2021-10-12,2021-10-15,4
p80_p30_min2_sep7,Atlanta,2021,pure_wind,atlanta_2021-10-18,2021-10-18,2021-10-20,3
p80_p30_min2_sep7,Atlanta,2021,pure_wind,atlanta_2021-10-27,2021-10-27,2021-10-27,1
p80_p30_min2_sep7,Atlanta,2022,pure_wind,atlanta_2022-04-17,2022-04-17,2022-04-17,1
p80_p30_min2_sep7,Atlanta,2022,pure_wind,atlanta_2022-04-22,2022-04-22,2022-04-22,1
p80_p30_min2_sep7,Atlanta,2022,pure_wind,atlanta_2022-05-14,2022-05-14,2022-05-15,2
p80_p30_min2_sep7,Atlanta,2022,pure_wind,atlanta_2022-05-24,2022-05-24,2022-05-24,1
p80_p30_min2_sep7,Atlanta,2022,pure_wind,atlanta_2022-06-10,2022-06-10,2022-06-11,2
p80_p30_min2_sep7,Atlanta,2022,pure_wind,atlanta_2022-06-26,2022-06-26,2022-06-27,2
p80_p30_min2_sep7,Atlanta,2022,pure_wind,atlanta_2022-06-30,2022-06-30,2022-07-01,2
p80_p30_min2_sep7,Atlanta,2022,pure_wind,atlanta_2022-07-12,2022-07-12,2022-07-14,3
p80_p30_min2_sep7,Atlanta,2022,pure_wind,atlanta_2022-07-16,2022-07-16,2022-07-16,1
p80_p30_min2_sep7,Atlanta,2022,pure_wind,atlanta_2022-07-22,2022-07-22,2022-07-22,1
p80_p30_min2_sep7,Atlanta,2022,pure_wind,atlanta_2022-07-30,2022-07-30,2022-07-30,1
p80_p30_min2_sep7,Atlanta,2022,pure_wind,atlanta_2022-08-01,2022-08-01,2022-08-01,1
p80_p30_min2_sep7,Atlanta,2022,pure_wind,atlanta_2022-08-07,2022-08-07,2022-08-09,3
p80_p30_min2_sep7,Atlanta,2022,pure_wind,atlanta_2022-08-11,2022-08-11,2022-08-11,1
p80_p30_min2_sep7,Atlanta,2022,pure_wind,atlanta_2022-08-14,2022-08-14,2022-08-14,1
p80_p30_min2_sep7,Atlanta,2022,pure_wind,atlanta_2022-08-17,2022-08-17,2022-08-18,2
p80_p30_min2_sep7,Atlanta,2022,pure_wind,atlanta_2022-08-20,2022-08-20,2022-08-20,1
p80_p30_min2_sep7,Atlanta,2022,pure_wind,atlanta_2022-08-23,2022-08-23,2022-08-28,6
p80_p30_min2_sep7,Atlanta,2022,pure_wind,atlanta_2022-08-30,2022-08-30,2022-08-30,1
p80_p30_min2_sep7,Atlanta,2022,pure_wind,atlanta_2022-09-06,2022-09-06,2022-09-06,1
p80_p30_min2_sep7,Atlanta,2022,pure_wind,atlanta_2022-09-18,2022-09-18,2022-09-19,2
p80_p30_min2_sep7,Atlanta,2022,pure_wind,atlanta_2022-09-24,2022-09-24,2022-09-24,1
p80_p30_min2_sep7,Atlanta,2022,pure_wind,atlanta_2022-10-21,2022-10-21,2022-10-23,3
p80_p30_min2_sep7,Atlanta,2023,pure_wind,atlanta_2023-04-06,2023-04-06,2023-04-06,1
p80_p30_min2_sep7,Atlanta,2023,pure_wind,atlanta_2023-04-12,2023-04-12,2023-04-12,1
p80_p30_min2_sep7,Atlanta,2023,pure_wind,atlanta_2023-04-29,2023-04-29,2023-04-29,1
p80_p30_min2_sep7,Atlanta,2023,pure_wind,atlanta_2023-05-04,2023-05-04,2023-05-04,1
p80_p30_min2_sep7,Atlanta,2023,pure_wind,atlanta_2023-05-13,2023-05-13,2023-05-13,1
p80_p30_min2_sep7,Atlanta,2023,pure_wind,atlanta_2023-05-20,2023-05-20,2023-05-20,1
p80_p30_min2_sep7,Atlanta,2023,pure_wind,atlanta_2023-06-05,2023-06-05,2023-06-05,1
p80_p30_min2_sep7,Atlanta,2023,pure_wind,atlanta_2023-06-20,2023-06-20,2023-06-20,1
p80_p30_min2_sep7,Atlanta,2023,pure_wind,atlanta_2023-06-23,2023-06-23,2023-06-23,1
p80_p30_min2_sep7,Atlanta,2023,pure_wind,atlanta_2023-07-04,2023-07-04,2023-07-06,3
p80_p30_min2_sep7,Atlanta,2023,pure_wind,atlanta_2023-07-10,2023-07-10,2023-07-11,2
p80_p30_min2_sep7,Atlanta,2023,pure_wind,atlanta_2023-07-23,2023-07-23,2023-07-23,1
p80_p30_min2_sep7,Atlanta,2023,pure_wind,atlanta_2023-08-16,2023-08-16,2023-08-16,1
p80_p30_min2_sep7,Atlanta,2023,pure_wind,atlanta_2023-08-19,2023-08-19,2023-08-19,1
p80_p30_min2_sep7,Atlanta,2023,pure_wind,atlanta_2023-08-29,2023-08-29,2023-08-29,1
p80_p30_min2_sep7,Atlanta,2023,pure_wind,atlanta_2023-09-03,2023-09-03,2023-09-03,1
p80_p30_min2_sep7,Atlanta,2023,pure_wind,atlanta_2023-09-05,2023-09-05,2023-09-05,1
p80_p30_min2_sep7,Atlanta,2023,pure_wind,atlanta_2023-09-08,2023-09-08,2023-09-10,3
p80_p30_min2_sep7,Atlanta,2023,pure_wind,atlanta_2023-09-12,2023-09-12,2023-09-14,3
p80_p30_min2_sep7,Atlanta,2023,pure_wind,atlanta_2023-09-19,2023-09-19,2023-09-19,1
p80_p30_min2_sep7,Atlanta,2023,pure_wind,atlanta_2023-09-25,2023-09-25,2023-09-25,1
p80_p30_min2_sep7,Atlanta,2023,pure_wind,atlanta_2023-09-29,2023-09-29,2023-09-30,2
p80_p30_min2_sep7,Atlanta,2023,pure_wind,atlanta_2023-10-18,2023-10-18,2023-10-18,1
p80_p30_min2_sep7,Atlanta,2023,pure_wind,atlanta_2023-10-27,2023-10-27,2023-10-28,2
p80_p30_min2_sep7,Atlanta,2024,pure_wind,atlanta_2024-04-18,2024-04-18,2024-04-18,1
p80_p30_min2_sep7,Atlanta,2024,pure_wind,atlanta_2024-04-25,2024-04-25,2024-04-25,1
p80_p30_min2_sep7,Atlanta,2024,pure_wind,atlanta_2024-04-30,2024-04-30,2024-05-01,2
p80_p30_min2_sep7,Atlanta,2024,pure_wind,atlanta_2024-05-04,2024-05-04,2024-05-05,2
p80_p30_min2_sep7,Atlanta,2024,pure_wind,atlanta_2024-05-12,2024-05-12,2024-05-12,1
p80_p30_min2_sep7,Atlanta,2024,pure_wind,atlanta_2024-05-21,2024-05-21,2024-05-21,1
p80_p30_min2_sep7,Atlanta,2024,pure_wind,atlanta_2024-05-23,2024-05-23,2024-05-24,2
p80_p30_min2_sep7,Atlanta,2024,pure_wind,atlanta_2024-06-03,2024-06-03,2024-06-03,1
p80_p30_min2_sep7,Atlanta,2024,pure_wind,atlanta_2024-06-08,2024-06-08,2024-06-08,1
p80_p30_min2_sep7,Atlanta,2024,pure_wind,atlanta_2024-06-27,2024-06-27,2024-06-27,1
p80_p30_min2_sep7,Atlanta,2024,pure_wind,atlanta_2024-07-19,2024-07-19,2024-07-20,2
p80_p30_min2_sep7,Atlanta,2024,pure_wind,atlanta_2024-07-22,2024-07-22,2024-07-26,5
p80_p30_min2_sep7,Atlanta,2024,pure_wind,atlanta_2024-07-29,2024-07-29,2024-07-29,1
p80_p30_min2_sep7,Atlanta,2024,pure_wind,atlanta_2024-08-04,2024-08-04,2024-08-04,1
p80_p30_min2_sep7,Atlanta,2024,pure_wind,atlanta_2024-08-14,2024-08-14,2024-08-14,1
p80_p30_min2_sep7,Atlanta,2024,pure_wind,atlanta_2024-08-26,2024-08-26,2024-08-26,1
p80_p30_min2_sep7,Atlanta,2024,pure_wind,atlanta_2024-09-18,2024-09-18,2024-09-19,2
p80_p30_min2_sep7,Atlanta,2024,pure_wind,atlanta_2024-09-30,2024-09-30,2024-09-30,1
p80_p30_min2_sep7,Atlanta,2024,pure_wind,atlanta_2024-10-02,2024-10-02,2024-10-02,1
p80_p30_min2_sep7,Atlanta,2024,pure_wind,atlanta_2024-10-05,2024-10-05,2024-10-06,2
p80_p30_min2_sep7,Atlanta,2024,pure_wind,atlanta_2024-10-11,2024-10-11,2024-10-11,1
p80_p30_min2_sep7,Atlanta,2024,pure_wind,atlanta_2024-10-17,2024-10-17,2024-10-17,1
p80_p30_min2_sep7,Atlanta,2024,pure_wind,atlanta_2024-10-23,2024-10-23,2024-10-23,1
p80_p30_min2_sep7,Atlanta,2024,pure_wind,atlanta_2024-10-25,2024-10-25,2024-10-25,1
p80_p30_min2_sep7,Atlanta,2025,pure_wind,atlanta_2025-04-22,2025-04-22,2025-04-22,1
p80_p30_min2_sep7,Atlanta,2025,pure_wind,atlanta_2025-05-06,2025-05-06,2025-05-06,1
p80_p30_min2_sep7,Atlanta,2025,pure_wind,atlanta_2025-05-08,2025-05-08,2025-05-08,1
p80_p30_min2_sep7,Atlanta,2025,pure_wind,atlanta_2025-05-19,2025-05-19,2025-05-19,1
p80_p30_min2_sep7,Atlanta,2025,pure_wind,atlanta_2025-05-24,2025-05-24,2025-05-24,1
p80_p30_min2_sep7,Atlanta,2025,pure_wind,atlanta_2025-05-29,2025-05-29,2025-05-29,1
p80_p30_min2_sep7,Atlanta,2025,pure_wind,atlanta_2025-06-02,2025-06-02,2025-06-02,1
p80_p30_min2_sep7,Atlanta,2025,pure_wind,atlanta_2025-06-05,2025-06-05,2025-06-06,2
p80_p30_min2_sep7,Atlanta,2025,pure_wind,atlanta_2025-06-10,2025-06-10,2025-06-12,3
p80_p30_min2_sep7,Atlanta,2025,pure_wind,atlanta_2025-06-21,2025-06-21,2025-06-21,1
p80_p30_min2_sep7,Atlanta,2025,pure_wind,atlanta_2025-06-26,2025-06-26,2025-06-26,1
p80_p30_min2_sep7,Atlanta,2025,pure_wind,atlanta_2025-06-28,2025-06-28,2025-06-28,1
p80_p30_min2_sep7,Atlanta,2025,pure_wind,atlanta_2025-07-11,2025-07-11,2025-07-11,1
p80_p30_min2_sep7,Atlanta,2025,pure_wind,atlanta_2025-08-19,2025-08-19,2025-08-22,4
p80_p30_min2_sep7,Atlanta,2025,pure_wind,atlanta_2025-08-24,2025-08-24,2025-08-24,1
p80_p30_min2_sep7,Atlanta,2025,pure_wind,atlanta_2025-08-27,2025-08-27,2025-08-30,4
p80_p30_min2_sep7,Atlanta,2025,pure_wind,atlanta_2025-09-03,2025-09-03,2025-09-03,1
p80_p30_min2_sep7,Atlanta,2025,pure_wind,atlanta_2025-09-06,2025-09-06,2025-09-06,1
p80_p30_min2_sep7,Atlanta,2025,pure_wind,atlanta_2025-09-11,2025-09-11,2025-09-14,4
p80_p30_min2_sep7,Atlanta,2025,pure_wind,atlanta_2025-09-16,2025-09-16,2025-09-18,3
p80_p30_min2_sep7,Atlanta,2025,pure_wind,atlanta_2025-09-23,2025-09-23,2025-09-23,1
p80_p30_min2_sep7,Atlanta,2025,pure_wind,atlanta_2025-09-26,2025-09-26,2025-09-27,2
p80_p30_min2_sep7,Atlanta,2025,pure_wind,atlanta_2025-10-13,2025-10-13,2025-10-13,1
p80_p30_min2_sep7,Atlanta,2025,pure_wind,atlanta_2025-10-20,2025-10-20,2025-10-20,1
p80_p30_min2_sep7,Chicago,2019,low_wind,chicago_2019-04-05,2019-04-05,2019-04-06,2
p80_p30_min2_sep7,Chicago,2019,low_wind,chicago_2019-04-24,2019-04-24,2019-04-25,2
p80_p30_min2_sep7,Chicago,2019,low_wind,chicago_2019-05-04,2019-05-04,2019-05-05,2
p80_p30_min2_sep7,Chicago,2019,low_wind,chicago_2019-05-11,2019-05-11,2019-05-11,1
p80_p30_min2_sep7,Chicago,2019,low_wind,chicago_2019-05-13,2019-05-13,2019-05-15,3
p80_p30_min2_sep7,Chicago,2019,low_wind,chicago_2019-05-26,2019-05-26,2019-05-26,1
p80_p30_min2_sep7,Chicago,2019,low_wind,chicago_2019-05-29,2019-05-29,2019-05-30,2
p80_p30_min2_sep7,Chicago,2019,low_wind,chicago_2019-06-06,2019-06-06,2019-06-06,1
p80_p30_min2_sep7,Chicago,2019,low_wind,chicago_2019-06-09,2019-06-09,2019-06-09,1
p80_p30_min2_sep7,Chicago,2019,low_wind,chicago_2019-06-11,2019-06-11,2019-06-11,1
p80_p30_min2_sep7,Chicago,2019,low_wind,chicago_2019-06-17,2019-06-17,2019-06-18,2
p80_p30_min2_sep7,Chicago,2019,low_wind,chicago_2019-06-21,2019-06-21,2019-06-21,1
p80_p30_min2_sep7,Chicago,2019,low_wind,chicago_2019-06-26,2019-06-26,2019-06-27,2
p80_p30_min2_sep7,Chicago,2019,low_wind,chicago_2019-06-29,2019-06-29,2019-07-05,7
p80_p30_min2_sep7,Chicago,2019,low_wind,chicago_2019-07-08,2019-07-08,2019-07-08,1
p80_p30_min2_sep7,Chicago,2019,low_wind,chicago_2019-07-12,2019-07-12,2019-07-12,1
p80_p30_min2_sep7,Chicago,2019,low_wind,chicago_2019-07-14,2019-07-14,2019-07-14,1
p80_p30_min2_sep7,Chicago,2019,low_wind,chicago_2019-07-16,2019-07-16,2019-07-17,2
p80_p30_min2_sep7,Chicago,2019,low_wind,chicago_2019-07-24,2019-07-24,2019-07-25,2
p80_p30_min2_sep7,Chicago,2019,low_wind,chicago_2019-08-01,2019-08-01,2019-08-07,7
p80_p30_min2_sep7,Chicago,2019,low_wind,chicago_2019-08-09,2019-08-09,2019-08-13,5
p80_p30_min2_sep7,Chicago,2019,low_wind,chicago_2019-08-17,2019-08-17,2019-08-17,1
p80_p30_min2_sep7,Chicago,2019,low_wind,chicago_2019-08-19,2019-08-19,2019-08-21,3
p80_p30_min2_sep7,Chicago,2019,low_wind,chicago_2019-08-30,2019-08-30,2019-08-30,1
p80_p30_min2_sep7,Chicago,2019,low_wind,chicago_2019-09-01,2019-09-01,2019-09-02,2
p80_p30_min2_sep7,Chicago,2019,low_wind,chicago_2019-09-05,2019-09-05,2019-09-05,1
p80_p30_min2_sep7,Chicago,2019,low_wind,chicago_2019-09-07,2019-09-07,2019-09-08,2
p80_p30_min2_sep7,Chicago,2019,low_wind,chicago_2019-09-14,2019-09-14,2019-09-14,1
p80_p30_min2_sep7,Chicago,2019,low_wind,chicago_2019-09-16,2019-09-16,2019-09-17,2
p80_p30_min2_sep7,Chicago,2019,low_wind,chicago_2019-09-19,2019-09-19,2019-09-20,2
p80_p30_min2_sep7,Chicago,2019,low_wind,chicago_2019-10-07,2019-10-07,2019-10-08,2
p80_p30_min2_sep7,Chicago,2019,low_wind,chicago_2019-10-14,2019-10-14,2019-10-14,1
p80_p30_min2_sep7,Chicago,2019,low_wind,chicago_2019-10-17,2019-10-17,2019-10-17,1
p80_p30_min2_sep7,Chicago,2019,low_wind,chicago_2019-10-20,2019-10-20,2019-10-20,1
p80_p30_min2_sep7,Chicago,2019,low_wind,chicago_2019-10-24,2019-10-24,2019-10-25,2
p80_p30_min2_sep7,Chicago,2019,low_wind,chicago_2019-10-28,2019-10-28,2019-10-28,1
p80_p30_min2_sep7,Chicago,2020,low_wind,chicago_2020-04-01,2020-04-01,2020-04-03,3
p80_p30_min2_sep7,Chicago,2020,low_wind,chicago_2020-04-08,2020-04-08,2020-04-08,1
p80_p30_min2_sep7,Chicago,2020,low_wind,chicago_2020-05-15,2020-05-15,2020-05-15,1
p80_p30_min2_sep7,Chicago,2020,low_wind,chicago_2020-05-18,2020-05-18,2020-05-18,1
p80_p30_min2_sep7,Chicago,2020,low_wind,chicago_2020-05-22,2020-05-22,2020-05-22,1
p80_p30_min2_sep7,Chicago,2020,low_wind,chicago_2020-05-27,2020-05-27,2020-05-27,1
p80_p30_min2_sep7,Chicago,2020,low_wind,chicago_2020-06-03,2020-06-03,2020-06-05,3
p80_p30_min2_sep7,Chicago,2020,low_wind,chicago_2020-06-18,2020-06-18,2020-06-19,2
p80_p30_min2_sep7,Chicago,2020,low_wind,chicago_2020-06-21,2020-06-21,2020-06-21,1
p80_p30_min2_sep7,Chicago,2020,low_wind,chicago_2020-06-24,2020-06-24,2020-06-25,2
p80_p30_min2_sep7,Chicago,2020,low_wind,chicago_2020-06-28,2020-06-28,2020-06-30,3
p80_p30_min2_sep7,Chicago,2020,low_wind,chicago_2020-07-02,2020-07-02,2020-07-08,7
p80_p30_min2_sep7,Chicago,2020,low_wind,chicago_2020-07-13,2020-07-13,2020-07-13,1
p80_p30_min2_sep7,Chicago,2020,low_wind,chicago_2020-07-17,2020-07-17,2020-07-17,1
p80_p30_min2_sep7,Chicago,2020,low_wind,chicago_2020-07-24,2020-07-24,2020-07-25,2
p80_p30_min2_sep7,Chicago,2020,low_wind,chicago_2020-07-27,2020-07-27,2020-07-27,1
p80_p30_min2_sep7,Chicago,2020,low_wind,chicago_2020-08-01,2020-08-01,2020-08-02,2
p80_p30_min2_sep7,Chicago,2020,low_wind,chicago_2020-08-05,2020-08-05,2020-08-07,3
p80_p30_min2_sep7,Chicago,2020,low_wind,chicago_2020-08-11,2020-08-11,2020-08-15,5
p80_p30_min2_sep7,Chicago,2020,low_wind,chicago_2020-08-17,2020-08-17,2020-08-17,1
p80_p30_min2_sep7,Chicago,2020,low_wind,chicago_2020-08-19,2020-08-19,2020-08-22,4
p80_p30_min2_sep7,Chicago,2020,low_wind,chicago_2020-08-24,2020-08-24,2020-08-25,2
p80_p30_min2_sep7,Chicago,2020,low_wind,chicago_2020-09-13,2020-09-13,2020-09-14,2
p80_p30_min2_sep7,Chicago,2020,low_wind,chicago_2020-09-19,2020-09-19,2020-09-19,1
p80_p30_min2_sep7,Chicago,2020,low_wind,chicago_2020-09-22,2020-09-22,2020-09-22,1
p80_p30_min2_sep7,Chicago,2020,low_wind,chicago_2020-10-03,2020-10-03,2020-10-03,1
p80_p30_min2_sep7,Chicago,2020,low_wind,chicago_2020-10-08,2020-10-08,2020-10-08,1
p80_p30_min2_sep7,Chicago,2020,low_wind,chicago_2020-10-27,2020-10-27,2020-10-27,1
p80_p30_min2_sep7,Chicago,2021,low_wind,chicago_2021-04-11,2021-04-11,2021-04-11,1
p80_p30_min2_sep7,Chicago,2021,low_wind,chicago_2021-04-16,2021-04-16,2021-04-18,3
p80_p30_min2_sep7,Chicago,2021,low_wind,chicago_2021-04-20,2021-04-20,2021-04-22,3
p80_p30_min2_sep7,Chicago,2021,low_wind,chicago_2021-04-24,2021-04-24,2021-04-24,1
p80_p30_min2_sep7,Chicago,2021,low_wind,chicago_2021-05-06,2021-05-06,2021-05-06,1
p80_p30_min2_sep7,Chicago,2021,low_wind,chicago_2021-05-08,2021-05-08,2021-05-08,1
p80_p30_min2_sep7,Chicago,2021,low_wind,chicago_2021-05-11,2021-05-11,2021-05-14,4
p80_p30_min2_sep7,Chicago,2021,low_wind,chicago_2021-05-16,2021-05-16,2021-05-17,2
p80_p30_min2_sep7,Chicago,2021,low_wind,chicago_2021-05-22,2021-05-22,2021-05-24,3
p80_p30_min2_sep7,Chicago,2021,low_wind,chicago_2021-05-30,2021-05-30,2021-05-30,1
p80_p30_min2_sep7,Chicago,2021,low_wind,chicago_2021-06-01,2021-06-01,2021-06-03,3
p80_p30_min2_sep7,Chicago,2021,low_wind,chicago_2021-06-07,2021-06-07,2021-06-12,6
p80_p30_min2_sep7,Chicago,2021,low_wind,chicago_2021-06-20,2021-06-20,2021-06-20,1
p80_p30_min2_sep7,Chicago,2021,low_wind,chicago_2021-06-22,2021-06-22,2021-06-22,1
p80_p30_min2_sep7,Chicago,2021,low_wind,chicago_2021-06-28,2021-06-28,2021-06-30,3
p80_p30_min2_sep7,Chicago,2021,low_wind,chicago_2021-07-09,2021-07-09,2021-07-09,1
p80_p30_min2_sep7,Chicago,2021,low_wind,chicago_2021-07-13,2021-07-13,2021-07-13,1
p80_p30_min2_sep7,Chicago,2021,low_wind,chicago_2021-07-18,2021-07-18,2021-07-19,2
p80_p30_min2_sep7,Chicago,2021,low_wind,chicago_2021-07-22,2021-07-22,2021-07-23,2
p80_p30_min2_sep7,Chicago,2021,low_wind,chicago_2021-07-25,2021-07-25,2021-07-28,4
p80_p30_min2_sep7,Chicago,2021,low_wind,chicago_2021-07-31,2021-07-31,2021-07-31,1
p80_p30_min2_sep7,Chicago,2021,low_wind,chicago_2021-08-02,2021-08-02,2021-08-04,3
p80_p30_min2_sep7,Chicago,2021,low_wind,chicago_2021-08-13,2021-08-13,2021-08-13,1
p80_p30_min2_sep7,Chicago,2021,low_wind,chicago_2021-08-15,2021-08-15,2021-08-20,6
p80_p30_min2_sep7,Chicago,2021,low_wind,chicago_2021-08-23,2021-08-23,2021-08-23,1
p80_p30_min2_sep7,Chicago,2021,low_wind,chicago_2021-08-25,2021-08-25,2021-08-26,2
p80_p30_min2_sep7,Chicago,2021,low_wind,chicago_2021-08-30,2021-08-30,2021-08-30,1
p80_p30_min2_sep7,Chicago,2021,low_wind,chicago_2021-09-02,2021-09-02,2021-09-02,1
p80_p30_min2_sep7,Chicago,2021,low_wind,chicago_2021-09-06,2021-09-06,2021-09-06,1
p80_p30_min2_sep7,Chicago,2021,low_wind,chicago_2021-09-09,2021-09-09,2021-09-10,2
p80_p30_min2_sep7,Chicago,2021,low_wind,chicago_2021-09-13,2021-09-13,2021-09-13,1
p80_p30_min2_sep7,Chicago,2021,low_wind,chicago_2021-09-15,2021-09-15,2021-09-15,1
p80_p30_min2_sep7,Chicago,2021,low_wind,chicago_2021-09-19,2021-09-19,2021-09-19,1
p80_p30_min2_sep7,Chicago,2021,low_wind,chicago_2021-09-29,2021-09-29,2021-09-30,2
p80_p30_min2_sep7,Chicago,2021,low_wind,chicago_2021-10-03,2021-10-03,2021-10-03,1
p80_p30_min2_sep7,Chicago,2021,low_wind,chicago_2021-10-08,2021-10-08,2021-10-08,1
p80_p30_min2_sep7,Chicago,2021,low_wind,chicago_2021-10-18,2021-10-18,2021-10-18,1
p80_p30_min2_sep7,Chicago,2021,low_wind,chicago_2021-10-22,2021-10-22,2021-10-23,2
p80_p30_min2_sep7,Chicago,2022,low_wind,chicago_2022-04-03,2022-04-03,2022-04-03,1
p80_p30_min2_sep7,Chicago,2022,low_wind,chicago_2022-05-14,2022-05-14,2022-05-15,2
p80_p30_min2_sep7,Chicago,2022,low_wind,chicago_2022-05-21,2022-05-21,2022-05-21,1
p80_p30_min2_sep7,Chicago,2022,low_wind,chicago_2022-06-01,2022-06-01,2022-06-02,2
p80_p30_min2_sep7,Chicago,2022,low_wind,chicago_2022-06-04,2022-06-04,2022-06-04,1
p80_p30_min2_sep7,Chicago,2022,low_wind,chicago_2022-06-09,2022-06-09,2022-06-11,3
p80_p30_min2_sep7,Chicago,2022,low_wind,chicago_2022-06-19,2022-06-19,2022-06-19,1
p80_p30_min2_sep7,Chicago,2022,low_wind,chicago_2022-06-22,2022-06-22,2022-06-24,3
p80_p30_min2_sep7,Chicago,2022,low_wind,chicago_2022-07-02,2022-07-02,2022-07-03,2
p80_p30_min2_sep7,Chicago,2022,low_wind,chicago_2022-07-07,2022-07-07,2022-07-07,1
p80_p30_min2_sep7,Chicago,2022,low_wind,chicago_2022-07-10,2022-07-10,2022-07-10,1
p80_p30_min2_sep7,Chicago,2022,low_wind,chicago_2022-07-15,2022-07-15,2022-07-15,1
p80_p30_min2_sep7,Chicago,2022,low_wind,chicago_2022-07-18,2022-07-18,2022-07-18,1
p80_p30_min2_sep7,Chicago,2022,low_wind,chicago_2022-07-25,2022-07-25,2022-07-27,3
p80_p30_min2_sep7,Chicago,2022,low_wind,chicago_2022-07-29,2022-07-29,2022-07-31,3
p80_p30_min2_sep7,Chicago,2022,low_wind,chicago_2022-08-05,2022-08-05,2022-08-05,1
p80_p30_min2_sep7,Chicago,2022,low_wind,chicago_2022-08-07,2022-08-07,2022-08-07,1
p80_p30_min2_sep7,Chicago,2022,low_wind,chicago_2022-08-10,2022-08-10,2022-08-10,1
p80_p30_min2_sep7,Chicago,2022,low_wind,chicago_2022-08-12,2022-08-12,2022-08-12,1
p80_p30_min2_sep7,Chicago,2022,low_wind,chicago_2022-08-17,2022-08-17,2022-08-18,2
p80_p30_min2_sep7,Chicago,2022,low_wind,chicago_2022-08-21,2022-08-21,2022-08-25,5
p80_p30_min2_sep7,Chicago,2022,low_wind,chicago_2022-08-27,2022-08-27,2022-08-27,1
p80_p30_min2_sep7,Chicago,2022,low_wind,chicago_2022-09-01,2022-09-01,2022-09-01,1
p80_p30_min2_sep7,Chicago,2022,low_wind,chicago_2022-09-06,2022-09-06,2022-09-10,5
p80_p30_min2_sep7,Chicago,2022,low_wind,chicago_2022-09-13,2022-09-13,2022-09-15,3
p80_p30_min2_sep7,Chicago,2022,low_wind,chicago_2022-09-19,2022-09-19,2022-09-19,1
p80_p30_min2_sep7,Chicago,2022,low_wind,chicago_2022-09-23,2022-09-23,2022-09-23,1
p80_p30_min2_sep7,Chicago,2022,low_wind,chicago_2022-09-29,2022-09-29,2022-09-30,2
p80_p30_min2_sep7,Chicago,2022,low_wind,chicago_2022-10-03,2022-10-03,2022-10-05,3
p80_p30_min2_sep7,Chicago,2022,low_wind,chicago_2022-10-10,2022-10-10,2022-10-10,1
p80_p30_min2_sep7,Chicago,2022,low_wind,chicago_2022-10-28,2022-10-28,2022-10-31,4
p80_p30_min2_sep7,Chicago,2023,low_wind,chicago_2023-04-14,2023-04-14,2023-04-14,1
p80_p30_min2_sep7,Chicago,2023,low_wind,chicago_2023-04-23,2023-04-23,2023-04-24,2
p80_p30_min2_sep7,Chicago,2023,low_wind,chicago_2023-05-09,2023-05-09,2023-05-10,2
p80_p30_min2_sep7,Chicago,2023,low_wind,chicago_2023-05-12,2023-05-12,2023-05-12,1
p80_p30_min2_sep7,Chicago,2023,low_wind,chicago_2023-05-15,2023-05-15,2023-05-15,1
p80_p30_min2_sep7,Chicago,2023,low_wind,chicago_2023-05-21,2023-05-21,2023-05-23,3
p80_p30_min2_sep7,Chicago,2023,low_wind,chicago_2023-05-28,2023-05-28,2023-05-30,3
p80_p30_min2_sep7,Chicago,2023,low_wind,chicago_2023-06-01,2023-06-01,2023-06-02,2
p80_p30_min2_sep7,Chicago,2023,low_wind,chicago_2023-06-05,2023-06-05,2023-06-05,1
p80_p30_min2_sep7,Chicago,2023,low_wind,chicago_2023-06-09,2023-06-09,2023-06-10,2
p80_p30_min2_sep7,Chicago,2023,low_wind,chicago_2023-06-14,2023-06-14,2023-06-14,1
p80_p30_min2_sep7,Chicago,2023,low_wind,chicago_2023-06-17,2023-06-17,2023-06-17,1
p80_p30_min2_sep7,Chicago,2023,low_wind,chicago_2023-06-23,2023-06-23,2023-06-24,2
p80_p30_min2_sep7,Chicago,2023,low_wind,chicago_2023-06-28,2023-06-28,2023-06-28,1
p80_p30_min2_sep7,Chicago,2023,low_wind,chicago_2023-06-30,2023-06-30,2023-07-01,2
p80_p30_min2_sep7,Chicago,2023,low_wind,chicago_2023-07-03,2023-07-03,2023-07-09,7
p80_p30_min2_sep7,Chicago,2023,low_wind,chicago_2023-07-13,2023-07-13,2023-07-13,1
p80_p30_min2_sep7,Chicago,2023,low_wind,chicago_2023-07-15,2023-07-15,2023-07-15,1
p80_p30_min2_sep7,Chicago,2023,low_wind,chicago_2023-07-17,2023-07-17,2023-07-19,3
p80_p30_min2_sep7,Chicago,2023,low_wind,chicago_2023-07-22,2023-07-22,2023-07-25,4
p80_p30_min2_sep7,Chicago,2023,low_wind,chicago_2023-07-27,2023-07-27,2023-07-28,2
p80_p30_min2_sep7,Chicago,2023,low_wind,chicago_2023-07-30,2023-07-30,2023-08-01,3
p80_p30_min2_sep7,Chicago,2023,low_wind,chicago_2023-08-03,2023-08-03,2023-08-03,1
p80_p30_min2_sep7,Chicago,2023,low_wind,chicago_2023-08-08,2023-08-08,2023-08-10,3
p80_p30_min2_sep7,Chicago,2023,low_wind,chicago_2023-08-12,2023-08-12,2023-08-12,1
p80_p30_min2_sep7,Chicago,2023,low_wind,chicago_2023-08-18,2023-08-18,2023-08-18,1
p80_p30_min2_sep7,Chicago,2023,low_wind,chicago_2023-08-28,2023-08-28,2023-08-28,1
p80_p30_min2_sep7,Chicago,2023,low_wind,chicago_2023-08-31,2023-08-31,2023-08-31,1
p80_p30_min2_sep7,Chicago,2023,low_wind,chicago_2023-09-10,2023-09-10,2023-09-11,2
p80_p30_min2_sep7,Chicago,2023,low_wind,chicago_2023-09-13,2023-09-13,2023-09-16,4
p80_p30_min2_sep7,Chicago,2023,low_wind,chicago_2023-09-18,2023-09-18,2023-09-18,1
p80_p30_min2_sep7,Chicago,2023,low_wind,chicago_2023-09-21,2023-09-21,2023-09-21,1
p80_p30_min2_sep7,Chicago,2023,low_wind,chicago_2023-09-28,2023-09-28,2023-09-29,2
p80_p30_min2_sep7,Chicago,2023,low_wind,chicago_2023-10-01,2023-10-01,2023-10-02,2
p80_p30_min2_sep7,Chicago,2023,low_wind,chicago_2023-10-05,2023-10-05,2023-10-05,1
p80_p30_min2_sep7,Chicago,2023,low_wind,chicago_2023-10-11,2023-10-11,2023-10-11,1
p80_p30_min2_sep7,Chicago,2023,low_wind,chicago_2023-10-17,2023-10-17,2023-10-17,1
p80_p30_min2_sep7,Chicago,2024,low_wind,chicago_2024-04-10,2024-04-10,2024-04-10,1
p80_p30_min2_sep7,Chicago,2024,low_wind,chicago_2024-04-18,2024-04-18,2024-04-18,1
p80_p30_min2_sep7,Chicago,2024,low_wind,chicago_2024-04-21,2024-04-21,2024-04-21,1
p80_p30_min2_sep7,Chicago,2024,low_wind,chicago_2024-04-25,2024-04-25,2024-04-25,1
p80_p30_min2_sep7,Chicago,2024,low_wind,chicago_2024-04-30,2024-04-30,2024-04-30,1
p80_p30_min2_sep7,Chicago,2024,low_wind,chicago_2024-05-03,2024-05-03,2024-05-03,1
p80_p30_min2_sep7,Chicago,2024,low_wind,chicago_2024-05-17,2024-05-17,2024-05-18,2
p80_p30_min2_sep7,Chicago,2024,low_wind,chicago_2024-05-28,2024-05-28,2024-05-28,1
p80_p30_min2_sep7,Chicago,2024,low_wind,chicago_2024-06-02,2024-06-02,2024-06-02,1
p80_p30_min2_sep7,Chicago,2024,low_wind,chicago_2024-06-11,2024-06-11,2024-06-11,1
p80_p30_min2_sep7,Chicago,2024,low_wind,chicago_2024-06-21,2024-06-21,2024-06-21,1
p80_p30_min2_sep7,Chicago,2024,low_wind,chicago_2024-06-24,2024-06-24,2024-06-24,1
p80_p30_min2_sep7,Chicago,2024,low_wind,chicago_2024-06-26,2024-06-26,2024-06-26,1
p80_p30_min2_sep7,Chicago,2024,low_wind,chicago_2024-07-04,2024-07-04,2024-07-04,1
p80_p30_min2_sep7,Chicago,2024,low_wind,chicago_2024-07-06,2024-07-06,2024-07-07,2
p80_p30_min2_sep7,Chicago,2024,low_wind,chicago_2024-07-09,2024-07-09,2024-07-09,1
p80_p30_min2_sep7,Chicago,2024,low_wind,chicago_2024-07-11,2024-07-11,2024-07-12,2
p80_p30_min2_sep7,Chicago,2024,low_wind,chicago_2024-07-15,2024-07-15,2024-07-15,1
p80_p30_min2_sep7,Chicago,2024,low_wind,chicago_2024-07-19,2024-07-19,2024-07-26,8
p80_p30_min2_sep7,Chicago,2024,low_wind,chicago_2024-07-30,2024-07-30,2024-08-04,6
p80_p30_min2_sep7,Chicago,2024,low_wind,chicago_2024-08-08,2024-08-08,2024-08-08,1
p80_p30_min2_sep7,Chicago,2024,low_wind,chicago_2024-08-12,2024-08-12,2024-08-14,3
p80_p30_min2_sep7,Chicago,2024,low_wind,chicago_2024-08-21,2024-08-21,2024-08-24,4
p80_p30_min2_sep7,Chicago,2024,low_wind,chicago_2024-08-27,2024-08-27,2024-08-27,1
p80_p30_min2_sep7,Chicago,2024,low_wind,chicago_2024-08-30,2024-08-30,2024-08-31,2
p80_p30_min2_sep7,Chicago,2024,low_wind,chicago_2024-09-02,2024-09-02,2024-09-02,1
p80_p30_min2_sep7,Chicago,2024,low_wind,chicago_2024-09-04,2024-09-04,2024-09-05,2
p80_p30_min2_sep7,Chicago,2024,low_wind,chicago_2024-09-10,2024-09-10,2024-09-11,2
p80_p30_min2_sep7,Chicago,2024,low_wind,chicago_2024-09-17,2024-09-17,2024-09-21,5
p80_p30_min2_sep7,Chicago,2024,low_wind,chicago_2024-09-25,2024-09-25,2024-09-26,2
p80_p30_min2_sep7,Chicago,2024,low_wind,chicago_2024-09-30,2024-09-30,2024-09-30,1
p80_p30_min2_sep7,Chicago,2024,low_wind,chicago_2024-10-09,2024-10-09,2024-10-10,2
p80_p30_min2_sep7,Chicago,2024,low_wind,chicago_2024-10-27,2024-10-27,2024-10-27,1
p80_p30_min2_sep7,Chicago,2025,low_wind,chicago_2025-04-11,2025-04-11,2025-04-12,2
p80_p30_min2_sep7,Chicago,2025,low_wind,chicago_2025-04-19,2025-04-19,2025-04-19,1
p80_p30_min2_sep7,Chicago,2025,low_wind,chicago_2025-04-23,2025-04-23,2025-04-23,1
p80_p30_min2_sep7,Chicago,2025,low_wind,chicago_2025-04-30,2025-04-30,2025-04-30,1
p80_p30_min2_sep7,Chicago,2025,low_wind,chicago_2025-05-02,2025-05-02,2025-05-02,1
p80_p30_min2_sep7,Chicago,2025,low_wind,chicago_2025-05-06,2025-05-06,2025-05-06,1
p80_p30_min2_sep7,Chicago,2025,low_wind,chicago_2025-05-09,2025-05-09,2025-05-09,1
p80_p30_min2_sep7,Chicago,2025,low_wind,chicago_2025-05-14,2025-05-14,2025-05-14,1
p80_p30_min2_sep7,Chicago,2025,low_wind,chicago_2025-05-23,2025-05-23,2025-05-25,3
p80_p30_min2_sep7,Chicago,2025,low_wind,chicago_2025-05-28,2025-05-28,2025-05-29,2
p80_p30_min2_sep7,Chicago,2025,low_wind,chicago_2025-06-01,2025-06-01,2025-06-01,1
p80_p30_min2_sep7,Chicago,2025,low_wind,chicago_2025-06-06,2025-06-06,2025-06-08,3
p80_p30_min2_sep7,Chicago,2025,low_wind,chicago_2025-06-13,2025-06-13,2025-06-13,1
p80_p30_min2_sep7,Chicago,2025,low_wind,chicago_2025-06-15,2025-06-15,2025-06-16,2
p80_p30_min2_sep7,Chicago,2025,low_wind,chicago_2025-06-18,2025-06-18,2025-06-19,2
p80_p30_min2_sep7,Chicago,2025,low_wind,chicago_2025-06-24,2025-06-24,2025-06-26,3
p80_p30_min2_sep7,Chicago,2025,low_wind,chicago_2025-06-28,2025-06-28,2025-07-04,7
p80_p30_min2_sep7,Chicago,2025,low_wind,chicago_2025-07-08,2025-07-08,2025-07-10,3
p80_p30_min2_sep7,Chicago,2025,low_wind,chicago_2025-07-13,2025-07-13,2025-07-15,3
p80_p30_min2_sep7,Chicago,2025,low_wind,chicago_2025-07-18,2025-07-18,2025-07-19,2
p80_p30_min2_sep7,Chicago,2025,low_wind,chicago_2025-07-25,2025-07-25,2025-07-29,5
p80_p30_min2_sep7,Chicago,2025,low_wind,chicago_2025-08-02,2025-08-02,2025-08-06,5
p80_p30_min2_sep7,Chicago,2025,low_wind,chicago_2025-08-12,2025-08-12,2025-08-16,5
p80_p30_min2_sep7,Chicago,2025,low_wind,chicago_2025-08-22,2025-08-22,2025-08-22,1
p80_p30_min2_sep7,Chicago,2025,low_wind,chicago_2025-08-27,2025-08-27,2025-08-27,1
p80_p30_min2_sep7,Chicago,2025,low_wind,chicago_2025-08-29,2025-08-29,2025-09-02,5
p80_p30_min2_sep7,Chicago,2025,low_wind,chicago_2025-09-07,2025-09-07,2025-09-07,1
p80_p30_min2_sep7,Chicago,2025,low_wind,chicago_2025-09-09,2025-09-09,2025-09-10,2
p80_p30_min2_sep7,Chicago,2025,low_wind,chicago_2025-09-12,2025-09-12,2025-09-12,1
p80_p30_min2_sep7,Chicago,2025,low_wind,chicago_2025-09-16,2025-09-16,2025-09-23,8
p80_p30_min2_sep7,Chicago,2025,low_wind,chicago_2025-09-25,2025-09-25,2025-09-27,3
p80_p30_min2_sep7,Chicago,2025,low_wind,chicago_2025-09-29,2025-09-29,2025-09-29,1
p80_p30_min2_sep7,Chicago,2025,low_wind,chicago_2025-10-03,2025-10-03,2025-10-03,1
p80_p30_min2_sep7,Chicago,2025,low_wind,chicago_2025-10-09,2025-10-09,2025-10-09,1
p80_p30_min2_sep7,Chicago,2025,low_wind,chicago_2025-10-13,2025-10-13,2025-10-13,1
p80_p30_min2_sep7,Chicago,2025,low_wind,chicago_2025-10-24,2025-10-24,2025-10-25,2
p80_p30_min2_sep7,Chicago,2019,pure_wind,chicago_2019-04-05,2019-04-05,2019-04-06,2
p80_p30_min2_sep7,Chicago,2019,pure_wind,chicago_2019-04-24,2019-04-24,2019-04-25,2
p80_p30_min2_sep7,Chicago,2019,pure_wind,chicago_2019-05-04,2019-05-04,2019-05-05,2
p80_p30_min2_sep7,Chicago,2019,pure_wind,chicago_2019-05-11,2019-05-11,2019-05-11,1
p80_p30_min2_sep7,Chicago,2019,pure_wind,chicago_2019-05-13,2019-05-13,2019-05-15,3
p80_p30_min2_sep7,Chicago,2019,pure_wind,chicago_2019-05-26,2019-05-26,2019-05-26,1
p80_p30_min2_sep7,Chicago,2019,pure_wind,chicago_2019-05-29,2019-05-29,2019-05-30,2
p80_p30_min2_sep7,Chicago,2019,pure_wind,chicago_2019-06-06,2019-06-06,2019-06-06,1
p80_p30_min2_sep7,Chicago,2019,pure_wind,chicago_2019-06-09,2019-06-09,2019-06-09,1
p80_p30_min2_sep7,Chicago,2019,pure_wind,chicago_2019-06-11,2019-06-11,2019-06-11,1
p80_p30_min2_sep7,Chicago,2019,pure_wind,chicago_2019-06-17,2019-06-17,2019-06-18,2
p80_p30_min2_sep7,Chicago,2019,pure_wind,chicago_2019-06-21,2019-06-21,2019-06-21,1
p80_p30_min2_sep7,Chicago,2019,pure_wind,chicago_2019-06-26,2019-06-26,2019-06-27,2
p80_p30_min2_sep7,Chicago,2019,pure_wind,chicago_2019-06-29,2019-06-29,2019-06-30,2
p80_p30_min2_sep7,Chicago,2019,pure_wind,chicago_2019-07-03,2019-07-03,2019-07-03,1
p80_p30_min2_sep7,Chicago,2019,pure_wind,chicago_2019-07-08,2019-07-08,2019-07-08,1
p80_p30_min2_sep7,Chicago,2019,pure_wind,chicago_2019-07-16,2019-07-16,2019-07-16,1
p80_p30_min2_sep7,Chicago,2019,pure_wind,chicago_2019-07-24,2019-07-24,2019-07-24,1
p80_p30_min2_sep7,Chicago,2019,pure_wind,chicago_2019-08-01,2019-08-01,2019-08-02,2
p80_p30_min2_sep7,Chicago,2019,pure_wind,chicago_2019-08-04,2019-08-04,2019-08-04,1
p80_p30_min2_sep7,Chicago,2019,pure_wind,chicago_2019-08-06,2019-08-06,2019-08-06,1
p80_p30_min2_sep7,Chicago,2019,pure_wind,chicago_2019-08-09,2019-08-09,2019-08-13,5
p80_p30_min2_sep7,Chicago,2019,pure_wind,chicago_2019-08-17,2019-08-17,2019-08-17,1
p80_p30_min2_sep7,Chicago,2019,pure_wind,chicago_2019-08-19,2019-08-19,2019-08-20,2
p80_p30_min2_sep7,Chicago,2019,pure_wind,chicago_2019-08-30,2019-08-30,2019-08-30,1
p80_p30_min2_sep7,Chicago,2019,pure_wind,chicago_2019-09-01,2019-09-01,2019-09-02,2
p80_p30_min2_sep7,Chicago,2019,pure_wind,chicago_2019-09-05,2019-09-05,2019-09-05,1
p80_p30_min2_sep7,Chicago,2019,pure_wind,chicago_2019-09-07,2019-09-07,2019-09-08,2
p80_p30_min2_sep7,Chicago,2019,pure_wind,chicago_2019-09-14,2019-09-14,2019-09-14,1
p80_p30_min2_sep7,Chicago,2019,pure_wind,chicago_2019-09-16,2019-09-16,2019-09-17,2
p80_p30_min2_sep7,Chicago,2019,pure_wind,chicago_2019-09-19,2019-09-19,2019-09-20,2
p80_p30_min2_sep7,Chicago,2019,pure_wind,chicago_2019-10-07,2019-10-07,2019-10-08,2
p80_p30_min2_sep7,Chicago,2019,pure_wind,chicago_2019-10-14,2019-10-14,2019-10-14,1
p80_p30_min2_sep7,Chicago,2019,pure_wind,chicago_2019-10-17,2019-10-17,2019-10-17,1
p80_p30_min2_sep7,Chicago,2019,pure_wind,chicago_2019-10-20,2019-10-20,2019-10-20,1
p80_p30_min2_sep7,Chicago,2019,pure_wind,chicago_2019-10-24,2019-10-24,2019-10-25,2
p80_p30_min2_sep7,Chicago,2019,pure_wind,chicago_2019-10-28,2019-10-28,2019-10-28,1
p80_p30_min2_sep7,Chicago,2020,pure_wind,chicago_2020-04-01,2020-04-01,2020-04-03,3
p80_p30_min2_sep7,Chicago,2020,pure_wind,chicago_2020-04-08,2020-04-08,2020-04-08,1
p80_p30_min2_sep7,Chicago,2020,pure_wind,chicago_2020-05-15,2020-05-15,2020-05-15,1
p80_p30_min2_sep7,Chicago,2020,pure_wind,chicago_2020-05-18,2020-05-18,2020-05-18,1
p80_p30_min2_sep7,Chicago,2020,pure_wind,chicago_2020-05-22,2020-05-22,2020-05-22,1
p80_p30_min2_sep7,Chicago,2020,pure_wind,chicago_2020-05-27,2020-05-27,2020-05-27,1
p80_p30_min2_sep7,Chicago,2020,pure_wind,chicago_2020-06-03,2020-06-03,2020-06-04,2
p80_p30_min2_sep7,Chicago,2020,pure_wind,chicago_2020-06-18,2020-06-18,2020-06-18,1
p80_p30_min2_sep7,Chicago,2020,pure_wind,chicago_2020-06-21,2020-06-21,2020-06-21,1
p80_p30_min2_sep7,Chicago,2020,pure_wind,chicago_2020-06-24,2020-06-24,2020-06-25,2
p80_p30_min2_sep7,Chicago,2020,pure_wind,chicago_2020-06-28,2020-06-28,2020-06-28,1
p80_p30_min2_sep7,Chicago,2020,pure_wind,chicago_2020-07-04,2020-07-04,2020-07-04,1
p80_p30_min2_sep7,Chicago,2020,pure_wind,chicago_2020-07-13,2020-07-13,2020-07-13,1
p80_p30_min2_sep7,Chicago,2020,pure_wind,chicago_2020-07-24,2020-07-24,2020-07-24,1
p80_p30_min2_sep7,Chicago,2020,pure_wind,chicago_2020-08-01,2020-08-01,2020-08-02,2
p80_p30_min2_sep7,Chicago,2020,pure_wind,chicago_2020-08-05,2020-08-05,2020-08-07,3
p80_p30_min2_sep7,Chicago,2020,pure_wind,chicago_2020-08-11,2020-08-11,2020-08-13,3
p80_p30_min2_sep7,Chicago,2020,pure_wind,chicago_2020-08-17,2020-08-17,2020-08-17,1
p80_p30_min2_sep7,Chicago,2020,pure_wind,chicago_2020-08-19,2020-08-19,2020-08-19,1
p80_p30_min2_sep7,Chicago,2020,pure_wind,chicago_2020-08-25,2020-08-25,2020-08-25,1
p80_p30_min2_sep7,Chicago,2020,pure_wind,chicago_2020-09-13,2020-09-13,2020-09-14,2
p80_p30_min2_sep7,Chicago,2020,pure_wind,chicago_2020-09-19,2020-09-19,2020-09-19,1
p80_p30_min2_sep7,Chicago,2020,pure_wind,chicago_2020-09-22,2020-09-22,2020-09-22,1
p80_p30_min2_sep7,Chicago,2020,pure_wind,chicago_2020-10-03,2020-10-03,2020-10-03,1
p80_p30_min2_sep7,Chicago,2020,pure_wind,chicago_2020-10-08,2020-10-08,2020-10-08,1
p80_p30_min2_sep7,Chicago,2020,pure_wind,chicago_2020-10-27,2020-10-27,2020-10-27,1
p80_p30_min2_sep7,Chicago,2021,pure_wind,chicago_2021-04-11,2021-04-11,2021-04-11,1
p80_p30_min2_sep7,Chicago,2021,pure_wind,chicago_2021-04-16,2021-04-16,2021-04-18,3
p80_p30_min2_sep7,Chicago,2021,pure_wind,chicago_2021-04-20,2021-04-20,2021-04-22,3
p80_p30_min2_sep7,Chicago,2021,pure_wind,chicago_2021-04-24,2021-04-24,2021-04-24,1
p80_p30_min2_sep7,Chicago,2021,pure_wind,chicago_2021-05-06,2021-05-06,2021-05-06,1
p80_p30_min2_sep7,Chicago,2021,pure_wind,chicago_2021-05-08,2021-05-08,2021-05-08,1
p80_p30_min2_sep7,Chicago,2021,pure_wind,chicago_2021-05-11,2021-05-11,2021-05-14,4
p80_p30_min2_sep7,Chicago,2021,pure_wind,chicago_2021-05-16,2021-05-16,2021-05-17,2
p80_p30_min2_sep7,Chicago,2021,pure_wind,chicago_2021-05-23,2021-05-23,2021-05-24,2
p80_p30_min2_sep7,Chicago,2021,pure_wind,chicago_2021-05-30,2021-05-30,2021-05-30,1
p80_p30_min2_sep7,Chicago,2021,pure_wind,chicago_2021-06-01,2021-06-01,2021-06-02,2
p80_p30_min2_sep7,Chicago,2021,pure_wind,chicago_2021-06-07,2021-06-07,2021-06-10,4
p80_p30_min2_sep7,Chicago,2021,pure_wind,chicago_2021-06-20,2021-06-20,2021-06-20,1
p80_p30_min2_sep7,Chicago,2021,pure_wind,chicago_2021-06-22,2021-06-22,2021-06-22,1
p80_p30_min2_sep7,Chicago,2021,pure_wind,chicago_2021-06-28,2021-06-28,2021-06-28,1
p80_p30_min2_sep7,Chicago,2021,pure_wind,chicago_2021-06-30,2021-06-30,2021-06-30,1
p80_p30_min2_sep7,Chicago,2021,pure_wind,chicago_2021-07-09,2021-07-09,2021-07-09,1
p80_p30_min2_sep7,Chicago,2021,pure_wind,chicago_2021-07-13,2021-07-13,2021-07-13,1
p80_p30_min2_sep7,Chicago,2021,pure_wind,chicago_2021-07-18,2021-07-18,2021-07-19,2
p80_p30_min2_sep7,Chicago,2021,pure_wind,chicago_2021-07-22,2021-07-22,2021-07-22,1
p80_p30_min2_sep7,Chicago,2021,pure_wind,chicago_2021-07-31,2021-07-31,2021-07-31,1
p80_p30_min2_sep7,Chicago,2021,pure_wind,chicago_2021-08-02,2021-08-02,2021-08-04,3
p80_p30_min2_sep7,Chicago,2021,pure_wind,chicago_2021-08-13,2021-08-13,2021-08-13,1
p80_p30_min2_sep7,Chicago,2021,pure_wind,chicago_2021-08-15,2021-08-15,2021-08-17,3
p80_p30_min2_sep7,Chicago,2021,pure_wind,chicago_2021-08-30,2021-08-30,2021-08-30,1
p80_p30_min2_sep7,Chicago,2021,pure_wind,chicago_2021-09-02,2021-09-02,2021-09-02,1
p80_p30_min2_sep7,Chicago,2021,pure_wind,chicago_2021-09-06,2021-09-06,2021-09-06,1
p80_p30_min2_sep7,Chicago,2021,pure_wind,chicago_2021-09-09,2021-09-09,2021-09-10,2
p80_p30_min2_sep7,Chicago,2021,pure_wind,chicago_2021-09-15,2021-09-15,2021-09-15,1
p80_p30_min2_sep7,Chicago,2021,pure_wind,chicago_2021-09-29,2021-09-29,2021-09-30,2
p80_p30_min2_sep7,Chicago,2021,pure_wind,chicago_2021-10-03,2021-10-03,2021-10-03,1
p80_p30_min2_sep7,Chicago,2021,pure_wind,chicago_2021-10-08,2021-10-08,2021-10-08,1
p80_p30_min2_sep7,Chicago,2021,pure_wind,chicago_2021-10-18,2021-10-18,2021-10-18,1
p80_p30_min2_sep7,Chicago,2021,pure_wind,chicago_2021-10-22,2021-10-22,2021-10-23,2
p80_p30_min2_sep7,Chicago,2022,pure_wind,chicago_2022-04-03,2022-04-03,2022-04-03,1
p80_p30_min2_sep7,Chicago,2022,pure_wind,chicago_2022-05-14,2022-05-14,2022-05-15,2
p80_p30_min2_sep7,Chicago,2022,pure_wind,chicago_2022-05-21,2022-05-21,2022-05-21,1
p80_p30_min2_sep7,Chicago,2022,pure_wind,chicago_2022-06-01,2022-06-01,2022-06-02,2
p80_p30_min2_sep7,Chicago,2022,pure_wind,chicago_2022-06-04,2022-06-04,2022-06-04,1
p80_p30_min2_sep7,Chicago,2022,pure_wind,chicago_2022-06-09,2022-06-09,2022-06-11,3
p80_p30_min2_sep7,Chicago,2022,pure_wind,chicago_2022-06-19,2022-06-19,2022-06-19,1
p80_p30_min2_sep7,Chicago,2022,pure_wind,chicago_2022-06-23,2022-06-23,2022-06-23,1
p80_p30_min2_sep7,Chicago,2022,pure_wind,chicago_2022-07-02,2022-07-02,2022-07-02,1
p80_p30_min2_sep7,Chicago,2022,pure_wind,chicago_2022-07-07,2022-07-07,2022-07-07,1
p80_p30_min2_sep7,Chicago,2022,pure_wind,chicago_2022-07-10,2022-07-10,2022-07-10,1
p80_p30_min2_sep7,Chicago,2022,pure_wind,chicago_2022-07-15,2022-07-15,2022-07-15,1
p80_p30_min2_sep7,Chicago,2022,pure_wind,chicago_2022-07-25,2022-07-25,2022-07-26,2
p80_p30_min2_sep7,Chicago,2022,pure_wind,chicago_2022-07-29,2022-07-29,2022-07-30,2
p80_p30_min2_sep7,Chicago,2022,pure_wind,chicago_2022-08-12,2022-08-12,2022-08-12,1
p80_p30_min2_sep7,Chicago,2022,pure_wind,chicago_2022-08-17,2022-08-17,2022-08-17,1
p80_p30_min2_sep7,Chicago,2022,pure_wind,chicago_2022-08-21,2022-08-21,2022-08-22,2
p80_p30_min2_sep7,Chicago,2022,pure_wind,chicago_2022-08-25,2022-08-25,2022-08-25,1
p80_p30_min2_sep7,Chicago,2022,pure_wind,chicago_2022-08-27,2022-08-27,2022-08-27,1
p80_p30_min2_sep7,Chicago,2022,pure_wind,chicago_2022-09-06,2022-09-06,2022-09-09,4
p80_p30_min2_sep7,Chicago,2022,pure_wind,chicago_2022-09-13,2022-09-13,2022-09-15,3
p80_p30_min2_sep7,Chicago,2022,pure_wind,chicago_2022-09-19,2022-09-19,2022-09-19,1
p80_p30_min2_sep7,Chicago,2022,pure_wind,chicago_2022-09-23,2022-09-23,2022-09-23,1
p80_p30_min2_sep7,Chicago,2022,pure_wind,chicago_2022-09-29,2022-09-29,2022-09-30,2
p80_p30_min2_sep7,Chicago,2022,pure_wind,chicago_2022-10-03,2022-10-03,2022-10-05,3
p80_p30_min2_sep7,Chicago,2022,pure_wind,chicago_2022-10-10,2022-10-10,2022-10-10,1
p80_p30_min2_sep7,Chicago,2022,pure_wind,chicago_2022-10-28,2022-10-28,2022-10-31,4
p80_p30_min2_sep7,Chicago,2023,pure_wind,chicago_2023-04-14,2023-04-14,2023-04-14,1
p80_p30_min2_sep7,Chicago,2023,pure_wind,chicago_2023-04-23,2023-04-23,2023-04-24,2
p80_p30_min2_sep7,Chicago,2023,pure_wind,chicago_2023-05-09,2023-05-09,2023-05-10,2
p80_p30_min2_sep7,Chicago,2023,pure_wind,chicago_2023-05-12,2023-05-12,2023-05-12,1
p80_p30_min2_sep7,Chicago,2023,pure_wind,chicago_2023-05-15,2023-05-15,2023-05-15,1
p80_p30_min2_sep7,Chicago,2023,pure_wind,chicago_2023-05-21,2023-05-21,2023-05-23,3
p80_p30_min2_sep7,Chicago,2023,pure_wind,chicago_2023-05-28,2023-05-28,2023-05-30,3
p80_p30_min2_sep7,Chicago,2023,pure_wind,chicago_2023-06-01,2023-06-01,2023-06-02,2
p80_p30_min2_sep7,Chicago,2023,pure_wind,chicago_2023-06-05,2023-06-05,2023-06-05,1
p80_p30_min2_sep7,Chicago,2023,pure_wind,chicago_2023-06-09,2023-06-09,2023-06-10,2
p80_p30_min2_sep7,Chicago,2023,pure_wind,chicago_2023-06-14,2023-06-14,2023-06-14,1
p80_p30_min2_sep7,Chicago,2023,pure_wind,chicago_2023-06-17,2023-06-17,2023-06-17,1
p80_p30_min2_sep7,Chicago,2023,pure_wind,chicago_2023-06-23,2023-06-23,2023-06-23,1
p80_p30_min2_sep7,Chicago,2023,pure_wind,chicago_2023-06-28,2023-06-28,2023-06-28,1
p80_p30_min2_sep7,Chicago,2023,pure_wind,chicago_2023-07-01,2023-07-01,2023-07-01,1
p80_p30_min2_sep7,Chicago,2023,pure_wind,chicago_2023-07-03,2023-07-03,2023-07-03,1
p80_p30_min2_sep7,Chicago,2023,pure_wind,chicago_2023-07-06,2023-07-06,2023-07-09,4
p80_p30_min2_sep7,Chicago,2023,pure_wind,chicago_2023-07-13,2023-07-13,2023-07-13,1
p80_p30_min2_sep7,Chicago,2023,pure_wind,chicago_2023-07-15,2023-07-15,2023-07-15,1
p80_p30_min2_sep7,Chicago,2023,pure_wind,chicago_2023-07-17,2023-07-17,2023-07-19,3
p80_p30_min2_sep7,Chicago,2023,pure_wind,chicago_2023-07-22,2023-07-22,2023-07-23,2
p80_p30_min2_sep7,Chicago,2023,pure_wind,chicago_2023-07-30,2023-07-30,2023-08-01,3
p80_p30_min2_sep7,Chicago,2023,pure_wind,chicago_2023-08-09,2023-08-09,2023-08-09,1
p80_p30_min2_sep7,Chicago,2023,pure_wind,chicago_2023-08-18,2023-08-18,2023-08-18,1
p80_p30_min2_sep7,Chicago,2023,pure_wind,chicago_2023-08-28,2023-08-28,2023-08-28,1
p80_p30_min2_sep7,Chicago,2023,pure_wind,chicago_2023-08-31,2023-08-31,2023-08-31,1
p80_p30_min2_sep7,Chicago,2023,pure_wind,chicago_2023-09-10,2023-09-10,2023-09-11,2
p80_p30_min2_sep7,Chicago,2023,pure_wind,chicago_2023-09-13,2023-09-13,2023-09-16,4
p80_p30_min2_sep7,Chicago,2023,pure_wind,chicago_2023-09-18,2023-09-18,2023-09-18,1
p80_p30_min2_sep7,Chicago,2023,pure_wind,chicago_2023-09-21,2023-09-21,2023-09-21,1
p80_p30_min2_sep7,Chicago,2023,pure_wind,chicago_2023-09-28,2023-09-28,2023-09-29,2
p80_p30_min2_sep7,Chicago,2023,pure_wind,chicago_2023-10-01,2023-10-01,2023-10-01,1
p80_p30_min2_sep7,Chicago,2023,pure_wind,chicago_2023-10-05,2023-10-05,2023-10-05,1
p80_p30_min2_sep7,Chicago,2023,pure_wind,chicago_2023-10-11,2023-10-11,2023-10-11,1
p80_p30_min2_sep7,Chicago,2023,pure_wind,chicago_2023-10-17,2023-10-17,2023-10-17,1
p80_p30_min2_sep7,Chicago,2024,pure_wind,chicago_2024-04-10,2024-04-10,2024-04-10,1
p80_p30_min2_sep7,Chicago,2024,pure_wind,chicago_2024-04-18,2024-04-18,2024-04-18,1
p80_p30_min2_sep7,Chicago,2024,pure_wind,chicago_2024-04-21,2024-04-21,2024-04-21,1
p80_p30_min2_sep7,Chicago,2024,pure_wind,chicago_2024-04-25,2024-04-25,2024-04-25,1
p80_p30_min2_sep7,Chicago,2024,pure_wind,chicago_2024-04-30,2024-04-30,2024-04-30,1
p80_p30_min2_sep7,Chicago,2024,pure_wind,chicago_2024-05-03,2024-05-03,2024-05-03,1
p80_p30_min2_sep7,Chicago,2024,pure_wind,chicago_2024-05-17,2024-05-17,2024-05-18,2
p80_p30_min2_sep7,Chicago,2024,pure_wind,chicago_2024-05-28,2024-05-28,2024-05-28,1
p80_p30_min2_sep7,Chicago,2024,pure_wind,chicago_2024-06-02,2024-06-02,2024-06-02,1
p80_p30_min2_sep7,Chicago,2024,pure_wind,chicago_2024-06-11,2024-06-11,2024-06-11,1
p80_p30_min2_sep7,Chicago,2024,pure_wind,chicago_2024-06-24,2024-06-24,2024-06-24,1
p80_p30_min2_sep7,Chicago,2024,pure_wind,chicago_2024-07-04,2024-07-04,2024-07-04,1
p80_p30_min2_sep7,Chicago,2024,pure_wind,chicago_2024-07-06,2024-07-06,2024-07-06,1
p80_p30_min2_sep7,Chicago,2024,pure_wind,chicago_2024-07-09,2024-07-09,2024-07-09,1
p80_p30_min2_sep7,Chicago,2024,pure_wind,chicago_2024-07-11,2024-07-11,2024-07-12,2
p80_p30_min2_sep7,Chicago,2024,pure_wind,chicago_2024-07-19,2024-07-19,2024-07-22,4
p80_p30_min2_sep7,Chicago,2024,pure_wind,chicago_2024-07-24,2024-07-24,2024-07-26,3
p80_p30_min2_sep7,Chicago,2024,pure_wind,chicago_2024-08-02,2024-08-02,2024-08-02,1
p80_p30_min2_sep7,Chicago,2024,pure_wind,chicago_2024-08-12,2024-08-12,2024-08-12,1
p80_p30_min2_sep7,Chicago,2024,pure_wind,chicago_2024-08-21,2024-08-21,2024-08-23,3
p80_p30_min2_sep7,Chicago,2024,pure_wind,chicago_2024-09-02,2024-09-02,2024-09-02,1
p80_p30_min2_sep7,Chicago,2024,pure_wind,chicago_2024-09-04,2024-09-04,2024-09-04,1
p80_p30_min2_sep7,Chicago,2024,pure_wind,chicago_2024-09-10,2024-09-10,2024-09-10,1
p80_p30_min2_sep7,Chicago,2024,pure_wind,chicago_2024-09-17,2024-09-17,2024-09-18,2
p80_p30_min2_sep7,Chicago,2024,pure_wind,chicago_2024-09-25,2024-09-25,2024-09-26,2
p80_p30_min2_sep7,Chicago,2024,pure_wind,chicago_2024-09-30,2024-09-30,2024-09-30,1
p80_p30_min2_sep7,Chicago,2024,pure_wind,chicago_2024-10-09,2024-10-09,2024-10-10,2
p80_p30_min2_sep7,Chicago,2024,pure_wind,chicago_2024-10-27,2024-10-27,2024-10-27,1
p80_p30_min2_sep7,Chicago,2025,pure_wind,chicago_2025-04-11,2025-04-11,2025-04-12,2
p80_p30_min2_sep7,Chicago,2025,pure_wind,chicago_2025-04-19,2025-04-19,2025-04-19,1
p80_p30_min2_sep7,Chicago,2025,pure_wind,chicago_2025-04-23,2025-04-23,2025-04-23,1
p80_p30_min2_sep7,Chicago,2025,pure_wind,chicago_2025-04-30,2025-04-30,2025-04-30,1
p80_p30_min2_sep7,Chicago,2025,pure_wind,chicago_2025-05-02,2025-05-02,2025-05-02,1
p80_p30_min2_sep7,Chicago,2025,pure_wind,chicago_2025-05-06,2025-05-06,2025-05-06,1
p80_p30_min2_sep7,Chicago,2025,pure_wind,chicago_2025-05-09,2025-05-09,2025-05-09,1
p80_p30_min2_sep7,Chicago,2025,pure_wind,chicago_2025-05-14,2025-05-14,2025-05-14,1
p80_p30_min2_sep7,Chicago,2025,pure_wind,chicago_2025-05-23,2025-05-23,2025-05-25,3
p80_p30_min2_sep7,Chicago,2025,pure_wind,chicago_2025-05-28,2025-05-28,2025-05-29,2
p80_p30_min2_sep7,Chicago,2025,pure_wind,chicago_2025-06-01,2025-06-01,2025-06-01,1
p80_p30_min2_sep7,Chicago,2025,pure_wind,chicago_2025-06-06,2025-06-06,2025-06-08,3
p80_p30_min2_sep7,Chicago,2025,pure_wind,chicago_2025-06-13,2025-06-13,2025-06-13,1
p80_p30_min2_sep7,Chicago,2025,pure_wind,chicago_2025-06-15,2025-06-15,2025-06-16,2
p80_p30_min2_sep7,Chicago,2025,pure_wind,chicago_2025-06-18,2025-06-18,2025-06-19,2
p80_p30_min2_sep7,Chicago,2025,pure_wind,chicago_2025-06-25,2025-06-25,2025-06-25,1
p80_p30_min2_sep7,Chicago,2025,pure_wind,chicago_2025-06-28,2025-06-28,2025-06-28,1
p80_p30_min2_sep7,Chicago,2025,pure_wind,chicago_2025-07-09,2025-07-09,2025-07-10,2
p80_p30_min2_sep7,Chicago,2025,pure_wind,chicago_2025-07-13,2025-07-13,2025-07-13,1
p80_p30_min2_sep7,Chicago,2025,pure_wind,chicago_2025-07-18,2025-07-18,2025-07-18,1
p80_p30_min2_sep7,Chicago,2025,pure_wind,chicago_2025-07-25,2025-07-25,2025-07-25,1
p80_p30_min2_sep7,Chicago,2025,pure_wind,chicago_2025-08-02,2025-08-02,2025-08-05,4
p80_p30_min2_sep7,Chicago,2025,pure_wind,chicago_2025-08-13,2025-08-13,2025-08-14,2
p80_p30_min2_sep7,Chicago,2025,pure_wind,chicago_2025-08-22,2025-08-22,2025-08-22,1
p80_p30_min2_sep7,Chicago,2025,pure_wind,chicago_2025-08-27,2025-08-27,2025-08-27,1
p80_p30_min2_sep7,Chicago,2025,pure_wind,chicago_2025-08-29,2025-08-29,2025-09-02,5
p80_p30_min2_sep7,Chicago,2025,pure_wind,chicago_2025-09-07,2025-09-07,2025-09-07,1
p80_p30_min2_sep7,Chicago,2025,pure_wind,chicago_2025-09-09,2025-09-09,2025-09-10,2
p80_p30_min2_sep7,Chicago,2025,pure_wind,chicago_2025-09-12,2025-09-12,2025-09-12,1
p80_p30_min2_sep7,Chicago,2025,pure_wind,chicago_2025-09-16,2025-09-16,2025-09-18,3
p80_p30_min2_sep7,Chicago,2025,pure_wind,chicago_2025-09-20,2025-09-20,2025-09-23,4
p80_p30_min2_sep7,Chicago,2025,pure_wind,chicago_2025-09-25,2025-09-25,2025-09-26,2
p80_p30_min2_sep7,Chicago,2025,pure_wind,chicago_2025-10-09,2025-10-09,2025-10-09,1
p80_p30_min2_sep7,Chicago,2025,pure_wind,chicago_2025-10-13,2025-10-13,2025-10-13,1
p80_p30_min2_sep7,Chicago,2025,pure_wind,chicago_2025-10-24,2025-10-24,2025-10-25,2
p80_p30_min2_sep7,Dallas,2019,low_wind,dallas_2019-04-01,2019-04-01,2019-04-01,1
p80_p30_min2_sep7,Dallas,2019,low_wind,dallas_2019-04-07,2019-04-07,2019-04-07,1
p80_p30_min2_sep7,Dallas,2019,low_wind,dallas_2019-04-09,2019-04-09,2019-04-09,1
p80_p30_min2_sep7,Dallas,2019,low_wind,dallas_2019-04-24,2019-04-24,2019-04-24,1
p80_p30_min2_sep7,Dallas,2019,low_wind,dallas_2019-05-05,2019-05-05,2019-05-05,1
p80_p30_min2_sep7,Dallas,2019,low_wind,dallas_2019-05-11,2019-05-11,2019-05-14,4
p80_p30_min2_sep7,Dallas,2019,low_wind,dallas_2019-05-31,2019-05-31,2019-06-04,5
p80_p30_min2_sep7,Dallas,2019,low_wind,dallas_2019-06-06,2019-06-06,2019-06-06,1
p80_p30_min2_sep7,Dallas,2019,low_wind,dallas_2019-06-08,2019-06-08,2019-06-08,1
p80_p30_min2_sep7,Dallas,2019,low_wind,dallas_2019-06-11,2019-06-11,2019-06-11,1
p80_p30_min2_sep7,Dallas,2019,low_wind,dallas_2019-06-13,2019-06-13,2019-06-13,1
p80_p30_min2_sep7,Dallas,2019,low_wind,dallas_2019-06-17,2019-06-17,2019-06-18,2
p80_p30_min2_sep7,Dallas,2019,low_wind,dallas_2019-06-27,2019-06-27,2019-06-27,1
p80_p30_min2_sep7,Dallas,2019,low_wind,dallas_2019-06-29,2019-06-29,2019-06-30,2
p80_p30_min2_sep7,Dallas,2019,low_wind,dallas_2019-07-06,2019-07-06,2019-07-08,3
p80_p30_min2_sep7,Dallas,2019,low_wind,dallas_2019-07-10,2019-07-10,2019-07-10,1
p80_p30_min2_sep7,Dallas,2019,low_wind,dallas_2019-07-15,2019-07-15,2019-07-15,1
p80_p30_min2_sep7,Dallas,2019,low_wind,dallas_2019-07-25,2019-07-25,2019-07-27,3
p80_p30_min2_sep7,Dallas,2019,low_wind,dallas_2019-07-31,2019-07-31,2019-08-02,3
p80_p30_min2_sep7,Dallas,2019,low_wind,dallas_2019-08-04,2019-08-04,2019-08-06,3
p80_p30_min2_sep7,Dallas,2019,low_wind,dallas_2019-08-13,2019-08-13,2019-08-15,3
p80_p30_min2_sep7,Dallas,2019,low_wind,dallas_2019-08-20,2019-08-20,2019-08-20,1
p80_p30_min2_sep7,Dallas,2019,low_wind,dallas_2019-08-24,2019-08-24,2019-08-25,2
p80_p30_min2_sep7,Dallas,2019,low_wind,dallas_2019-08-28,2019-08-28,2019-08-29,2
p80_p30_min2_sep7,Dallas,2019,low_wind,dallas_2019-08-31,2019-08-31,2019-09-06,7
p80_p30_min2_sep7,Dallas,2019,low_wind,dallas_2019-09-13,2019-09-13,2019-09-16,4
p80_p30_min2_sep7,Dallas,2019,low_wind,dallas_2019-10-03,2019-10-03,2019-10-04,2
p80_p30_min2_sep7,Dallas,2019,low_wind,dallas_2019-10-08,2019-10-08,2019-10-08,1
p80_p30_min2_sep7,Dallas,2019,low_wind,dallas_2019-10-12,2019-10-12,2019-10-13,2
p80_p30_min2_sep7,Dallas,2019,low_wind,dallas_2019-10-17,2019-10-17,2019-10-17,1
p80_p30_min2_sep7,Dallas,2019,low_wind,dallas_2019-10-22,2019-10-22,2019-10-22,1
p80_p30_min2_sep7,Dallas,2020,low_wind,dallas_2020-04-05,2020-04-05,2020-04-06,2
p80_p30_min2_sep7,Dallas,2020,low_wind,dallas_2020-04-15,2020-04-15,2020-04-15,1
p80_p30_min2_sep7,Dallas,2020,low_wind,dallas_2020-04-20,2020-04-20,2020-04-20,1
p80_p30_min2_sep7,Dallas,2020,low_wind,dallas_2020-04-26,2020-04-26,2020-04-26,1
p80_p30_min2_sep7,Dallas,2020,low_wind,dallas_2020-04-30,2020-04-30,2020-04-30,1
p80_p30_min2_sep7,Dallas,2020,low_wind,dallas_2020-05-06,2020-05-06,2020-05-06,1
p80_p30_min2_sep7,Dallas,2020,low_wind,dallas_2020-05-10,2020-05-10,2020-05-10,1
p80_p30_min2_sep7,Dallas,2020,low_wind,dallas_2020-05-18,2020-05-18,2020-05-18,1
p80_p30_min2_sep7,Dallas,2020,low_wind,dallas_2020-05-27,2020-05-27,2020-05-28,2
p80_p30_min2_sep7,Dallas,2020,low_wind,dallas_2020-05-30,2020-05-30,2020-05-30,1
p80_p30_min2_sep7,Dallas,2020,low_wind,dallas_2020-06-02,2020-06-02,2020-06-02,1
p80_p30_min2_sep7,Dallas,2020,low_wind,dallas_2020-06-06,2020-06-06,2020-06-06,1
p80_p30_min2_sep7,Dallas,2020,low_wind,dallas_2020-06-08,2020-06-08,2020-06-08,1
p80_p30_min2_sep7,Dallas,2020,low_wind,dallas_2020-06-11,2020-06-11,2020-06-13,3
p80_p30_min2_sep7,Dallas,2020,low_wind,dallas_2020-06-15,2020-06-15,2020-06-15,1
p80_p30_min2_sep7,Dallas,2020,low_wind,dallas_2020-06-23,2020-06-23,2020-06-24,2
p80_p30_min2_sep7,Dallas,2020,low_wind,dallas_2020-07-03,2020-07-03,2020-07-07,5
p80_p30_min2_sep7,Dallas,2020,low_wind,dallas_2020-07-22,2020-07-22,2020-07-22,1
p80_p30_min2_sep7,Dallas,2020,low_wind,dallas_2020-07-26,2020-07-26,2020-07-28,3
p80_p30_min2_sep7,Dallas,2020,low_wind,dallas_2020-08-01,2020-08-01,2020-08-03,3
p80_p30_min2_sep7,Dallas,2020,low_wind,dallas_2020-08-17,2020-08-17,2020-08-17,1
p80_p30_min2_sep7,Dallas,2020,low_wind,dallas_2020-08-19,2020-08-19,2020-08-23,5
p80_p30_min2_sep7,Dallas,2020,low_wind,dallas_2020-08-25,2020-08-25,2020-08-25,1
p80_p30_min2_sep7,Dallas,2020,low_wind,dallas_2020-08-27,2020-08-27,2020-08-27,1
p80_p30_min2_sep7,Dallas,2020,low_wind,dallas_2020-09-02,2020-09-02,2020-09-06,5
p80_p30_min2_sep7,Dallas,2020,low_wind,dallas_2020-09-11,2020-09-11,2020-09-12,2
p80_p30_min2_sep7,Dallas,2020,low_wind,dallas_2020-09-15,2020-09-15,2020-09-17,3
p80_p30_min2_sep7,Dallas,2020,low_wind,dallas_2020-09-24,2020-09-24,2020-09-24,1
p80_p30_min2_sep7,Dallas,2020,low_wind,dallas_2020-10-07,2020-10-07,2020-10-08,2
p80_p30_min2_sep7,Dallas,2020,low_wind,dallas_2020-10-10,2020-10-10,2020-10-10,1
p80_p30_min2_sep7,Dallas,2020,low_wind,dallas_2020-10-13,2020-10-13,2020-10-13,1
p80_p30_min2_sep7,Dallas,2020,low_wind,dallas_2020-10-30,2020-10-30,2020-10-30,1
p80_p30_min2_sep7,Dallas,2021,low_wind,dallas_2021-04-01,2021-04-01,2021-04-01,1
p80_p30_min2_sep7,Dallas,2021,low_wind,dallas_2021-04-19,2021-04-19,2021-04-19,1
p80_p30_min2_sep7,Dallas,2021,low_wind,dallas_2021-04-21,2021-04-21,2021-04-21,1
p80_p30_min2_sep7,Dallas,2021,low_wind,dallas_2021-05-05,2021-05-05,2021-05-06,2
p80_p30_min2_sep7,Dallas,2021,low_wind,dallas_2021-05-13,2021-05-13,2021-05-13,1
p80_p30_min2_sep7,Dallas,2021,low_wind,dallas_2021-05-18,2021-05-18,2021-05-20,3
p80_p30_min2_sep7,Dallas,2021,low_wind,dallas_2021-05-28,2021-05-28,2021-05-28,1
p80_p30_min2_sep7,Dallas,2021,low_wind,dallas_2021-06-02,2021-06-02,2021-06-05,4
p80_p30_min2_sep7,Dallas,2021,low_wind,dallas_2021-06-12,2021-06-12,2021-06-19,8
p80_p30_min2_sep7,Dallas,2021,low_wind,dallas_2021-06-28,2021-06-28,2021-06-28,1
p80_p30_min2_sep7,Dallas,2021,low_wind,dallas_2021-06-30,2021-06-30,2021-07-02,3
p80_p30_min2_sep7,Dallas,2021,low_wind,dallas_2021-07-04,2021-07-04,2021-07-04,1
p80_p30_min2_sep7,Dallas,2021,low_wind,dallas_2021-07-06,2021-07-06,2021-07-08,3
p80_p30_min2_sep7,Dallas,2021,low_wind,dallas_2021-07-12,2021-07-12,2021-07-12,1
p80_p30_min2_sep7,Dallas,2021,low_wind,dallas_2021-07-18,2021-07-18,2021-07-22,5
p80_p30_min2_sep7,Dallas,2021,low_wind,dallas_2021-07-26,2021-07-26,2021-08-05,11
p80_p30_min2_sep7,Dallas,2021,low_wind,dallas_2021-08-13,2021-08-13,2021-08-16,4
p80_p30_min2_sep7,Dallas,2021,low_wind,dallas_2021-08-25,2021-08-25,2021-08-26,2
p80_p30_min2_sep7,Dallas,2021,low_wind,dallas_2021-08-29,2021-08-29,2021-09-02,5
p80_p30_min2_sep7,Dallas,2021,low_wind,dallas_2021-09-05,2021-09-05,2021-09-05,1
p80_p30_min2_sep7,Dallas,2021,low_wind,dallas_2021-09-07,2021-09-07,2021-09-08,2
p80_p30_min2_sep7,Dallas,2021,low_wind,dallas_2021-09-12,2021-09-12,2021-09-12,1
p80_p30_min2_sep7,Dallas,2021,low_wind,dallas_2021-09-16,2021-09-16,2021-09-19,4
p80_p30_min2_sep7,Dallas,2021,low_wind,dallas_2021-09-23,2021-09-23,2021-09-25,3
p80_p30_min2_sep7,Dallas,2021,low_wind,dallas_2021-10-01,2021-10-01,2021-10-06,6
p80_p30_min2_sep7,Dallas,2021,low_wind,dallas_2021-10-14,2021-10-14,2021-10-14,1
p80_p30_min2_sep7,Dallas,2021,low_wind,dallas_2021-10-17,2021-10-17,2021-10-17,1
p80_p30_min2_sep7,Dallas,2021,low_wind,dallas_2021-10-21,2021-10-21,2021-10-22,2
p80_p30_min2_sep7,Dallas,2021,low_wind,dallas_2021-10-30,2021-10-30,2021-10-31,2
p80_p30_min2_sep7,Dallas,2022,low_wind,dallas_2022-05-06,2022-05-06,2022-05-06,1
p80_p30_min2_sep7,Dallas,2022,low_wind,dallas_2022-05-27,2022-05-27,2022-05-27,1
p80_p30_min2_sep7,Dallas,2022,low_wind,dallas_2022-06-03,2022-06-03,2022-06-04,2
p80_p30_min2_sep7,Dallas,2022,low_wind,dallas_2022-06-09,2022-06-09,2022-06-10,2
p80_p30_min2_sep7,Dallas,2022,low_wind,dallas_2022-06-17,2022-06-17,2022-06-18,2
p80_p30_min2_sep7,Dallas,2022,low_wind,dallas_2022-06-22,2022-06-22,2022-06-23,2
p80_p30_min2_sep7,Dallas,2022,low_wind,dallas_2022-06-30,2022-06-30,2022-06-30,1
p80_p30_min2_sep7,Dallas,2022,low_wind,dallas_2022-07-02,2022-07-02,2022-07-02,1
p80_p30_min2_sep7,Dallas,2022,low_wind,dallas_2022-07-09,2022-07-09,2022-07-09,1
p80_p30_min2_sep7,Dallas,2022,low_wind,dallas_2022-07-13,2022-07-13,2022-07-13,1
p80_p30_min2_sep7,Dallas,2022,low_wind,dallas_2022-08-10,2022-08-10,2022-08-11,2
p80_p30_min2_sep7,Dallas,2022,low_wind,dallas_2022-08-14,2022-08-14,2022-08-14,1
p80_p30_min2_sep7,Dallas,2022,low_wind,dallas_2022-08-18,2022-08-18,2022-08-19,2
p80_p30_min2_sep7,Dallas,2022,low_wind,dallas_2022-08-22,2022-08-22,2022-08-27,6
p80_p30_min2_sep7,Dallas,2022,low_wind,dallas_2022-08-30,2022-08-30,2022-09-10,12
p80_p30_min2_sep7,Dallas,2022,low_wind,dallas_2022-09-12,2022-09-12,2022-09-12,1
p80_p30_min2_sep7,Dallas,2022,low_wind,dallas_2022-09-15,2022-09-15,2022-09-15,1
p80_p30_min2_sep7,Dallas,2022,low_wind,dallas_2022-09-19,2022-09-19,2022-09-22,4
p80_p30_min2_sep7,Dallas,2022,low_wind,dallas_2022-09-25,2022-09-25,2022-09-25,1
p80_p30_min2_sep7,Dallas,2022,low_wind,dallas_2022-09-27,2022-09-27,2022-09-27,1
p80_p30_min2_sep7,Dallas,2022,low_wind,dallas_2022-09-30,2022-09-30,2022-10-06,7
p80_p30_min2_sep7,Dallas,2022,low_wind,dallas_2022-10-09,2022-10-09,2022-10-09,1
p80_p30_min2_sep7,Dallas,2022,low_wind,dallas_2022-10-19,2022-10-19,2022-10-19,1
p80_p30_min2_sep7,Dallas,2022,low_wind,dallas_2022-10-26,2022-10-26,2022-10-26,1
p80_p30_min2_sep7,Dallas,2022,low_wind,dallas_2022-10-31,2022-10-31,2022-10-31,1
p80_p30_min2_sep7,Dallas,2023,low_wind,dallas_2023-04-08,2023-04-08,2023-04-11,4
p80_p30_min2_sep7,Dallas,2023,low_wind,dallas_2023-05-10,2023-05-10,2023-05-10,1
p80_p30_min2_sep7,Dallas,2023,low_wind,dallas_2023-05-13,2023-05-13,2023-05-18,6
p80_p30_min2_sep7,Dallas,2023,low_wind,dallas_2023-05-21,2023-05-21,2023-05-22,2
p80_p30_min2_sep7,Dallas,2023,low_wind,dallas_2023-05-30,2023-05-30,2023-06-09,11
p80_p30_min2_sep7,Dallas,2023,low_wind,dallas_2023-06-14,2023-06-14,2023-06-14,1
p80_p30_min2_sep7,Dallas,2023,low_wind,dallas_2023-07-02,2023-07-02,2023-07-02,1
p80_p30_min2_sep7,Dallas,2023,low_wind,dallas_2023-07-06,2023-07-06,2023-07-06,1
p80_p30_min2_sep7,Dallas,2023,low_wind,dallas_2023-07-10,2023-07-10,2023-07-10,1
p80_p30_min2_sep7,Dallas,2023,low_wind,dallas_2023-07-23,2023-07-23,2023-07-23,1
p80_p30_min2_sep7,Dallas,2023,low_wind,dallas_2023-07-29,2023-07-29,2023-07-31,3
p80_p30_min2_sep7,Dallas,2023,low_wind,dallas_2023-08-16,2023-08-16,2023-08-16,1
p80_p30_min2_sep7,Dallas,2023,low_wind,dallas_2023-08-23,2023-08-23,2023-08-26,4
p80_p30_min2_sep7,Dallas,2023,low_wind,dallas_2023-08-29,2023-08-29,2023-08-29,1
p80_p30_min2_sep7,Dallas,2023,low_wind,dallas_2023-08-31,2023-08-31,2023-08-31,1
p80_p30_min2_sep7,Dallas,2023,low_wind,dallas_2023-09-02,2023-09-02,2023-09-02,1
p80_p30_min2_sep7,Dallas,2023,low_wind,dallas_2023-09-07,2023-09-07,2023-09-07,1
p80_p30_min2_sep7,Dallas,2023,low_wind,dallas_2023-09-13,2023-09-13,2023-09-13,1
p80_p30_min2_sep7,Dallas,2023,low_wind,dallas_2023-09-15,2023-09-15,2023-09-18,4
p80_p30_min2_sep7,Dallas,2023,low_wind,dallas_2023-09-25,2023-09-25,2023-09-28,4
p80_p30_min2_sep7,Dallas,2023,low_wind,dallas_2023-10-01,2023-10-01,2023-10-02,2
p80_p30_min2_sep7,Dallas,2023,low_wind,dallas_2023-10-08,2023-10-08,2023-10-08,1
p80_p30_min2_sep7,Dallas,2023,low_wind,dallas_2023-10-17,2023-10-17,2023-10-17,1
p80_p30_min2_sep7,Dallas,2023,low_wind,dallas_2023-10-19,2023-10-19,2023-10-19,1
p80_p30_min2_sep7,Dallas,2023,low_wind,dallas_2023-10-28,2023-10-28,2023-10-28,1
p80_p30_min2_sep7,Dallas,2024,low_wind,dallas_2024-04-04,2024-04-04,2024-04-04,1
p80_p30_min2_sep7,Dallas,2024,low_wind,dallas_2024-04-29,2024-04-29,2024-04-29,1
p80_p30_min2_sep7,Dallas,2024,low_wind,dallas_2024-05-05,2024-05-05,2024-05-05,1
p80_p30_min2_sep7,Dallas,2024,low_wind,dallas_2024-05-13,2024-05-13,2024-05-13,1
p80_p30_min2_sep7,Dallas,2024,low_wind,dallas_2024-05-17,2024-05-17,2024-05-17,1
p80_p30_min2_sep7,Dallas,2024,low_wind,dallas_2024-05-29,2024-05-29,2024-05-29,1
p80_p30_min2_sep7,Dallas,2024,low_wind,dallas_2024-05-31,2024-05-31,2024-06-01,2
p80_p30_min2_sep7,Dallas,2024,low_wind,dallas_2024-06-05,2024-06-05,2024-06-06,2
p80_p30_min2_sep7,Dallas,2024,low_wind,dallas_2024-06-10,2024-06-10,2024-06-14,5
p80_p30_min2_sep7,Dallas,2024,low_wind,dallas_2024-06-21,2024-06-21,2024-06-21,1
p80_p30_min2_sep7,Dallas,2024,low_wind,dallas_2024-07-06,2024-07-06,2024-07-06,1
p80_p30_min2_sep7,Dallas,2024,low_wind,dallas_2024-07-09,2024-07-09,2024-07-11,3
p80_p30_min2_sep7,Dallas,2024,low_wind,dallas_2024-07-18,2024-07-18,2024-07-19,2
p80_p30_min2_sep7,Dallas,2024,low_wind,dallas_2024-07-21,2024-07-21,2024-07-26,6
p80_p30_min2_sep7,Dallas,2024,low_wind,dallas_2024-08-02,2024-08-02,2024-08-10,9
p80_p30_min2_sep7,Dallas,2024,low_wind,dallas_2024-08-18,2024-08-18,2024-08-18,1
p80_p30_min2_sep7,Dallas,2024,low_wind,dallas_2024-08-25,2024-08-25,2024-08-28,4
p80_p30_min2_sep7,Dallas,2024,low_wind,dallas_2024-08-30,2024-08-30,2024-08-31,2
p80_p30_min2_sep7,Dallas,2024,low_wind,dallas_2024-09-09,2024-09-09,2024-09-10,2
p80_p30_min2_sep7,Dallas,2024,low_wind,dallas_2024-09-12,2024-09-12,2024-09-14,3
p80_p30_min2_sep7,Dallas,2024,low_wind,dallas_2024-09-16,2024-09-16,2024-09-17,2
p80_p30_min2_sep7,Dallas,2024,low_wind,dallas_2024-09-23,2024-09-23,2024-09-24,2
p80_p30_min2_sep7,Dallas,2024,low_wind,dallas_2024-09-26,2024-09-26,2024-09-26,1
p80_p30_min2_sep7,Dallas,2024,low_wind,dallas_2024-09-29,2024-09-29,2024-09-30,2
p80_p30_min2_sep7,Dallas,2024,low_wind,dallas_2024-10-02,2024-10-02,2024-10-09,8
p80_p30_min2_sep7,Dallas,2024,low_wind,dallas_2024-10-20,2024-10-20,2024-10-20,1
p80_p30_min2_sep7,Dallas,2024,low_wind,dallas_2024-10-26,2024-10-26,2024-10-27,2
p80_p30_min2_sep7,Dallas,2025,low_wind,dallas_2025-04-07,2025-04-07,2025-04-07,1
p80_p30_min2_sep7,Dallas,2025,low_wind,dallas_2025-04-11,2025-04-11,2025-04-11,1
p80_p30_min2_sep7,Dallas,2025,low_wind,dallas_2025-04-21,2025-04-21,2025-04-21,1
p80_p30_min2_sep7,Dallas,2025,low_wind,dallas_2025-04-25,2025-04-25,2025-04-25,1
p80_p30_min2_sep7,Dallas,2025,low_wind,dallas_2025-05-01,2025-05-01,2025-05-01,1
p80_p30_min2_sep7,Dallas,2025,low_wind,dallas_2025-05-04,2025-05-04,2025-05-04,1
p80_p30_min2_sep7,Dallas,2025,low_wind,dallas_2025-05-07,2025-05-07,2025-05-07,1
p80_p30_min2_sep7,Dallas,2025,low_wind,dallas_2025-05-12,2025-05-12,2025-05-12,1
p80_p30_min2_sep7,Dallas,2025,low_wind,dallas_2025-05-21,2025-05-21,2025-05-21,1
p80_p30_min2_sep7,Dallas,2025,low_wind,dallas_2025-05-27,2025-05-27,2025-05-29,3
p80_p30_min2_sep7,Dallas,2025,low_wind,dallas_2025-05-31,2025-05-31,2025-05-31,1
p80_p30_min2_sep7,Dallas,2025,low_wind,dallas_2025-06-05,2025-06-05,2025-06-05,1
p80_p30_min2_sep7,Dallas,2025,low_wind,dallas_2025-06-10,2025-06-10,2025-06-10,1
p80_p30_min2_sep7,Dallas,2025,low_wind,dallas_2025-06-12,2025-06-12,2025-06-12,1
p80_p30_min2_sep7,Dallas,2025,low_wind,dallas_2025-06-16,2025-06-16,2025-06-16,1
p80_p30_min2_sep7,Dallas,2025,low_wind,dallas_2025-07-01,2025-07-01,2025-07-03,3
p80_p30_min2_sep7,Dallas,2025,low_wind,dallas_2025-07-25,2025-07-25,2025-07-25,1
p80_p30_min2_sep7,Dallas,2025,low_wind,dallas_2025-07-29,2025-07-29,2025-08-06,9
p80_p30_min2_sep7,Dallas,2025,low_wind,dallas_2025-08-11,2025-08-11,2025-08-13,3
p80_p30_min2_sep7,Dallas,2025,low_wind,dallas_2025-08-18,2025-08-18,2025-08-25,8
p80_p30_min2_sep7,Dallas,2025,low_wind,dallas_2025-08-30,2025-08-30,2025-09-03,5
p80_p30_min2_sep7,Dallas,2025,low_wind,dallas_2025-09-08,2025-09-08,2025-09-13,6
p80_p30_min2_sep7,Dallas,2025,low_wind,dallas_2025-09-15,2025-09-15,2025-09-19,5
p80_p30_min2_sep7,Dallas,2025,low_wind,dallas_2025-09-25,2025-09-25,2025-10-03,9
p80_p30_min2_sep7,Dallas,2025,low_wind,dallas_2025-10-06,2025-10-06,2025-10-07,2
p80_p30_min2_sep7,Dallas,2025,low_wind,dallas_2025-10-10,2025-10-10,2025-10-11,2
p80_p30_min2_sep7,Dallas,2025,low_wind,dallas_2025-10-14,2025-10-14,2025-10-16,3
p80_p30_min2_sep7,Dallas,2025,low_wind,dallas_2025-10-25,2025-10-25,2025-10-26,2
p80_p30_min2_sep7,Dallas,2025,low_wind,dallas_2025-10-30,2025-10-30,2025-10-31,2
p80_p30_min2_sep7,Dallas,2019,pure_wind,dallas_2019-04-01,2019-04-01,2019-04-01,1
p80_p30_min2_sep7,Dallas,2019,pure_wind,dallas_2019-04-07,2019-04-07,2019-04-07,1
p80_p30_min2_sep7,Dallas,2019,pure_wind,dallas_2019-04-09,2019-04-09,2019-04-09,1
p80_p30_min2_sep7,Dallas,2019,pure_wind,dallas_2019-04-24,2019-04-24,2019-04-24,1
p80_p30_min2_sep7,Dallas,2019,pure_wind,dallas_2019-05-05,2019-05-05,2019-05-05,1
p80_p30_min2_sep7,Dallas,2019,pure_wind,dallas_2019-05-11,2019-05-11,2019-05-14,4
p80_p30_min2_sep7,Dallas,2019,pure_wind,dallas_2019-05-31,2019-05-31,2019-06-04,5
p80_p30_min2_sep7,Dallas,2019,pure_wind,dallas_2019-06-06,2019-06-06,2019-06-06,1
p80_p30_min2_sep7,Dallas,2019,pure_wind,dallas_2019-06-08,2019-06-08,2019-06-08,1
p80_p30_min2_sep7,Dallas,2019,pure_wind,dallas_2019-06-11,2019-06-11,2019-06-11,1
p80_p30_min2_sep7,Dallas,2019,pure_wind,dallas_2019-06-13,2019-06-13,2019-06-13,1
p80_p30_min2_sep7,Dallas,2019,pure_wind,dallas_2019-06-17,2019-06-17,2019-06-18,2
p80_p30_min2_sep7,Dallas,2019,pure_wind,dallas_2019-06-27,2019-06-27,2019-06-27,1
p80_p30_min2_sep7,Dallas,2019,pure_wind,dallas_2019-06-29,2019-06-29,2019-06-30,2
p80_p30_min2_sep7,Dallas,2019,pure_wind,dallas_2019-07-06,2019-07-06,2019-07-08,3
p80_p30_min2_sep7,Dallas,2019,pure_wind,dallas_2019-07-15,2019-07-15,2019-07-15,1
p80_p30_min2_sep7,Dallas,2019,pure_wind,dallas_2019-07-25,2019-07-25,2019-07-27,3
p80_p30_min2_sep7,Dallas,2019,pure_wind,dallas_2019-08-02,2019-08-02,2019-08-02,1
p80_p30_min2_sep7,Dallas,2019,pure_wind,dallas_2019-08-04,2019-08-04,2019-08-04,1
p80_p30_min2_sep7,Dallas,2019,pure_wind,dallas_2019-08-14,2019-08-14,2019-08-14,1
p80_p30_min2_sep7,Dallas,2019,pure_wind,dallas_2019-08-24,2019-08-24,2019-08-24,1
p80_p30_min2_sep7,Dallas,2019,pure_wind,dallas_2019-08-28,2019-08-28,2019-08-28,1
p80_p30_min2_sep7,Dallas,2019,pure_wind,dallas_2019-08-31,2019-08-31,2019-09-01,2
p80_p30_min2_sep7,Dallas,2019,pure_wind,dallas_2019-10-03,2019-10-03,2019-10-04,2
p80_p30_min2_sep7,Dallas,2019,pure_wind,dallas_2019-10-08,2019-10-08,2019-10-08,1
p80_p30_min2_sep7,Dallas,2019,pure_wind,dallas_2019-10-12,2019-10-12,2019-10-13,2
p80_p30_min2_sep7,Dallas,2019,pure_wind,dallas_2019-10-17,2019-10-17,2019-10-17,1
p80_p30_min2_sep7,Dallas,2019,pure_wind,dallas_2019-10-22,2019-10-22,2019-10-22,1
p80_p30_min2_sep7,Dallas,2020,pure_wind,dallas_2020-04-05,2020-04-05,2020-04-06,2
p80_p30_min2_sep7,Dallas,2020,pure_wind,dallas_2020-04-15,2020-04-15,2020-04-15,1
p80_p30_min2_sep7,Dallas,2020,pure_wind,dallas_2020-04-20,2020-04-20,2020-04-20,1
p80_p30_min2_sep7,Dallas,2020,pure_wind,dallas_2020-04-26,2020-04-26,2020-04-26,1
p80_p30_min2_sep7,Dallas,2020,pure_wind,dallas_2020-04-30,2020-04-30,2020-04-30,1
p80_p30_min2_sep7,Dallas,2020,pure_wind,dallas_2020-05-06,2020-05-06,2020-05-06,1
p80_p30_min2_sep7,Dallas,2020,pure_wind,dallas_2020-05-10,2020-05-10,2020-05-10,1
p80_p30_min2_sep7,Dallas,2020,pure_wind,dallas_2020-05-18,2020-05-18,2020-05-18,1
p80_p30_min2_sep7,Dallas,2020,pure_wind,dallas_2020-05-27,2020-05-27,2020-05-28,2
p80_p30_min2_sep7,Dallas,2020,pure_wind,dallas_2020-05-30,2020-05-30,2020-05-30,1
p80_p30_min2_sep7,Dallas,2020,pure_wind,dallas_2020-06-02,2020-06-02,2020-06-02,1
p80_p30_min2_sep7,Dallas,2020,pure_wind,dallas_2020-06-11,2020-06-11,2020-06-13,3
p80_p30_min2_sep7,Dallas,2020,pure_wind,dallas_2020-06-15,2020-06-15,2020-06-15,1
p80_p30_min2_sep7,Dallas,2020,pure_wind,dallas_2020-06-23,2020-06-23,2020-06-24,2
p80_p30_min2_sep7,Dallas,2020,pure_wind,dallas_2020-07-04,2020-07-04,2020-07-07,4
p80_p30_min2_sep7,Dallas,2020,pure_wind,dallas_2020-07-22,2020-07-22,2020-07-22,1
p80_p30_min2_sep7,Dallas,2020,pure_wind,dallas_2020-07-26,2020-07-26,2020-07-28,3
p80_p30_min2_sep7,Dallas,2020,pure_wind,dallas_2020-08-01,2020-08-01,2020-08-03,3
p80_p30_min2_sep7,Dallas,2020,pure_wind,dallas_2020-08-19,2020-08-19,2020-08-22,4
p80_p30_min2_sep7,Dallas,2020,pure_wind,dallas_2020-08-27,2020-08-27,2020-08-27,1
p80_p30_min2_sep7,Dallas,2020,pure_wind,dallas_2020-09-02,2020-09-02,2020-09-06,5
p80_p30_min2_sep7,Dallas,2020,pure_wind,dallas_2020-09-11,2020-09-11,2020-09-12,2
p80_p30_min2_sep7,Dallas,2020,pure_wind,dallas_2020-09-15,2020-09-15,2020-09-17,3
p80_p30_min2_sep7,Dallas,2020,pure_wind,dallas_2020-09-24,2020-09-24,2020-09-24,1
p80_p30_min2_sep7,Dallas,2020,pure_wind,dallas_2020-10-07,2020-10-07,2020-10-08,2
p80_p30_min2_sep7,Dallas,2020,pure_wind,dallas_2020-10-10,2020-10-10,2020-10-10,1
p80_p30_min2_sep7,Dallas,2020,pure_wind,dallas_2020-10-13,2020-10-13,2020-10-13,1
p80_p30_min2_sep7,Dallas,2020,pure_wind,dallas_2020-10-30,2020-10-30,2020-10-30,1
p80_p30_min2_sep7,Dallas,2021,pure_wind,dallas_2021-04-01,2021-04-01,2021-04-01,1
p80_p30_min2_sep7,Dallas,2021,pure_wind,dallas_2021-04-19,2021-04-19,2021-04-19,1
p80_p30_min2_sep7,Dallas,2021,pure_wind,dallas_2021-04-21,2021-04-21,2021-04-21,1
p80_p30_min2_sep7,Dallas,2021,pure_wind,dallas_2021-05-05,2021-05-05,2021-05-06,2
p80_p30_min2_sep7,Dallas,2021,pure_wind,dallas_2021-05-13,2021-05-13,2021-05-13,1
p80_p30_min2_sep7,Dallas,2021,pure_wind,dallas_2021-05-18,2021-05-18,2021-05-20,3
p80_p30_min2_sep7,Dallas,2021,pure_wind,dallas_2021-05-28,2021-05-28,2021-05-28,1
p80_p30_min2_sep7,Dallas,2021,pure_wind,dallas_2021-06-02,2021-06-02,2021-06-05,4
p80_p30_min2_sep7,Dallas,2021,pure_wind,dallas_2021-06-12,2021-06-12,2021-06-12,1
p80_p30_min2_sep7,Dallas,2021,pure_wind,dallas_2021-06-15,2021-06-15,2021-06-15,1
p80_p30_min2_sep7,Dallas,2021,pure_wind,dallas_2021-06-18,2021-06-18,2021-06-19,2
p80_p30_min2_sep7,Dallas,2021,pure_wind,dallas_2021-06-28,2021-06-28,2021-06-28,1
p80_p30_min2_sep7,Dallas,2021,pure_wind,dallas_2021-06-30,2021-06-30,2021-07-02,3
p80_p30_min2_sep7,Dallas,2021,pure_wind,dallas_2021-07-04,2021-07-04,2021-07-04,1
p80_p30_min2_sep7,Dallas,2021,pure_wind,dallas_2021-07-06,2021-07-06,2021-07-08,3
p80_p30_min2_sep7,Dallas,2021,pure_wind,dallas_2021-07-12,2021-07-12,2021-07-12,1
p80_p30_min2_sep7,Dallas,2021,pure_wind,dallas_2021-07-18,2021-07-18,2021-07-22,5
p80_p30_min2_sep7,Dallas,2021,pure_wind,dallas_2021-08-01,2021-08-01,2021-08-05,5
p80_p30_min2_sep7,Dallas,2021,pure_wind,dallas_2021-08-13,2021-08-13,2021-08-16,4
p80_p30_min2_sep7,Dallas,2021,pure_wind,dallas_2021-08-29,2021-08-29,2021-08-30,2
p80_p30_min2_sep7,Dallas,2021,pure_wind,dallas_2021-09-05,2021-09-05,2021-09-05,1
p80_p30_min2_sep7,Dallas,2021,pure_wind,dallas_2021-09-07,2021-09-07,2021-09-08,2
p80_p30_min2_sep7,Dallas,2021,pure_wind,dallas_2021-09-12,2021-09-12,2021-09-12,1
p80_p30_min2_sep7,Dallas,2021,pure_wind,dallas_2021-09-16,2021-09-16,2021-09-19,4
p80_p30_min2_sep7,Dallas,2021,pure_wind,dallas_2021-09-23,2021-09-23,2021-09-25,3
p80_p30_min2_sep7,Dallas,2021,pure_wind,dallas_2021-10-01,2021-10-01,2021-10-06,6
p80_p30_min2_sep7,Dallas,2021,pure_wind,dallas_2021-10-14,2021-10-14,2021-10-14,1
p80_p30_min2_sep7,Dallas,2021,pure_wind,dallas_2021-10-17,2021-10-17,2021-10-17,1
p80_p30_min2_sep7,Dallas,2021,pure_wind,dallas_2021-10-21,2021-10-21,2021-10-22,2
p80_p30_min2_sep7,Dallas,2021,pure_wind,dallas_2021-10-30,2021-10-30,2021-10-31,2
p80_p30_min2_sep7,Dallas,2022,pure_wind,dallas_2022-05-06,2022-05-06,2022-05-06,1
p80_p30_min2_sep7,Dallas,2022,pure_wind,dallas_2022-05-27,2022-05-27,2022-05-27,1
p80_p30_min2_sep7,Dallas,2022,pure_wind,dallas_2022-06-03,2022-06-03,2022-06-04,2
p80_p30_min2_sep7,Dallas,2022,pure_wind,dallas_2022-06-09,2022-06-09,2022-06-09,1
p80_p30_min2_sep7,Dallas,2022,pure_wind,dallas_2022-08-18,2022-08-18,2022-08-19,2
p80_p30_min2_sep7,Dallas,2022,pure_wind,dallas_2022-08-22,2022-08-22,2022-08-27,6
p80_p30_min2_sep7,Dallas,2022,pure_wind,dallas_2022-08-30,2022-08-30,2022-09-10,12
p80_p30_min2_sep7,Dallas,2022,pure_wind,dallas_2022-09-12,2022-09-12,2022-09-12,1
p80_p30_min2_sep7,Dallas,2022,pure_wind,dallas_2022-09-15,2022-09-15,2022-09-15,1
p80_p30_min2_sep7,Dallas,2022,pure_wind,dallas_2022-09-19,2022-09-19,2022-09-19,1
p80_p30_min2_sep7,Dallas,2022,pure_wind,dallas_2022-09-27,2022-09-27,2022-09-27,1
p80_p30_min2_sep7,Dallas,2022,pure_wind,dallas_2022-09-30,2022-09-30,2022-10-06,7
p80_p30_min2_sep7,Dallas,2022,pure_wind,dallas_2022-10-09,2022-10-09,2022-10-09,1
p80_p30_min2_sep7,Dallas,2022,pure_wind,dallas_2022-10-19,2022-10-19,2022-10-19,1
p80_p30_min2_sep7,Dallas,2022,pure_wind,dallas_2022-10-26,2022-10-26,2022-10-26,1
p80_p30_min2_sep7,Dallas,2022,pure_wind,dallas_2022-10-31,2022-10-31,2022-10-31,1
p80_p30_min2_sep7,Dallas,2023,pure_wind,dallas_2023-04-08,2023-04-08,2023-04-11,4
p80_p30_min2_sep7,Dallas,2023,pure_wind,dallas_2023-05-10,2023-05-10,2023-05-10,1
p80_p30_min2_sep7,Dallas,2023,pure_wind,dallas_2023-05-13,2023-05-13,2023-05-18,6
p80_p30_min2_sep7,Dallas,2023,pure_wind,dallas_2023-05-21,2023-05-21,2023-05-22,2
p80_p30_min2_sep7,Dallas,2023,pure_wind,dallas_2023-05-30,2023-05-30,2023-06-09,11
p80_p30_min2_sep7,Dallas,2023,pure_wind,dallas_2023-06-14,2023-06-14,2023-06-14,1
p80_p30_min2_sep7,Dallas,2023,pure_wind,dallas_2023-07-02,2023-07-02,2023-07-02,1
p80_p30_min2_sep7,Dallas,2023,pure_wind,dallas_2023-09-13,2023-09-13,2023-09-13,1
p80_p30_min2_sep7,Dallas,2023,pure_wind,dallas_2023-09-15,2023-09-15,2023-09-18,4
p80_p30_min2_sep7,Dallas,2023,pure_wind,dallas_2023-09-25,2023-09-25,2023-09-27,3
p80_p30_min2_sep7,Dallas,2023,pure_wind,dallas_2023-10-01,2023-10-01,2023-10-02,2
p80_p30_min2_sep7,Dallas,2023,pure_wind,dallas_2023-10-08,2023-10-08,2023-10-08,1
p80_p30_min2_sep7,Dallas,2023,pure_wind,dallas_2023-10-17,2023-10-17,2023-10-17,1
p80_p30_min2_sep7,Dallas,2023,pure_wind,dallas_2023-10-19,2023-10-19,2023-10-19,1
p80_p30_min2_sep7,Dallas,2023,pure_wind,dallas_2023-10-28,2023-10-28,2023-10-28,1
p80_p30_min2_sep7,Dallas,2024,pure_wind,dallas_2024-04-04,2024-04-04,2024-04-04,1
p80_p30_min2_sep7,Dallas,2024,pure_wind,dallas_2024-04-29,2024-04-29,2024-04-29,1
p80_p30_min2_sep7,Dallas,2024,pure_wind,dallas_2024-05-05,2024-05-05,2024-05-05,1
p80_p30_min2_sep7,Dallas,2024,pure_wind,dallas_2024-05-13,2024-05-13,2024-05-13,1
p80_p30_min2_sep7,Dallas,2024,pure_wind,dallas_2024-05-17,2024-05-17,2024-05-17,1
p80_p30_min2_sep7,Dallas,2024,pure_wind,dallas_2024-05-29,2024-05-29,2024-05-29,1
p80_p30_min2_sep7,Dallas,2024,pure_wind,dallas_2024-05-31,2024-05-31,2024-06-01,2
p80_p30_min2_sep7,Dallas,2024,pure_wind,dallas_2024-06-05,2024-06-05,2024-06-06,2
p80_p30_min2_sep7,Dallas,2024,pure_wind,dallas_2024-06-10,2024-06-10,2024-06-14,5
p80_p30_min2_sep7,Dallas,2024,pure_wind,dallas_2024-06-21,2024-06-21,2024-06-21,1
p80_p30_min2_sep7,Dallas,2024,pure_wind,dallas_2024-07-06,2024-07-06,2024-07-06,1
p80_p30_min2_sep7,Dallas,2024,pure_wind,dallas_2024-07-09,2024-07-09,2024-07-09,1
p80_p30_min2_sep7,Dallas,2024,pure_wind,dallas_2024-07-18,2024-07-18,2024-07-19,2
p80_p30_min2_sep7,Dallas,2024,pure_wind,dallas_2024-07-21,2024-07-21,2024-07-26,6
p80_p30_min2_sep7,Dallas,2024,pure_wind,dallas_2024-08-09,2024-08-09,2024-08-10,2
p80_p30_min2_sep7,Dallas,2024,pure_wind,dallas_2024-08-27,2024-08-27,2024-08-27,1
p80_p30_min2_sep7,Dallas,2024,pure_wind,dallas_2024-08-30,2024-08-30,2024-08-31,2
p80_p30_min2_sep7,Dallas,2024,pure_wind,dallas_2024-09-09,2024-09-09,2024-09-10,2
p80_p30_min2_sep7,Dallas,2024,pure_wind,dallas_2024-09-12,2024-09-12,2024-09-14,3
p80_p30_min2_sep7,Dallas,2024,pure_wind,dallas_2024-09-16,2024-09-16,2024-09-17,2
p80_p30_min2_sep7,Dallas,2024,pure_wind,dallas_2024-09-23,2024-09-23,2024-09-24,2
p80_p30_min2_sep7,Dallas,2024,pure_wind,dallas_2024-09-26,2024-09-26,2024-09-26,1
p80_p30_min2_sep7,Dallas,2024,pure_wind,dallas_2024-09-29,2024-09-29,2024-09-30,2
p80_p30_min2_sep7,Dallas,2024,pure_wind,dallas_2024-10-02,2024-10-02,2024-10-09,8
p80_p30_min2_sep7,Dallas,2024,pure_wind,dallas_2024-10-20,2024-10-20,2024-10-20,1
p80_p30_min2_sep7,Dallas,2024,pure_wind,dallas_2024-10-26,2024-10-26,2024-10-27,2
p80_p30_min2_sep7,Dallas,2025,pure_wind,dallas_2025-04-07,2025-04-07,2025-04-07,1
p80_p30_min2_sep7,Dallas,2025,pure_wind,dallas_2025-04-11,2025-04-11,2025-04-11,1
p80_p30_min2_sep7,Dallas,2025,pure_wind,dallas_2025-04-21,2025-04-21,2025-04-21,1
p80_p30_min2_sep7,Dallas,2025,pure_wind,dallas_2025-04-25,2025-04-25,2025-04-25,1
p80_p30_min2_sep7,Dallas,2025,pure_wind,dallas_2025-05-01,2025-05-01,2025-05-01,1
p80_p30_min2_sep7,Dallas,2025,pure_wind,dallas_2025-05-04,2025-05-04,2025-05-04,1
p80_p30_min2_sep7,Dallas,2025,pure_wind,dallas_2025-05-07,2025-05-07,2025-05-07,1
p80_p30_min2_sep7,Dallas,2025,pure_wind,dallas_2025-05-12,2025-05-12,2025-05-12,1
p80_p30_min2_sep7,Dallas,2025,pure_wind,dallas_2025-05-21,2025-05-21,2025-05-21,1
p80_p30_min2_sep7,Dallas,2025,pure_wind,dallas_2025-05-27,2025-05-27,2025-05-29,3
p80_p30_min2_sep7,Dallas,2025,pure_wind,dallas_2025-05-31,2025-05-31,2025-05-31,1
p80_p30_min2_sep7,Dallas,2025,pure_wind,dallas_2025-06-05,2025-06-05,2025-06-05,1
p80_p30_min2_sep7,Dallas,2025,pure_wind,dallas_2025-06-10,2025-06-10,2025-06-10,1
p80_p30_min2_sep7,Dallas,2025,pure_wind,dallas_2025-06-12,2025-06-12,2025-06-12,1
p80_p30_min2_sep7,Dallas,2025,pure_wind,dallas_2025-06-16,2025-06-16,2025-06-16,1
p80_p30_min2_sep7,Dallas,2025,pure_wind,dallas_2025-07-01,2025-07-01,2025-07-03,3
p80_p30_min2_sep7,Dallas,2025,pure_wind,dallas_2025-08-02,2025-08-02,2025-08-06,5
p80_p30_min2_sep7,Dallas,2025,pure_wind,dallas_2025-08-12,2025-08-12,2025-08-13,2
p80_p30_min2_sep7,Dallas,2025,pure_wind,dallas_2025-08-20,2025-08-20,2025-08-20,1
p80_p30_min2_sep7,Dallas,2025,pure_wind,dallas_2025-08-22,2025-08-22,2025-08-22,1
p80_p30_min2_sep7,Dallas,2025,pure_wind,dallas_2025-08-30,2025-08-30,2025-09-03,5
p80_p30_min2_sep7,Dallas,2025,pure_wind,dallas_2025-09-08,2025-09-08,2025-09-13,6
p80_p30_min2_sep7,Dallas,2025,pure_wind,dallas_2025-09-15,2025-09-15,2025-09-19,5
p80_p30_min2_sep7,Dallas,2025,pure_wind,dallas_2025-09-25,2025-09-25,2025-10-03,9
p80_p30_min2_sep7,Dallas,2025,pure_wind,dallas_2025-10-06,2025-10-06,2025-10-07,2
p80_p30_min2_sep7,Dallas,2025,pure_wind,dallas_2025-10-10,2025-10-10,2025-10-11,2
p80_p30_min2_sep7,Dallas,2025,pure_wind,dallas_2025-10-14,2025-10-14,2025-10-16,3
p80_p30_min2_sep7,Dallas,2025,pure_wind,dallas_2025-10-25,2025-10-25,2025-10-26,2
p80_p30_min2_sep7,Dallas,2025,pure_wind,dallas_2025-10-30,2025-10-30,2025-10-31,2
p80_p30_min2_sep7,Denver,2019,low_wind,denver_2019-04-02,2019-04-02,2019-04-04,3
p80_p30_min2_sep7,Denver,2019,low_wind,denver_2019-04-06,2019-04-06,2019-04-06,1
p80_p30_min2_sep7,Denver,2019,low_wind,denver_2019-04-13,2019-04-13,2019-04-13,1
p80_p30_min2_sep7,Denver,2019,low_wind,denver_2019-04-16,2019-04-16,2019-04-18,3
p80_p30_min2_sep7,Denver,2019,low_wind,denver_2019-04-23,2019-04-23,2019-04-24,2
p80_p30_min2_sep7,Denver,2019,low_wind,denver_2019-05-02,2019-05-02,2019-05-04,3
p80_p30_min2_sep7,Denver,2019,low_wind,denver_2019-05-06,2019-05-06,2019-05-06,1
p80_p30_min2_sep7,Denver,2019,low_wind,denver_2019-05-10,2019-05-10,2019-05-10,1
p80_p30_min2_sep7,Denver,2019,low_wind,denver_2019-05-14,2019-05-14,2019-05-14,1
p80_p30_min2_sep7,Denver,2019,low_wind,denver_2019-05-23,2019-05-23,2019-05-23,1
p80_p30_min2_sep7,Denver,2019,low_wind,denver_2019-05-30,2019-05-30,2019-05-30,1
p80_p30_min2_sep7,Denver,2019,low_wind,denver_2019-06-01,2019-06-01,2019-06-01,1
p80_p30_min2_sep7,Denver,2019,low_wind,denver_2019-06-05,2019-06-05,2019-06-06,2
p80_p30_min2_sep7,Denver,2019,low_wind,denver_2019-06-12,2019-06-12,2019-06-12,1
p80_p30_min2_sep7,Denver,2019,low_wind,denver_2019-06-15,2019-06-15,2019-06-18,4
p80_p30_min2_sep7,Denver,2019,low_wind,denver_2019-06-23,2019-06-23,2019-06-23,1
p80_p30_min2_sep7,Denver,2019,low_wind,denver_2019-07-02,2019-07-02,2019-07-03,2
p80_p30_min2_sep7,Denver,2019,low_wind,denver_2019-07-06,2019-07-06,2019-07-09,4
p80_p30_min2_sep7,Denver,2019,low_wind,denver_2019-07-21,2019-07-21,2019-07-24,4
p80_p30_min2_sep7,Denver,2019,low_wind,denver_2019-08-01,2019-08-01,2019-08-03,3
p80_p30_min2_sep7,Denver,2019,low_wind,denver_2019-08-05,2019-08-05,2019-08-05,1
p80_p30_min2_sep7,Denver,2019,low_wind,denver_2019-08-07,2019-08-07,2019-08-08,2
p80_p30_min2_sep7,Denver,2019,low_wind,denver_2019-08-11,2019-08-11,2019-08-11,1
p80_p30_min2_sep7,Denver,2019,low_wind,denver_2019-08-14,2019-08-14,2019-08-14,1
p80_p30_min2_sep7,Denver,2019,low_wind,denver_2019-08-18,2019-08-18,2019-08-19,2
p80_p30_min2_sep7,Denver,2019,low_wind,denver_2019-08-21,2019-08-21,2019-08-21,1
p80_p30_min2_sep7,Denver,2019,low_wind,denver_2019-08-28,2019-08-28,2019-08-28,1
p80_p30_min2_sep7,Denver,2019,low_wind,denver_2019-08-30,2019-08-30,2019-08-30,1
p80_p30_min2_sep7,Denver,2019,low_wind,denver_2019-09-06,2019-09-06,2019-09-06,1
p80_p30_min2_sep7,Denver,2019,low_wind,denver_2019-09-09,2019-09-09,2019-09-11,3
p80_p30_min2_sep7,Denver,2019,low_wind,denver_2019-09-13,2019-09-13,2019-09-14,2
p80_p30_min2_sep7,Denver,2019,low_wind,denver_2019-09-23,2019-09-23,2019-09-24,2
p80_p30_min2_sep7,Denver,2019,low_wind,denver_2019-09-26,2019-09-26,2019-09-26,1
p80_p30_min2_sep7,Denver,2019,low_wind,denver_2019-10-04,2019-10-04,2019-10-04,1
p80_p30_min2_sep7,Denver,2019,low_wind,denver_2019-10-11,2019-10-11,2019-10-11,1
p80_p30_min2_sep7,Denver,2019,low_wind,denver_2019-10-19,2019-10-19,2019-10-19,1
p80_p30_min2_sep7,Denver,2019,low_wind,denver_2019-10-24,2019-10-24,2019-10-24,1
p80_p30_min2_sep7,Denver,2019,low_wind,denver_2019-10-28,2019-10-28,2019-10-28,1
p80_p30_min2_sep7,Denver,2019,low_wind,denver_2019-10-30,2019-10-30,2019-10-30,1
p80_p30_min2_sep7,Denver,2020,low_wind,denver_2020-04-08,2020-04-08,2020-04-09,2
p80_p30_min2_sep7,Denver,2020,low_wind,denver_2020-04-14,2020-04-14,2020-04-14,1
p80_p30_min2_sep7,Denver,2020,low_wind,denver_2020-04-17,2020-04-17,2020-04-17,1
p80_p30_min2_sep7,Denver,2020,low_wind,denver_2020-04-19,2020-04-19,2020-04-21,3
p80_p30_min2_sep7,Denver,2020,low_wind,denver_2020-04-25,2020-04-25,2020-04-25,1
p80_p30_min2_sep7,Denver,2020,low_wind,denver_2020-04-27,2020-04-27,2020-04-27,1
p80_p30_min2_sep7,Denver,2020,low_wind,denver_2020-04-29,2020-04-29,2020-04-30,2
p80_p30_min2_sep7,Denver,2020,low_wind,denver_2020-05-11,2020-05-11,2020-05-12,2
p80_p30_min2_sep7,Denver,2020,low_wind,denver_2020-05-16,2020-05-16,2020-05-17,2
p80_p30_min2_sep7,Denver,2020,low_wind,denver_2020-05-21,2020-05-21,2020-05-21,1
p80_p30_min2_sep7,Denver,2020,low_wind,denver_2020-05-24,2020-05-24,2020-05-25,2
p80_p30_min2_sep7,Denver,2020,low_wind,denver_2020-05-30,2020-05-30,2020-05-30,1
p80_p30_min2_sep7,Denver,2020,low_wind,denver_2020-06-03,2020-06-03,2020-06-03,1
p80_p30_min2_sep7,Denver,2020,low_wind,denver_2020-06-10,2020-06-10,2020-06-11,2
p80_p30_min2_sep7,Denver,2020,low_wind,denver_2020-06-19,2020-06-19,2020-06-20,2
p80_p30_min2_sep7,Denver,2020,low_wind,denver_2020-06-22,2020-06-22,2020-06-23,2
p80_p30_min2_sep7,Denver,2020,low_wind,denver_2020-07-04,2020-07-04,2020-07-04,1
p80_p30_min2_sep7,Denver,2020,low_wind,denver_2020-07-08,2020-07-08,2020-07-08,1
p80_p30_min2_sep7,Denver,2020,low_wind,denver_2020-07-10,2020-07-10,2020-07-10,1
p80_p30_min2_sep7,Denver,2020,low_wind,denver_2020-07-24,2020-07-24,2020-07-24,1
p80_p30_min2_sep7,Denver,2020,low_wind,denver_2020-07-27,2020-07-27,2020-07-28,2
p80_p30_min2_sep7,Denver,2020,low_wind,denver_2020-07-31,2020-07-31,2020-08-03,4
p80_p30_min2_sep7,Denver,2020,low_wind,denver_2020-08-06,2020-08-06,2020-08-06,1
p80_p30_min2_sep7,Denver,2020,low_wind,denver_2020-08-10,2020-08-10,2020-08-10,1
p80_p30_min2_sep7,Denver,2020,low_wind,denver_2020-08-12,2020-08-12,2020-08-12,1
p80_p30_min2_sep7,Denver,2020,low_wind,denver_2020-08-17,2020-08-17,2020-08-17,1
p80_p30_min2_sep7,Denver,2020,low_wind,denver_2020-08-19,2020-08-19,2020-08-19,1
p80_p30_min2_sep7,Denver,2020,low_wind,denver_2020-08-23,2020-08-23,2020-08-23,1
p80_p30_min2_sep7,Denver,2020,low_wind,denver_2020-09-01,2020-09-01,2020-09-02,2
p80_p30_min2_sep7,Denver,2020,low_wind,denver_2020-09-09,2020-09-09,2020-09-11,3
p80_p30_min2_sep7,Denver,2020,low_wind,denver_2020-09-13,2020-09-13,2020-09-14,2
p80_p30_min2_sep7,Denver,2020,low_wind,denver_2020-09-20,2020-09-20,2020-09-21,2
p80_p30_min2_sep7,Denver,2020,low_wind,denver_2020-10-01,2020-10-01,2020-10-01,1
p80_p30_min2_sep7,Denver,2020,low_wind,denver_2020-10-03,2020-10-03,2020-10-03,1
p80_p30_min2_sep7,Denver,2020,low_wind,denver_2020-10-19,2020-10-19,2020-10-19,1
p80_p30_min2_sep7,Denver,2020,low_wind,denver_2020-10-26,2020-10-26,2020-10-26,1
p80_p30_min2_sep7,Denver,2020,low_wind,denver_2020-10-30,2020-10-30,2020-10-30,1
p80_p30_min2_sep7,Denver,2021,low_wind,denver_2021-04-04,2021-04-04,2021-04-04,1
p80_p30_min2_sep7,Denver,2021,low_wind,denver_2021-04-10,2021-04-10,2021-04-10,1
p80_p30_min2_sep7,Denver,2021,low_wind,denver_2021-04-14,2021-04-14,2021-04-14,1
p80_p30_min2_sep7,Denver,2021,low_wind,denver_2021-04-17,2021-04-17,2021-04-17,1
p80_p30_min2_sep7,Denver,2021,low_wind,denver_2021-04-22,2021-04-22,2021-04-22,1
p80_p30_min2_sep7,Denver,2021,low_wind,denver_2021-04-29,2021-04-29,2021-04-29,1
p80_p30_min2_sep7,Denver,2021,low_wind,denver_2021-05-04,2021-05-04,2021-05-04,1
p80_p30_min2_sep7,Denver,2021,low_wind,denver_2021-05-06,2021-05-06,2021-05-06,1
p80_p30_min2_sep7,Denver,2021,low_wind,denver_2021-05-10,2021-05-10,2021-05-13,4
p80_p30_min2_sep7,Denver,2021,low_wind,denver_2021-05-15,2021-05-15,2021-05-15,1
p80_p30_min2_sep7,Denver,2021,low_wind,denver_2021-05-17,2021-05-17,2021-05-18,2
p80_p30_min2_sep7,Denver,2021,low_wind,denver_2021-05-24,2021-05-24,2021-05-25,2
p80_p30_min2_sep7,Denver,2021,low_wind,denver_2021-05-28,2021-05-28,2021-05-28,1
p80_p30_min2_sep7,Denver,2021,low_wind,denver_2021-05-30,2021-05-30,2021-06-04,6
p80_p30_min2_sep7,Denver,2021,low_wind,denver_2021-06-13,2021-06-13,2021-06-14,2
p80_p30_min2_sep7,Denver,2021,low_wind,denver_2021-06-26,2021-06-26,2021-07-02,7
p80_p30_min2_sep7,Denver,2021,low_wind,denver_2021-07-06,2021-07-06,2021-07-06,1
p80_p30_min2_sep7,Denver,2021,low_wind,denver_2021-07-11,2021-07-11,2021-07-12,2
p80_p30_min2_sep7,Denver,2021,low_wind,denver_2021-07-15,2021-07-15,2021-07-15,1
p80_p30_min2_sep7,Denver,2021,low_wind,denver_2021-07-19,2021-07-19,2021-07-19,1
p80_p30_min2_sep7,Denver,2021,low_wind,denver_2021-07-24,2021-07-24,2021-07-24,1
p80_p30_min2_sep7,Denver,2021,low_wind,denver_2021-07-26,2021-07-26,2021-07-26,1
p80_p30_min2_sep7,Denver,2021,low_wind,denver_2021-07-31,2021-07-31,2021-08-02,3
p80_p30_min2_sep7,Denver,2021,low_wind,denver_2021-08-04,2021-08-04,2021-08-04,1
p80_p30_min2_sep7,Denver,2021,low_wind,denver_2021-08-13,2021-08-13,2021-08-14,2
p80_p30_min2_sep7,Denver,2021,low_wind,denver_2021-08-18,2021-08-18,2021-08-20,3
p80_p30_min2_sep7,Denver,2021,low_wind,denver_2021-08-23,2021-08-23,2021-08-25,3
p80_p30_min2_sep7,Denver,2021,low_wind,denver_2021-09-02,2021-09-02,2021-09-02,1
p80_p30_min2_sep7,Denver,2021,low_wind,denver_2021-09-08,2021-09-08,2021-09-09,2
p80_p30_min2_sep7,Denver,2021,low_wind,denver_2021-09-12,2021-09-12,2021-09-12,1
p80_p30_min2_sep7,Denver,2021,low_wind,denver_2021-09-14,2021-09-14,2021-09-14,1
p80_p30_min2_sep7,Denver,2021,low_wind,denver_2021-09-19,2021-09-19,2021-09-19,1
p80_p30_min2_sep7,Denver,2021,low_wind,denver_2021-09-21,2021-09-21,2021-09-21,1
p80_p30_min2_sep7,Denver,2021,low_wind,denver_2021-09-30,2021-09-30,2021-10-04,5
p80_p30_min2_sep7,Denver,2021,low_wind,denver_2021-10-07,2021-10-07,2021-10-07,1
p80_p30_min2_sep7,Denver,2021,low_wind,denver_2021-10-10,2021-10-10,2021-10-10,1
p80_p30_min2_sep7,Denver,2021,low_wind,denver_2021-10-14,2021-10-14,2021-10-15,2
p80_p30_min2_sep7,Denver,2021,low_wind,denver_2021-10-17,2021-10-17,2021-10-17,1
p80_p30_min2_sep7,Denver,2021,low_wind,denver_2021-10-20,2021-10-20,2021-10-21,2
p80_p30_min2_sep7,Denver,2021,low_wind,denver_2021-10-24,2021-10-24,2021-10-24,1
p80_p30_min2_sep7,Denver,2021,low_wind,denver_2021-10-28,2021-10-28,2021-10-28,1
p80_p30_min2_sep7,Denver,2022,low_wind,denver_2022-04-01,2022-04-01,2022-04-02,2
p80_p30_min2_sep7,Denver,2022,low_wind,denver_2022-04-04,2022-04-04,2022-04-04,1
p80_p30_min2_sep7,Denver,2022,low_wind,denver_2022-04-08,2022-04-08,2022-04-08,1
p80_p30_min2_sep7,Denver,2022,low_wind,denver_2022-04-25,2022-04-25,2022-04-25,1
p80_p30_min2_sep7,Denver,2022,low_wind,denver_2022-05-04,2022-05-04,2022-05-04,1
p80_p30_min2_sep7,Denver,2022,low_wind,denver_2022-05-13,2022-05-13,2022-05-14,2
p80_p30_min2_sep7,Denver,2022,low_wind,denver_2022-05-21,2022-05-21,2022-05-21,1
p80_p30_min2_sep7,Denver,2022,low_wind,denver_2022-05-24,2022-05-24,2022-05-24,1
p80_p30_min2_sep7,Denver,2022,low_wind,denver_2022-06-02,2022-06-02,2022-06-03,2
p80_p30_min2_sep7,Denver,2022,low_wind,denver_2022-06-05,2022-06-05,2022-06-06,2
p80_p30_min2_sep7,Denver,2022,low_wind,denver_2022-06-10,2022-06-10,2022-06-10,1
p80_p30_min2_sep7,Denver,2022,low_wind,denver_2022-07-01,2022-07-01,2022-07-01,1
p80_p30_min2_sep7,Denver,2022,low_wind,denver_2022-07-06,2022-07-06,2022-07-07,2
p80_p30_min2_sep7,Denver,2022,low_wind,denver_2022-07-12,2022-07-12,2022-07-12,1
p80_p30_min2_sep7,Denver,2022,low_wind,denver_2022-07-15,2022-07-15,2022-07-15,1
p80_p30_min2_sep7,Denver,2022,low_wind,denver_2022-07-17,2022-07-17,2022-07-17,1
p80_p30_min2_sep7,Denver,2022,low_wind,denver_2022-07-24,2022-07-24,2022-07-24,1
p80_p30_min2_sep7,Denver,2022,low_wind,denver_2022-07-28,2022-07-28,2022-07-28,1
p80_p30_min2_sep7,Denver,2022,low_wind,denver_2022-07-30,2022-07-30,2022-07-30,1
p80_p30_min2_sep7,Denver,2022,low_wind,denver_2022-08-03,2022-08-03,2022-08-03,1
p80_p30_min2_sep7,Denver,2022,low_wind,denver_2022-08-06,2022-08-06,2022-08-06,1
p80_p30_min2_sep7,Denver,2022,low_wind,denver_2022-08-08,2022-08-08,2022-08-09,2
p80_p30_min2_sep7,Denver,2022,low_wind,denver_2022-08-14,2022-08-14,2022-08-17,4
p80_p30_min2_sep7,Denver,2022,low_wind,denver_2022-08-19,2022-08-19,2022-08-24,6
p80_p30_min2_sep7,Denver,2022,low_wind,denver_2022-09-04,2022-09-04,2022-09-04,1
p80_p30_min2_sep7,Denver,2022,low_wind,denver_2022-09-11,2022-09-11,2022-09-12,2
p80_p30_min2_sep7,Denver,2022,low_wind,denver_2022-09-15,2022-09-15,2022-09-16,2
p80_p30_min2_sep7,Denver,2022,low_wind,denver_2022-09-19,2022-09-19,2022-09-19,1
p80_p30_min2_sep7,Denver,2022,low_wind,denver_2022-09-24,2022-09-24,2022-09-24,1
p80_p30_min2_sep7,Denver,2022,low_wind,denver_2022-09-26,2022-09-26,2022-09-27,2
p80_p30_min2_sep7,Denver,2022,low_wind,denver_2022-09-30,2022-09-30,2022-10-01,2
p80_p30_min2_sep7,Denver,2022,low_wind,denver_2022-10-03,2022-10-03,2022-10-06,4
p80_p30_min2_sep7,Denver,2022,low_wind,denver_2022-10-08,2022-10-08,2022-10-10,3
p80_p30_min2_sep7,Denver,2022,low_wind,denver_2022-10-13,2022-10-13,2022-10-13,1
p80_p30_min2_sep7,Denver,2022,low_wind,denver_2022-10-16,2022-10-16,2022-10-18,3
p80_p30_min2_sep7,Denver,2022,low_wind,denver_2022-10-26,2022-10-26,2022-10-27,2
p80_p30_min2_sep7,Denver,2022,low_wind,denver_2022-10-29,2022-10-29,2022-10-30,2
p80_p30_min2_sep7,Denver,2023,low_wind,denver_2023-04-01,2023-04-01,2023-04-01,1
p80_p30_min2_sep7,Denver,2023,low_wind,denver_2023-04-05,2023-04-05,2023-04-07,3
p80_p30_min2_sep7,Denver,2023,low_wind,denver_2023-04-09,2023-04-09,2023-04-10,2
p80_p30_min2_sep7,Denver,2023,low_wind,denver_2023-04-15,2023-04-15,2023-04-15,1
p80_p30_min2_sep7,Denver,2023,low_wind,denver_2023-04-23,2023-04-23,2023-04-24,2
p80_p30_min2_sep7,Denver,2023,low_wind,denver_2023-04-30,2023-04-30,2023-05-01,2
p80_p30_min2_sep7,Denver,2023,low_wind,denver_2023-05-03,2023-05-03,2023-05-03,1
p80_p30_min2_sep7,Denver,2023,low_wind,denver_2023-05-07,2023-05-07,2023-05-08,2
p80_p30_min2_sep7,Denver,2023,low_wind,denver_2023-05-10,2023-05-10,2023-05-10,1
p80_p30_min2_sep7,Denver,2023,low_wind,denver_2023-05-15,2023-05-15,2023-05-15,1
p80_p30_min2_sep7,Denver,2023,low_wind,denver_2023-05-17,2023-05-17,2023-05-17,1
p80_p30_min2_sep7,Denver,2023,low_wind,denver_2023-05-20,2023-05-20,2023-05-20,1
p80_p30_min2_sep7,Denver,2023,low_wind,denver_2023-05-22,2023-05-22,2023-05-25,4
p80_p30_min2_sep7,Denver,2023,low_wind,denver_2023-06-01,2023-06-01,2023-06-03,3
p80_p30_min2_sep7,Denver,2023,low_wind,denver_2023-06-05,2023-06-05,2023-06-06,2
p80_p30_min2_sep7,Denver,2023,low_wind,denver_2023-06-08,2023-06-08,2023-06-08,1
p80_p30_min2_sep7,Denver,2023,low_wind,denver_2023-06-11,2023-06-11,2023-06-13,3
p80_p30_min2_sep7,Denver,2023,low_wind,denver_2023-06-15,2023-06-15,2023-06-17,3
p80_p30_min2_sep7,Denver,2023,low_wind,denver_2023-06-25,2023-06-25,2023-06-25,1
p80_p30_min2_sep7,Denver,2023,low_wind,denver_2023-06-30,2023-06-30,2023-07-02,3
p80_p30_min2_sep7,Denver,2023,low_wind,denver_2023-07-06,2023-07-06,2023-07-06,1
p80_p30_min2_sep7,Denver,2023,low_wind,denver_2023-07-15,2023-07-15,2023-07-15,1
p80_p30_min2_sep7,Denver,2023,low_wind,denver_2023-07-28,2023-07-28,2023-07-28,1
p80_p30_min2_sep7,Denver,2023,low_wind,denver_2023-08-02,2023-08-02,2023-08-04,3
p80_p30_min2_sep7,Denver,2023,low_wind,denver_2023-08-06,2023-08-06,2023-08-07,2
p80_p30_min2_sep7,Denver,2023,low_wind,denver_2023-08-14,2023-08-14,2023-08-15,2
p80_p30_min2_sep7,Denver,2023,low_wind,denver_2023-08-23,2023-08-23,2023-08-23,1
p80_p30_min2_sep7,Denver,2023,low_wind,denver_2023-08-26,2023-08-26,2023-08-29,4
p80_p30_min2_sep7,Denver,2023,low_wind,denver_2023-09-07,2023-09-07,2023-09-07,1
p80_p30_min2_sep7,Denver,2023,low_wind,denver_2023-09-11,2023-09-11,2023-09-13,3
p80_p30_min2_sep7,Denver,2023,low_wind,denver_2023-09-15,2023-09-15,2023-09-16,2
p80_p30_min2_sep7,Denver,2023,low_wind,denver_2023-09-21,2023-09-21,2023-09-22,2
p80_p30_min2_sep7,Denver,2023,low_wind,denver_2023-09-24,2023-09-24,2023-09-26,3
p80_p30_min2_sep7,Denver,2023,low_wind,denver_2023-10-04,2023-10-04,2023-10-04,1
p80_p30_min2_sep7,Denver,2023,low_wind,denver_2023-10-06,2023-10-06,2023-10-10,5
p80_p30_min2_sep7,Denver,2023,low_wind,denver_2023-10-15,2023-10-15,2023-10-15,1
p80_p30_min2_sep7,Denver,2023,low_wind,denver_2023-10-18,2023-10-18,2023-10-18,1
p80_p30_min2_sep7,Denver,2023,low_wind,denver_2023-10-22,2023-10-22,2023-10-22,1
p80_p30_min2_sep7,Denver,2023,low_wind,denver_2023-10-24,2023-10-24,2023-10-25,2
p80_p30_min2_sep7,Denver,2024,low_wind,denver_2024-04-01,2024-04-01,2024-04-01,1
p80_p30_min2_sep7,Denver,2024,low_wind,denver_2024-04-08,2024-04-08,2024-04-09,2
p80_p30_min2_sep7,Denver,2024,low_wind,denver_2024-04-11,2024-04-11,2024-04-11,1
p80_p30_min2_sep7,Denver,2024,low_wind,denver_2024-04-28,2024-04-28,2024-04-29,2
p80_p30_min2_sep7,Denver,2024,low_wind,denver_2024-05-10,2024-05-10,2024-05-11,2
p80_p30_min2_sep7,Denver,2024,low_wind,denver_2024-05-13,2024-05-13,2024-05-13,1
p80_p30_min2_sep7,Denver,2024,low_wind,denver_2024-05-15,2024-05-15,2024-05-16,2
p80_p30_min2_sep7,Denver,2024,low_wind,denver_2024-05-24,2024-05-24,2024-05-24,1
p80_p30_min2_sep7,Denver,2024,low_wind,denver_2024-05-28,2024-05-28,2024-05-28,1
p80_p30_min2_sep7,Denver,2024,low_wind,denver_2024-06-01,2024-06-01,2024-06-02,2
p80_p30_min2_sep7,Denver,2024,low_wind,denver_2024-06-10,2024-06-10,2024-06-10,1
p80_p30_min2_sep7,Denver,2024,low_wind,denver_2024-06-14,2024-06-14,2024-06-15,2
p80_p30_min2_sep7,Denver,2024,low_wind,denver_2024-06-21,2024-06-21,2024-06-21,1
p80_p30_min2_sep7,Denver,2024,low_wind,denver_2024-07-02,2024-07-02,2024-07-02,1
p80_p30_min2_sep7,Denver,2024,low_wind,denver_2024-07-08,2024-07-08,2024-07-08,1
p80_p30_min2_sep7,Denver,2024,low_wind,denver_2024-07-17,2024-07-17,2024-07-17,1
p80_p30_min2_sep7,Denver,2024,low_wind,denver_2024-07-21,2024-07-21,2024-07-22,2
p80_p30_min2_sep7,Denver,2024,low_wind,denver_2024-07-24,2024-07-24,2024-07-24,1
p80_p30_min2_sep7,Denver,2024,low_wind,denver_2024-07-28,2024-07-28,2024-07-29,2
p80_p30_min2_sep7,Denver,2024,low_wind,denver_2024-08-01,2024-08-01,2024-08-01,1
p80_p30_min2_sep7,Denver,2024,low_wind,denver_2024-08-06,2024-08-06,2024-08-06,1
p80_p30_min2_sep7,Denver,2024,low_wind,denver_2024-08-23,2024-08-23,2024-08-23,1
p80_p30_min2_sep7,Denver,2024,low_wind,denver_2024-08-26,2024-08-26,2024-08-26,1
p80_p30_min2_sep7,Denver,2024,low_wind,denver_2024-08-30,2024-08-30,2024-08-30,1
p80_p30_min2_sep7,Denver,2024,low_wind,denver_2024-09-03,2024-09-03,2024-09-03,1
p80_p30_min2_sep7,Denver,2024,low_wind,denver_2024-09-05,2024-09-05,2024-09-06,2
p80_p30_min2_sep7,Denver,2024,low_wind,denver_2024-09-08,2024-09-08,2024-09-09,2
p80_p30_min2_sep7,Denver,2024,low_wind,denver_2024-09-18,2024-09-18,2024-09-18,1
p80_p30_min2_sep7,Denver,2024,low_wind,denver_2024-09-22,2024-09-22,2024-09-24,3
p80_p30_min2_sep7,Denver,2024,low_wind,denver_2024-09-27,2024-09-27,2024-09-27,1
p80_p30_min2_sep7,Denver,2024,low_wind,denver_2024-10-01,2024-10-01,2024-10-01,1
p80_p30_min2_sep7,Denver,2024,low_wind,denver_2024-10-04,2024-10-04,2024-10-04,1
p80_p30_min2_sep7,Denver,2024,low_wind,denver_2024-10-06,2024-10-06,2024-10-06,1
p80_p30_min2_sep7,Denver,2024,low_wind,denver_2024-10-12,2024-10-12,2024-10-14,3
p80_p30_min2_sep7,Denver,2024,low_wind,denver_2024-10-22,2024-10-22,2024-10-22,1
p80_p30_min2_sep7,Denver,2024,low_wind,denver_2024-10-25,2024-10-25,2024-10-26,2
p80_p30_min2_sep7,Denver,2024,low_wind,denver_2024-10-30,2024-10-30,2024-10-30,1
p80_p30_min2_sep7,Denver,2025,low_wind,denver_2025-04-03,2025-04-03,2025-04-03,1
p80_p30_min2_sep7,Denver,2025,low_wind,denver_2025-04-05,2025-04-05,2025-04-05,1
p80_p30_min2_sep7,Denver,2025,low_wind,denver_2025-04-10,2025-04-10,2025-04-10,1
p80_p30_min2_sep7,Denver,2025,low_wind,denver_2025-04-15,2025-04-15,2025-04-15,1
p80_p30_min2_sep7,Denver,2025,low_wind,denver_2025-04-19,2025-04-19,2025-04-19,1
p80_p30_min2_sep7,Denver,2025,low_wind,denver_2025-04-22,2025-04-22,2025-04-23,2
p80_p30_min2_sep7,Denver,2025,low_wind,denver_2025-04-26,2025-04-26,2025-04-26,1
p80_p30_min2_sep7,Denver,2025,low_wind,denver_2025-05-01,2025-05-01,2025-05-01,1
p80_p30_min2_sep7,Denver,2025,low_wind,denver_2025-05-08,2025-05-08,2025-05-08,1
p80_p30_min2_sep7,Denver,2025,low_wind,denver_2025-05-17,2025-05-17,2025-05-19,3
p80_p30_min2_sep7,Denver,2025,low_wind,denver_2025-05-21,2025-05-21,2025-05-21,1
p80_p30_min2_sep7,Denver,2025,low_wind,denver_2025-05-26,2025-05-26,2025-05-26,1
p80_p30_min2_sep7,Denver,2025,low_wind,denver_2025-05-29,2025-05-29,2025-05-29,1
p80_p30_min2_sep7,Denver,2025,low_wind,denver_2025-05-31,2025-05-31,2025-05-31,1
p80_p30_min2_sep7,Denver,2025,low_wind,denver_2025-06-04,2025-06-04,2025-06-04,1
p80_p30_min2_sep7,Denver,2025,low_wind,denver_2025-06-09,2025-06-09,2025-06-09,1
p80_p30_min2_sep7,Denver,2025,low_wind,denver_2025-06-24,2025-06-24,2025-06-24,1
p80_p30_min2_sep7,Denver,2025,low_wind,denver_2025-06-30,2025-06-30,2025-06-30,1
p80_p30_min2_sep7,Denver,2025,low_wind,denver_2025-07-04,2025-07-04,2025-07-04,1
p80_p30_min2_sep7,Denver,2025,low_wind,denver_2025-07-07,2025-07-07,2025-07-08,2
p80_p30_min2_sep7,Denver,2025,low_wind,denver_2025-07-12,2025-07-12,2025-07-12,1
p80_p30_min2_sep7,Denver,2025,low_wind,denver_2025-07-24,2025-07-24,2025-07-24,1
p80_p30_min2_sep7,Denver,2025,low_wind,denver_2025-07-30,2025-07-30,2025-07-31,2
p80_p30_min2_sep7,Denver,2025,low_wind,denver_2025-08-10,2025-08-10,2025-08-11,2
p80_p30_min2_sep7,Denver,2025,low_wind,denver_2025-08-15,2025-08-15,2025-08-15,1
p80_p30_min2_sep7,Denver,2025,low_wind,denver_2025-08-23,2025-08-23,2025-09-02,11
p80_p30_min2_sep7,Denver,2025,low_wind,denver_2025-09-06,2025-09-06,2025-09-07,2
p80_p30_min2_sep7,Denver,2025,low_wind,denver_2025-09-13,2025-09-13,2025-09-13,1
p80_p30_min2_sep7,Denver,2025,low_wind,denver_2025-09-18,2025-09-18,2025-09-18,1
p80_p30_min2_sep7,Denver,2025,low_wind,denver_2025-09-20,2025-09-20,2025-09-21,2
p80_p30_min2_sep7,Denver,2025,low_wind,denver_2025-09-24,2025-09-24,2025-09-25,2
p80_p30_min2_sep7,Denver,2025,low_wind,denver_2025-09-28,2025-09-28,2025-09-28,1
p80_p30_min2_sep7,Denver,2025,low_wind,denver_2025-10-07,2025-10-07,2025-10-07,1
p80_p30_min2_sep7,Denver,2025,low_wind,denver_2025-10-09,2025-10-09,2025-10-11,3
p80_p30_min2_sep7,Denver,2025,low_wind,denver_2025-10-14,2025-10-14,2025-10-14,1
p80_p30_min2_sep7,Denver,2025,low_wind,denver_2025-10-17,2025-10-17,2025-10-17,1
p80_p30_min2_sep7,Denver,2025,low_wind,denver_2025-10-22,2025-10-22,2025-10-22,1
p80_p30_min2_sep7,Denver,2025,low_wind,denver_2025-10-24,2025-10-24,2025-10-24,1
p80_p30_min2_sep7,Denver,2025,low_wind,denver_2025-10-31,2025-10-31,2025-10-31,1
p80_p30_min2_sep7,Denver,2019,pure_wind,denver_2019-04-02,2019-04-02,2019-04-04,3
p80_p30_min2_sep7,Denver,2019,pure_wind,denver_2019-04-06,2019-04-06,2019-04-06,1
p80_p30_min2_sep7,Denver,2019,pure_wind,denver_2019-04-13,2019-04-13,2019-04-13,1
p80_p30_min2_sep7,Denver,2019,pure_wind,denver_2019-04-16,2019-04-16,2019-04-18,3
p80_p30_min2_sep7,Denver,2019,pure_wind,denver_2019-04-23,2019-04-23,2019-04-24,2
p80_p30_min2_sep7,Denver,2019,pure_wind,denver_2019-05-02,2019-05-02,2019-05-04,3
p80_p30_min2_sep7,Denver,2019,pure_wind,denver_2019-05-06,2019-05-06,2019-05-06,1
p80_p30_min2_sep7,Denver,2019,pure_wind,denver_2019-05-10,2019-05-10,2019-05-10,1
p80_p30_min2_sep7,Denver,2019,pure_wind,denver_2019-05-14,2019-05-14,2019-05-14,1
p80_p30_min2_sep7,Denver,2019,pure_wind,denver_2019-05-23,2019-05-23,2019-05-23,1
p80_p30_min2_sep7,Denver,2019,pure_wind,denver_2019-05-30,2019-05-30,2019-05-30,1
p80_p30_min2_sep7,Denver,2019,pure_wind,denver_2019-06-01,2019-06-01,2019-06-01,1
p80_p30_min2_sep7,Denver,2019,pure_wind,denver_2019-06-05,2019-06-05,2019-06-06,2
p80_p30_min2_sep7,Denver,2019,pure_wind,denver_2019-06-12,2019-06-12,2019-06-12,1
p80_p30_min2_sep7,Denver,2019,pure_wind,denver_2019-06-15,2019-06-15,2019-06-18,4
p80_p30_min2_sep7,Denver,2019,pure_wind,denver_2019-06-23,2019-06-23,2019-06-23,1
p80_p30_min2_sep7,Denver,2019,pure_wind,denver_2019-07-02,2019-07-02,2019-07-03,2
p80_p30_min2_sep7,Denver,2019,pure_wind,denver_2019-07-06,2019-07-06,2019-07-09,4
p80_p30_min2_sep7,Denver,2019,pure_wind,denver_2019-07-21,2019-07-21,2019-07-23,3
p80_p30_min2_sep7,Denver,2019,pure_wind,denver_2019-08-01,2019-08-01,2019-08-02,2
p80_p30_min2_sep7,Denver,2019,pure_wind,denver_2019-08-07,2019-08-07,2019-08-08,2
p80_p30_min2_sep7,Denver,2019,pure_wind,denver_2019-08-11,2019-08-11,2019-08-11,1
p80_p30_min2_sep7,Denver,2019,pure_wind,denver_2019-08-14,2019-08-14,2019-08-14,1
p80_p30_min2_sep7,Denver,2019,pure_wind,denver_2019-08-21,2019-08-21,2019-08-21,1
p80_p30_min2_sep7,Denver,2019,pure_wind,denver_2019-08-30,2019-08-30,2019-08-30,1
p80_p30_min2_sep7,Denver,2019,pure_wind,denver_2019-09-06,2019-09-06,2019-09-06,1
p80_p30_min2_sep7,Denver,2019,pure_wind,denver_2019-09-09,2019-09-09,2019-09-11,3
p80_p30_min2_sep7,Denver,2019,pure_wind,denver_2019-09-13,2019-09-13,2019-09-14,2
p80_p30_min2_sep7,Denver,2019,pure_wind,denver_2019-09-23,2019-09-23,2019-09-24,2
p80_p30_min2_sep7,Denver,2019,pure_wind,denver_2019-09-26,2019-09-26,2019-09-26,1
p80_p30_min2_sep7,Denver,2019,pure_wind,denver_2019-10-04,2019-10-04,2019-10-04,1
p80_p30_min2_sep7,Denver,2019,pure_wind,denver_2019-10-11,2019-10-11,2019-10-11,1
p80_p30_min2_sep7,Denver,2019,pure_wind,denver_2019-10-19,2019-10-19,2019-10-19,1
p80_p30_min2_sep7,Denver,2019,pure_wind,denver_2019-10-24,2019-10-24,2019-10-24,1
p80_p30_min2_sep7,Denver,2019,pure_wind,denver_2019-10-28,2019-10-28,2019-10-28,1
p80_p30_min2_sep7,Denver,2019,pure_wind,denver_2019-10-30,2019-10-30,2019-10-30,1
p80_p30_min2_sep7,Denver,2020,pure_wind,denver_2020-04-08,2020-04-08,2020-04-09,2
p80_p30_min2_sep7,Denver,2020,pure_wind,denver_2020-04-14,2020-04-14,2020-04-14,1
p80_p30_min2_sep7,Denver,2020,pure_wind,denver_2020-04-17,2020-04-17,2020-04-17,1
p80_p30_min2_sep7,Denver,2020,pure_wind,denver_2020-04-19,2020-04-19,2020-04-21,3
p80_p30_min2_sep7,Denver,2020,pure_wind,denver_2020-04-25,2020-04-25,2020-04-25,1
p80_p30_min2_sep7,Denver,2020,pure_wind,denver_2020-04-27,2020-04-27,2020-04-27,1
p80_p30_min2_sep7,Denver,2020,pure_wind,denver_2020-04-29,2020-04-29,2020-04-30,2
p80_p30_min2_sep7,Denver,2020,pure_wind,denver_2020-05-11,2020-05-11,2020-05-12,2
p80_p30_min2_sep7,Denver,2020,pure_wind,denver_2020-05-16,2020-05-16,2020-05-17,2
p80_p30_min2_sep7,Denver,2020,pure_wind,denver_2020-05-21,2020-05-21,2020-05-21,1
p80_p30_min2_sep7,Denver,2020,pure_wind,denver_2020-05-24,2020-05-24,2020-05-25,2
p80_p30_min2_sep7,Denver,2020,pure_wind,denver_2020-05-30,2020-05-30,2020-05-30,1
p80_p30_min2_sep7,Denver,2020,pure_wind,denver_2020-06-03,2020-06-03,2020-06-03,1
p80_p30_min2_sep7,Denver,2020,pure_wind,denver_2020-06-10,2020-06-10,2020-06-11,2
p80_p30_min2_sep7,Denver,2020,pure_wind,denver_2020-06-19,2020-06-19,2020-06-20,2
p80_p30_min2_sep7,Denver,2020,pure_wind,denver_2020-06-22,2020-06-22,2020-06-23,2
p80_p30_min2_sep7,Denver,2020,pure_wind,denver_2020-07-04,2020-07-04,2020-07-04,1
p80_p30_min2_sep7,Denver,2020,pure_wind,denver_2020-07-24,2020-07-24,2020-07-24,1
p80_p30_min2_sep7,Denver,2020,pure_wind,denver_2020-07-27,2020-07-27,2020-07-28,2
p80_p30_min2_sep7,Denver,2020,pure_wind,denver_2020-07-31,2020-07-31,2020-08-03,4
p80_p30_min2_sep7,Denver,2020,pure_wind,denver_2020-08-10,2020-08-10,2020-08-10,1
p80_p30_min2_sep7,Denver,2020,pure_wind,denver_2020-09-01,2020-09-01,2020-09-01,1
p80_p30_min2_sep7,Denver,2020,pure_wind,denver_2020-09-09,2020-09-09,2020-09-11,3
p80_p30_min2_sep7,Denver,2020,pure_wind,denver_2020-09-13,2020-09-13,2020-09-14,2
p80_p30_min2_sep7,Denver,2020,pure_wind,denver_2020-09-20,2020-09-20,2020-09-21,2
p80_p30_min2_sep7,Denver,2020,pure_wind,denver_2020-10-01,2020-10-01,2020-10-01,1
p80_p30_min2_sep7,Denver,2020,pure_wind,denver_2020-10-03,2020-10-03,2020-10-03,1
p80_p30_min2_sep7,Denver,2020,pure_wind,denver_2020-10-19,2020-10-19,2020-10-19,1
p80_p30_min2_sep7,Denver,2020,pure_wind,denver_2020-10-26,2020-10-26,2020-10-26,1
p80_p30_min2_sep7,Denver,2020,pure_wind,denver_2020-10-30,2020-10-30,2020-10-30,1
p80_p30_min2_sep7,Denver,2021,pure_wind,denver_2021-04-04,2021-04-04,2021-04-04,1
p80_p30_min2_sep7,Denver,2021,pure_wind,denver_2021-04-10,2021-04-10,2021-04-10,1
p80_p30_min2_sep7,Denver,2021,pure_wind,denver_2021-04-14,2021-04-14,2021-04-14,1
p80_p30_min2_sep7,Denver,2021,pure_wind,denver_2021-04-17,2021-04-17,2021-04-17,1
p80_p30_min2_sep7,Denver,2021,pure_wind,denver_2021-04-22,2021-04-22,2021-04-22,1
p80_p30_min2_sep7,Denver,2021,pure_wind,denver_2021-04-29,2021-04-29,2021-04-29,1
p80_p30_min2_sep7,Denver,2021,pure_wind,denver_2021-05-04,2021-05-04,2021-05-04,1
p80_p30_min2_sep7,Denver,2021,pure_wind,denver_2021-05-06,2021-05-06,2021-05-06,1
p80_p30_min2_sep7,Denver,2021,pure_wind,denver_2021-05-10,2021-05-10,2021-05-13,4
p80_p30_min2_sep7,Denver,2021,pure_wind,denver_2021-05-15,2021-05-15,2021-05-15,1
p80_p30_min2_sep7,Denver,2021,pure_wind,denver_2021-05-17,2021-05-17,2021-05-18,2
p80_p30_min2_sep7,Denver,2021,pure_wind,denver_2021-05-24,2021-05-24,2021-05-25,2
p80_p30_min2_sep7,Denver,2021,pure_wind,denver_2021-05-28,2021-05-28,2021-05-28,1
p80_p30_min2_sep7,Denver,2021,pure_wind,denver_2021-05-30,2021-05-30,2021-06-04,6
p80_p30_min2_sep7,Denver,2021,pure_wind,denver_2021-06-13,2021-06-13,2021-06-13,1
p80_p30_min2_sep7,Denver,2021,pure_wind,denver_2021-06-26,2021-06-26,2021-07-02,7
p80_p30_min2_sep7,Denver,2021,pure_wind,denver_2021-07-06,2021-07-06,2021-07-06,1
p80_p30_min2_sep7,Denver,2021,pure_wind,denver_2021-07-11,2021-07-11,2021-07-12,2
p80_p30_min2_sep7,Denver,2021,pure_wind,denver_2021-07-15,2021-07-15,2021-07-15,1
p80_p30_min2_sep7,Denver,2021,pure_wind,denver_2021-07-24,2021-07-24,2021-07-24,1
p80_p30_min2_sep7,Denver,2021,pure_wind,denver_2021-07-31,2021-07-31,2021-08-02,3
p80_p30_min2_sep7,Denver,2021,pure_wind,denver_2021-08-04,2021-08-04,2021-08-04,1
p80_p30_min2_sep7,Denver,2021,pure_wind,denver_2021-08-13,2021-08-13,2021-08-13,1
p80_p30_min2_sep7,Denver,2021,pure_wind,denver_2021-08-19,2021-08-19,2021-08-20,2
p80_p30_min2_sep7,Denver,2021,pure_wind,denver_2021-08-25,2021-08-25,2021-08-25,1
p80_p30_min2_sep7,Denver,2021,pure_wind,denver_2021-09-02,2021-09-02,2021-09-02,1
p80_p30_min2_sep7,Denver,2021,pure_wind,denver_2021-09-08,2021-09-08,2021-09-08,1
p80_p30_min2_sep7,Denver,2021,pure_wind,denver_2021-09-12,2021-09-12,2021-09-12,1
p80_p30_min2_sep7,Denver,2021,pure_wind,denver_2021-09-14,2021-09-14,2021-09-14,1
p80_p30_min2_sep7,Denver,2021,pure_wind,denver_2021-09-19,2021-09-19,2021-09-19,1
p80_p30_min2_sep7,Denver,2021,pure_wind,denver_2021-09-21,2021-09-21,2021-09-21,1
p80_p30_min2_sep7,Denver,2021,pure_wind,denver_2021-09-30,2021-09-30,2021-10-04,5
p80_p30_min2_sep7,Denver,2021,pure_wind,denver_2021-10-07,2021-10-07,2021-10-07,1
p80_p30_min2_sep7,Denver,2021,pure_wind,denver_2021-10-10,2021-10-10,2021-10-10,1
p80_p30_min2_sep7,Denver,2021,pure_wind,denver_2021-10-14,2021-10-14,2021-10-15,2
p80_p30_min2_sep7,Denver,2021,pure_wind,denver_2021-10-17,2021-10-17,2021-10-17,1
p80_p30_min2_sep7,Denver,2021,pure_wind,denver_2021-10-20,2021-10-20,2021-10-21,2
p80_p30_min2_sep7,Denver,2021,pure_wind,denver_2021-10-24,2021-10-24,2021-10-24,1
p80_p30_min2_sep7,Denver,2021,pure_wind,denver_2021-10-28,2021-10-28,2021-10-28,1
p80_p30_min2_sep7,Denver,2022,pure_wind,denver_2022-04-01,2022-04-01,2022-04-02,2
p80_p30_min2_sep7,Denver,2022,pure_wind,denver_2022-04-04,2022-04-04,2022-04-04,1
p80_p30_min2_sep7,Denver,2022,pure_wind,denver_2022-04-08,2022-04-08,2022-04-08,1
p80_p30_min2_sep7,Denver,2022,pure_wind,denver_2022-04-25,2022-04-25,2022-04-25,1
p80_p30_min2_sep7,Denver,2022,pure_wind,denver_2022-05-04,2022-05-04,2022-05-04,1
p80_p30_min2_sep7,Denver,2022,pure_wind,denver_2022-05-13,2022-05-13,2022-05-14,2
p80_p30_min2_sep7,Denver,2022,pure_wind,denver_2022-05-21,2022-05-21,2022-05-21,1
p80_p30_min2_sep7,Denver,2022,pure_wind,denver_2022-05-24,2022-05-24,2022-05-24,1
p80_p30_min2_sep7,Denver,2022,pure_wind,denver_2022-06-02,2022-06-02,2022-06-03,2
p80_p30_min2_sep7,Denver,2022,pure_wind,denver_2022-06-05,2022-06-05,2022-06-06,2
p80_p30_min2_sep7,Denver,2022,pure_wind,denver_2022-06-10,2022-06-10,2022-06-10,1
p80_p30_min2_sep7,Denver,2022,pure_wind,denver_2022-07-01,2022-07-01,2022-07-01,1
p80_p30_min2_sep7,Denver,2022,pure_wind,denver_2022-07-06,2022-07-06,2022-07-06,1
p80_p30_min2_sep7,Denver,2022,pure_wind,denver_2022-07-24,2022-07-24,2022-07-24,1
p80_p30_min2_sep7,Denver,2022,pure_wind,denver_2022-07-28,2022-07-28,2022-07-28,1
p80_p30_min2_sep7,Denver,2022,pure_wind,denver_2022-07-30,2022-07-30,2022-07-30,1
p80_p30_min2_sep7,Denver,2022,pure_wind,denver_2022-08-03,2022-08-03,2022-08-03,1
p80_p30_min2_sep7,Denver,2022,pure_wind,denver_2022-08-14,2022-08-14,2022-08-17,4
p80_p30_min2_sep7,Denver,2022,pure_wind,denver_2022-08-19,2022-08-19,2022-08-24,6
p80_p30_min2_sep7,Denver,2022,pure_wind,denver_2022-09-11,2022-09-11,2022-09-12,2
p80_p30_min2_sep7,Denver,2022,pure_wind,denver_2022-09-15,2022-09-15,2022-09-16,2
p80_p30_min2_sep7,Denver,2022,pure_wind,denver_2022-09-19,2022-09-19,2022-09-19,1
p80_p30_min2_sep7,Denver,2022,pure_wind,denver_2022-09-24,2022-09-24,2022-09-24,1
p80_p30_min2_sep7,Denver,2022,pure_wind,denver_2022-09-26,2022-09-26,2022-09-27,2
p80_p30_min2_sep7,Denver,2022,pure_wind,denver_2022-09-30,2022-09-30,2022-10-01,2
p80_p30_min2_sep7,Denver,2022,pure_wind,denver_2022-10-03,2022-10-03,2022-10-06,4
p80_p30_min2_sep7,Denver,2022,pure_wind,denver_2022-10-08,2022-10-08,2022-10-10,3
p80_p30_min2_sep7,Denver,2022,pure_wind,denver_2022-10-13,2022-10-13,2022-10-13,1
p80_p30_min2_sep7,Denver,2022,pure_wind,denver_2022-10-16,2022-10-16,2022-10-18,3
p80_p30_min2_sep7,Denver,2022,pure_wind,denver_2022-10-26,2022-10-26,2022-10-27,2
p80_p30_min2_sep7,Denver,2022,pure_wind,denver_2022-10-29,2022-10-29,2022-10-30,2
p80_p30_min2_sep7,Denver,2023,pure_wind,denver_2023-04-01,2023-04-01,2023-04-01,1
p80_p30_min2_sep7,Denver,2023,pure_wind,denver_2023-04-05,2023-04-05,2023-04-07,3
p80_p30_min2_sep7,Denver,2023,pure_wind,denver_2023-04-09,2023-04-09,2023-04-10,2
p80_p30_min2_sep7,Denver,2023,pure_wind,denver_2023-04-15,2023-04-15,2023-04-15,1
p80_p30_min2_sep7,Denver,2023,pure_wind,denver_2023-04-23,2023-04-23,2023-04-24,2
p80_p30_min2_sep7,Denver,2023,pure_wind,denver_2023-04-30,2023-04-30,2023-05-01,2
p80_p30_min2_sep7,Denver,2023,pure_wind,denver_2023-05-03,2023-05-03,2023-05-03,1
p80_p30_min2_sep7,Denver,2023,pure_wind,denver_2023-05-07,2023-05-07,2023-05-08,2
p80_p30_min2_sep7,Denver,2023,pure_wind,denver_2023-05-10,2023-05-10,2023-05-10,1
p80_p30_min2_sep7,Denver,2023,pure_wind,denver_2023-05-15,2023-05-15,2023-05-15,1
p80_p30_min2_sep7,Denver,2023,pure_wind,denver_2023-05-17,2023-05-17,2023-05-17,1
p80_p30_min2_sep7,Denver,2023,pure_wind,denver_2023-05-20,2023-05-20,2023-05-20,1
p80_p30_min2_sep7,Denver,2023,pure_wind,denver_2023-05-22,2023-05-22,2023-05-25,4
p80_p30_min2_sep7,Denver,2023,pure_wind,denver_2023-06-01,2023-06-01,2023-06-03,3
p80_p30_min2_sep7,Denver,2023,pure_wind,denver_2023-06-05,2023-06-05,2023-06-06,2
p80_p30_min2_sep7,Denver,2023,pure_wind,denver_2023-06-08,2023-06-08,2023-06-08,1
p80_p30_min2_sep7,Denver,2023,pure_wind,denver_2023-06-11,2023-06-11,2023-06-13,3
p80_p30_min2_sep7,Denver,2023,pure_wind,denver_2023-06-15,2023-06-15,2023-06-17,3
p80_p30_min2_sep7,Denver,2023,pure_wind,denver_2023-06-25,2023-06-25,2023-06-25,1
p80_p30_min2_sep7,Denver,2023,pure_wind,denver_2023-06-30,2023-06-30,2023-07-02,3
p80_p30_min2_sep7,Denver,2023,pure_wind,denver_2023-07-06,2023-07-06,2023-07-06,1
p80_p30_min2_sep7,Denver,2023,pure_wind,denver_2023-07-15,2023-07-15,2023-07-15,1
p80_p30_min2_sep7,Denver,2023,pure_wind,denver_2023-08-02,2023-08-02,2023-08-04,3
p80_p30_min2_sep7,Denver,2023,pure_wind,denver_2023-08-06,2023-08-06,2023-08-07,2
p80_p30_min2_sep7,Denver,2023,pure_wind,denver_2023-08-14,2023-08-14,2023-08-14,1
p80_p30_min2_sep7,Denver,2023,pure_wind,denver_2023-08-26,2023-08-26,2023-08-29,4
p80_p30_min2_sep7,Denver,2023,pure_wind,denver_2023-09-11,2023-09-11,2023-09-13,3
p80_p30_min2_sep7,Denver,2023,pure_wind,denver_2023-09-15,2023-09-15,2023-09-16,2
p80_p30_min2_sep7,Denver,2023,pure_wind,denver_2023-09-21,2023-09-21,2023-09-22,2
p80_p30_min2_sep7,Denver,2023,pure_wind,denver_2023-09-24,2023-09-24,2023-09-26,3
p80_p30_min2_sep7,Denver,2023,pure_wind,denver_2023-10-04,2023-10-04,2023-10-04,1
p80_p30_min2_sep7,Denver,2023,pure_wind,denver_2023-10-06,2023-10-06,2023-10-10,5
p80_p30_min2_sep7,Denver,2023,pure_wind,denver_2023-10-15,2023-10-15,2023-10-15,1
p80_p30_min2_sep7,Denver,2023,pure_wind,denver_2023-10-18,2023-10-18,2023-10-18,1
p80_p30_min2_sep7,Denver,2023,pure_wind,denver_2023-10-22,2023-10-22,2023-10-22,1
p80_p30_min2_sep7,Denver,2023,pure_wind,denver_2023-10-24,2023-10-24,2023-10-25,2
p80_p30_min2_sep7,Denver,2024,pure_wind,denver_2024-04-01,2024-04-01,2024-04-01,1
p80_p30_min2_sep7,Denver,2024,pure_wind,denver_2024-04-08,2024-04-08,2024-04-09,2
p80_p30_min2_sep7,Denver,2024,pure_wind,denver_2024-04-11,2024-04-11,2024-04-11,1
p80_p30_min2_sep7,Denver,2024,pure_wind,denver_2024-04-28,2024-04-28,2024-04-29,2
p80_p30_min2_sep7,Denver,2024,pure_wind,denver_2024-05-10,2024-05-10,2024-05-11,2
p80_p30_min2_sep7,Denver,2024,pure_wind,denver_2024-05-13,2024-05-13,2024-05-13,1
p80_p30_min2_sep7,Denver,2024,pure_wind,denver_2024-05-15,2024-05-15,2024-05-16,2
p80_p30_min2_sep7,Denver,2024,pure_wind,denver_2024-05-24,2024-05-24,2024-05-24,1
p80_p30_min2_sep7,Denver,2024,pure_wind,denver_2024-05-28,2024-05-28,2024-05-28,1
p80_p30_min2_sep7,Denver,2024,pure_wind,denver_2024-06-01,2024-06-01,2024-06-02,2
p80_p30_min2_sep7,Denver,2024,pure_wind,denver_2024-06-10,2024-06-10,2024-06-10,1
p80_p30_min2_sep7,Denver,2024,pure_wind,denver_2024-06-14,2024-06-14,2024-06-14,1
p80_p30_min2_sep7,Denver,2024,pure_wind,denver_2024-06-21,2024-06-21,2024-06-21,1
p80_p30_min2_sep7,Denver,2024,pure_wind,denver_2024-07-02,2024-07-02,2024-07-02,1
p80_p30_min2_sep7,Denver,2024,pure_wind,denver_2024-07-08,2024-07-08,2024-07-08,1
p80_p30_min2_sep7,Denver,2024,pure_wind,denver_2024-07-17,2024-07-17,2024-07-17,1
p80_p30_min2_sep7,Denver,2024,pure_wind,denver_2024-07-21,2024-07-21,2024-07-22,2
p80_p30_min2_sep7,Denver,2024,pure_wind,denver_2024-08-23,2024-08-23,2024-08-23,1
p80_p30_min2_sep7,Denver,2024,pure_wind,denver_2024-08-26,2024-08-26,2024-08-26,1
p80_p30_min2_sep7,Denver,2024,pure_wind,denver_2024-08-30,2024-08-30,2024-08-30,1
p80_p30_min2_sep7,Denver,2024,pure_wind,denver_2024-09-05,2024-09-05,2024-09-06,2
p80_p30_min2_sep7,Denver,2024,pure_wind,denver_2024-09-08,2024-09-08,2024-09-09,2
p80_p30_min2_sep7,Denver,2024,pure_wind,denver_2024-09-18,2024-09-18,2024-09-18,1
p80_p30_min2_sep7,Denver,2024,pure_wind,denver_2024-09-22,2024-09-22,2024-09-24,3
p80_p30_min2_sep7,Denver,2024,pure_wind,denver_2024-09-27,2024-09-27,2024-09-27,1
p80_p30_min2_sep7,Denver,2024,pure_wind,denver_2024-10-01,2024-10-01,2024-10-01,1
p80_p30_min2_sep7,Denver,2024,pure_wind,denver_2024-10-04,2024-10-04,2024-10-04,1
p80_p30_min2_sep7,Denver,2024,pure_wind,denver_2024-10-06,2024-10-06,2024-10-06,1
p80_p30_min2_sep7,Denver,2024,pure_wind,denver_2024-10-12,2024-10-12,2024-10-14,3
p80_p30_min2_sep7,Denver,2024,pure_wind,denver_2024-10-22,2024-10-22,2024-10-22,1
p80_p30_min2_sep7,Denver,2024,pure_wind,denver_2024-10-25,2024-10-25,2024-10-26,2
p80_p30_min2_sep7,Denver,2024,pure_wind,denver_2024-10-30,2024-10-30,2024-10-30,1
p80_p30_min2_sep7,Denver,2025,pure_wind,denver_2025-04-03,2025-04-03,2025-04-03,1
p80_p30_min2_sep7,Denver,2025,pure_wind,denver_2025-04-05,2025-04-05,2025-04-05,1
p80_p30_min2_sep7,Denver,2025,pure_wind,denver_2025-04-10,2025-04-10,2025-04-10,1
p80_p30_min2_sep7,Denver,2025,pure_wind,denver_2025-04-15,2025-04-15,2025-04-15,1
p80_p30_min2_sep7,Denver,2025,pure_wind,denver_2025-04-19,2025-04-19,2025-04-19,1
p80_p30_min2_sep7,Denver,2025,pure_wind,denver_2025-04-22,2025-04-22,2025-04-23,2
p80_p30_min2_sep7,Denver,2025,pure_wind,denver_2025-04-26,2025-04-26,2025-04-26,1
p80_p30_min2_sep7,Denver,2025,pure_wind,denver_2025-05-01,2025-05-01,2025-05-01,1
p80_p30_min2_sep7,Denver,2025,pure_wind,denver_2025-05-08,2025-05-08,2025-05-08,1
p80_p30_min2_sep7,Denver,2025,pure_wind,denver_2025-05-17,2025-05-17,2025-05-19,3
p80_p30_min2_sep7,Denver,2025,pure_wind,denver_2025-05-21,2025-05-21,2025-05-21,1
p80_p30_min2_sep7,Denver,2025,pure_wind,denver_2025-05-26,2025-05-26,2025-05-26,1
p80_p30_min2_sep7,Denver,2025,pure_wind,denver_2025-05-29,2025-05-29,2025-05-29,1
p80_p30_min2_sep7,Denver,2025,pure_wind,denver_2025-05-31,2025-05-31,2025-05-31,1
p80_p30_min2_sep7,Denver,2025,pure_wind,denver_2025-06-04,2025-06-04,2025-06-04,1
p80_p30_min2_sep7,Denver,2025,pure_wind,denver_2025-06-09,2025-06-09,2025-06-09,1
p80_p30_min2_sep7,Denver,2025,pure_wind,denver_2025-06-24,2025-06-24,2025-06-24,1
p80_p30_min2_sep7,Denver,2025,pure_wind,denver_2025-06-30,2025-06-30,2025-06-30,1
p80_p30_min2_sep7,Denver,2025,pure_wind,denver_2025-07-04,2025-07-04,2025-07-04,1
p80_p30_min2_sep7,Denver,2025,pure_wind,denver_2025-07-07,2025-07-07,2025-07-07,1
p80_p30_min2_sep7,Denver,2025,pure_wind,denver_2025-07-12,2025-07-12,2025-07-12,1
p80_p30_min2_sep7,Denver,2025,pure_wind,denver_2025-07-24,2025-07-24,2025-07-24,1
p80_p30_min2_sep7,Denver,2025,pure_wind,denver_2025-07-30,2025-07-30,2025-07-31,2
p80_p30_min2_sep7,Denver,2025,pure_wind,denver_2025-08-10,2025-08-10,2025-08-11,2
p80_p30_min2_sep7,Denver,2025,pure_wind,denver_2025-08-23,2025-08-23,2025-09-02,11
p80_p30_min2_sep7,Denver,2025,pure_wind,denver_2025-09-06,2025-09-06,2025-09-07,2
p80_p30_min2_sep7,Denver,2025,pure_wind,denver_2025-09-13,2025-09-13,2025-09-13,1
p80_p30_min2_sep7,Denver,2025,pure_wind,denver_2025-09-18,2025-09-18,2025-09-18,1
p80_p30_min2_sep7,Denver,2025,pure_wind,denver_2025-09-20,2025-09-20,2025-09-21,2
p80_p30_min2_sep7,Denver,2025,pure_wind,denver_2025-09-24,2025-09-24,2025-09-25,2
p80_p30_min2_sep7,Denver,2025,pure_wind,denver_2025-09-28,2025-09-28,2025-09-28,1
p80_p30_min2_sep7,Denver,2025,pure_wind,denver_2025-10-07,2025-10-07,2025-10-07,1
p80_p30_min2_sep7,Denver,2025,pure_wind,denver_2025-10-09,2025-10-09,2025-10-11,3
p80_p30_min2_sep7,Denver,2025,pure_wind,denver_2025-10-14,2025-10-14,2025-10-14,1
p80_p30_min2_sep7,Denver,2025,pure_wind,denver_2025-10-17,2025-10-17,2025-10-17,1
p80_p30_min2_sep7,Denver,2025,pure_wind,denver_2025-10-22,2025-10-22,2025-10-22,1
p80_p30_min2_sep7,Denver,2025,pure_wind,denver_2025-10-24,2025-10-24,2025-10-24,1
p80_p30_min2_sep7,Denver,2025,pure_wind,denver_2025-10-31,2025-10-31,2025-10-31,1
p80_p30_min2_sep7,Houston,2019,low_wind,houston_2019-04-02,2019-04-02,2019-04-02,1
p80_p30_min2_sep7,Houston,2019,low_wind,houston_2019-04-05,2019-04-05,2019-04-05,1
p80_p30_min2_sep7,Houston,2019,low_wind,houston_2019-04-20,2019-04-20,2019-04-20,1
p80_p30_min2_sep7,Houston,2019,low_wind,houston_2019-04-26,2019-04-26,2019-04-26,1
p80_p30_min2_sep7,Houston,2019,low_wind,houston_2019-05-11,2019-05-11,2019-05-11,1
p80_p30_min2_sep7,Houston,2019,low_wind,houston_2019-05-30,2019-05-30,2019-06-03,5
p80_p30_min2_sep7,Houston,2019,low_wind,houston_2019-06-09,2019-06-09,2019-06-09,1
p80_p30_min2_sep7,Houston,2019,low_wind,houston_2019-06-12,2019-06-12,2019-06-13,2
p80_p30_min2_sep7,Houston,2019,low_wind,houston_2019-06-17,2019-06-17,2019-06-18,2
p80_p30_min2_sep7,Houston,2019,low_wind,houston_2019-06-27,2019-06-27,2019-07-01,5
p80_p30_min2_sep7,Houston,2019,low_wind,houston_2019-07-06,2019-07-06,2019-07-07,2
p80_p30_min2_sep7,Houston,2019,low_wind,houston_2019-07-10,2019-07-10,2019-07-11,2
p80_p30_min2_sep7,Houston,2019,low_wind,houston_2019-07-22,2019-07-22,2019-07-22,1
p80_p30_min2_sep7,Houston,2019,low_wind,houston_2019-07-31,2019-07-31,2019-08-06,7
p80_p30_min2_sep7,Houston,2019,low_wind,houston_2019-08-14,2019-08-14,2019-08-16,3
p80_p30_min2_sep7,Houston,2019,low_wind,houston_2019-08-20,2019-08-20,2019-08-21,2
p80_p30_min2_sep7,Houston,2019,low_wind,houston_2019-08-23,2019-08-23,2019-08-25,3
p80_p30_min2_sep7,Houston,2019,low_wind,houston_2019-08-28,2019-08-28,2019-09-02,6
p80_p30_min2_sep7,Houston,2019,low_wind,houston_2019-09-05,2019-09-05,2019-09-05,1
p80_p30_min2_sep7,Houston,2019,low_wind,houston_2019-09-10,2019-09-10,2019-09-10,1
p80_p30_min2_sep7,Houston,2019,low_wind,houston_2019-09-13,2019-09-13,2019-09-13,1
p80_p30_min2_sep7,Houston,2019,low_wind,houston_2019-09-23,2019-09-23,2019-09-23,1
p80_p30_min2_sep7,Houston,2019,low_wind,houston_2019-09-26,2019-09-26,2019-09-26,1
p80_p30_min2_sep7,Houston,2019,low_wind,houston_2019-10-03,2019-10-03,2019-10-06,4
p80_p30_min2_sep7,Houston,2019,low_wind,houston_2019-10-13,2019-10-13,2019-10-14,2
p80_p30_min2_sep7,Houston,2019,low_wind,houston_2019-10-18,2019-10-18,2019-10-18,1
p80_p30_min2_sep7,Houston,2020,low_wind,houston_2020-04-30,2020-04-30,2020-04-30,1
p80_p30_min2_sep7,Houston,2020,low_wind,houston_2020-05-05,2020-05-05,2020-05-05,1
p80_p30_min2_sep7,Houston,2020,low_wind,houston_2020-05-18,2020-05-18,2020-05-18,1
p80_p30_min2_sep7,Houston,2020,low_wind,houston_2020-05-27,2020-05-27,2020-05-28,2
p80_p30_min2_sep7,Houston,2020,low_wind,houston_2020-05-31,2020-05-31,2020-06-01,2
p80_p30_min2_sep7,Houston,2020,low_wind,houston_2020-06-03,2020-06-03,2020-06-05,3
p80_p30_min2_sep7,Houston,2020,low_wind,houston_2020-06-16,2020-06-16,2020-06-16,1
p80_p30_min2_sep7,Houston,2020,low_wind,houston_2020-07-17,2020-07-17,2020-07-17,1
p80_p30_min2_sep7,Houston,2020,low_wind,houston_2020-07-19,2020-07-19,2020-07-19,1
p80_p30_min2_sep7,Houston,2020,low_wind,houston_2020-07-22,2020-07-22,2020-07-22,1
p80_p30_min2_sep7,Houston,2020,low_wind,houston_2020-07-27,2020-07-27,2020-07-28,2
p80_p30_min2_sep7,Houston,2020,low_wind,houston_2020-08-01,2020-08-01,2020-08-08,8
p80_p30_min2_sep7,Houston,2020,low_wind,houston_2020-08-16,2020-08-16,2020-08-18,3
p80_p30_min2_sep7,Houston,2020,low_wind,houston_2020-08-20,2020-08-20,2020-08-23,4
p80_p30_min2_sep7,Houston,2020,low_wind,houston_2020-09-06,2020-09-06,2020-09-07,2
p80_p30_min2_sep7,Houston,2020,low_wind,houston_2020-09-10,2020-09-10,2020-09-10,1
p80_p30_min2_sep7,Houston,2020,low_wind,houston_2020-09-25,2020-09-25,2020-09-26,2
p80_p30_min2_sep7,Houston,2020,low_wind,houston_2020-09-30,2020-09-30,2020-10-01,2
p80_p30_min2_sep7,Houston,2020,low_wind,houston_2020-10-04,2020-10-04,2020-10-07,4
p80_p30_min2_sep7,Houston,2020,low_wind,houston_2020-10-13,2020-10-13,2020-10-13,1
p80_p30_min2_sep7,Houston,2020,low_wind,houston_2020-10-31,2020-10-31,2020-10-31,1
p80_p30_min2_sep7,Houston,2021,low_wind,houston_2021-04-20,2021-04-20,2021-04-20,1
p80_p30_min2_sep7,Houston,2021,low_wind,houston_2021-05-29,2021-05-29,2021-05-29,1
p80_p30_min2_sep7,Houston,2021,low_wind,houston_2021-06-01,2021-06-01,2021-06-05,5
p80_p30_min2_sep7,Houston,2021,low_wind,houston_2021-06-12,2021-06-12,2021-06-16,5
p80_p30_min2_sep7,Houston,2021,low_wind,houston_2021-06-18,2021-06-18,2021-06-19,2
p80_p30_min2_sep7,Houston,2021,low_wind,houston_2021-06-22,2021-06-22,2021-06-22,1
p80_p30_min2_sep7,Houston,2021,low_wind,houston_2021-06-30,2021-06-30,2021-07-05,6
p80_p30_min2_sep7,Houston,2021,low_wind,houston_2021-07-07,2021-07-07,2021-07-07,1
p80_p30_min2_sep7,Houston,2021,low_wind,houston_2021-07-12,2021-07-12,2021-07-14,3
p80_p30_min2_sep7,Houston,2021,low_wind,houston_2021-07-18,2021-07-18,2021-07-22,5
p80_p30_min2_sep7,Houston,2021,low_wind,houston_2021-07-25,2021-07-25,2021-08-06,13
p80_p30_min2_sep7,Houston,2021,low_wind,houston_2021-08-11,2021-08-11,2021-08-17,7
p80_p30_min2_sep7,Houston,2021,low_wind,houston_2021-08-22,2021-08-22,2021-08-30,9
p80_p30_min2_sep7,Houston,2021,low_wind,houston_2021-09-01,2021-09-01,2021-09-04,4
p80_p30_min2_sep7,Houston,2021,low_wind,houston_2021-09-06,2021-09-06,2021-09-09,4
p80_p30_min2_sep7,Houston,2021,low_wind,houston_2021-09-17,2021-09-17,2021-09-19,3
p80_p30_min2_sep7,Houston,2021,low_wind,houston_2021-09-21,2021-09-21,2021-09-21,1
p80_p30_min2_sep7,Houston,2021,low_wind,houston_2021-09-23,2021-09-23,2021-09-25,3
p80_p30_min2_sep7,Houston,2021,low_wind,houston_2021-09-27,2021-09-27,2021-09-27,1
p80_p30_min2_sep7,Houston,2021,low_wind,houston_2021-10-01,2021-10-01,2021-10-03,3
p80_p30_min2_sep7,Houston,2021,low_wind,houston_2021-10-05,2021-10-05,2021-10-08,4
p80_p30_min2_sep7,Houston,2021,low_wind,houston_2021-10-11,2021-10-11,2021-10-11,1
p80_p30_min2_sep7,Houston,2021,low_wind,houston_2021-10-17,2021-10-17,2021-10-18,2
p80_p30_min2_sep7,Houston,2021,low_wind,houston_2021-10-20,2021-10-20,2021-10-22,3
p80_p30_min2_sep7,Houston,2021,low_wind,houston_2021-10-25,2021-10-25,2021-10-25,1
p80_p30_min2_sep7,Houston,2021,low_wind,houston_2021-10-31,2021-10-31,2021-10-31,1
p80_p30_min2_sep7,Houston,2022,low_wind,houston_2022-04-02,2022-04-02,2022-04-02,1
p80_p30_min2_sep7,Houston,2022,low_wind,houston_2022-05-06,2022-05-06,2022-05-06,1
p80_p30_min2_sep7,Houston,2022,low_wind,houston_2022-06-02,2022-06-02,2022-06-02,1
p80_p30_min2_sep7,Houston,2022,low_wind,houston_2022-06-04,2022-06-04,2022-06-04,1
p80_p30_min2_sep7,Houston,2022,low_wind,houston_2022-06-09,2022-06-09,2022-06-09,1
p80_p30_min2_sep7,Houston,2022,low_wind,houston_2022-06-16,2022-06-16,2022-06-20,5
p80_p30_min2_sep7,Houston,2022,low_wind,houston_2022-06-22,2022-06-22,2022-06-22,1
p80_p30_min2_sep7,Houston,2022,low_wind,houston_2022-06-26,2022-06-26,2022-06-27,2
p80_p30_min2_sep7,Houston,2022,low_wind,houston_2022-06-29,2022-06-29,2022-06-29,1
p80_p30_min2_sep7,Houston,2022,low_wind,houston_2022-07-01,2022-07-01,2022-07-01,1
p80_p30_min2_sep7,Houston,2022,low_wind,houston_2022-07-14,2022-07-14,2022-07-16,3
p80_p30_min2_sep7,Houston,2022,low_wind,houston_2022-08-05,2022-08-05,2022-08-06,2
p80_p30_min2_sep7,Houston,2022,low_wind,houston_2022-08-08,2022-08-08,2022-08-12,5
p80_p30_min2_sep7,Houston,2022,low_wind,houston_2022-08-16,2022-08-16,2022-08-16,1
p80_p30_min2_sep7,Houston,2022,low_wind,houston_2022-08-18,2022-08-18,2022-08-19,2
p80_p30_min2_sep7,Houston,2022,low_wind,houston_2022-08-24,2022-08-24,2022-08-26,3
p80_p30_min2_sep7,Houston,2022,low_wind,houston_2022-08-30,2022-08-30,2022-09-13,15
p80_p30_min2_sep7,Houston,2022,low_wind,houston_2022-09-16,2022-09-16,2022-09-16,1
p80_p30_min2_sep7,Houston,2022,low_wind,houston_2022-09-18,2022-09-18,2022-09-25,8
p80_p30_min2_sep7,Houston,2022,low_wind,houston_2022-10-01,2022-10-01,2022-10-07,7
p80_p30_min2_sep7,Houston,2022,low_wind,houston_2022-10-13,2022-10-13,2022-10-13,1
p80_p30_min2_sep7,Houston,2022,low_wind,houston_2022-10-16,2022-10-16,2022-10-16,1
p80_p30_min2_sep7,Houston,2022,low_wind,houston_2022-10-26,2022-10-26,2022-10-26,1
p80_p30_min2_sep7,Houston,2022,low_wind,houston_2022-10-31,2022-10-31,2022-10-31,1
p80_p30_min2_sep7,Houston,2023,low_wind,houston_2023-04-01,2023-04-01,2023-04-01,1
p80_p30_min2_sep7,Houston,2023,low_wind,houston_2023-04-13,2023-04-13,2023-04-13,1
p80_p30_min2_sep7,Houston,2023,low_wind,houston_2023-05-01,2023-05-01,2023-05-02,2
p80_p30_min2_sep7,Houston,2023,low_wind,houston_2023-05-15,2023-05-15,2023-05-19,5
p80_p30_min2_sep7,Houston,2023,low_wind,houston_2023-05-22,2023-05-22,2023-05-24,3
p80_p30_min2_sep7,Houston,2023,low_wind,houston_2023-05-26,2023-05-26,2023-05-31,6
p80_p30_min2_sep7,Houston,2023,low_wind,houston_2023-06-02,2023-06-02,2023-06-09,8
p80_p30_min2_sep7,Houston,2023,low_wind,houston_2023-07-02,2023-07-02,2023-07-03,2
p80_p30_min2_sep7,Houston,2023,low_wind,houston_2023-07-06,2023-07-06,2023-07-06,1
p80_p30_min2_sep7,Houston,2023,low_wind,houston_2023-07-23,2023-07-23,2023-07-25,3
p80_p30_min2_sep7,Houston,2023,low_wind,houston_2023-07-27,2023-07-27,2023-07-30,4
p80_p30_min2_sep7,Houston,2023,low_wind,houston_2023-08-01,2023-08-01,2023-08-01,1
p80_p30_min2_sep7,Houston,2023,low_wind,houston_2023-08-26,2023-08-26,2023-08-26,1
p80_p30_min2_sep7,Houston,2023,low_wind,houston_2023-08-28,2023-08-28,2023-08-28,1
p80_p30_min2_sep7,Houston,2023,low_wind,houston_2023-08-31,2023-08-31,2023-09-02,3
p80_p30_min2_sep7,Houston,2023,low_wind,houston_2023-09-06,2023-09-06,2023-09-06,1
p80_p30_min2_sep7,Houston,2023,low_wind,houston_2023-09-11,2023-09-11,2023-09-18,8
p80_p30_min2_sep7,Houston,2023,low_wind,houston_2023-09-22,2023-09-22,2023-09-22,1
p80_p30_min2_sep7,Houston,2023,low_wind,houston_2023-09-25,2023-09-25,2023-09-28,4
p80_p30_min2_sep7,Houston,2023,low_wind,houston_2023-10-08,2023-10-08,2023-10-10,3
p80_p30_min2_sep7,Houston,2023,low_wind,houston_2023-10-13,2023-10-13,2023-10-13,1
p80_p30_min2_sep7,Houston,2023,low_wind,houston_2023-10-17,2023-10-17,2023-10-17,1
p80_p30_min2_sep7,Houston,2023,low_wind,houston_2023-10-19,2023-10-19,2023-10-20,2
p80_p30_min2_sep7,Houston,2024,low_wind,houston_2024-04-19,2024-04-19,2024-04-19,1
p80_p30_min2_sep7,Houston,2024,low_wind,houston_2024-05-13,2024-05-13,2024-05-13,1
p80_p30_min2_sep7,Houston,2024,low_wind,houston_2024-05-15,2024-05-15,2024-05-15,1
p80_p30_min2_sep7,Houston,2024,low_wind,houston_2024-05-18,2024-05-18,2024-05-19,2
p80_p30_min2_sep7,Houston,2024,low_wind,houston_2024-05-27,2024-05-27,2024-05-27,1
p80_p30_min2_sep7,Houston,2024,low_wind,houston_2024-06-01,2024-06-01,2024-06-01,1
p80_p30_min2_sep7,Houston,2024,low_wind,houston_2024-06-06,2024-06-06,2024-06-07,2
p80_p30_min2_sep7,Houston,2024,low_wind,houston_2024-06-09,2024-06-09,2024-06-15,7
p80_p30_min2_sep7,Houston,2024,low_wind,houston_2024-06-23,2024-06-23,2024-06-23,1
p80_p30_min2_sep7,Houston,2024,low_wind,houston_2024-06-27,2024-06-27,2024-06-27,1
p80_p30_min2_sep7,Houston,2024,low_wind,houston_2024-06-30,2024-06-30,2024-07-03,4
p80_p30_min2_sep7,Houston,2024,low_wind,houston_2024-07-05,2024-07-05,2024-07-06,2
p80_p30_min2_sep7,Houston,2024,low_wind,houston_2024-07-09,2024-07-09,2024-07-14,6
p80_p30_min2_sep7,Houston,2024,low_wind,houston_2024-07-17,2024-07-17,2024-07-24,8
p80_p30_min2_sep7,Houston,2024,low_wind,houston_2024-07-26,2024-07-26,2024-07-28,3
p80_p30_min2_sep7,Houston,2024,low_wind,houston_2024-08-01,2024-08-01,2024-08-23,23
p80_p30_min2_sep7,Houston,2024,low_wind,houston_2024-08-26,2024-08-26,2024-08-29,4
p80_p30_min2_sep7,Houston,2024,low_wind,houston_2024-09-13,2024-09-13,2024-09-13,1
p80_p30_min2_sep7,Houston,2024,low_wind,houston_2024-09-15,2024-09-15,2024-09-25,11
p80_p30_min2_sep7,Houston,2024,low_wind,houston_2024-09-27,2024-09-27,2024-09-27,1
p80_p30_min2_sep7,Houston,2024,low_wind,houston_2024-09-29,2024-09-29,2024-10-01,3
p80_p30_min2_sep7,Houston,2024,low_wind,houston_2024-10-10,2024-10-10,2024-10-11,2
p80_p30_min2_sep7,Houston,2024,low_wind,houston_2024-10-15,2024-10-15,2024-10-15,1
p80_p30_min2_sep7,Houston,2024,low_wind,houston_2024-10-22,2024-10-22,2024-10-23,2
p80_p30_min2_sep7,Houston,2024,low_wind,houston_2024-10-26,2024-10-26,2024-10-27,2
p80_p30_min2_sep7,Houston,2024,low_wind,houston_2024-10-31,2024-10-31,2024-10-31,1
p80_p30_min2_sep7,Houston,2025,low_wind,houston_2025-04-08,2025-04-08,2025-04-08,1
p80_p30_min2_sep7,Houston,2025,low_wind,houston_2025-04-21,2025-04-21,2025-04-21,1
p80_p30_min2_sep7,Houston,2025,low_wind,houston_2025-05-08,2025-05-08,2025-05-08,1
p80_p30_min2_sep7,Houston,2025,low_wind,houston_2025-05-28,2025-05-28,2025-06-01,5
p80_p30_min2_sep7,Houston,2025,low_wind,houston_2025-06-24,2025-06-24,2025-06-24,1
p80_p30_min2_sep7,Houston,2025,low_wind,houston_2025-06-26,2025-06-26,2025-06-27,2
p80_p30_min2_sep7,Houston,2025,low_wind,houston_2025-06-30,2025-06-30,2025-07-03,4
p80_p30_min2_sep7,Houston,2025,low_wind,houston_2025-07-07,2025-07-07,2025-07-09,3
p80_p30_min2_sep7,Houston,2025,low_wind,houston_2025-07-17,2025-07-17,2025-07-18,2
p80_p30_min2_sep7,Houston,2025,low_wind,houston_2025-07-23,2025-07-23,2025-07-25,3
p80_p30_min2_sep7,Houston,2025,low_wind,houston_2025-07-28,2025-07-28,2025-08-13,17
p80_p30_min2_sep7,Houston,2025,low_wind,houston_2025-08-16,2025-08-16,2025-08-27,12
p80_p30_min2_sep7,Houston,2025,low_wind,houston_2025-08-29,2025-08-29,2025-09-03,6
p80_p30_min2_sep7,Houston,2025,low_wind,houston_2025-09-06,2025-09-06,2025-09-06,1
p80_p30_min2_sep7,Houston,2025,low_wind,houston_2025-09-09,2025-09-09,2025-09-10,2
p80_p30_min2_sep7,Houston,2025,low_wind,houston_2025-09-12,2025-09-12,2025-09-20,9
p80_p30_min2_sep7,Houston,2025,low_wind,houston_2025-09-24,2025-09-24,2025-10-02,9
p80_p30_min2_sep7,Houston,2025,low_wind,houston_2025-10-06,2025-10-06,2025-10-08,3
p80_p30_min2_sep7,Houston,2025,low_wind,houston_2025-10-11,2025-10-11,2025-10-15,5
p80_p30_min2_sep7,Houston,2025,low_wind,houston_2025-10-26,2025-10-26,2025-10-27,2
p80_p30_min2_sep7,Houston,2025,low_wind,houston_2025-10-31,2025-10-31,2025-10-31,1
p80_p30_min2_sep7,Houston,2019,pure_wind,houston_2019-04-02,2019-04-02,2019-04-02,1
p80_p30_min2_sep7,Houston,2019,pure_wind,houston_2019-04-05,2019-04-05,2019-04-05,1
p80_p30_min2_sep7,Houston,2019,pure_wind,houston_2019-04-20,2019-04-20,2019-04-20,1
p80_p30_min2_sep7,Houston,2019,pure_wind,houston_2019-04-26,2019-04-26,2019-04-26,1
p80_p30_min2_sep7,Houston,2019,pure_wind,houston_2019-05-11,2019-05-11,2019-05-11,1
p80_p30_min2_sep7,Houston,2019,pure_wind,houston_2019-05-30,2019-05-30,2019-06-03,5
p80_p30_min2_sep7,Houston,2019,pure_wind,houston_2019-06-12,2019-06-12,2019-06-13,2
p80_p30_min2_sep7,Houston,2019,pure_wind,houston_2019-06-17,2019-06-17,2019-06-18,2
p80_p30_min2_sep7,Houston,2019,pure_wind,houston_2019-06-27,2019-06-27,2019-07-01,5
p80_p30_min2_sep7,Houston,2019,pure_wind,houston_2019-07-22,2019-07-22,2019-07-22,1
p80_p30_min2_sep7,Houston,2019,pure_wind,houston_2019-07-31,2019-07-31,2019-08-01,2
p80_p30_min2_sep7,Houston,2019,pure_wind,houston_2019-08-04,2019-08-04,2019-08-05,2
p80_p30_min2_sep7,Houston,2019,pure_wind,houston_2019-08-20,2019-08-20,2019-08-21,2
p80_p30_min2_sep7,Houston,2019,pure_wind,houston_2019-08-23,2019-08-23,2019-08-25,3
p80_p30_min2_sep7,Houston,2019,pure_wind,houston_2019-08-28,2019-08-28,2019-08-29,2
p80_p30_min2_sep7,Houston,2019,pure_wind,houston_2019-08-31,2019-08-31,2019-08-31,1
p80_p30_min2_sep7,Houston,2019,pure_wind,houston_2019-09-10,2019-09-10,2019-09-10,1
p80_p30_min2_sep7,Houston,2019,pure_wind,houston_2019-09-23,2019-09-23,2019-09-23,1
p80_p30_min2_sep7,Houston,2019,pure_wind,houston_2019-09-26,2019-09-26,2019-09-26,1
p80_p30_min2_sep7,Houston,2019,pure_wind,houston_2019-10-03,2019-10-03,2019-10-06,4
p80_p30_min2_sep7,Houston,2019,pure_wind,houston_2019-10-13,2019-10-13,2019-10-14,2
p80_p30_min2_sep7,Houston,2019,pure_wind,houston_2019-10-18,2019-10-18,2019-10-18,1
p80_p30_min2_sep7,Houston,2020,pure_wind,houston_2020-04-30,2020-04-30,2020-04-30,1
p80_p30_min2_sep7,Houston,2020,pure_wind,houston_2020-05-05,2020-05-05,2020-05-05,1
p80_p30_min2_sep7,Houston,2020,pure_wind,houston_2020-05-18,2020-05-18,2020-05-18,1
p80_p30_min2_sep7,Houston,2020,pure_wind,houston_2020-05-27,2020-05-27,2020-05-28,2
p80_p30_min2_sep7,Houston,2020,pure_wind,houston_2020-05-31,2020-05-31,2020-06-01,2
p80_p30_min2_sep7,Houston,2020,pure_wind,houston_2020-06-03,2020-06-03,2020-06-05,3
p80_p30_min2_sep7,Houston,2020,pure_wind,houston_2020-06-16,2020-06-16,2020-06-16,1
p80_p30_min2_sep7,Houston,2020,pure_wind,houston_2020-07-17,2020-07-17,2020-07-17,1
p80_p30_min2_sep7,Houston,2020,pure_wind,houston_2020-07-19,2020-07-19,2020-07-19,1
p80_p30_min2_sep7,Houston,2020,pure_wind,houston_2020-07-22,2020-07-22,2020-07-22,1
p80_p30_min2_sep7,Houston,2020,pure_wind,houston_2020-07-27,2020-07-27,2020-07-28,2
p80_p30_min2_sep7,Houston,2020,pure_wind,houston_2020-08-01,2020-08-01,2020-08-02,2
p80_p30_min2_sep7,Houston,2020,pure_wind,houston_2020-08-06,2020-08-06,2020-08-06,1
p80_p30_min2_sep7,Houston,2020,pure_wind,houston_2020-08-08,2020-08-08,2020-08-08,1
p80_p30_min2_sep7,Houston,2020,pure_wind,houston_2020-08-17,2020-08-17,2020-08-17,1
p80_p30_min2_sep7,Houston,2020,pure_wind,houston_2020-08-22,2020-08-22,2020-08-22,1
p80_p30_min2_sep7,Houston,2020,pure_wind,houston_2020-09-07,2020-09-07,2020-09-07,1
p80_p30_min2_sep7,Houston,2020,pure_wind,houston_2020-09-10,2020-09-10,2020-09-10,1
p80_p30_min2_sep7,Houston,2020,pure_wind,houston_2020-09-25,2020-09-25,2020-09-26,2
p80_p30_min2_sep7,Houston,2020,pure_wind,houston_2020-09-30,2020-09-30,2020-10-01,2
p80_p30_min2_sep7,Houston,2020,pure_wind,houston_2020-10-04,2020-10-04,2020-10-07,4
p80_p30_min2_sep7,Houston,2020,pure_wind,houston_2020-10-13,2020-10-13,2020-10-13,1
p80_p30_min2_sep7,Houston,2020,pure_wind,houston_2020-10-31,2020-10-31,2020-10-31,1
p80_p30_min2_sep7,Houston,2021,pure_wind,houston_2021-04-20,2021-04-20,2021-04-20,1
p80_p30_min2_sep7,Houston,2021,pure_wind,houston_2021-05-29,2021-05-29,2021-05-29,1
p80_p30_min2_sep7,Houston,2021,pure_wind,houston_2021-06-01,2021-06-01,2021-06-05,5
p80_p30_min2_sep7,Houston,2021,pure_wind,houston_2021-06-18,2021-06-18,2021-06-19,2
p80_p30_min2_sep7,Houston,2021,pure_wind,houston_2021-06-22,2021-06-22,2021-06-22,1
p80_p30_min2_sep7,Houston,2021,pure_wind,houston_2021-06-30,2021-06-30,2021-07-05,6
p80_p30_min2_sep7,Houston,2021,pure_wind,houston_2021-07-07,2021-07-07,2021-07-07,1
p80_p30_min2_sep7,Houston,2021,pure_wind,houston_2021-07-12,2021-07-12,2021-07-14,3
p80_p30_min2_sep7,Houston,2021,pure_wind,houston_2021-07-18,2021-07-18,2021-07-22,5
p80_p30_min2_sep7,Houston,2021,pure_wind,houston_2021-07-27,2021-07-27,2021-07-28,2
p80_p30_min2_sep7,Houston,2021,pure_wind,houston_2021-08-01,2021-08-01,2021-08-06,6
p80_p30_min2_sep7,Houston,2021,pure_wind,houston_2021-08-11,2021-08-11,2021-08-17,7
p80_p30_min2_sep7,Houston,2021,pure_wind,houston_2021-08-22,2021-08-22,2021-08-22,1
p80_p30_min2_sep7,Houston,2021,pure_wind,houston_2021-08-25,2021-08-25,2021-08-28,4
p80_p30_min2_sep7,Houston,2021,pure_wind,houston_2021-09-01,2021-09-01,2021-09-04,4
p80_p30_min2_sep7,Houston,2021,pure_wind,houston_2021-09-06,2021-09-06,2021-09-09,4
p80_p30_min2_sep7,Houston,2021,pure_wind,houston_2021-09-17,2021-09-17,2021-09-19,3
p80_p30_min2_sep7,Houston,2021,pure_wind,houston_2021-09-23,2021-09-23,2021-09-25,3
p80_p30_min2_sep7,Houston,2021,pure_wind,houston_2021-09-27,2021-09-27,2021-09-27,1
p80_p30_min2_sep7,Houston,2021,pure_wind,houston_2021-10-01,2021-10-01,2021-10-03,3
p80_p30_min2_sep7,Houston,2021,pure_wind,houston_2021-10-05,2021-10-05,2021-10-08,4
p80_p30_min2_sep7,Houston,2021,pure_wind,houston_2021-10-11,2021-10-11,2021-10-11,1
p80_p30_min2_sep7,Houston,2021,pure_wind,houston_2021-10-17,2021-10-17,2021-10-18,2
p80_p30_min2_sep7,Houston,2021,pure_wind,houston_2021-10-20,2021-10-20,2021-10-22,3
p80_p30_min2_sep7,Houston,2021,pure_wind,houston_2021-10-25,2021-10-25,2021-10-25,1
p80_p30_min2_sep7,Houston,2021,pure_wind,houston_2021-10-31,2021-10-31,2021-10-31,1
p80_p30_min2_sep7,Houston,2022,pure_wind,houston_2022-04-02,2022-04-02,2022-04-02,1
p80_p30_min2_sep7,Houston,2022,pure_wind,houston_2022-05-06,2022-05-06,2022-05-06,1
p80_p30_min2_sep7,Houston,2022,pure_wind,houston_2022-06-02,2022-06-02,2022-06-02,1
p80_p30_min2_sep7,Houston,2022,pure_wind,houston_2022-06-04,2022-06-04,2022-06-04,1
p80_p30_min2_sep7,Houston,2022,pure_wind,houston_2022-06-17,2022-06-17,2022-06-17,1
p80_p30_min2_sep7,Houston,2022,pure_wind,houston_2022-07-01,2022-07-01,2022-07-01,1
p80_p30_min2_sep7,Houston,2022,pure_wind,houston_2022-07-14,2022-07-14,2022-07-15,2
p80_p30_min2_sep7,Houston,2022,pure_wind,houston_2022-08-05,2022-08-05,2022-08-06,2
p80_p30_min2_sep7,Houston,2022,pure_wind,houston_2022-08-08,2022-08-08,2022-08-09,2
p80_p30_min2_sep7,Houston,2022,pure_wind,houston_2022-08-12,2022-08-12,2022-08-12,1
p80_p30_min2_sep7,Houston,2022,pure_wind,houston_2022-08-19,2022-08-19,2022-08-19,1
p80_p30_min2_sep7,Houston,2022,pure_wind,houston_2022-08-24,2022-08-24,2022-08-26,3
p80_p30_min2_sep7,Houston,2022,pure_wind,houston_2022-08-30,2022-08-30,2022-09-13,15
p80_p30_min2_sep7,Houston,2022,pure_wind,houston_2022-09-16,2022-09-16,2022-09-16,1
p80_p30_min2_sep7,Houston,2022,pure_wind,houston_2022-09-18,2022-09-18,2022-09-21,4
p80_p30_min2_sep7,Houston,2022,pure_wind,houston_2022-09-24,2022-09-24,2022-09-24,1
p80_p30_min2_sep7,Houston,2022,pure_wind,houston_2022-10-01,2022-10-01,2022-10-07,7
p80_p30_min2_sep7,Houston,2022,pure_wind,houston_2022-10-13,2022-10-13,2022-10-13,1
p80_p30_min2_sep7,Houston,2022,pure_wind,houston_2022-10-16,2022-10-16,2022-10-16,1
p80_p30_min2_sep7,Houston,2022,pure_wind,houston_2022-10-26,2022-10-26,2022-10-26,1
p80_p30_min2_sep7,Houston,2022,pure_wind,houston_2022-10-31,2022-10-31,2022-10-31,1
p80_p30_min2_sep7,Houston,2023,pure_wind,houston_2023-04-01,2023-04-01,2023-04-01,1
p80_p30_min2_sep7,Houston,2023,pure_wind,houston_2023-04-13,2023-04-13,2023-04-13,1
p80_p30_min2_sep7,Houston,2023,pure_wind,houston_2023-05-01,2023-05-01,2023-05-02,2
p80_p30_min2_sep7,Houston,2023,pure_wind,houston_2023-05-15,2023-05-15,2023-05-19,5
p80_p30_min2_sep7,Houston,2023,pure_wind,houston_2023-05-22,2023-05-22,2023-05-24,3
p80_p30_min2_sep7,Houston,2023,pure_wind,houston_2023-05-26,2023-05-26,2023-05-31,6
p80_p30_min2_sep7,Houston,2023,pure_wind,houston_2023-06-02,2023-06-02,2023-06-08,7
p80_p30_min2_sep7,Houston,2023,pure_wind,houston_2023-07-06,2023-07-06,2023-07-06,1
p80_p30_min2_sep7,Houston,2023,pure_wind,houston_2023-09-14,2023-09-14,2023-09-18,5
p80_p30_min2_sep7,Houston,2023,pure_wind,houston_2023-09-26,2023-09-26,2023-09-26,1
p80_p30_min2_sep7,Houston,2023,pure_wind,houston_2023-09-28,2023-09-28,2023-09-28,1
p80_p30_min2_sep7,Houston,2023,pure_wind,houston_2023-10-08,2023-10-08,2023-10-10,3
p80_p30_min2_sep7,Houston,2023,pure_wind,houston_2023-10-13,2023-10-13,2023-10-13,1
p80_p30_min2_sep7,Houston,2023,pure_wind,houston_2023-10-17,2023-10-17,2023-10-17,1
p80_p30_min2_sep7,Houston,2023,pure_wind,houston_2023-10-19,2023-10-19,2023-10-20,2
p80_p30_min2_sep7,Houston,2024,pure_wind,houston_2024-04-19,2024-04-19,2024-04-19,1
p80_p30_min2_sep7,Houston,2024,pure_wind,houston_2024-05-13,2024-05-13,2024-05-13,1
p80_p30_min2_sep7,Houston,2024,pure_wind,houston_2024-05-15,2024-05-15,2024-05-15,1
p80_p30_min2_sep7,Houston,2024,pure_wind,houston_2024-05-18,2024-05-18,2024-05-19,2
p80_p30_min2_sep7,Houston,2024,pure_wind,houston_2024-06-01,2024-06-01,2024-06-01,1
p80_p30_min2_sep7,Houston,2024,pure_wind,houston_2024-06-09,2024-06-09,2024-06-15,7
p80_p30_min2_sep7,Houston,2024,pure_wind,houston_2024-06-23,2024-06-23,2024-06-23,1
p80_p30_min2_sep7,Houston,2024,pure_wind,houston_2024-07-03,2024-07-03,2024-07-03,1
p80_p30_min2_sep7,Houston,2024,pure_wind,houston_2024-07-06,2024-07-06,2024-07-06,1
p80_p30_min2_sep7,Houston,2024,pure_wind,houston_2024-07-11,2024-07-11,2024-07-14,4
p80_p30_min2_sep7,Houston,2024,pure_wind,houston_2024-07-17,2024-07-17,2024-07-24,8
p80_p30_min2_sep7,Houston,2024,pure_wind,houston_2024-07-26,2024-07-26,2024-07-28,3
p80_p30_min2_sep7,Houston,2024,pure_wind,houston_2024-08-26,2024-08-26,2024-08-29,4
p80_p30_min2_sep7,Houston,2024,pure_wind,houston_2024-09-13,2024-09-13,2024-09-13,1
p80_p30_min2_sep7,Houston,2024,pure_wind,houston_2024-09-15,2024-09-15,2024-09-17,3
p80_p30_min2_sep7,Houston,2024,pure_wind,houston_2024-09-21,2024-09-21,2024-09-25,5
p80_p30_min2_sep7,Houston,2024,pure_wind,houston_2024-09-27,2024-09-27,2024-09-27,1
p80_p30_min2_sep7,Houston,2024,pure_wind,houston_2024-09-29,2024-09-29,2024-10-01,3
p80_p30_min2_sep7,Houston,2024,pure_wind,houston_2024-10-10,2024-10-10,2024-10-11,2
p80_p30_min2_sep7,Houston,2024,pure_wind,houston_2024-10-22,2024-10-22,2024-10-23,2
p80_p30_min2_sep7,Houston,2024,pure_wind,houston_2024-10-26,2024-10-26,2024-10-27,2
p80_p30_min2_sep7,Houston,2024,pure_wind,houston_2024-10-31,2024-10-31,2024-10-31,1
p80_p30_min2_sep7,Houston,2025,pure_wind,houston_2025-04-08,2025-04-08,2025-04-08,1
p80_p30_min2_sep7,Houston,2025,pure_wind,houston_2025-04-21,2025-04-21,2025-04-21,1
p80_p30_min2_sep7,Houston,2025,pure_wind,houston_2025-05-08,2025-05-08,2025-05-08,1
p80_p30_min2_sep7,Houston,2025,pure_wind,houston_2025-05-28,2025-05-28,2025-06-01,5
p80_p30_min2_sep7,Houston,2025,pure_wind,houston_2025-06-24,2025-06-24,2025-06-24,1
p80_p30_min2_sep7,Houston,2025,pure_wind,houston_2025-06-26,2025-06-26,2025-06-27,2
p80_p30_min2_sep7,Houston,2025,pure_wind,houston_2025-06-30,2025-06-30,2025-07-03,4
p80_p30_min2_sep7,Houston,2025,pure_wind,houston_2025-07-07,2025-07-07,2025-07-09,3
p80_p30_min2_sep7,Houston,2025,pure_wind,houston_2025-07-17,2025-07-17,2025-07-18,2
p80_p30_min2_sep7,Houston,2025,pure_wind,houston_2025-07-25,2025-07-25,2025-07-25,1
p80_p30_min2_sep7,Houston,2025,pure_wind,houston_2025-07-31,2025-07-31,2025-07-31,1
p80_p30_min2_sep7,Houston,2025,pure_wind,houston_2025-08-02,2025-08-02,2025-08-02,1
p80_p30_min2_sep7,Houston,2025,pure_wind,houston_2025-08-04,2025-08-04,2025-08-07,4
p80_p30_min2_sep7,Houston,2025,pure_wind,houston_2025-08-09,2025-08-09,2025-08-13,5
p80_p30_min2_sep7,Houston,2025,pure_wind,houston_2025-08-16,2025-08-16,2025-08-16,1
p80_p30_min2_sep7,Houston,2025,pure_wind,houston_2025-08-19,2025-08-19,2025-08-19,1
p80_p30_min2_sep7,Houston,2025,pure_wind,houston_2025-08-21,2025-08-21,2025-08-23,3
p80_p30_min2_sep7,Houston,2025,pure_wind,houston_2025-08-25,2025-08-25,2025-08-27,3
p80_p30_min2_sep7,Houston,2025,pure_wind,houston_2025-08-29,2025-08-29,2025-09-02,5
p80_p30_min2_sep7,Houston,2025,pure_wind,houston_2025-09-06,2025-09-06,2025-09-06,1
p80_p30_min2_sep7,Houston,2025,pure_wind,houston_2025-09-09,2025-09-09,2025-09-10,2
p80_p30_min2_sep7,Houston,2025,pure_wind,houston_2025-09-12,2025-09-12,2025-09-20,9
p80_p30_min2_sep7,Houston,2025,pure_wind,houston_2025-09-24,2025-09-24,2025-10-02,9
p80_p30_min2_sep7,Houston,2025,pure_wind,houston_2025-10-06,2025-10-06,2025-10-08,3
p80_p30_min2_sep7,Houston,2025,pure_wind,houston_2025-10-11,2025-10-11,2025-10-15,5
p80_p30_min2_sep7,Houston,2025,pure_wind,houston_2025-10-26,2025-10-26,2025-10-27,2
p80_p30_min2_sep7,Houston,2025,pure_wind,houston_2025-10-31,2025-10-31,2025-10-31,1
p80_p30_min2_sep7,Los Angeles,2019,low_wind,los_angeles_2019-04-03,2019-04-03,2019-04-03,1
p80_p30_min2_sep7,Los Angeles,2019,low_wind,los_angeles_2019-04-06,2019-04-06,2019-04-08,3
p80_p30_min2_sep7,Los Angeles,2019,low_wind,los_angeles_2019-04-17,2019-04-17,2019-04-17,1
p80_p30_min2_sep7,Los Angeles,2019,low_wind,los_angeles_2019-04-24,2019-04-24,2019-04-25,2
p80_p30_min2_sep7,Los Angeles,2019,low_wind,los_angeles_2019-05-08,2019-05-08,2019-05-10,3
p80_p30_min2_sep7,Los Angeles,2019,low_wind,los_angeles_2019-05-27,2019-05-27,2019-05-27,1
p80_p30_min2_sep7,Los Angeles,2019,low_wind,los_angeles_2019-06-09,2019-06-09,2019-06-10,2
p80_p30_min2_sep7,Los Angeles,2019,low_wind,los_angeles_2019-06-29,2019-06-29,2019-06-29,1
p80_p30_min2_sep7,Los Angeles,2019,low_wind,los_angeles_2019-07-15,2019-07-15,2019-07-15,1
p80_p30_min2_sep7,Los Angeles,2019,low_wind,los_angeles_2019-07-21,2019-07-21,2019-07-22,2
p80_p30_min2_sep7,Los Angeles,2019,low_wind,los_angeles_2019-08-02,2019-08-02,2019-08-03,2
p80_p30_min2_sep7,Los Angeles,2019,low_wind,los_angeles_2019-08-13,2019-08-13,2019-08-15,3
p80_p30_min2_sep7,Los Angeles,2019,low_wind,los_angeles_2019-08-19,2019-08-19,2019-08-21,3
p80_p30_min2_sep7,Los Angeles,2019,low_wind,los_angeles_2019-08-24,2019-08-24,2019-08-26,3
p80_p30_min2_sep7,Los Angeles,2019,low_wind,los_angeles_2019-08-31,2019-08-31,2019-09-05,6
p80_p30_min2_sep7,Los Angeles,2019,low_wind,los_angeles_2019-09-11,2019-09-11,2019-09-15,5
p80_p30_min2_sep7,Los Angeles,2019,low_wind,los_angeles_2019-09-17,2019-09-17,2019-09-17,1
p80_p30_min2_sep7,Los Angeles,2019,low_wind,los_angeles_2019-09-20,2019-09-20,2019-09-24,5
p80_p30_min2_sep7,Los Angeles,2019,low_wind,los_angeles_2019-09-29,2019-09-29,2019-09-29,1
p80_p30_min2_sep7,Los Angeles,2019,low_wind,los_angeles_2019-10-02,2019-10-02,2019-10-10,9
p80_p30_min2_sep7,Los Angeles,2019,low_wind,los_angeles_2019-10-13,2019-10-13,2019-10-16,4
p80_p30_min2_sep7,Los Angeles,2019,low_wind,los_angeles_2019-10-18,2019-10-18,2019-10-20,3
p80_p30_min2_sep7,Los Angeles,2019,low_wind,los_angeles_2019-10-23,2019-10-23,2019-10-23,1
p80_p30_min2_sep7,Los Angeles,2019,low_wind,los_angeles_2019-10-25,2019-10-25,2019-10-25,1
p80_p30_min2_sep7,Los Angeles,2019,low_wind,los_angeles_2019-10-28,2019-10-28,2019-10-28,1
p80_p30_min2_sep7,Los Angeles,2020,low_wind,los_angeles_2020-04-03,2020-04-03,2020-04-03,1
p80_p30_min2_sep7,Los Angeles,2020,low_wind,los_angeles_2020-04-07,2020-04-07,2020-04-07,1
p80_p30_min2_sep7,Los Angeles,2020,low_wind,los_angeles_2020-04-14,2020-04-14,2020-04-14,1
p80_p30_min2_sep7,Los Angeles,2020,low_wind,los_angeles_2020-04-19,2020-04-19,2020-04-29,11
p80_p30_min2_sep7,Los Angeles,2020,low_wind,los_angeles_2020-05-04,2020-05-04,2020-05-04,1
p80_p30_min2_sep7,Los Angeles,2020,low_wind,los_angeles_2020-05-06,2020-05-06,2020-05-06,1
p80_p30_min2_sep7,Los Angeles,2020,low_wind,los_angeles_2020-06-02,2020-06-02,2020-06-02,1
p80_p30_min2_sep7,Los Angeles,2020,low_wind,los_angeles_2020-07-03,2020-07-03,2020-07-03,1
p80_p30_min2_sep7,Los Angeles,2020,low_wind,los_angeles_2020-07-10,2020-07-10,2020-07-10,1
p80_p30_min2_sep7,Los Angeles,2020,low_wind,los_angeles_2020-07-26,2020-07-26,2020-07-26,1
p80_p30_min2_sep7,Los Angeles,2020,low_wind,los_angeles_2020-07-30,2020-07-30,2020-08-01,3
p80_p30_min2_sep7,Los Angeles,2020,low_wind,los_angeles_2020-08-08,2020-08-08,2020-08-08,1
p80_p30_min2_sep7,Los Angeles,2020,low_wind,los_angeles_2020-08-11,2020-08-11,2020-08-14,4
p80_p30_min2_sep7,Los Angeles,2020,low_wind,los_angeles_2020-08-21,2020-08-21,2020-08-21,1
p80_p30_min2_sep7,Los Angeles,2020,low_wind,los_angeles_2020-08-26,2020-08-26,2020-08-28,3
p80_p30_min2_sep7,Los Angeles,2020,low_wind,los_angeles_2020-09-04,2020-09-04,2020-09-05,2
p80_p30_min2_sep7,Los Angeles,2020,low_wind,los_angeles_2020-09-09,2020-09-09,2020-09-29,21
p80_p30_min2_sep7,Los Angeles,2020,low_wind,los_angeles_2020-10-02,2020-10-02,2020-10-24,23
p80_p30_min2_sep7,Los Angeles,2020,low_wind,los_angeles_2020-10-27,2020-10-27,2020-10-31,5
p80_p30_min2_sep7,Los Angeles,2021,low_wind,los_angeles_2021-04-03,2021-04-03,2021-04-03,1
p80_p30_min2_sep7,Los Angeles,2021,low_wind,los_angeles_2021-06-14,2021-06-14,2021-06-14,1
p80_p30_min2_sep7,Los Angeles,2021,low_wind,los_angeles_2021-07-26,2021-07-26,2021-07-26,1
p80_p30_min2_sep7,Los Angeles,2021,low_wind,los_angeles_2021-08-24,2021-08-24,2021-08-29,6
p80_p30_min2_sep7,Los Angeles,2021,low_wind,los_angeles_2021-09-03,2021-09-03,2021-09-04,2
p80_p30_min2_sep7,Los Angeles,2021,low_wind,los_angeles_2021-09-09,2021-09-09,2021-09-15,7
p80_p30_min2_sep7,Los Angeles,2021,low_wind,los_angeles_2021-09-18,2021-09-18,2021-09-21,4
p80_p30_min2_sep7,Los Angeles,2021,low_wind,los_angeles_2021-09-23,2021-09-23,2021-09-24,2
p80_p30_min2_sep7,Los Angeles,2021,low_wind,los_angeles_2021-09-26,2021-09-26,2021-09-26,1
p80_p30_min2_sep7,Los Angeles,2021,low_wind,los_angeles_2021-09-29,2021-09-29,2021-09-30,2
p80_p30_min2_sep7,Los Angeles,2021,low_wind,los_angeles_2021-10-02,2021-10-02,2021-10-02,1
p80_p30_min2_sep7,Los Angeles,2021,low_wind,los_angeles_2021-10-04,2021-10-04,2021-10-04,1
p80_p30_min2_sep7,Los Angeles,2021,low_wind,los_angeles_2021-10-06,2021-10-06,2021-10-06,1
p80_p30_min2_sep7,Los Angeles,2021,low_wind,los_angeles_2021-10-09,2021-10-09,2021-10-10,2
p80_p30_min2_sep7,Los Angeles,2021,low_wind,los_angeles_2021-10-14,2021-10-14,2021-10-14,1
p80_p30_min2_sep7,Los Angeles,2021,low_wind,los_angeles_2021-10-19,2021-10-19,2021-10-24,6
p80_p30_min2_sep7,Los Angeles,2021,low_wind,los_angeles_2021-10-26,2021-10-26,2021-10-31,6
p80_p30_min2_sep7,Los Angeles,2022,low_wind,los_angeles_2022-04-01,2022-04-01,2022-04-06,6
p80_p30_min2_sep7,Los Angeles,2022,low_wind,los_angeles_2022-05-13,2022-05-13,2022-05-14,2
p80_p30_min2_sep7,Los Angeles,2022,low_wind,los_angeles_2022-06-20,2022-06-20,2022-06-20,1
p80_p30_min2_sep7,Los Angeles,2022,low_wind,los_angeles_2022-06-22,2022-06-22,2022-06-22,1
p80_p30_min2_sep7,Los Angeles,2022,low_wind,los_angeles_2022-06-27,2022-06-27,2022-06-27,1
p80_p30_min2_sep7,Los Angeles,2022,low_wind,los_angeles_2022-07-09,2022-07-09,2022-07-09,1
p80_p30_min2_sep7,Los Angeles,2022,low_wind,los_angeles_2022-07-30,2022-07-30,2022-07-31,2
p80_p30_min2_sep7,Los Angeles,2022,low_wind,los_angeles_2022-08-07,2022-08-07,2022-08-07,1
p80_p30_min2_sep7,Los Angeles,2022,low_wind,los_angeles_2022-08-09,2022-08-09,2022-08-09,1
p80_p30_min2_sep7,Los Angeles,2022,low_wind,los_angeles_2022-08-13,2022-08-13,2022-08-16,4
p80_p30_min2_sep7,Los Angeles,2022,low_wind,los_angeles_2022-08-30,2022-08-30,2022-08-30,1
p80_p30_min2_sep7,Los Angeles,2022,low_wind,los_angeles_2022-09-01,2022-09-01,2022-09-01,1
p80_p30_min2_sep7,Los Angeles,2022,low_wind,los_angeles_2022-09-03,2022-09-03,2022-09-03,1
p80_p30_min2_sep7,Los Angeles,2022,low_wind,los_angeles_2022-09-05,2022-09-05,2022-09-07,3
p80_p30_min2_sep7,Los Angeles,2022,low_wind,los_angeles_2022-09-10,2022-09-10,2022-09-13,4
p80_p30_min2_sep7,Los Angeles,2022,low_wind,los_angeles_2022-09-22,2022-09-22,2022-09-29,8
p80_p30_min2_sep7,Los Angeles,2022,low_wind,los_angeles_2022-10-02,2022-10-02,2022-10-18,17
p80_p30_min2_sep7,Los Angeles,2022,low_wind,los_angeles_2022-10-21,2022-10-21,2022-10-21,1
p80_p30_min2_sep7,Los Angeles,2022,low_wind,los_angeles_2022-10-23,2022-10-23,2022-10-23,1
p80_p30_min2_sep7,Los Angeles,2022,low_wind,los_angeles_2022-10-25,2022-10-25,2022-10-31,7
p80_p30_min2_sep7,Los Angeles,2023,low_wind,los_angeles_2023-04-01,2023-04-01,2023-04-01,1
p80_p30_min2_sep7,Los Angeles,2023,low_wind,los_angeles_2023-04-07,2023-04-07,2023-04-11,5
p80_p30_min2_sep7,Los Angeles,2023,low_wind,los_angeles_2023-04-14,2023-04-14,2023-04-16,3
p80_p30_min2_sep7,Los Angeles,2023,low_wind,los_angeles_2023-04-19,2023-04-19,2023-04-20,2
p80_p30_min2_sep7,Los Angeles,2023,low_wind,los_angeles_2023-04-26,2023-04-26,2023-04-28,3
p80_p30_min2_sep7,Los Angeles,2023,low_wind,los_angeles_2023-05-05,2023-05-05,2023-05-05,1
p80_p30_min2_sep7,Los Angeles,2023,low_wind,los_angeles_2023-05-07,2023-05-07,2023-05-07,1
p80_p30_min2_sep7,Los Angeles,2023,low_wind,los_angeles_2023-05-10,2023-05-10,2023-05-11,2
p80_p30_min2_sep7,Los Angeles,2023,low_wind,los_angeles_2023-05-16,2023-05-16,2023-05-16,1
p80_p30_min2_sep7,Los Angeles,2023,low_wind,los_angeles_2023-06-01,2023-06-01,2023-06-01,1
p80_p30_min2_sep7,Los Angeles,2023,low_wind,los_angeles_2023-06-07,2023-06-07,2023-06-07,1
p80_p30_min2_sep7,Los Angeles,2023,low_wind,los_angeles_2023-06-20,2023-06-20,2023-06-20,1
p80_p30_min2_sep7,Los Angeles,2023,low_wind,los_angeles_2023-07-11,2023-07-11,2023-07-12,2
p80_p30_min2_sep7,Los Angeles,2023,low_wind,los_angeles_2023-07-20,2023-07-20,2023-07-20,1
p80_p30_min2_sep7,Los Angeles,2023,low_wind,los_angeles_2023-07-23,2023-07-23,2023-07-25,3
p80_p30_min2_sep7,Los Angeles,2023,low_wind,los_angeles_2023-08-01,2023-08-01,2023-08-01,1
p80_p30_min2_sep7,Los Angeles,2023,low_wind,los_angeles_2023-08-05,2023-08-05,2023-08-07,3
p80_p30_min2_sep7,Los Angeles,2023,low_wind,los_angeles_2023-08-09,2023-08-09,2023-08-09,1
p80_p30_min2_sep7,Los Angeles,2023,low_wind,los_angeles_2023-08-18,2023-08-18,2023-08-19,2
p80_p30_min2_sep7,Los Angeles,2023,low_wind,los_angeles_2023-08-22,2023-08-22,2023-08-31,10
p80_p30_min2_sep7,Los Angeles,2023,low_wind,los_angeles_2023-09-04,2023-09-04,2023-09-09,6
p80_p30_min2_sep7,Los Angeles,2023,low_wind,los_angeles_2023-09-11,2023-09-11,2023-09-11,1
p80_p30_min2_sep7,Los Angeles,2023,low_wind,los_angeles_2023-09-18,2023-09-18,2023-09-19,2
p80_p30_min2_sep7,Los Angeles,2023,low_wind,los_angeles_2023-09-22,2023-09-22,2023-09-29,8
p80_p30_min2_sep7,Los Angeles,2023,low_wind,los_angeles_2023-10-01,2023-10-01,2023-10-01,1
p80_p30_min2_sep7,Los Angeles,2023,low_wind,los_angeles_2023-10-03,2023-10-03,2023-10-09,7
p80_p30_min2_sep7,Los Angeles,2023,low_wind,los_angeles_2023-10-11,2023-10-11,2023-10-21,11
p80_p30_min2_sep7,Los Angeles,2023,low_wind,los_angeles_2023-10-23,2023-10-23,2023-10-24,2
p80_p30_min2_sep7,Los Angeles,2023,low_wind,los_angeles_2023-10-26,2023-10-26,2023-10-28,3
p80_p30_min2_sep7,Los Angeles,2024,low_wind,los_angeles_2024-04-01,2024-04-01,2024-04-03,3
p80_p30_min2_sep7,Los Angeles,2024,low_wind,los_angeles_2024-04-06,2024-04-06,2024-04-07,2
p80_p30_min2_sep7,Los Angeles,2024,low_wind,los_angeles_2024-04-10,2024-04-10,2024-04-11,2
p80_p30_min2_sep7,Los Angeles,2024,low_wind,los_angeles_2024-04-15,2024-04-15,2024-04-21,7
p80_p30_min2_sep7,Los Angeles,2024,low_wind,los_angeles_2024-04-27,2024-04-27,2024-04-29,3
p80_p30_min2_sep7,Los Angeles,2024,low_wind,los_angeles_2024-06-22,2024-06-22,2024-06-22,1
p80_p30_min2_sep7,Los Angeles,2024,low_wind,los_angeles_2024-06-29,2024-06-29,2024-06-30,2
p80_p30_min2_sep7,Los Angeles,2024,low_wind,los_angeles_2024-07-02,2024-07-02,2024-07-02,1
p80_p30_min2_sep7,Los Angeles,2024,low_wind,los_angeles_2024-07-09,2024-07-09,2024-07-09,1
p80_p30_min2_sep7,Los Angeles,2024,low_wind,los_angeles_2024-07-20,2024-07-20,2024-07-20,1
p80_p30_min2_sep7,Los Angeles,2024,low_wind,los_angeles_2024-07-29,2024-07-29,2024-08-03,6
p80_p30_min2_sep7,Los Angeles,2024,low_wind,los_angeles_2024-08-08,2024-08-08,2024-08-08,1
p80_p30_min2_sep7,Los Angeles,2024,low_wind,los_angeles_2024-08-11,2024-08-11,2024-08-12,2
p80_p30_min2_sep7,Los Angeles,2024,low_wind,los_angeles_2024-08-15,2024-08-15,2024-08-15,1
p80_p30_min2_sep7,Los Angeles,2024,low_wind,los_angeles_2024-08-18,2024-08-18,2024-08-20,3
p80_p30_min2_sep7,Los Angeles,2024,low_wind,los_angeles_2024-08-26,2024-08-26,2024-08-27,2
p80_p30_min2_sep7,Los Angeles,2024,low_wind,los_angeles_2024-08-30,2024-08-30,2024-08-31,2
p80_p30_min2_sep7,Los Angeles,2024,low_wind,los_angeles_2024-09-02,2024-09-02,2024-09-03,2
p80_p30_min2_sep7,Los Angeles,2024,low_wind,los_angeles_2024-09-05,2024-09-05,2024-09-05,1
p80_p30_min2_sep7,Los Angeles,2024,low_wind,los_angeles_2024-09-07,2024-09-07,2024-09-08,2
p80_p30_min2_sep7,Los Angeles,2024,low_wind,los_angeles_2024-09-10,2024-09-10,2024-09-10,1
p80_p30_min2_sep7,Los Angeles,2024,low_wind,los_angeles_2024-09-20,2024-09-20,2024-10-18,29
p80_p30_min2_sep7,Los Angeles,2024,low_wind,los_angeles_2024-10-20,2024-10-20,2024-10-27,8
p80_p30_min2_sep7,Los Angeles,2024,low_wind,los_angeles_2024-10-29,2024-10-29,2024-10-31,3
p80_p30_min2_sep7,Los Angeles,2025,low_wind,los_angeles_2025-04-07,2025-04-07,2025-04-11,5
p80_p30_min2_sep7,Los Angeles,2025,low_wind,los_angeles_2025-04-13,2025-04-13,2025-04-13,1
p80_p30_min2_sep7,Los Angeles,2025,low_wind,los_angeles_2025-04-17,2025-04-17,2025-04-18,2
p80_p30_min2_sep7,Los Angeles,2025,low_wind,los_angeles_2025-04-28,2025-04-28,2025-04-28,1
p80_p30_min2_sep7,Los Angeles,2025,low_wind,los_angeles_2025-05-06,2025-05-06,2025-05-06,1
p80_p30_min2_sep7,Los Angeles,2025,low_wind,los_angeles_2025-05-08,2025-05-08,2025-05-08,1
p80_p30_min2_sep7,Los Angeles,2025,low_wind,los_angeles_2025-05-10,2025-05-10,2025-05-10,1
p80_p30_min2_sep7,Los Angeles,2025,low_wind,los_angeles_2025-05-20,2025-05-20,2025-05-20,1
p80_p30_min2_sep7,Los Angeles,2025,low_wind,los_angeles_2025-05-30,2025-05-30,2025-05-31,2
p80_p30_min2_sep7,Los Angeles,2025,low_wind,los_angeles_2025-06-28,2025-06-28,2025-06-29,2
p80_p30_min2_sep7,Los Angeles,2025,low_wind,los_angeles_2025-08-02,2025-08-02,2025-08-02,1
p80_p30_min2_sep7,Los Angeles,2025,low_wind,los_angeles_2025-08-05,2025-08-05,2025-08-07,3
p80_p30_min2_sep7,Los Angeles,2025,low_wind,los_angeles_2025-08-19,2025-08-19,2025-08-22,4
p80_p30_min2_sep7,Los Angeles,2025,low_wind,los_angeles_2025-08-25,2025-08-25,2025-08-28,4
p80_p30_min2_sep7,Los Angeles,2025,low_wind,los_angeles_2025-08-30,2025-08-30,2025-08-31,2
p80_p30_min2_sep7,Los Angeles,2025,low_wind,los_angeles_2025-09-05,2025-09-05,2025-09-08,4
p80_p30_min2_sep7,Los Angeles,2025,low_wind,los_angeles_2025-09-15,2025-09-15,2025-09-16,2
p80_p30_min2_sep7,Los Angeles,2025,low_wind,los_angeles_2025-09-18,2025-09-18,2025-09-23,6
p80_p30_min2_sep7,Los Angeles,2025,low_wind,los_angeles_2025-09-27,2025-09-27,2025-09-28,2
p80_p30_min2_sep7,Los Angeles,2025,low_wind,los_angeles_2025-09-30,2025-09-30,2025-10-02,3
p80_p30_min2_sep7,Los Angeles,2025,low_wind,los_angeles_2025-10-04,2025-10-04,2025-10-12,9
p80_p30_min2_sep7,Los Angeles,2025,low_wind,los_angeles_2025-10-15,2025-10-15,2025-10-21,7
p80_p30_min2_sep7,Los Angeles,2025,low_wind,los_angeles_2025-10-23,2025-10-23,2025-10-31,9
p80_p30_min2_sep7,Los Angeles,2019,pure_wind,los_angeles_2019-04-03,2019-04-03,2019-04-03,1
p80_p30_min2_sep7,Los Angeles,2019,pure_wind,los_angeles_2019-04-06,2019-04-06,2019-04-08,3
p80_p30_min2_sep7,Los Angeles,2019,pure_wind,los_angeles_2019-04-17,2019-04-17,2019-04-17,1
p80_p30_min2_sep7,Los Angeles,2019,pure_wind,los_angeles_2019-04-24,2019-04-24,2019-04-25,2
p80_p30_min2_sep7,Los Angeles,2019,pure_wind,los_angeles_2019-05-08,2019-05-08,2019-05-10,3
p80_p30_min2_sep7,Los Angeles,2019,pure_wind,los_angeles_2019-05-27,2019-05-27,2019-05-27,1
p80_p30_min2_sep7,Los Angeles,2019,pure_wind,los_angeles_2019-06-29,2019-06-29,2019-06-29,1
p80_p30_min2_sep7,Los Angeles,2019,pure_wind,los_angeles_2019-07-21,2019-07-21,2019-07-21,1
p80_p30_min2_sep7,Los Angeles,2019,pure_wind,los_angeles_2019-08-02,2019-08-02,2019-08-03,2
p80_p30_min2_sep7,Los Angeles,2019,pure_wind,los_angeles_2019-08-13,2019-08-13,2019-08-13,1
p80_p30_min2_sep7,Los Angeles,2019,pure_wind,los_angeles_2019-08-15,2019-08-15,2019-08-15,1
p80_p30_min2_sep7,Los Angeles,2019,pure_wind,los_angeles_2019-08-19,2019-08-19,2019-08-20,2
p80_p30_min2_sep7,Los Angeles,2019,pure_wind,los_angeles_2019-08-24,2019-08-24,2019-08-24,1
p80_p30_min2_sep7,Los Angeles,2019,pure_wind,los_angeles_2019-09-11,2019-09-11,2019-09-11,1
p80_p30_min2_sep7,Los Angeles,2019,pure_wind,los_angeles_2019-09-15,2019-09-15,2019-09-15,1
p80_p30_min2_sep7,Los Angeles,2019,pure_wind,los_angeles_2019-09-17,2019-09-17,2019-09-17,1
p80_p30_min2_sep7,Los Angeles,2019,pure_wind,los_angeles_2019-09-20,2019-09-20,2019-09-21,2
p80_p30_min2_sep7,Los Angeles,2019,pure_wind,los_angeles_2019-09-23,2019-09-23,2019-09-23,1
p80_p30_min2_sep7,Los Angeles,2019,pure_wind,los_angeles_2019-09-29,2019-09-29,2019-09-29,1
p80_p30_min2_sep7,Los Angeles,2019,pure_wind,los_angeles_2019-10-02,2019-10-02,2019-10-10,9
p80_p30_min2_sep7,Los Angeles,2019,pure_wind,los_angeles_2019-10-13,2019-10-13,2019-10-16,4
p80_p30_min2_sep7,Los Angeles,2019,pure_wind,los_angeles_2019-10-18,2019-10-18,2019-10-20,3
p80_p30_min2_sep7,Los Angeles,2019,pure_wind,los_angeles_2019-10-28,2019-10-28,2019-10-28,1
p80_p30_min2_sep7,Los Angeles,2020,pure_wind,los_angeles_2020-04-03,2020-04-03,2020-04-03,1
p80_p30_min2_sep7,Los Angeles,2020,pure_wind,los_angeles_2020-04-07,2020-04-07,2020-04-07,1
p80_p30_min2_sep7,Los Angeles,2020,pure_wind,los_angeles_2020-04-14,2020-04-14,2020-04-14,1
p80_p30_min2_sep7,Los Angeles,2020,pure_wind,los_angeles_2020-04-19,2020-04-19,2020-04-23,5
p80_p30_min2_sep7,Los Angeles,2020,pure_wind,los_angeles_2020-04-25,2020-04-25,2020-04-29,5
p80_p30_min2_sep7,Los Angeles,2020,pure_wind,los_angeles_2020-05-04,2020-05-04,2020-05-04,1
p80_p30_min2_sep7,Los Angeles,2020,pure_wind,los_angeles_2020-06-02,2020-06-02,2020-06-02,1
p80_p30_min2_sep7,Los Angeles,2020,pure_wind,los_angeles_2020-07-03,2020-07-03,2020-07-03,1
p80_p30_min2_sep7,Los Angeles,2020,pure_wind,los_angeles_2020-07-26,2020-07-26,2020-07-26,1
p80_p30_min2_sep7,Los Angeles,2020,pure_wind,los_angeles_2020-08-08,2020-08-08,2020-08-08,1
p80_p30_min2_sep7,Los Angeles,2020,pure_wind,los_angeles_2020-08-11,2020-08-11,2020-08-11,1
p80_p30_min2_sep7,Los Angeles,2020,pure_wind,los_angeles_2020-09-10,2020-09-10,2020-09-13,4
p80_p30_min2_sep7,Los Angeles,2020,pure_wind,los_angeles_2020-09-20,2020-09-20,2020-09-27,8
p80_p30_min2_sep7,Los Angeles,2020,pure_wind,los_angeles_2020-10-07,2020-10-07,2020-10-11,5
p80_p30_min2_sep7,Los Angeles,2020,pure_wind,los_angeles_2020-10-17,2020-10-17,2020-10-24,8
p80_p30_min2_sep7,Los Angeles,2020,pure_wind,los_angeles_2020-10-27,2020-10-27,2020-10-31,5
p80_p30_min2_sep7,Los Angeles,2021,pure_wind,los_angeles_2021-04-03,2021-04-03,2021-04-03,1
p80_p30_min2_sep7,Los Angeles,2021,pure_wind,los_angeles_2021-07-26,2021-07-26,2021-07-26,1
p80_p30_min2_sep7,Los Angeles,2021,pure_wind,los_angeles_2021-08-24,2021-08-24,2021-08-25,2
p80_p30_min2_sep7,Los Angeles,2021,pure_wind,los_angeles_2021-09-03,2021-09-03,2021-09-03,1
p80_p30_min2_sep7,Los Angeles,2021,pure_wind,los_angeles_2021-09-14,2021-09-14,2021-09-15,2
p80_p30_min2_sep7,Los Angeles,2021,pure_wind,los_angeles_2021-09-18,2021-09-18,2021-09-20,3
p80_p30_min2_sep7,Los Angeles,2021,pure_wind,los_angeles_2021-09-23,2021-09-23,2021-09-24,2
p80_p30_min2_sep7,Los Angeles,2021,pure_wind,los_angeles_2021-09-26,2021-09-26,2021-09-26,1
p80_p30_min2_sep7,Los Angeles,2021,pure_wind,los_angeles_2021-09-29,2021-09-29,2021-09-29,1
p80_p30_min2_sep7,Los Angeles,2021,pure_wind,los_angeles_2021-10-04,2021-10-04,2021-10-04,1
p80_p30_min2_sep7,Los Angeles,2021,pure_wind,los_angeles_2021-10-06,2021-10-06,2021-10-06,1
p80_p30_min2_sep7,Los Angeles,2021,pure_wind,los_angeles_2021-10-09,2021-10-09,2021-10-10,2
p80_p30_min2_sep7,Los Angeles,2021,pure_wind,los_angeles_2021-10-14,2021-10-14,2021-10-14,1
p80_p30_min2_sep7,Los Angeles,2021,pure_wind,los_angeles_2021-10-19,2021-10-19,2021-10-24,6
p80_p30_min2_sep7,Los Angeles,2021,pure_wind,los_angeles_2021-10-26,2021-10-26,2021-10-27,2
p80_p30_min2_sep7,Los Angeles,2021,pure_wind,los_angeles_2021-10-29,2021-10-29,2021-10-31,3
p80_p30_min2_sep7,Los Angeles,2022,pure_wind,los_angeles_2022-04-01,2022-04-01,2022-04-05,5
p80_p30_min2_sep7,Los Angeles,2022,pure_wind,los_angeles_2022-06-22,2022-06-22,2022-06-22,1
p80_p30_min2_sep7,Los Angeles,2022,pure_wind,los_angeles_2022-07-09,2022-07-09,2022-07-09,1
p80_p30_min2_sep7,Los Angeles,2022,pure_wind,los_angeles_2022-07-30,2022-07-30,2022-07-30,1
p80_p30_min2_sep7,Los Angeles,2022,pure_wind,los_angeles_2022-09-10,2022-09-10,2022-09-13,4
p80_p30_min2_sep7,Los Angeles,2022,pure_wind,los_angeles_2022-09-22,2022-09-22,2022-09-22,1
p80_p30_min2_sep7,Los Angeles,2022,pure_wind,los_angeles_2022-09-29,2022-09-29,2022-09-29,1
p80_p30_min2_sep7,Los Angeles,2022,pure_wind,los_angeles_2022-10-02,2022-10-02,2022-10-17,16
p80_p30_min2_sep7,Los Angeles,2022,pure_wind,los_angeles_2022-10-21,2022-10-21,2022-10-21,1
p80_p30_min2_sep7,Los Angeles,2022,pure_wind,los_angeles_2022-10-23,2022-10-23,2022-10-23,1
p80_p30_min2_sep7,Los Angeles,2022,pure_wind,los_angeles_2022-10-25,2022-10-25,2022-10-31,7
p80_p30_min2_sep7,Los Angeles,2023,pure_wind,los_angeles_2023-04-01,2023-04-01,2023-04-01,1
p80_p30_min2_sep7,Los Angeles,2023,pure_wind,los_angeles_2023-04-07,2023-04-07,2023-04-11,5
p80_p30_min2_sep7,Los Angeles,2023,pure_wind,los_angeles_2023-04-14,2023-04-14,2023-04-16,3
p80_p30_min2_sep7,Los Angeles,2023,pure_wind,los_angeles_2023-04-19,2023-04-19,2023-04-20,2
p80_p30_min2_sep7,Los Angeles,2023,pure_wind,los_angeles_2023-04-26,2023-04-26,2023-04-28,3
p80_p30_min2_sep7,Los Angeles,2023,pure_wind,los_angeles_2023-05-05,2023-05-05,2023-05-05,1
p80_p30_min2_sep7,Los Angeles,2023,pure_wind,los_angeles_2023-05-07,2023-05-07,2023-05-07,1
p80_p30_min2_sep7,Los Angeles,2023,pure_wind,los_angeles_2023-05-10,2023-05-10,2023-05-11,2
p80_p30_min2_sep7,Los Angeles,2023,pure_wind,los_angeles_2023-05-16,2023-05-16,2023-05-16,1
p80_p30_min2_sep7,Los Angeles,2023,pure_wind,los_angeles_2023-06-01,2023-06-01,2023-06-01,1
p80_p30_min2_sep7,Los Angeles,2023,pure_wind,los_angeles_2023-06-07,2023-06-07,2023-06-07,1
p80_p30_min2_sep7,Los Angeles,2023,pure_wind,los_angeles_2023-06-20,2023-06-20,2023-06-20,1
p80_p30_min2_sep7,Los Angeles,2023,pure_wind,los_angeles_2023-07-11,2023-07-11,2023-07-11,1
p80_p30_min2_sep7,Los Angeles,2023,pure_wind,los_angeles_2023-07-23,2023-07-23,2023-07-23,1
p80_p30_min2_sep7,Los Angeles,2023,pure_wind,los_angeles_2023-08-01,2023-08-01,2023-08-01,1
p80_p30_min2_sep7,Los Angeles,2023,pure_wind,los_angeles_2023-08-05,2023-08-05,2023-08-05,1
p80_p30_min2_sep7,Los Angeles,2023,pure_wind,los_angeles_2023-08-07,2023-08-07,2023-08-07,1
p80_p30_min2_sep7,Los Angeles,2023,pure_wind,los_angeles_2023-08-09,2023-08-09,2023-08-09,1
p80_p30_min2_sep7,Los Angeles,2023,pure_wind,los_angeles_2023-08-19,2023-08-19,2023-08-19,1
p80_p30_min2_sep7,Los Angeles,2023,pure_wind,los_angeles_2023-08-22,2023-08-22,2023-08-26,5
p80_p30_min2_sep7,Los Angeles,2023,pure_wind,los_angeles_2023-08-31,2023-08-31,2023-08-31,1
p80_p30_min2_sep7,Los Angeles,2023,pure_wind,los_angeles_2023-09-04,2023-09-04,2023-09-07,4
p80_p30_min2_sep7,Los Angeles,2023,pure_wind,los_angeles_2023-09-11,2023-09-11,2023-09-11,1
p80_p30_min2_sep7,Los Angeles,2023,pure_wind,los_angeles_2023-09-18,2023-09-18,2023-09-19,2
p80_p30_min2_sep7,Los Angeles,2023,pure_wind,los_angeles_2023-09-22,2023-09-22,2023-09-29,8
p80_p30_min2_sep7,Los Angeles,2023,pure_wind,los_angeles_2023-10-01,2023-10-01,2023-10-01,1
p80_p30_min2_sep7,Los Angeles,2023,pure_wind,los_angeles_2023-10-03,2023-10-03,2023-10-03,1
p80_p30_min2_sep7,Los Angeles,2023,pure_wind,los_angeles_2023-10-09,2023-10-09,2023-10-09,1
p80_p30_min2_sep7,Los Angeles,2023,pure_wind,los_angeles_2023-10-11,2023-10-11,2023-10-14,4
p80_p30_min2_sep7,Los Angeles,2023,pure_wind,los_angeles_2023-10-16,2023-10-16,2023-10-19,4
p80_p30_min2_sep7,Los Angeles,2023,pure_wind,los_angeles_2023-10-21,2023-10-21,2023-10-21,1
p80_p30_min2_sep7,Los Angeles,2023,pure_wind,los_angeles_2023-10-23,2023-10-23,2023-10-24,2
p80_p30_min2_sep7,Los Angeles,2023,pure_wind,los_angeles_2023-10-26,2023-10-26,2023-10-28,3
p80_p30_min2_sep7,Los Angeles,2024,pure_wind,los_angeles_2024-04-01,2024-04-01,2024-04-03,3
p80_p30_min2_sep7,Los Angeles,2024,pure_wind,los_angeles_2024-04-06,2024-04-06,2024-04-07,2
p80_p30_min2_sep7,Los Angeles,2024,pure_wind,los_angeles_2024-04-10,2024-04-10,2024-04-11,2
p80_p30_min2_sep7,Los Angeles,2024,pure_wind,los_angeles_2024-04-15,2024-04-15,2024-04-21,7
p80_p30_min2_sep7,Los Angeles,2024,pure_wind,los_angeles_2024-04-27,2024-04-27,2024-04-29,3
p80_p30_min2_sep7,Los Angeles,2024,pure_wind,los_angeles_2024-06-29,2024-06-29,2024-06-30,2
p80_p30_min2_sep7,Los Angeles,2024,pure_wind,los_angeles_2024-07-02,2024-07-02,2024-07-02,1
p80_p30_min2_sep7,Los Angeles,2024,pure_wind,los_angeles_2024-07-09,2024-07-09,2024-07-09,1
p80_p30_min2_sep7,Los Angeles,2024,pure_wind,los_angeles_2024-07-29,2024-07-29,2024-08-01,4
p80_p30_min2_sep7,Los Angeles,2024,pure_wind,los_angeles_2024-08-08,2024-08-08,2024-08-08,1
p80_p30_min2_sep7,Los Angeles,2024,pure_wind,los_angeles_2024-08-11,2024-08-11,2024-08-12,2
p80_p30_min2_sep7,Los Angeles,2024,pure_wind,los_angeles_2024-08-15,2024-08-15,2024-08-15,1
p80_p30_min2_sep7,Los Angeles,2024,pure_wind,los_angeles_2024-08-18,2024-08-18,2024-08-18,1
p80_p30_min2_sep7,Los Angeles,2024,pure_wind,los_angeles_2024-08-26,2024-08-26,2024-08-27,2
p80_p30_min2_sep7,Los Angeles,2024,pure_wind,los_angeles_2024-08-30,2024-08-30,2024-08-31,2
p80_p30_min2_sep7,Los Angeles,2024,pure_wind,los_angeles_2024-09-02,2024-09-02,2024-09-02,1
p80_p30_min2_sep7,Los Angeles,2024,pure_wind,los_angeles_2024-09-20,2024-09-20,2024-09-30,11
p80_p30_min2_sep7,Los Angeles,2024,pure_wind,los_angeles_2024-10-03,2024-10-03,2024-10-18,16
p80_p30_min2_sep7,Los Angeles,2024,pure_wind,los_angeles_2024-10-20,2024-10-20,2024-10-27,8
p80_p30_min2_sep7,Los Angeles,2024,pure_wind,los_angeles_2024-10-29,2024-10-29,2024-10-31,3
p80_p30_min2_sep7,Los Angeles,2025,pure_wind,los_angeles_2025-04-07,2025-04-07,2025-04-11,5
p80_p30_min2_sep7,Los Angeles,2025,pure_wind,los_angeles_2025-04-13,2025-04-13,2025-04-13,1
p80_p30_min2_sep7,Los Angeles,2025,pure_wind,los_angeles_2025-04-17,2025-04-17,2025-04-18,2
p80_p30_min2_sep7,Los Angeles,2025,pure_wind,los_angeles_2025-04-28,2025-04-28,2025-04-28,1
p80_p30_min2_sep7,Los Angeles,2025,pure_wind,los_angeles_2025-05-06,2025-05-06,2025-05-06,1
p80_p30_min2_sep7,Los Angeles,2025,pure_wind,los_angeles_2025-05-08,2025-05-08,2025-05-08,1
p80_p30_min2_sep7,Los Angeles,2025,pure_wind,los_angeles_2025-05-20,2025-05-20,2025-05-20,1
p80_p30_min2_sep7,Los Angeles,2025,pure_wind,los_angeles_2025-05-31,2025-05-31,2025-05-31,1
p80_p30_min2_sep7,Los Angeles,2025,pure_wind,los_angeles_2025-06-28,2025-06-28,2025-06-29,2
p80_p30_min2_sep7,Los Angeles,2025,pure_wind,los_angeles_2025-08-02,2025-08-02,2025-08-02,1
p80_p30_min2_sep7,Los Angeles,2025,pure_wind,los_angeles_2025-08-05,2025-08-05,2025-08-05,1
p80_p30_min2_sep7,Los Angeles,2025,pure_wind,los_angeles_2025-08-19,2025-08-19,2025-08-19,1
p80_p30_min2_sep7,Los Angeles,2025,pure_wind,los_angeles_2025-08-25,2025-08-25,2025-08-26,2
p80_p30_min2_sep7,Los Angeles,2025,pure_wind,los_angeles_2025-08-28,2025-08-28,2025-08-28,1
p80_p30_min2_sep7,Los Angeles,2025,pure_wind,los_angeles_2025-09-05,2025-09-05,2025-09-06,2
p80_p30_min2_sep7,Los Angeles,2025,pure_wind,los_angeles_2025-09-08,2025-09-08,2025-09-08,1
p80_p30_min2_sep7,Los Angeles,2025,pure_wind,los_angeles_2025-09-15,2025-09-15,2025-09-15,1
p80_p30_min2_sep7,Los Angeles,2025,pure_wind,los_angeles_2025-09-18,2025-09-18,2025-09-23,6
p80_p30_min2_sep7,Los Angeles,2025,pure_wind,los_angeles_2025-09-27,2025-09-27,2025-09-28,2
p80_p30_min2_sep7,Los Angeles,2025,pure_wind,los_angeles_2025-09-30,2025-09-30,2025-10-02,3
p80_p30_min2_sep7,Los Angeles,2025,pure_wind,los_angeles_2025-10-04,2025-10-04,2025-10-12,9
p80_p30_min2_sep7,Los Angeles,2025,pure_wind,los_angeles_2025-10-15,2025-10-15,2025-10-21,7
p80_p30_min2_sep7,Los Angeles,2025,pure_wind,los_angeles_2025-10-23,2025-10-23,2025-10-27,5
p80_p30_min2_sep7,Los Angeles,2025,pure_wind,los_angeles_2025-10-30,2025-10-30,2025-10-31,2
p80_p30_min2_sep7,New York,2019,low_wind,new_york_2019-04-06,2019-04-06,2019-04-06,1
p80_p30_min2_sep7,New York,2019,low_wind,new_york_2019-04-11,2019-04-11,2019-04-11,1
p80_p30_min2_sep7,New York,2019,low_wind,new_york_2019-04-25,2019-04-25,2019-04-25,1
p80_p30_min2_sep7,New York,2019,low_wind,new_york_2019-04-30,2019-04-30,2019-04-30,1
p80_p30_min2_sep7,New York,2019,low_wind,new_york_2019-05-02,2019-05-02,2019-05-04,3
p80_p30_min2_sep7,New York,2019,low_wind,new_york_2019-05-14,2019-05-14,2019-05-14,1
p80_p30_min2_sep7,New York,2019,low_wind,new_york_2019-05-16,2019-05-16,2019-05-16,1
p80_p30_min2_sep7,New York,2019,low_wind,new_york_2019-05-30,2019-05-30,2019-05-30,1
p80_p30_min2_sep7,New York,2019,low_wind,new_york_2019-06-07,2019-06-07,2019-06-07,1
p80_p30_min2_sep7,New York,2019,low_wind,new_york_2019-06-17,2019-06-17,2019-06-18,2
p80_p30_min2_sep7,New York,2019,low_wind,new_york_2019-06-20,2019-06-20,2019-06-20,1
p80_p30_min2_sep7,New York,2019,low_wind,new_york_2019-06-24,2019-06-24,2019-06-28,5
p80_p30_min2_sep7,New York,2019,low_wind,new_york_2019-07-03,2019-07-03,2019-07-05,3
p80_p30_min2_sep7,New York,2019,low_wind,new_york_2019-07-08,2019-07-08,2019-07-10,3
p80_p30_min2_sep7,New York,2019,low_wind,new_york_2019-07-15,2019-07-15,2019-07-16,2
p80_p30_min2_sep7,New York,2019,low_wind,new_york_2019-07-19,2019-07-19,2019-07-19,1
p80_p30_min2_sep7,New York,2019,low_wind,new_york_2019-07-22,2019-07-22,2019-07-22,1
p80_p30_min2_sep7,New York,2019,low_wind,new_york_2019-07-24,2019-07-24,2019-07-27,4
p80_p30_min2_sep7,New York,2019,low_wind,new_york_2019-07-31,2019-07-31,2019-08-04,5
p80_p30_min2_sep7,New York,2019,low_wind,new_york_2019-08-06,2019-08-06,2019-08-06,1
p80_p30_min2_sep7,New York,2019,low_wind,new_york_2019-08-13,2019-08-13,2019-08-20,8
p80_p30_min2_sep7,New York,2019,low_wind,new_york_2019-08-23,2019-08-23,2019-08-23,1
p80_p30_min2_sep7,New York,2019,low_wind,new_york_2019-08-27,2019-08-27,2019-08-28,2
p80_p30_min2_sep7,New York,2019,low_wind,new_york_2019-09-08,2019-09-08,2019-09-09,2
p80_p30_min2_sep7,New York,2019,low_wind,new_york_2019-09-15,2019-09-15,2019-09-16,2
p80_p30_min2_sep7,New York,2019,low_wind,new_york_2019-09-19,2019-09-19,2019-09-19,1
p80_p30_min2_sep7,New York,2019,low_wind,new_york_2019-09-21,2019-09-21,2019-09-21,1
p80_p30_min2_sep7,New York,2019,low_wind,new_york_2019-09-25,2019-09-25,2019-09-25,1
p80_p30_min2_sep7,New York,2019,low_wind,new_york_2019-09-27,2019-09-27,2019-09-27,1
p80_p30_min2_sep7,New York,2019,low_wind,new_york_2019-10-12,2019-10-12,2019-10-15,4
p80_p30_min2_sep7,New York,2019,low_wind,new_york_2019-10-19,2019-10-19,2019-10-19,1
p80_p30_min2_sep7,New York,2019,low_wind,new_york_2019-10-25,2019-10-25,2019-10-26,2
p80_p30_min2_sep7,New York,2019,low_wind,new_york_2019-10-29,2019-10-29,2019-10-30,2
p80_p30_min2_sep7,New York,2020,low_wind,new_york_2020-04-05,2020-04-05,2020-04-05,1
p80_p30_min2_sep7,New York,2020,low_wind,new_york_2020-04-23,2020-04-23,2020-04-23,1
p80_p30_min2_sep7,New York,2020,low_wind,new_york_2020-04-25,2020-04-25,2020-04-25,1
p80_p30_min2_sep7,New York,2020,low_wind,new_york_2020-05-22,2020-05-22,2020-05-22,1
p80_p30_min2_sep7,New York,2020,low_wind,new_york_2020-05-25,2020-05-25,2020-05-27,3
p80_p30_min2_sep7,New York,2020,low_wind,new_york_2020-06-05,2020-06-05,2020-06-05,1
p80_p30_min2_sep7,New York,2020,low_wind,new_york_2020-06-19,2020-06-19,2020-06-21,3
p80_p30_min2_sep7,New York,2020,low_wind,new_york_2020-06-28,2020-06-28,2020-06-28,1
p80_p30_min2_sep7,New York,2020,low_wind,new_york_2020-06-30,2020-06-30,2020-07-03,4
p80_p30_min2_sep7,New York,2020,low_wind,new_york_2020-07-05,2020-07-05,2020-07-06,2
p80_p30_min2_sep7,New York,2020,low_wind,new_york_2020-07-08,2020-07-08,2020-07-09,2
p80_p30_min2_sep7,New York,2020,low_wind,new_york_2020-07-17,2020-07-17,2020-07-18,2
p80_p30_min2_sep7,New York,2020,low_wind,new_york_2020-07-21,2020-07-21,2020-07-22,2
p80_p30_min2_sep7,New York,2020,low_wind,new_york_2020-07-24,2020-07-24,2020-07-25,2
p80_p30_min2_sep7,New York,2020,low_wind,new_york_2020-07-29,2020-07-29,2020-07-31,3
p80_p30_min2_sep7,New York,2020,low_wind,new_york_2020-08-06,2020-08-06,2020-08-08,3
p80_p30_min2_sep7,New York,2020,low_wind,new_york_2020-08-12,2020-08-12,2020-08-13,2
p80_p30_min2_sep7,New York,2020,low_wind,new_york_2020-08-17,2020-08-17,2020-08-20,4
p80_p30_min2_sep7,New York,2020,low_wind,new_york_2020-08-23,2020-08-23,2020-08-24,2
p80_p30_min2_sep7,New York,2020,low_wind,new_york_2020-08-31,2020-08-31,2020-08-31,1
p80_p30_min2_sep7,New York,2020,low_wind,new_york_2020-09-03,2020-09-03,2020-09-03,1
p80_p30_min2_sep7,New York,2020,low_wind,new_york_2020-09-08,2020-09-08,2020-09-10,3
p80_p30_min2_sep7,New York,2020,low_wind,new_york_2020-09-17,2020-09-17,2020-09-17,1
p80_p30_min2_sep7,New York,2020,low_wind,new_york_2020-09-24,2020-09-24,2020-09-27,4
p80_p30_min2_sep7,New York,2020,low_wind,new_york_2020-10-03,2020-10-03,2020-10-03,1
p80_p30_min2_sep7,New York,2020,low_wind,new_york_2020-10-19,2020-10-19,2020-10-23,5
p80_p30_min2_sep7,New York,2020,low_wind,new_york_2020-10-27,2020-10-27,2020-10-28,2
p80_p30_min2_sep7,New York,2021,low_wind,new_york_2021-04-04,2021-04-04,2021-04-04,1
p80_p30_min2_sep7,New York,2021,low_wind,new_york_2021-04-07,2021-04-07,2021-04-10,4
p80_p30_min2_sep7,New York,2021,low_wind,new_york_2021-04-19,2021-04-19,2021-04-19,1
p80_p30_min2_sep7,New York,2021,low_wind,new_york_2021-04-27,2021-04-27,2021-04-28,2
p80_p30_min2_sep7,New York,2021,low_wind,new_york_2021-05-08,2021-05-08,2021-05-08,1
p80_p30_min2_sep7,New York,2021,low_wind,new_york_2021-05-14,2021-05-14,2021-05-17,4
p80_p30_min2_sep7,New York,2021,low_wind,new_york_2021-06-01,2021-06-01,2021-06-01,1
p80_p30_min2_sep7,New York,2021,low_wind,new_york_2021-06-03,2021-06-03,2021-06-04,2
p80_p30_min2_sep7,New York,2021,low_wind,new_york_2021-06-08,2021-06-08,2021-06-09,2
p80_p30_min2_sep7,New York,2021,low_wind,new_york_2021-06-12,2021-06-12,2021-06-13,2
p80_p30_min2_sep7,New York,2021,low_wind,new_york_2021-06-17,2021-06-17,2021-06-17,1
p80_p30_min2_sep7,New York,2021,low_wind,new_york_2021-06-24,2021-06-24,2021-06-24,1
p80_p30_min2_sep7,New York,2021,low_wind,new_york_2021-07-01,2021-07-01,2021-07-02,2
p80_p30_min2_sep7,New York,2021,low_wind,new_york_2021-07-04,2021-07-04,2021-07-04,1
p80_p30_min2_sep7,New York,2021,low_wind,new_york_2021-07-07,2021-07-07,2021-07-08,2
p80_p30_min2_sep7,New York,2021,low_wind,new_york_2021-07-12,2021-07-12,2021-07-12,1
p80_p30_min2_sep7,New York,2021,low_wind,new_york_2021-07-14,2021-07-14,2021-07-17,4
p80_p30_min2_sep7,New York,2021,low_wind,new_york_2021-07-20,2021-07-20,2021-07-20,1
p80_p30_min2_sep7,New York,2021,low_wind,new_york_2021-07-24,2021-07-24,2021-07-24,1
p80_p30_min2_sep7,New York,2021,low_wind,new_york_2021-07-26,2021-07-26,2021-07-27,2
p80_p30_min2_sep7,New York,2021,low_wind,new_york_2021-07-31,2021-07-31,2021-08-01,2
p80_p30_min2_sep7,New York,2021,low_wind,new_york_2021-08-03,2021-08-03,2021-08-05,3
p80_p30_min2_sep7,New York,2021,low_wind,new_york_2021-08-10,2021-08-10,2021-08-10,1
p80_p30_min2_sep7,New York,2021,low_wind,new_york_2021-08-13,2021-08-13,2021-08-13,1
p80_p30_min2_sep7,New York,2021,low_wind,new_york_2021-08-15,2021-08-15,2021-08-16,2
p80_p30_min2_sep7,New York,2021,low_wind,new_york_2021-08-20,2021-08-20,2021-08-21,2
p80_p30_min2_sep7,New York,2021,low_wind,new_york_2021-08-25,2021-08-25,2021-08-27,3
p80_p30_min2_sep7,New York,2021,low_wind,new_york_2021-08-29,2021-08-29,2021-08-31,3
p80_p30_min2_sep7,New York,2021,low_wind,new_york_2021-09-04,2021-09-04,2021-09-04,1
p80_p30_min2_sep7,New York,2021,low_wind,new_york_2021-09-07,2021-09-07,2021-09-07,1
p80_p30_min2_sep7,New York,2021,low_wind,new_york_2021-09-09,2021-09-09,2021-09-09,1
p80_p30_min2_sep7,New York,2021,low_wind,new_york_2021-09-14,2021-09-14,2021-09-14,1
p80_p30_min2_sep7,New York,2021,low_wind,new_york_2021-09-20,2021-09-20,2021-09-20,1
p80_p30_min2_sep7,New York,2021,low_wind,new_york_2021-09-25,2021-09-25,2021-09-25,1
p80_p30_min2_sep7,New York,2021,low_wind,new_york_2021-10-01,2021-10-01,2021-10-01,1
p80_p30_min2_sep7,New York,2021,low_wind,new_york_2021-10-03,2021-10-03,2021-10-03,1
p80_p30_min2_sep7,New York,2021,low_wind,new_york_2021-10-06,2021-10-06,2021-10-08,3
p80_p30_min2_sep7,New York,2021,low_wind,new_york_2021-10-12,2021-10-12,2021-10-15,4
p80_p30_min2_sep7,New York,2021,low_wind,new_york_2021-10-24,2021-10-24,2021-10-24,1
p80_p30_min2_sep7,New York,2022,low_wind,new_york_2022-04-26,2022-04-26,2022-04-26,1
p80_p30_min2_sep7,New York,2022,low_wind,new_york_2022-05-01,2022-05-01,2022-05-01,1
p80_p30_min2_sep7,New York,2022,low_wind,new_york_2022-05-04,2022-05-04,2022-05-06,3
p80_p30_min2_sep7,New York,2022,low_wind,new_york_2022-05-13,2022-05-13,2022-05-15,3
p80_p30_min2_sep7,New York,2022,low_wind,new_york_2022-05-19,2022-05-19,2022-05-19,1
p80_p30_min2_sep7,New York,2022,low_wind,new_york_2022-05-21,2022-05-21,2022-05-21,1
p80_p30_min2_sep7,New York,2022,low_wind,new_york_2022-05-25,2022-05-25,2022-05-25,1
p80_p30_min2_sep7,New York,2022,low_wind,new_york_2022-05-29,2022-05-29,2022-05-29,1
p80_p30_min2_sep7,New York,2022,low_wind,new_york_2022-06-02,2022-06-02,2022-06-05,4
p80_p30_min2_sep7,New York,2022,low_wind,new_york_2022-06-11,2022-06-11,2022-06-11,1
p80_p30_min2_sep7,New York,2022,low_wind,new_york_2022-06-13,2022-06-13,2022-06-14,2
p80_p30_min2_sep7,New York,2022,low_wind,new_york_2022-06-21,2022-06-21,2022-06-21,1
p80_p30_min2_sep7,New York,2022,low_wind,new_york_2022-06-24,2022-06-24,2022-06-25,2
p80_p30_min2_sep7,New York,2022,low_wind,new_york_2022-06-29,2022-06-29,2022-06-30,2
p80_p30_min2_sep7,New York,2022,low_wind,new_york_2022-07-04,2022-07-04,2022-07-04,1
p80_p30_min2_sep7,New York,2022,low_wind,new_york_2022-07-08,2022-07-08,2022-07-09,2
p80_p30_min2_sep7,New York,2022,low_wind,new_york_2022-07-13,2022-07-13,2022-07-14,2
p80_p30_min2_sep7,New York,2022,low_wind,new_york_2022-07-16,2022-07-16,2022-07-17,2
p80_p30_min2_sep7,New York,2022,low_wind,new_york_2022-07-22,2022-07-22,2022-07-22,1
p80_p30_min2_sep7,New York,2022,low_wind,new_york_2022-07-27,2022-07-27,2022-07-27,1
p80_p30_min2_sep7,New York,2022,low_wind,new_york_2022-07-29,2022-07-29,2022-07-29,1
p80_p30_min2_sep7,New York,2022,low_wind,new_york_2022-07-31,2022-07-31,2022-08-01,2
p80_p30_min2_sep7,New York,2022,low_wind,new_york_2022-08-05,2022-08-05,2022-08-05,1
p80_p30_min2_sep7,New York,2022,low_wind,new_york_2022-08-11,2022-08-11,2022-08-11,1
p80_p30_min2_sep7,New York,2022,low_wind,new_york_2022-08-15,2022-08-15,2022-08-15,1
p80_p30_min2_sep7,New York,2022,low_wind,new_york_2022-08-17,2022-08-17,2022-08-17,1
p80_p30_min2_sep7,New York,2022,low_wind,new_york_2022-08-22,2022-08-22,2022-08-23,2
p80_p30_min2_sep7,New York,2022,low_wind,new_york_2022-08-25,2022-08-25,2022-08-25,1
p80_p30_min2_sep7,New York,2022,low_wind,new_york_2022-08-27,2022-08-27,2022-08-27,1
p80_p30_min2_sep7,New York,2022,low_wind,new_york_2022-09-03,2022-09-03,2022-09-05,3
p80_p30_min2_sep7,New York,2022,low_wind,new_york_2022-09-09,2022-09-09,2022-09-12,4
p80_p30_min2_sep7,New York,2022,low_wind,new_york_2022-09-16,2022-09-16,2022-09-16,1
p80_p30_min2_sep7,New York,2022,low_wind,new_york_2022-09-21,2022-09-21,2022-09-21,1
p80_p30_min2_sep7,New York,2022,low_wind,new_york_2022-10-06,2022-10-06,2022-10-06,1
p80_p30_min2_sep7,New York,2022,low_wind,new_york_2022-10-11,2022-10-11,2022-10-11,1
p80_p30_min2_sep7,New York,2022,low_wind,new_york_2022-10-16,2022-10-16,2022-10-16,1
p80_p30_min2_sep7,New York,2022,low_wind,new_york_2022-10-21,2022-10-21,2022-10-22,2
p80_p30_min2_sep7,New York,2022,low_wind,new_york_2022-10-25,2022-10-25,2022-10-26,2
p80_p30_min2_sep7,New York,2022,low_wind,new_york_2022-10-29,2022-10-29,2022-10-31,3
p80_p30_min2_sep7,New York,2023,low_wind,new_york_2023-04-04,2023-04-04,2023-04-04,1
p80_p30_min2_sep7,New York,2023,low_wind,new_york_2023-04-06,2023-04-06,2023-04-06,1
p80_p30_min2_sep7,New York,2023,low_wind,new_york_2023-04-16,2023-04-16,2023-04-16,1
p80_p30_min2_sep7,New York,2023,low_wind,new_york_2023-04-20,2023-04-20,2023-04-20,1
p80_p30_min2_sep7,New York,2023,low_wind,new_york_2023-04-25,2023-04-25,2023-04-25,1
p80_p30_min2_sep7,New York,2023,low_wind,new_york_2023-04-27,2023-04-27,2023-04-27,1
p80_p30_min2_sep7,New York,2023,low_wind,new_york_2023-05-05,2023-05-05,2023-05-05,1
p80_p30_min2_sep7,New York,2023,low_wind,new_york_2023-05-09,2023-05-09,2023-05-10,2
p80_p30_min2_sep7,New York,2023,low_wind,new_york_2023-05-24,2023-05-24,2023-05-24,1
p80_p30_min2_sep7,New York,2023,low_wind,new_york_2023-05-28,2023-05-28,2023-05-28,1
p80_p30_min2_sep7,New York,2023,low_wind,new_york_2023-05-31,2023-05-31,2023-06-02,3
p80_p30_min2_sep7,New York,2023,low_wind,new_york_2023-06-08,2023-06-08,2023-06-09,2
p80_p30_min2_sep7,New York,2023,low_wind,new_york_2023-06-16,2023-06-16,2023-06-16,1
p80_p30_min2_sep7,New York,2023,low_wind,new_york_2023-06-24,2023-06-24,2023-06-25,2
p80_p30_min2_sep7,New York,2023,low_wind,new_york_2023-06-27,2023-06-27,2023-06-30,4
p80_p30_min2_sep7,New York,2023,low_wind,new_york_2023-07-03,2023-07-03,2023-07-09,7
p80_p30_min2_sep7,New York,2023,low_wind,new_york_2023-07-11,2023-07-11,2023-07-12,2
p80_p30_min2_sep7,New York,2023,low_wind,new_york_2023-07-14,2023-07-14,2023-07-15,2
p80_p30_min2_sep7,New York,2023,low_wind,new_york_2023-07-17,2023-07-17,2023-07-17,1
p80_p30_min2_sep7,New York,2023,low_wind,new_york_2023-07-19,2023-07-19,2023-07-20,2
p80_p30_min2_sep7,New York,2023,low_wind,new_york_2023-07-23,2023-07-23,2023-07-23,1
p80_p30_min2_sep7,New York,2023,low_wind,new_york_2023-07-25,2023-07-25,2023-07-25,1
p80_p30_min2_sep7,New York,2023,low_wind,new_york_2023-07-28,2023-07-28,2023-07-28,1
p80_p30_min2_sep7,New York,2023,low_wind,new_york_2023-07-31,2023-07-31,2023-07-31,1
p80_p30_min2_sep7,New York,2023,low_wind,new_york_2023-08-05,2023-08-05,2023-08-05,1
p80_p30_min2_sep7,New York,2023,low_wind,new_york_2023-08-10,2023-08-10,2023-08-10,1
p80_p30_min2_sep7,New York,2023,low_wind,new_york_2023-08-12,2023-08-12,2023-08-12,1
p80_p30_min2_sep7,New York,2023,low_wind,new_york_2023-08-14,2023-08-14,2023-08-14,1
p80_p30_min2_sep7,New York,2023,low_wind,new_york_2023-08-16,2023-08-16,2023-08-16,1
p80_p30_min2_sep7,New York,2023,low_wind,new_york_2023-08-20,2023-08-20,2023-08-21,2
p80_p30_min2_sep7,New York,2023,low_wind,new_york_2023-08-26,2023-08-26,2023-08-27,2
p80_p30_min2_sep7,New York,2023,low_wind,new_york_2023-08-29,2023-08-29,2023-08-29,1
p80_p30_min2_sep7,New York,2023,low_wind,new_york_2023-09-04,2023-09-04,2023-09-13,10
p80_p30_min2_sep7,New York,2023,low_wind,new_york_2023-09-17,2023-09-17,2023-09-17,1
p80_p30_min2_sep7,New York,2023,low_wind,new_york_2023-09-20,2023-09-20,2023-09-21,2
p80_p30_min2_sep7,New York,2023,low_wind,new_york_2023-10-03,2023-10-03,2023-10-05,3
p80_p30_min2_sep7,New York,2023,low_wind,new_york_2023-10-10,2023-10-10,2023-10-12,3
p80_p30_min2_sep7,New York,2023,low_wind,new_york_2023-10-17,2023-10-17,2023-10-18,2
p80_p30_min2_sep7,New York,2023,low_wind,new_york_2023-10-24,2023-10-24,2023-10-24,1
p80_p30_min2_sep7,New York,2023,low_wind,new_york_2023-10-26,2023-10-26,2023-10-26,1
p80_p30_min2_sep7,New York,2023,low_wind,new_york_2023-10-31,2023-10-31,2023-10-31,1
p80_p30_min2_sep7,New York,2024,low_wind,new_york_2024-04-01,2024-04-01,2024-04-01,1
p80_p30_min2_sep7,New York,2024,low_wind,new_york_2024-04-08,2024-04-08,2024-04-09,2
p80_p30_min2_sep7,New York,2024,low_wind,new_york_2024-04-26,2024-04-26,2024-04-26,1
p80_p30_min2_sep7,New York,2024,low_wind,new_york_2024-04-28,2024-04-28,2024-04-29,2
p80_p30_min2_sep7,New York,2024,low_wind,new_york_2024-05-01,2024-05-01,2024-05-01,1
p80_p30_min2_sep7,New York,2024,low_wind,new_york_2024-05-06,2024-05-06,2024-05-06,1
p80_p30_min2_sep7,New York,2024,low_wind,new_york_2024-05-18,2024-05-18,2024-05-18,1
p80_p30_min2_sep7,New York,2024,low_wind,new_york_2024-05-20,2024-05-20,2024-05-20,1
p80_p30_min2_sep7,New York,2024,low_wind,new_york_2024-05-29,2024-05-29,2024-05-29,1
p80_p30_min2_sep7,New York,2024,low_wind,new_york_2024-06-03,2024-06-03,2024-06-03,1
p80_p30_min2_sep7,New York,2024,low_wind,new_york_2024-06-11,2024-06-11,2024-06-12,2
p80_p30_min2_sep7,New York,2024,low_wind,new_york_2024-06-14,2024-06-14,2024-06-14,1
p80_p30_min2_sep7,New York,2024,low_wind,new_york_2024-06-22,2024-06-22,2024-06-22,1
p80_p30_min2_sep7,New York,2024,low_wind,new_york_2024-07-05,2024-07-05,2024-07-08,4
p80_p30_min2_sep7,New York,2024,low_wind,new_york_2024-07-12,2024-07-12,2024-07-14,3
p80_p30_min2_sep7,New York,2024,low_wind,new_york_2024-07-17,2024-07-17,2024-07-17,1
p80_p30_min2_sep7,New York,2024,low_wind,new_york_2024-07-21,2024-07-21,2024-07-21,1
p80_p30_min2_sep7,New York,2024,low_wind,new_york_2024-07-23,2024-07-23,2024-07-24,2
p80_p30_min2_sep7,New York,2024,low_wind,new_york_2024-07-27,2024-07-27,2024-07-27,1
p80_p30_min2_sep7,New York,2024,low_wind,new_york_2024-07-29,2024-07-29,2024-07-29,1
p80_p30_min2_sep7,New York,2024,low_wind,new_york_2024-08-01,2024-08-01,2024-08-03,3
p80_p30_min2_sep7,New York,2024,low_wind,new_york_2024-08-11,2024-08-11,2024-08-11,1
p80_p30_min2_sep7,New York,2024,low_wind,new_york_2024-08-15,2024-08-15,2024-08-16,2
p80_p30_min2_sep7,New York,2024,low_wind,new_york_2024-08-23,2024-08-23,2024-08-27,5
p80_p30_min2_sep7,New York,2024,low_wind,new_york_2024-08-31,2024-08-31,2024-08-31,1
p80_p30_min2_sep7,New York,2024,low_wind,new_york_2024-09-04,2024-09-04,2024-09-04,1
p80_p30_min2_sep7,New York,2024,low_wind,new_york_2024-09-06,2024-09-06,2024-09-06,1
p80_p30_min2_sep7,New York,2024,low_wind,new_york_2024-09-11,2024-09-11,2024-09-14,4
p80_p30_min2_sep7,New York,2024,low_wind,new_york_2024-09-16,2024-09-16,2024-09-16,1
p80_p30_min2_sep7,New York,2024,low_wind,new_york_2024-09-26,2024-09-26,2024-09-27,2
p80_p30_min2_sep7,New York,2024,low_wind,new_york_2024-10-02,2024-10-02,2024-10-04,3
p80_p30_min2_sep7,New York,2024,low_wind,new_york_2024-10-13,2024-10-13,2024-10-13,1
p80_p30_min2_sep7,New York,2024,low_wind,new_york_2024-10-19,2024-10-19,2024-10-22,4
p80_p30_min2_sep7,New York,2024,low_wind,new_york_2024-10-28,2024-10-28,2024-10-28,1
p80_p30_min2_sep7,New York,2025,low_wind,new_york_2025-04-06,2025-04-06,2025-04-06,1
p80_p30_min2_sep7,New York,2025,low_wind,new_york_2025-04-23,2025-04-23,2025-04-23,1
p80_p30_min2_sep7,New York,2025,low_wind,new_york_2025-05-08,2025-05-08,2025-05-08,1
p80_p30_min2_sep7,New York,2025,low_wind,new_york_2025-05-15,2025-05-15,2025-05-16,2
p80_p30_min2_sep7,New York,2025,low_wind,new_york_2025-05-27,2025-05-27,2025-05-27,1
p80_p30_min2_sep7,New York,2025,low_wind,new_york_2025-06-02,2025-06-02,2025-06-03,2
p80_p30_min2_sep7,New York,2025,low_wind,new_york_2025-06-06,2025-06-06,2025-06-07,2
p80_p30_min2_sep7,New York,2025,low_wind,new_york_2025-06-10,2025-06-10,2025-06-10,1
p80_p30_min2_sep7,New York,2025,low_wind,new_york_2025-06-18,2025-06-18,2025-06-18,1
p80_p30_min2_sep7,New York,2025,low_wind,new_york_2025-06-23,2025-06-23,2025-06-23,1
p80_p30_min2_sep7,New York,2025,low_wind,new_york_2025-06-25,2025-06-25,2025-06-25,1
p80_p30_min2_sep7,New York,2025,low_wind,new_york_2025-06-30,2025-06-30,2025-06-30,1
p80_p30_min2_sep7,New York,2025,low_wind,new_york_2025-07-02,2025-07-02,2025-07-02,1
p80_p30_min2_sep7,New York,2025,low_wind,new_york_2025-07-05,2025-07-05,2025-07-05,1
p80_p30_min2_sep7,New York,2025,low_wind,new_york_2025-07-08,2025-07-08,2025-07-12,5
p80_p30_min2_sep7,New York,2025,low_wind,new_york_2025-07-14,2025-07-14,2025-07-16,3
p80_p30_min2_sep7,New York,2025,low_wind,new_york_2025-07-19,2025-07-19,2025-07-20,2
p80_p30_min2_sep7,New York,2025,low_wind,new_york_2025-07-28,2025-07-28,2025-07-30,3
p80_p30_min2_sep7,New York,2025,low_wind,new_york_2025-08-02,2025-08-02,2025-08-05,4
p80_p30_min2_sep7,New York,2025,low_wind,new_york_2025-08-08,2025-08-08,2025-08-10,3
p80_p30_min2_sep7,New York,2025,low_wind,new_york_2025-08-13,2025-08-13,2025-08-14,2
p80_p30_min2_sep7,New York,2025,low_wind,new_york_2025-08-31,2025-08-31,2025-08-31,1
p80_p30_min2_sep7,New York,2025,low_wind,new_york_2025-09-02,2025-09-02,2025-09-03,2
p80_p30_min2_sep7,New York,2025,low_wind,new_york_2025-09-07,2025-09-07,2025-09-08,2
p80_p30_min2_sep7,New York,2025,low_wind,new_york_2025-09-11,2025-09-11,2025-09-14,4
p80_p30_min2_sep7,New York,2025,low_wind,new_york_2025-09-18,2025-09-18,2025-09-18,1
p80_p30_min2_sep7,New York,2025,low_wind,new_york_2025-09-22,2025-09-22,2025-09-22,1
p80_p30_min2_sep7,New York,2025,low_wind,new_york_2025-09-24,2025-09-24,2025-09-24,1
p80_p30_min2_sep7,New York,2025,low_wind,new_york_2025-09-26,2025-09-26,2025-09-29,4
p80_p30_min2_sep7,New York,2025,low_wind,new_york_2025-10-03,2025-10-03,2025-10-05,3
p80_p30_min2_sep7,New York,2025,low_wind,new_york_2025-10-18,2025-10-18,2025-10-18,1
p80_p30_min2_sep7,New York,2025,low_wind,new_york_2025-10-25,2025-10-25,2025-10-26,2
p80_p30_min2_sep7,New York,2019,pure_wind,new_york_2019-04-06,2019-04-06,2019-04-06,1
p80_p30_min2_sep7,New York,2019,pure_wind,new_york_2019-04-11,2019-04-11,2019-04-11,1
p80_p30_min2_sep7,New York,2019,pure_wind,new_york_2019-04-25,2019-04-25,2019-04-25,1
p80_p30_min2_sep7,New York,2019,pure_wind,new_york_2019-04-30,2019-04-30,2019-04-30,1
p80_p30_min2_sep7,New York,2019,pure_wind,new_york_2019-05-02,2019-05-02,2019-05-04,3
p80_p30_min2_sep7,New York,2019,pure_wind,new_york_2019-05-14,2019-05-14,2019-05-14,1
p80_p30_min2_sep7,New York,2019,pure_wind,new_york_2019-05-16,2019-05-16,2019-05-16,1
p80_p30_min2_sep7,New York,2019,pure_wind,new_york_2019-05-30,2019-05-30,2019-05-30,1
p80_p30_min2_sep7,New York,2019,pure_wind,new_york_2019-06-07,2019-06-07,2019-06-07,1
p80_p30_min2_sep7,New York,2019,pure_wind,new_york_2019-06-17,2019-06-17,2019-06-18,2
p80_p30_min2_sep7,New York,2019,pure_wind,new_york_2019-06-20,2019-06-20,2019-06-20,1
p80_p30_min2_sep7,New York,2019,pure_wind,new_york_2019-06-24,2019-06-24,2019-06-25,2
p80_p30_min2_sep7,New York,2019,pure_wind,new_york_2019-07-05,2019-07-05,2019-07-05,1
p80_p30_min2_sep7,New York,2019,pure_wind,new_york_2019-07-08,2019-07-08,2019-07-08,1
p80_p30_min2_sep7,New York,2019,pure_wind,new_york_2019-07-24,2019-07-24,2019-07-25,2
p80_p30_min2_sep7,New York,2019,pure_wind,new_york_2019-08-02,2019-08-02,2019-08-02,1
p80_p30_min2_sep7,New York,2019,pure_wind,new_york_2019-08-06,2019-08-06,2019-08-06,1
p80_p30_min2_sep7,New York,2019,pure_wind,new_york_2019-08-13,2019-08-13,2019-08-17,5
p80_p30_min2_sep7,New York,2019,pure_wind,new_york_2019-08-23,2019-08-23,2019-08-23,1
p80_p30_min2_sep7,New York,2019,pure_wind,new_york_2019-08-27,2019-08-27,2019-08-28,2
p80_p30_min2_sep7,New York,2019,pure_wind,new_york_2019-09-08,2019-09-08,2019-09-09,2
p80_p30_min2_sep7,New York,2019,pure_wind,new_york_2019-09-15,2019-09-15,2019-09-16,2
p80_p30_min2_sep7,New York,2019,pure_wind,new_york_2019-09-19,2019-09-19,2019-09-19,1
p80_p30_min2_sep7,New York,2019,pure_wind,new_york_2019-09-21,2019-09-21,2019-09-21,1
p80_p30_min2_sep7,New York,2019,pure_wind,new_york_2019-09-25,2019-09-25,2019-09-25,1
p80_p30_min2_sep7,New York,2019,pure_wind,new_york_2019-09-27,2019-09-27,2019-09-27,1
p80_p30_min2_sep7,New York,2019,pure_wind,new_york_2019-10-12,2019-10-12,2019-10-15,4
p80_p30_min2_sep7,New York,2019,pure_wind,new_york_2019-10-19,2019-10-19,2019-10-19,1
p80_p30_min2_sep7,New York,2019,pure_wind,new_york_2019-10-25,2019-10-25,2019-10-26,2
p80_p30_min2_sep7,New York,2019,pure_wind,new_york_2019-10-29,2019-10-29,2019-10-30,2
p80_p30_min2_sep7,New York,2020,pure_wind,new_york_2020-04-05,2020-04-05,2020-04-05,1
p80_p30_min2_sep7,New York,2020,pure_wind,new_york_2020-04-23,2020-04-23,2020-04-23,1
p80_p30_min2_sep7,New York,2020,pure_wind,new_york_2020-04-25,2020-04-25,2020-04-25,1
p80_p30_min2_sep7,New York,2020,pure_wind,new_york_2020-05-22,2020-05-22,2020-05-22,1
p80_p30_min2_sep7,New York,2020,pure_wind,new_york_2020-05-25,2020-05-25,2020-05-27,3
p80_p30_min2_sep7,New York,2020,pure_wind,new_york_2020-06-05,2020-06-05,2020-06-05,1
p80_p30_min2_sep7,New York,2020,pure_wind,new_york_2020-06-19,2020-06-19,2020-06-21,3
p80_p30_min2_sep7,New York,2020,pure_wind,new_york_2020-06-30,2020-06-30,2020-07-01,2
p80_p30_min2_sep7,New York,2020,pure_wind,new_york_2020-07-08,2020-07-08,2020-07-08,1
p80_p30_min2_sep7,New York,2020,pure_wind,new_york_2020-07-17,2020-07-17,2020-07-17,1
p80_p30_min2_sep7,New York,2020,pure_wind,new_york_2020-07-24,2020-07-24,2020-07-24,1
p80_p30_min2_sep7,New York,2020,pure_wind,new_york_2020-07-31,2020-07-31,2020-07-31,1
p80_p30_min2_sep7,New York,2020,pure_wind,new_york_2020-08-06,2020-08-06,2020-08-08,3
p80_p30_min2_sep7,New York,2020,pure_wind,new_york_2020-08-13,2020-08-13,2020-08-13,1
p80_p30_min2_sep7,New York,2020,pure_wind,new_york_2020-08-17,2020-08-17,2020-08-20,4
p80_p30_min2_sep7,New York,2020,pure_wind,new_york_2020-08-23,2020-08-23,2020-08-23,1
p80_p30_min2_sep7,New York,2020,pure_wind,new_york_2020-08-31,2020-08-31,2020-08-31,1
p80_p30_min2_sep7,New York,2020,pure_wind,new_york_2020-09-03,2020-09-03,2020-09-03,1
p80_p30_min2_sep7,New York,2020,pure_wind,new_york_2020-09-08,2020-09-08,2020-09-10,3
p80_p30_min2_sep7,New York,2020,pure_wind,new_york_2020-09-17,2020-09-17,2020-09-17,1
p80_p30_min2_sep7,New York,2020,pure_wind,new_york_2020-09-24,2020-09-24,2020-09-27,4
p80_p30_min2_sep7,New York,2020,pure_wind,new_york_2020-10-03,2020-10-03,2020-10-03,1
p80_p30_min2_sep7,New York,2020,pure_wind,new_york_2020-10-19,2020-10-19,2020-10-23,5
p80_p30_min2_sep7,New York,2020,pure_wind,new_york_2020-10-27,2020-10-27,2020-10-28,2
p80_p30_min2_sep7,New York,2021,pure_wind,new_york_2021-04-04,2021-04-04,2021-04-04,1
p80_p30_min2_sep7,New York,2021,pure_wind,new_york_2021-04-07,2021-04-07,2021-04-10,4
p80_p30_min2_sep7,New York,2021,pure_wind,new_york_2021-04-19,2021-04-19,2021-04-19,1
p80_p30_min2_sep7,New York,2021,pure_wind,new_york_2021-04-27,2021-04-27,2021-04-28,2
p80_p30_min2_sep7,New York,2021,pure_wind,new_york_2021-05-08,2021-05-08,2021-05-08,1
p80_p30_min2_sep7,New York,2021,pure_wind,new_york_2021-05-14,2021-05-14,2021-05-17,4
p80_p30_min2_sep7,New York,2021,pure_wind,new_york_2021-06-01,2021-06-01,2021-06-01,1
p80_p30_min2_sep7,New York,2021,pure_wind,new_york_2021-06-03,2021-06-03,2021-06-04,2
p80_p30_min2_sep7,New York,2021,pure_wind,new_york_2021-06-12,2021-06-12,2021-06-13,2
p80_p30_min2_sep7,New York,2021,pure_wind,new_york_2021-06-17,2021-06-17,2021-06-17,1
p80_p30_min2_sep7,New York,2021,pure_wind,new_york_2021-06-24,2021-06-24,2021-06-24,1
p80_p30_min2_sep7,New York,2021,pure_wind,new_york_2021-07-01,2021-07-01,2021-07-02,2
p80_p30_min2_sep7,New York,2021,pure_wind,new_york_2021-07-04,2021-07-04,2021-07-04,1
p80_p30_min2_sep7,New York,2021,pure_wind,new_york_2021-07-08,2021-07-08,2021-07-08,1
p80_p30_min2_sep7,New York,2021,pure_wind,new_york_2021-07-12,2021-07-12,2021-07-12,1
p80_p30_min2_sep7,New York,2021,pure_wind,new_york_2021-07-24,2021-07-24,2021-07-24,1
p80_p30_min2_sep7,New York,2021,pure_wind,new_york_2021-07-31,2021-07-31,2021-08-01,2
p80_p30_min2_sep7,New York,2021,pure_wind,new_york_2021-08-03,2021-08-03,2021-08-05,3
p80_p30_min2_sep7,New York,2021,pure_wind,new_york_2021-08-10,2021-08-10,2021-08-10,1
p80_p30_min2_sep7,New York,2021,pure_wind,new_york_2021-08-15,2021-08-15,2021-08-16,2
p80_p30_min2_sep7,New York,2021,pure_wind,new_york_2021-08-20,2021-08-20,2021-08-21,2
p80_p30_min2_sep7,New York,2021,pure_wind,new_york_2021-08-29,2021-08-29,2021-08-29,1
p80_p30_min2_sep7,New York,2021,pure_wind,new_york_2021-08-31,2021-08-31,2021-08-31,1
p80_p30_min2_sep7,New York,2021,pure_wind,new_york_2021-09-04,2021-09-04,2021-09-04,1
p80_p30_min2_sep7,New York,2021,pure_wind,new_york_2021-09-07,2021-09-07,2021-09-07,1
p80_p30_min2_sep7,New York,2021,pure_wind,new_york_2021-09-09,2021-09-09,2021-09-09,1
p80_p30_min2_sep7,New York,2021,pure_wind,new_york_2021-09-14,2021-09-14,2021-09-14,1
p80_p30_min2_sep7,New York,2021,pure_wind,new_york_2021-09-20,2021-09-20,2021-09-20,1
p80_p30_min2_sep7,New York,2021,pure_wind,new_york_2021-09-25,2021-09-25,2021-09-25,1
p80_p30_min2_sep7,New York,2021,pure_wind,new_york_2021-10-01,2021-10-01,2021-10-01,1
p80_p30_min2_sep7,New York,2021,pure_wind,new_york_2021-10-03,2021-10-03,2021-10-03,1
p80_p30_min2_sep7,New York,2021,pure_wind,new_york_2021-10-06,2021-10-06,2021-10-08,3
p80_p30_min2_sep7,New York,2021,pure_wind,new_york_2021-10-12,2021-10-12,2021-10-15,4
p80_p30_min2_sep7,New York,2021,pure_wind,new_york_2021-10-24,2021-10-24,2021-10-24,1
p80_p30_min2_sep7,New York,2022,pure_wind,new_york_2022-04-26,2022-04-26,2022-04-26,1
p80_p30_min2_sep7,New York,2022,pure_wind,new_york_2022-05-01,2022-05-01,2022-05-01,1
p80_p30_min2_sep7,New York,2022,pure_wind,new_york_2022-05-04,2022-05-04,2022-05-06,3
p80_p30_min2_sep7,New York,2022,pure_wind,new_york_2022-05-13,2022-05-13,2022-05-15,3
p80_p30_min2_sep7,New York,2022,pure_wind,new_york_2022-05-19,2022-05-19,2022-05-19,1
p80_p30_min2_sep7,New York,2022,pure_wind,new_york_2022-05-25,2022-05-25,2022-05-25,1
p80_p30_min2_sep7,New York,2022,pure_wind,new_york_2022-05-29,2022-05-29,2022-05-29,1
p80_p30_min2_sep7,New York,2022,pure_wind,new_york_2022-06-02,2022-06-02,2022-06-05,4
p80_p30_min2_sep7,New York,2022,pure_wind,new_york_2022-06-11,2022-06-11,2022-06-11,1
p80_p30_min2_sep7,New York,2022,pure_wind,new_york_2022-06-13,2022-06-13,2022-06-14,2
p80_p30_min2_sep7,New York,2022,pure_wind,new_york_2022-06-21,2022-06-21,2022-06-21,1
p80_p30_min2_sep7,New York,2022,pure_wind,new_york_2022-06-24,2022-06-24,2022-06-24,1
p80_p30_min2_sep7,New York,2022,pure_wind,new_york_2022-06-29,2022-06-29,2022-06-29,1
p80_p30_min2_sep7,New York,2022,pure_wind,new_york_2022-07-08,2022-07-08,2022-07-09,2
p80_p30_min2_sep7,New York,2022,pure_wind,new_york_2022-07-16,2022-07-16,2022-07-17,2
p80_p30_min2_sep7,New York,2022,pure_wind,new_york_2022-08-01,2022-08-01,2022-08-01,1
p80_p30_min2_sep7,New York,2022,pure_wind,new_york_2022-08-15,2022-08-15,2022-08-15,1
p80_p30_min2_sep7,New York,2022,pure_wind,new_york_2022-08-17,2022-08-17,2022-08-17,1
p80_p30_min2_sep7,New York,2022,pure_wind,new_york_2022-08-22,2022-08-22,2022-08-23,2
p80_p30_min2_sep7,New York,2022,pure_wind,new_york_2022-09-03,2022-09-03,2022-09-03,1
p80_p30_min2_sep7,New York,2022,pure_wind,new_york_2022-09-09,2022-09-09,2022-09-12,4
p80_p30_min2_sep7,New York,2022,pure_wind,new_york_2022-09-16,2022-09-16,2022-09-16,1
p80_p30_min2_sep7,New York,2022,pure_wind,new_york_2022-09-21,2022-09-21,2022-09-21,1
p80_p30_min2_sep7,New York,2022,pure_wind,new_york_2022-10-06,2022-10-06,2022-10-06,1
p80_p30_min2_sep7,New York,2022,pure_wind,new_york_2022-10-11,2022-10-11,2022-10-11,1
p80_p30_min2_sep7,New York,2022,pure_wind,new_york_2022-10-16,2022-10-16,2022-10-16,1
p80_p30_min2_sep7,New York,2022,pure_wind,new_york_2022-10-21,2022-10-21,2022-10-22,2
p80_p30_min2_sep7,New York,2022,pure_wind,new_york_2022-10-25,2022-10-25,2022-10-26,2
p80_p30_min2_sep7,New York,2022,pure_wind,new_york_2022-10-29,2022-10-29,2022-10-31,3
p80_p30_min2_sep7,New York,2023,pure_wind,new_york_2023-04-04,2023-04-04,2023-04-04,1
p80_p30_min2_sep7,New York,2023,pure_wind,new_york_2023-04-06,2023-04-06,2023-04-06,1
p80_p30_min2_sep7,New York,2023,pure_wind,new_york_2023-04-16,2023-04-16,2023-04-16,1
p80_p30_min2_sep7,New York,2023,pure_wind,new_york_2023-04-20,2023-04-20,2023-04-20,1
p80_p30_min2_sep7,New York,2023,pure_wind,new_york_2023-04-25,2023-04-25,2023-04-25,1
p80_p30_min2_sep7,New York,2023,pure_wind,new_york_2023-04-27,2023-04-27,2023-04-27,1
p80_p30_min2_sep7,New York,2023,pure_wind,new_york_2023-05-05,2023-05-05,2023-05-05,1
p80_p30_min2_sep7,New York,2023,pure_wind,new_york_2023-05-09,2023-05-09,2023-05-10,2
p80_p30_min2_sep7,New York,2023,pure_wind,new_york_2023-05-24,2023-05-24,2023-05-24,1
p80_p30_min2_sep7,New York,2023,pure_wind,new_york_2023-05-28,2023-05-28,2023-05-28,1
p80_p30_min2_sep7,New York,2023,pure_wind,new_york_2023-05-31,2023-05-31,2023-06-01,2
p80_p30_min2_sep7,New York,2023,pure_wind,new_york_2023-06-08,2023-06-08,2023-06-09,2
p80_p30_min2_sep7,New York,2023,pure_wind,new_york_2023-06-16,2023-06-16,2023-06-16,1
p80_p30_min2_sep7,New York,2023,pure_wind,new_york_2023-06-24,2023-06-24,2023-06-25,2
p80_p30_min2_sep7,New York,2023,pure_wind,new_york_2023-06-27,2023-06-27,2023-06-30,4
p80_p30_min2_sep7,New York,2023,pure_wind,new_york_2023-07-04,2023-07-04,2023-07-04,1
p80_p30_min2_sep7,New York,2023,pure_wind,new_york_2023-07-09,2023-07-09,2023-07-09,1
p80_p30_min2_sep7,New York,2023,pure_wind,new_york_2023-07-19,2023-07-19,2023-07-19,1
p80_p30_min2_sep7,New York,2023,pure_wind,new_york_2023-07-25,2023-07-25,2023-07-25,1
p80_p30_min2_sep7,New York,2023,pure_wind,new_york_2023-07-31,2023-07-31,2023-07-31,1
p80_p30_min2_sep7,New York,2023,pure_wind,new_york_2023-08-05,2023-08-05,2023-08-05,1
p80_p30_min2_sep7,New York,2023,pure_wind,new_york_2023-08-10,2023-08-10,2023-08-10,1
p80_p30_min2_sep7,New York,2023,pure_wind,new_york_2023-08-12,2023-08-12,2023-08-12,1
p80_p30_min2_sep7,New York,2023,pure_wind,new_york_2023-08-14,2023-08-14,2023-08-14,1
p80_p30_min2_sep7,New York,2023,pure_wind,new_york_2023-08-16,2023-08-16,2023-08-16,1
p80_p30_min2_sep7,New York,2023,pure_wind,new_york_2023-08-20,2023-08-20,2023-08-20,1
p80_p30_min2_sep7,New York,2023,pure_wind,new_york_2023-08-26,2023-08-26,2023-08-27,2
p80_p30_min2_sep7,New York,2023,pure_wind,new_york_2023-08-29,2023-08-29,2023-08-29,1
p80_p30_min2_sep7,New York,2023,pure_wind,new_york_2023-09-10,2023-09-10,2023-09-13,4
p80_p30_min2_sep7,New York,2023,pure_wind,new_york_2023-09-17,2023-09-17,2023-09-17,1
p80_p30_min2_sep7,New York,2023,pure_wind,new_york_2023-09-20,2023-09-20,2023-09-21,2
p80_p30_min2_sep7,New York,2023,pure_wind,new_york_2023-10-03,2023-10-03,2023-10-05,3
p80_p30_min2_sep7,New York,2023,pure_wind,new_york_2023-10-10,2023-10-10,2023-10-12,3
p80_p30_min2_sep7,New York,2023,pure_wind,new_york_2023-10-17,2023-10-17,2023-10-18,2
p80_p30_min2_sep7,New York,2023,pure_wind,new_york_2023-10-24,2023-10-24,2023-10-24,1
p80_p30_min2_sep7,New York,2023,pure_wind,new_york_2023-10-26,2023-10-26,2023-10-26,1
p80_p30_min2_sep7,New York,2023,pure_wind,new_york_2023-10-31,2023-10-31,2023-10-31,1
p80_p30_min2_sep7,New York,2024,pure_wind,new_york_2024-04-01,2024-04-01,2024-04-01,1
p80_p30_min2_sep7,New York,2024,pure_wind,new_york_2024-04-08,2024-04-08,2024-04-09,2
p80_p30_min2_sep7,New York,2024,pure_wind,new_york_2024-04-26,2024-04-26,2024-04-26,1
p80_p30_min2_sep7,New York,2024,pure_wind,new_york_2024-04-28,2024-04-28,2024-04-29,2
p80_p30_min2_sep7,New York,2024,pure_wind,new_york_2024-05-01,2024-05-01,2024-05-01,1
p80_p30_min2_sep7,New York,2024,pure_wind,new_york_2024-05-06,2024-05-06,2024-05-06,1
p80_p30_min2_sep7,New York,2024,pure_wind,new_york_2024-05-18,2024-05-18,2024-05-18,1
p80_p30_min2_sep7,New York,2024,pure_wind,new_york_2024-05-20,2024-05-20,2024-05-20,1
p80_p30_min2_sep7,New York,2024,pure_wind,new_york_2024-05-29,2024-05-29,2024-05-29,1
p80_p30_min2_sep7,New York,2024,pure_wind,new_york_2024-06-03,2024-06-03,2024-06-03,1
p80_p30_min2_sep7,New York,2024,pure_wind,new_york_2024-06-11,2024-06-11,2024-06-12,2
p80_p30_min2_sep7,New York,2024,pure_wind,new_york_2024-06-14,2024-06-14,2024-06-14,1
p80_p30_min2_sep7,New York,2024,pure_wind,new_york_2024-07-12,2024-07-12,2024-07-12,1
p80_p30_min2_sep7,New York,2024,pure_wind,new_york_2024-07-21,2024-07-21,2024-07-21,1
p80_p30_min2_sep7,New York,2024,pure_wind,new_york_2024-07-23,2024-07-23,2024-07-24,2
p80_p30_min2_sep7,New York,2024,pure_wind,new_york_2024-07-27,2024-07-27,2024-07-27,1
p80_p30_min2_sep7,New York,2024,pure_wind,new_york_2024-07-29,2024-07-29,2024-07-29,1
p80_p30_min2_sep7,New York,2024,pure_wind,new_york_2024-08-11,2024-08-11,2024-08-11,1
p80_p30_min2_sep7,New York,2024,pure_wind,new_york_2024-08-16,2024-08-16,2024-08-16,1
p80_p30_min2_sep7,New York,2024,pure_wind,new_york_2024-08-23,2024-08-23,2024-08-27,5
p80_p30_min2_sep7,New York,2024,pure_wind,new_york_2024-08-31,2024-08-31,2024-08-31,1
p80_p30_min2_sep7,New York,2024,pure_wind,new_york_2024-09-04,2024-09-04,2024-09-04,1
p80_p30_min2_sep7,New York,2024,pure_wind,new_york_2024-09-06,2024-09-06,2024-09-06,1
p80_p30_min2_sep7,New York,2024,pure_wind,new_york_2024-09-11,2024-09-11,2024-09-14,4
p80_p30_min2_sep7,New York,2024,pure_wind,new_york_2024-09-16,2024-09-16,2024-09-16,1
p80_p30_min2_sep7,New York,2024,pure_wind,new_york_2024-09-26,2024-09-26,2024-09-27,2
p80_p30_min2_sep7,New York,2024,pure_wind,new_york_2024-10-02,2024-10-02,2024-10-04,3
p80_p30_min2_sep7,New York,2024,pure_wind,new_york_2024-10-13,2024-10-13,2024-10-13,1
p80_p30_min2_sep7,New York,2024,pure_wind,new_york_2024-10-19,2024-10-19,2024-10-22,4
p80_p30_min2_sep7,New York,2024,pure_wind,new_york_2024-10-28,2024-10-28,2024-10-28,1
p80_p30_min2_sep7,New York,2025,pure_wind,new_york_2025-04-06,2025-04-06,2025-04-06,1
p80_p30_min2_sep7,New York,2025,pure_wind,new_york_2025-04-23,2025-04-23,2025-04-23,1
p80_p30_min2_sep7,New York,2025,pure_wind,new_york_2025-05-08,2025-05-08,2025-05-08,1
p80_p30_min2_sep7,New York,2025,pure_wind,new_york_2025-05-15,2025-05-15,2025-05-16,2
p80_p30_min2_sep7,New York,2025,pure_wind,new_york_2025-05-27,2025-05-27,2025-05-27,1
p80_p30_min2_sep7,New York,2025,pure_wind,new_york_2025-06-02,2025-06-02,2025-06-03,2
p80_p30_min2_sep7,New York,2025,pure_wind,new_york_2025-06-06,2025-06-06,2025-06-07,2
p80_p30_min2_sep7,New York,2025,pure_wind,new_york_2025-06-10,2025-06-10,2025-06-10,1
p80_p30_min2_sep7,New York,2025,pure_wind,new_york_2025-06-18,2025-06-18,2025-06-18,1
p80_p30_min2_sep7,New York,2025,pure_wind,new_york_2025-07-10,2025-07-10,2025-07-12,3
p80_p30_min2_sep7,New York,2025,pure_wind,new_york_2025-07-19,2025-07-19,2025-07-19,1
p80_p30_min2_sep7,New York,2025,pure_wind,new_york_2025-08-02,2025-08-02,2025-08-03,2
p80_p30_min2_sep7,New York,2025,pure_wind,new_york_2025-08-05,2025-08-05,2025-08-05,1
p80_p30_min2_sep7,New York,2025,pure_wind,new_york_2025-08-08,2025-08-08,2025-08-09,2
p80_p30_min2_sep7,New York,2025,pure_wind,new_york_2025-08-31,2025-08-31,2025-08-31,1
p80_p30_min2_sep7,New York,2025,pure_wind,new_york_2025-09-02,2025-09-02,2025-09-03,2
p80_p30_min2_sep7,New York,2025,pure_wind,new_york_2025-09-07,2025-09-07,2025-09-08,2
p80_p30_min2_sep7,New York,2025,pure_wind,new_york_2025-09-11,2025-09-11,2025-09-14,4
p80_p30_min2_sep7,New York,2025,pure_wind,new_york_2025-09-18,2025-09-18,2025-09-18,1
p80_p30_min2_sep7,New York,2025,pure_wind,new_york_2025-09-22,2025-09-22,2025-09-22,1
p80_p30_min2_sep7,New York,2025,pure_wind,new_york_2025-09-24,2025-09-24,2025-09-24,1
p80_p30_min2_sep7,New York,2025,pure_wind,new_york_2025-09-26,2025-09-26,2025-09-29,4
p80_p30_min2_sep7,New York,2025,pure_wind,new_york_2025-10-03,2025-10-03,2025-10-05,3
p80_p30_min2_sep7,New York,2025,pure_wind,new_york_2025-10-18,2025-10-18,2025-10-18,1
p80_p30_min2_sep7,New York,2025,pure_wind,new_york_2025-10-25,2025-10-25,2025-10-26,2
p80_p30_min2_sep7,Philadelphia,2019,low_wind,philadelphia_2019-04-06,2019-04-06,2019-04-06,1
p80_p30_min2_sep7,Philadelphia,2019,low_wind,philadelphia_2019-04-21,2019-04-21,2019-04-21,1
p80_p30_min2_sep7,Philadelphia,2019,low_wind,philadelphia_2019-04-25,2019-04-25,2019-04-25,1
p80_p30_min2_sep7,Philadelphia,2019,low_wind,philadelphia_2019-05-02,2019-05-02,2019-05-04,3
p80_p30_min2_sep7,Philadelphia,2019,low_wind,philadelphia_2019-05-22,2019-05-22,2019-05-22,1
p80_p30_min2_sep7,Philadelphia,2019,low_wind,philadelphia_2019-06-01,2019-06-01,2019-06-01,1
p80_p30_min2_sep7,Philadelphia,2019,low_wind,philadelphia_2019-06-07,2019-06-07,2019-06-07,1
p80_p30_min2_sep7,Philadelphia,2019,low_wind,philadelphia_2019-06-17,2019-06-17,2019-06-19,3
p80_p30_min2_sep7,Philadelphia,2019,low_wind,philadelphia_2019-06-24,2019-06-24,2019-06-24,1
p80_p30_min2_sep7,Philadelphia,2019,low_wind,philadelphia_2019-06-27,2019-06-27,2019-06-28,2
p80_p30_min2_sep7,Philadelphia,2019,low_wind,philadelphia_2019-07-01,2019-07-01,2019-07-01,1
p80_p30_min2_sep7,Philadelphia,2019,low_wind,philadelphia_2019-07-03,2019-07-03,2019-07-06,4
p80_p30_min2_sep7,Philadelphia,2019,low_wind,philadelphia_2019-07-08,2019-07-08,2019-07-09,2
p80_p30_min2_sep7,Philadelphia,2019,low_wind,philadelphia_2019-07-11,2019-07-11,2019-07-11,1
p80_p30_min2_sep7,Philadelphia,2019,low_wind,philadelphia_2019-07-13,2019-07-13,2019-07-13,1
p80_p30_min2_sep7,Philadelphia,2019,low_wind,philadelphia_2019-07-15,2019-07-15,2019-07-16,2
p80_p30_min2_sep7,Philadelphia,2019,low_wind,philadelphia_2019-07-18,2019-07-18,2019-07-18,1
p80_p30_min2_sep7,Philadelphia,2019,low_wind,philadelphia_2019-07-23,2019-07-23,2019-07-27,5
p80_p30_min2_sep7,Philadelphia,2019,low_wind,philadelphia_2019-07-31,2019-07-31,2019-08-06,7
p80_p30_min2_sep7,Philadelphia,2019,low_wind,philadelphia_2019-08-11,2019-08-11,2019-08-11,1
p80_p30_min2_sep7,Philadelphia,2019,low_wind,philadelphia_2019-08-13,2019-08-13,2019-08-20,8
p80_p30_min2_sep7,Philadelphia,2019,low_wind,philadelphia_2019-08-23,2019-08-23,2019-08-23,1
p80_p30_min2_sep7,Philadelphia,2019,low_wind,philadelphia_2019-08-27,2019-08-27,2019-08-28,2
p80_p30_min2_sep7,Philadelphia,2019,low_wind,philadelphia_2019-09-03,2019-09-03,2019-09-03,1
p80_p30_min2_sep7,Philadelphia,2019,low_wind,philadelphia_2019-09-08,2019-09-08,2019-09-09,2
p80_p30_min2_sep7,Philadelphia,2019,low_wind,philadelphia_2019-09-15,2019-09-15,2019-09-16,2
p80_p30_min2_sep7,Philadelphia,2019,low_wind,philadelphia_2019-09-19,2019-09-19,2019-09-19,1
p80_p30_min2_sep7,Philadelphia,2019,low_wind,philadelphia_2019-09-21,2019-09-21,2019-09-21,1
p80_p30_min2_sep7,Philadelphia,2019,low_wind,philadelphia_2019-09-25,2019-09-25,2019-09-25,1
p80_p30_min2_sep7,Philadelphia,2019,low_wind,philadelphia_2019-09-27,2019-09-27,2019-09-27,1
p80_p30_min2_sep7,Philadelphia,2019,low_wind,philadelphia_2019-10-12,2019-10-12,2019-10-15,4
p80_p30_min2_sep7,Philadelphia,2019,low_wind,philadelphia_2019-10-19,2019-10-19,2019-10-19,1
p80_p30_min2_sep7,Philadelphia,2019,low_wind,philadelphia_2019-10-24,2019-10-24,2019-10-25,2
p80_p30_min2_sep7,Philadelphia,2019,low_wind,philadelphia_2019-10-29,2019-10-29,2019-10-30,2
p80_p30_min2_sep7,Philadelphia,2020,low_wind,philadelphia_2020-04-25,2020-04-25,2020-04-25,1
p80_p30_min2_sep7,Philadelphia,2020,low_wind,philadelphia_2020-05-06,2020-05-06,2020-05-06,1
p80_p30_min2_sep7,Philadelphia,2020,low_wind,philadelphia_2020-05-13,2020-05-13,2020-05-13,1
p80_p30_min2_sep7,Philadelphia,2020,low_wind,philadelphia_2020-05-22,2020-05-22,2020-05-23,2
p80_p30_min2_sep7,Philadelphia,2020,low_wind,philadelphia_2020-05-25,2020-05-25,2020-05-27,3
p80_p30_min2_sep7,Philadelphia,2020,low_wind,philadelphia_2020-06-19,2020-06-19,2020-06-22,4
p80_p30_min2_sep7,Philadelphia,2020,low_wind,philadelphia_2020-06-25,2020-06-25,2020-06-25,1
p80_p30_min2_sep7,Philadelphia,2020,low_wind,philadelphia_2020-06-30,2020-06-30,2020-07-01,2
p80_p30_min2_sep7,Philadelphia,2020,low_wind,philadelphia_2020-07-04,2020-07-04,2020-07-04,1
p80_p30_min2_sep7,Philadelphia,2020,low_wind,philadelphia_2020-07-07,2020-07-07,2020-07-09,3
p80_p30_min2_sep7,Philadelphia,2020,low_wind,philadelphia_2020-07-18,2020-07-18,2020-07-18,1
p80_p30_min2_sep7,Philadelphia,2020,low_wind,philadelphia_2020-07-21,2020-07-21,2020-07-22,2
p80_p30_min2_sep7,Philadelphia,2020,low_wind,philadelphia_2020-07-24,2020-07-24,2020-07-25,2
p80_p30_min2_sep7,Philadelphia,2020,low_wind,philadelphia_2020-07-29,2020-07-29,2020-07-29,1
p80_p30_min2_sep7,Philadelphia,2020,low_wind,philadelphia_2020-07-31,2020-07-31,2020-07-31,1
p80_p30_min2_sep7,Philadelphia,2020,low_wind,philadelphia_2020-08-05,2020-08-05,2020-08-06,2
p80_p30_min2_sep7,Philadelphia,2020,low_wind,philadelphia_2020-08-08,2020-08-08,2020-08-10,3
p80_p30_min2_sep7,Philadelphia,2020,low_wind,philadelphia_2020-08-12,2020-08-12,2020-08-13,2
p80_p30_min2_sep7,Philadelphia,2020,low_wind,philadelphia_2020-08-17,2020-08-17,2020-08-20,4
p80_p30_min2_sep7,Philadelphia,2020,low_wind,philadelphia_2020-08-23,2020-08-23,2020-08-24,2
p80_p30_min2_sep7,Philadelphia,2020,low_wind,philadelphia_2020-08-31,2020-08-31,2020-08-31,1
p80_p30_min2_sep7,Philadelphia,2020,low_wind,philadelphia_2020-09-07,2020-09-07,2020-09-10,4
p80_p30_min2_sep7,Philadelphia,2020,low_wind,philadelphia_2020-09-15,2020-09-15,2020-09-17,3
p80_p30_min2_sep7,Philadelphia,2020,low_wind,philadelphia_2020-09-24,2020-09-24,2020-09-25,2
p80_p30_min2_sep7,Philadelphia,2020,low_wind,philadelphia_2020-09-27,2020-09-27,2020-09-27,1
p80_p30_min2_sep7,Philadelphia,2020,low_wind,philadelphia_2020-10-02,2020-10-02,2020-10-05,4
p80_p30_min2_sep7,Philadelphia,2020,low_wind,philadelphia_2020-10-20,2020-10-20,2020-10-23,4
p80_p30_min2_sep7,Philadelphia,2020,low_wind,philadelphia_2020-10-26,2020-10-26,2020-10-28,3
p80_p30_min2_sep7,Philadelphia,2020,low_wind,philadelphia_2020-10-31,2020-10-31,2020-10-31,1
p80_p30_min2_sep7,Philadelphia,2021,low_wind,philadelphia_2021-04-07,2021-04-07,2021-04-07,1
p80_p30_min2_sep7,Philadelphia,2021,low_wind,philadelphia_2021-04-10,2021-04-10,2021-04-10,1
p80_p30_min2_sep7,Philadelphia,2021,low_wind,philadelphia_2021-04-13,2021-04-13,2021-04-13,1
p80_p30_min2_sep7,Philadelphia,2021,low_wind,philadelphia_2021-04-18,2021-04-18,2021-04-18,1
p80_p30_min2_sep7,Philadelphia,2021,low_wind,philadelphia_2021-04-27,2021-04-27,2021-04-27,1
p80_p30_min2_sep7,Philadelphia,2021,low_wind,philadelphia_2021-05-03,2021-05-03,2021-05-03,1
p80_p30_min2_sep7,Philadelphia,2021,low_wind,philadelphia_2021-05-07,2021-05-07,2021-05-07,1
p80_p30_min2_sep7,Philadelphia,2021,low_wind,philadelphia_2021-05-14,2021-05-14,2021-05-17,4
p80_p30_min2_sep7,Philadelphia,2021,low_wind,philadelphia_2021-05-19,2021-05-19,2021-05-19,1
p80_p30_min2_sep7,Philadelphia,2021,low_wind,philadelphia_2021-05-21,2021-05-21,2021-05-21,1
p80_p30_min2_sep7,Philadelphia,2021,low_wind,philadelphia_2021-06-08,2021-06-08,2021-06-09,2
p80_p30_min2_sep7,Philadelphia,2021,low_wind,philadelphia_2021-06-12,2021-06-12,2021-06-13,2
p80_p30_min2_sep7,Philadelphia,2021,low_wind,philadelphia_2021-06-20,2021-06-20,2021-06-20,1
p80_p30_min2_sep7,Philadelphia,2021,low_wind,philadelphia_2021-06-23,2021-06-23,2021-06-23,1
p80_p30_min2_sep7,Philadelphia,2021,low_wind,philadelphia_2021-06-25,2021-06-25,2021-06-25,1
p80_p30_min2_sep7,Philadelphia,2021,low_wind,philadelphia_2021-07-01,2021-07-01,2021-07-04,4
p80_p30_min2_sep7,Philadelphia,2021,low_wind,philadelphia_2021-07-08,2021-07-08,2021-07-08,1
p80_p30_min2_sep7,Philadelphia,2021,low_wind,philadelphia_2021-07-14,2021-07-14,2021-07-17,4
p80_p30_min2_sep7,Philadelphia,2021,low_wind,philadelphia_2021-07-20,2021-07-20,2021-07-21,2
p80_p30_min2_sep7,Philadelphia,2021,low_wind,philadelphia_2021-07-23,2021-07-23,2021-07-24,2
p80_p30_min2_sep7,Philadelphia,2021,low_wind,philadelphia_2021-07-26,2021-07-26,2021-07-28,3
p80_p30_min2_sep7,Philadelphia,2021,low_wind,philadelphia_2021-07-31,2021-07-31,2021-08-01,2
p80_p30_min2_sep7,Philadelphia,2021,low_wind,philadelphia_2021-08-03,2021-08-03,2021-08-05,3
p80_p30_min2_sep7,Philadelphia,2021,low_wind,philadelphia_2021-08-07,2021-08-07,2021-08-07,1
p80_p30_min2_sep7,Philadelphia,2021,low_wind,philadelphia_2021-08-09,2021-08-09,2021-08-09,1
p80_p30_min2_sep7,Philadelphia,2021,low_wind,philadelphia_2021-08-13,2021-08-13,2021-08-13,1
p80_p30_min2_sep7,Philadelphia,2021,low_wind,philadelphia_2021-08-16,2021-08-16,2021-08-16,1
p80_p30_min2_sep7,Philadelphia,2021,low_wind,philadelphia_2021-08-20,2021-08-20,2021-08-21,2
p80_p30_min2_sep7,Philadelphia,2021,low_wind,philadelphia_2021-08-24,2021-08-24,2021-08-27,4
p80_p30_min2_sep7,Philadelphia,2021,low_wind,philadelphia_2021-08-29,2021-08-29,2021-08-31,3
p80_p30_min2_sep7,Philadelphia,2021,low_wind,philadelphia_2021-09-04,2021-09-04,2021-09-04,1
p80_p30_min2_sep7,Philadelphia,2021,low_wind,philadelphia_2021-09-09,2021-09-09,2021-09-09,1
p80_p30_min2_sep7,Philadelphia,2021,low_wind,philadelphia_2021-09-24,2021-09-24,2021-09-25,2
p80_p30_min2_sep7,Philadelphia,2021,low_wind,philadelphia_2021-10-01,2021-10-01,2021-10-01,1
p80_p30_min2_sep7,Philadelphia,2021,low_wind,philadelphia_2021-10-03,2021-10-03,2021-10-04,2
p80_p30_min2_sep7,Philadelphia,2021,low_wind,philadelphia_2021-10-06,2021-10-06,2021-10-08,3
p80_p30_min2_sep7,Philadelphia,2021,low_wind,philadelphia_2021-10-12,2021-10-12,2021-10-15,4
p80_p30_min2_sep7,Philadelphia,2021,low_wind,philadelphia_2021-10-23,2021-10-23,2021-10-24,2
p80_p30_min2_sep7,Philadelphia,2022,low_wind,philadelphia_2022-05-01,2022-05-01,2022-05-02,2
p80_p30_min2_sep7,Philadelphia,2022,low_wind,philadelphia_2022-05-04,2022-05-04,2022-05-04,1
p80_p30_min2_sep7,Philadelphia,2022,low_wind,philadelphia_2022-05-14,2022-05-14,2022-05-15,2
p80_p30_min2_sep7,Philadelphia,2022,low_wind,philadelphia_2022-05-29,2022-05-29,2022-05-29,1
p80_p30_min2_sep7,Philadelphia,2022,low_wind,philadelphia_2022-06-02,2022-06-02,2022-06-02,1
p80_p30_min2_sep7,Philadelphia,2022,low_wind,philadelphia_2022-06-04,2022-06-04,2022-06-04,1
p80_p30_min2_sep7,Philadelphia,2022,low_wind,philadelphia_2022-06-08,2022-06-08,2022-06-08,1
p80_p30_min2_sep7,Philadelphia,2022,low_wind,philadelphia_2022-06-11,2022-06-11,2022-06-11,1
p80_p30_min2_sep7,Philadelphia,2022,low_wind,philadelphia_2022-06-13,2022-06-13,2022-06-15,3
p80_p30_min2_sep7,Philadelphia,2022,low_wind,philadelphia_2022-06-21,2022-06-21,2022-06-21,1
p80_p30_min2_sep7,Philadelphia,2022,low_wind,philadelphia_2022-06-23,2022-06-23,2022-06-25,3
p80_p30_min2_sep7,Philadelphia,2022,low_wind,philadelphia_2022-06-30,2022-06-30,2022-06-30,1
p80_p30_min2_sep7,Philadelphia,2022,low_wind,philadelphia_2022-07-03,2022-07-03,2022-07-04,2
p80_p30_min2_sep7,Philadelphia,2022,low_wind,philadelphia_2022-07-08,2022-07-08,2022-07-09,2
p80_p30_min2_sep7,Philadelphia,2022,low_wind,philadelphia_2022-07-14,2022-07-14,2022-07-14,1
p80_p30_min2_sep7,Philadelphia,2022,low_wind,philadelphia_2022-07-16,2022-07-16,2022-07-17,2
p80_p30_min2_sep7,Philadelphia,2022,low_wind,philadelphia_2022-07-26,2022-07-26,2022-07-27,2
p80_p30_min2_sep7,Philadelphia,2022,low_wind,philadelphia_2022-07-29,2022-07-29,2022-07-29,1
p80_p30_min2_sep7,Philadelphia,2022,low_wind,philadelphia_2022-07-31,2022-07-31,2022-08-01,2
p80_p30_min2_sep7,Philadelphia,2022,low_wind,philadelphia_2022-08-05,2022-08-05,2022-08-05,1
p80_p30_min2_sep7,Philadelphia,2022,low_wind,philadelphia_2022-08-10,2022-08-10,2022-08-11,2
p80_p30_min2_sep7,Philadelphia,2022,low_wind,philadelphia_2022-08-15,2022-08-15,2022-08-15,1
p80_p30_min2_sep7,Philadelphia,2022,low_wind,philadelphia_2022-08-17,2022-08-17,2022-08-18,2
p80_p30_min2_sep7,Philadelphia,2022,low_wind,philadelphia_2022-08-22,2022-08-22,2022-08-23,2
p80_p30_min2_sep7,Philadelphia,2022,low_wind,philadelphia_2022-08-25,2022-08-25,2022-08-25,1
p80_p30_min2_sep7,Philadelphia,2022,low_wind,philadelphia_2022-08-27,2022-08-27,2022-08-27,1
p80_p30_min2_sep7,Philadelphia,2022,low_wind,philadelphia_2022-09-03,2022-09-03,2022-09-04,2
p80_p30_min2_sep7,Philadelphia,2022,low_wind,philadelphia_2022-09-09,2022-09-09,2022-09-12,4
p80_p30_min2_sep7,Philadelphia,2022,low_wind,philadelphia_2022-09-16,2022-09-16,2022-09-16,1
p80_p30_min2_sep7,Philadelphia,2022,low_wind,philadelphia_2022-09-21,2022-09-21,2022-09-21,1
p80_p30_min2_sep7,Philadelphia,2022,low_wind,philadelphia_2022-10-06,2022-10-06,2022-10-06,1
p80_p30_min2_sep7,Philadelphia,2022,low_wind,philadelphia_2022-10-11,2022-10-11,2022-10-11,1
p80_p30_min2_sep7,Philadelphia,2022,low_wind,philadelphia_2022-10-16,2022-10-16,2022-10-16,1
p80_p30_min2_sep7,Philadelphia,2022,low_wind,philadelphia_2022-10-21,2022-10-21,2022-10-22,2
p80_p30_min2_sep7,Philadelphia,2022,low_wind,philadelphia_2022-10-25,2022-10-25,2022-10-25,1
p80_p30_min2_sep7,Philadelphia,2022,low_wind,philadelphia_2022-10-30,2022-10-30,2022-10-31,2
p80_p30_min2_sep7,Philadelphia,2023,low_wind,philadelphia_2023-04-09,2023-04-09,2023-04-09,1
p80_p30_min2_sep7,Philadelphia,2023,low_wind,philadelphia_2023-04-15,2023-04-15,2023-04-16,2
p80_p30_min2_sep7,Philadelphia,2023,low_wind,philadelphia_2023-04-26,2023-04-26,2023-04-27,2
p80_p30_min2_sep7,Philadelphia,2023,low_wind,philadelphia_2023-05-05,2023-05-05,2023-05-06,2
p80_p30_min2_sep7,Philadelphia,2023,low_wind,philadelphia_2023-05-10,2023-05-10,2023-05-10,1
p80_p30_min2_sep7,Philadelphia,2023,low_wind,philadelphia_2023-05-20,2023-05-20,2023-05-20,1
p80_p30_min2_sep7,Philadelphia,2023,low_wind,philadelphia_2023-05-24,2023-05-24,2023-05-24,1
p80_p30_min2_sep7,Philadelphia,2023,low_wind,philadelphia_2023-05-26,2023-05-26,2023-05-28,3
p80_p30_min2_sep7,Philadelphia,2023,low_wind,philadelphia_2023-05-31,2023-05-31,2023-06-02,3
p80_p30_min2_sep7,Philadelphia,2023,low_wind,philadelphia_2023-06-16,2023-06-16,2023-06-16,1
p80_p30_min2_sep7,Philadelphia,2023,low_wind,philadelphia_2023-06-24,2023-06-24,2023-06-25,2
p80_p30_min2_sep7,Philadelphia,2023,low_wind,philadelphia_2023-06-27,2023-06-27,2023-06-27,1
p80_p30_min2_sep7,Philadelphia,2023,low_wind,philadelphia_2023-06-29,2023-06-29,2023-06-29,1
p80_p30_min2_sep7,Philadelphia,2023,low_wind,philadelphia_2023-07-04,2023-07-04,2023-07-09,6
p80_p30_min2_sep7,Philadelphia,2023,low_wind,philadelphia_2023-07-11,2023-07-11,2023-07-12,2
p80_p30_min2_sep7,Philadelphia,2023,low_wind,philadelphia_2023-07-15,2023-07-15,2023-07-16,2
p80_p30_min2_sep7,Philadelphia,2023,low_wind,philadelphia_2023-07-19,2023-07-19,2023-07-21,3
p80_p30_min2_sep7,Philadelphia,2023,low_wind,philadelphia_2023-07-23,2023-07-23,2023-07-23,1
p80_p30_min2_sep7,Philadelphia,2023,low_wind,philadelphia_2023-07-25,2023-07-25,2023-07-26,2
p80_p30_min2_sep7,Philadelphia,2023,low_wind,philadelphia_2023-07-31,2023-07-31,2023-07-31,1
p80_p30_min2_sep7,Philadelphia,2023,low_wind,philadelphia_2023-08-02,2023-08-02,2023-08-02,1
p80_p30_min2_sep7,Philadelphia,2023,low_wind,philadelphia_2023-08-05,2023-08-05,2023-08-05,1
p80_p30_min2_sep7,Philadelphia,2023,low_wind,philadelphia_2023-08-10,2023-08-10,2023-08-10,1
p80_p30_min2_sep7,Philadelphia,2023,low_wind,philadelphia_2023-08-14,2023-08-14,2023-08-14,1
p80_p30_min2_sep7,Philadelphia,2023,low_wind,philadelphia_2023-08-16,2023-08-16,2023-08-16,1
p80_p30_min2_sep7,Philadelphia,2023,low_wind,philadelphia_2023-08-20,2023-08-20,2023-08-21,2
p80_p30_min2_sep7,Philadelphia,2023,low_wind,philadelphia_2023-08-23,2023-08-23,2023-08-23,1
p80_p30_min2_sep7,Philadelphia,2023,low_wind,philadelphia_2023-08-25,2023-08-25,2023-08-27,3
p80_p30_min2_sep7,Philadelphia,2023,low_wind,philadelphia_2023-08-29,2023-08-29,2023-08-29,1
p80_p30_min2_sep7,Philadelphia,2023,low_wind,philadelphia_2023-09-02,2023-09-02,2023-09-02,1
p80_p30_min2_sep7,Philadelphia,2023,low_wind,philadelphia_2023-09-07,2023-09-07,2023-09-12,6
p80_p30_min2_sep7,Philadelphia,2023,low_wind,philadelphia_2023-09-17,2023-09-17,2023-09-17,1
p80_p30_min2_sep7,Philadelphia,2023,low_wind,philadelphia_2023-09-20,2023-09-20,2023-09-21,2
p80_p30_min2_sep7,Philadelphia,2023,low_wind,philadelphia_2023-10-03,2023-10-03,2023-10-04,2
p80_p30_min2_sep7,Philadelphia,2023,low_wind,philadelphia_2023-10-06,2023-10-06,2023-10-06,1
p80_p30_min2_sep7,Philadelphia,2023,low_wind,philadelphia_2023-10-10,2023-10-10,2023-10-12,3
p80_p30_min2_sep7,Philadelphia,2023,low_wind,philadelphia_2023-10-18,2023-10-18,2023-10-18,1
p80_p30_min2_sep7,Philadelphia,2023,low_wind,philadelphia_2023-10-24,2023-10-24,2023-10-24,1
p80_p30_min2_sep7,Philadelphia,2023,low_wind,philadelphia_2023-10-26,2023-10-26,2023-10-26,1
p80_p30_min2_sep7,Philadelphia,2024,low_wind,philadelphia_2024-04-01,2024-04-01,2024-04-01,1
p80_p30_min2_sep7,Philadelphia,2024,low_wind,philadelphia_2024-04-08,2024-04-08,2024-04-10,3
p80_p30_min2_sep7,Philadelphia,2024,low_wind,philadelphia_2024-04-28,2024-04-28,2024-04-28,1
p80_p30_min2_sep7,Philadelphia,2024,low_wind,philadelphia_2024-04-30,2024-04-30,2024-05-01,2
p80_p30_min2_sep7,Philadelphia,2024,low_wind,philadelphia_2024-05-06,2024-05-06,2024-05-07,2
p80_p30_min2_sep7,Philadelphia,2024,low_wind,philadelphia_2024-05-17,2024-05-17,2024-05-20,4
p80_p30_min2_sep7,Philadelphia,2024,low_wind,philadelphia_2024-05-24,2024-05-24,2024-05-26,3
p80_p30_min2_sep7,Philadelphia,2024,low_wind,philadelphia_2024-05-29,2024-05-29,2024-05-29,1
p80_p30_min2_sep7,Philadelphia,2024,low_wind,philadelphia_2024-06-03,2024-06-03,2024-06-03,1
p80_p30_min2_sep7,Philadelphia,2024,low_wind,philadelphia_2024-06-11,2024-06-11,2024-06-12,2
p80_p30_min2_sep7,Philadelphia,2024,low_wind,philadelphia_2024-07-07,2024-07-07,2024-07-08,2
p80_p30_min2_sep7,Philadelphia,2024,low_wind,philadelphia_2024-07-12,2024-07-12,2024-07-14,3
p80_p30_min2_sep7,Philadelphia,2024,low_wind,philadelphia_2024-07-18,2024-07-18,2024-07-18,1
p80_p30_min2_sep7,Philadelphia,2024,low_wind,philadelphia_2024-07-20,2024-07-20,2024-07-25,6
p80_p30_min2_sep7,Philadelphia,2024,low_wind,philadelphia_2024-07-27,2024-07-27,2024-07-28,2
p80_p30_min2_sep7,Philadelphia,2024,low_wind,philadelphia_2024-08-01,2024-08-01,2024-08-01,1
p80_p30_min2_sep7,Philadelphia,2024,low_wind,philadelphia_2024-08-03,2024-08-03,2024-08-03,1
p80_p30_min2_sep7,Philadelphia,2024,low_wind,philadelphia_2024-08-11,2024-08-11,2024-08-11,1
p80_p30_min2_sep7,Philadelphia,2024,low_wind,philadelphia_2024-08-15,2024-08-15,2024-08-16,2
p80_p30_min2_sep7,Philadelphia,2024,low_wind,philadelphia_2024-08-22,2024-08-22,2024-08-24,3
p80_p30_min2_sep7,Philadelphia,2024,low_wind,philadelphia_2024-08-26,2024-08-26,2024-08-27,2
p80_p30_min2_sep7,Philadelphia,2024,low_wind,philadelphia_2024-08-31,2024-08-31,2024-08-31,1
p80_p30_min2_sep7,Philadelphia,2024,low_wind,philadelphia_2024-09-04,2024-09-04,2024-09-04,1
p80_p30_min2_sep7,Philadelphia,2024,low_wind,philadelphia_2024-09-06,2024-09-06,2024-09-06,1
p80_p30_min2_sep7,Philadelphia,2024,low_wind,philadelphia_2024-09-11,2024-09-11,2024-09-13,3
p80_p30_min2_sep7,Philadelphia,2024,low_wind,philadelphia_2024-09-20,2024-09-20,2024-09-22,3
p80_p30_min2_sep7,Philadelphia,2024,low_wind,philadelphia_2024-09-26,2024-09-26,2024-09-26,1
p80_p30_min2_sep7,Philadelphia,2024,low_wind,philadelphia_2024-10-02,2024-10-02,2024-10-04,3
p80_p30_min2_sep7,Philadelphia,2024,low_wind,philadelphia_2024-10-19,2024-10-19,2024-10-22,4
p80_p30_min2_sep7,Philadelphia,2024,low_wind,philadelphia_2024-10-27,2024-10-27,2024-10-29,3
p80_p30_min2_sep7,Philadelphia,2025,low_wind,philadelphia_2025-04-14,2025-04-14,2025-04-14,1
p80_p30_min2_sep7,Philadelphia,2025,low_wind,philadelphia_2025-05-08,2025-05-08,2025-05-08,1
p80_p30_min2_sep7,Philadelphia,2025,low_wind,philadelphia_2025-05-15,2025-05-15,2025-05-16,2
p80_p30_min2_sep7,Philadelphia,2025,low_wind,philadelphia_2025-05-26,2025-05-26,2025-05-27,2
p80_p30_min2_sep7,Philadelphia,2025,low_wind,philadelphia_2025-05-30,2025-05-30,2025-05-30,1
p80_p30_min2_sep7,Philadelphia,2025,low_wind,philadelphia_2025-06-03,2025-06-03,2025-06-03,1
p80_p30_min2_sep7,Philadelphia,2025,low_wind,philadelphia_2025-06-06,2025-06-06,2025-06-07,2
p80_p30_min2_sep7,Philadelphia,2025,low_wind,philadelphia_2025-06-17,2025-06-17,2025-06-18,2
p80_p30_min2_sep7,Philadelphia,2025,low_wind,philadelphia_2025-06-28,2025-06-28,2025-06-30,3
p80_p30_min2_sep7,Philadelphia,2025,low_wind,philadelphia_2025-07-02,2025-07-02,2025-07-02,1
p80_p30_min2_sep7,Philadelphia,2025,low_wind,philadelphia_2025-07-04,2025-07-04,2025-07-05,2
p80_p30_min2_sep7,Philadelphia,2025,low_wind,philadelphia_2025-07-07,2025-07-07,2025-07-07,1
p80_p30_min2_sep7,Philadelphia,2025,low_wind,philadelphia_2025-07-09,2025-07-09,2025-07-12,4
p80_p30_min2_sep7,Philadelphia,2025,low_wind,philadelphia_2025-07-14,2025-07-14,2025-07-15,2
p80_p30_min2_sep7,Philadelphia,2025,low_wind,philadelphia_2025-07-19,2025-07-19,2025-07-19,1
p80_p30_min2_sep7,Philadelphia,2025,low_wind,philadelphia_2025-07-23,2025-07-23,2025-07-23,1
p80_p30_min2_sep7,Philadelphia,2025,low_wind,philadelphia_2025-07-28,2025-07-28,2025-07-30,3
p80_p30_min2_sep7,Philadelphia,2025,low_wind,philadelphia_2025-08-02,2025-08-02,2025-08-05,4
p80_p30_min2_sep7,Philadelphia,2025,low_wind,philadelphia_2025-08-09,2025-08-09,2025-08-14,6
p80_p30_min2_sep7,Philadelphia,2025,low_wind,philadelphia_2025-08-16,2025-08-16,2025-08-16,1
p80_p30_min2_sep7,Philadelphia,2025,low_wind,philadelphia_2025-08-31,2025-08-31,2025-08-31,1
p80_p30_min2_sep7,Philadelphia,2025,low_wind,philadelphia_2025-09-02,2025-09-02,2025-09-03,2
p80_p30_min2_sep7,Philadelphia,2025,low_wind,philadelphia_2025-09-07,2025-09-07,2025-09-07,1
p80_p30_min2_sep7,Philadelphia,2025,low_wind,philadelphia_2025-09-11,2025-09-11,2025-09-14,4
p80_p30_min2_sep7,Philadelphia,2025,low_wind,philadelphia_2025-09-18,2025-09-18,2025-09-18,1
p80_p30_min2_sep7,Philadelphia,2025,low_wind,philadelphia_2025-09-22,2025-09-22,2025-09-22,1
p80_p30_min2_sep7,Philadelphia,2025,low_wind,philadelphia_2025-09-24,2025-09-24,2025-09-24,1
p80_p30_min2_sep7,Philadelphia,2025,low_wind,philadelphia_2025-09-26,2025-09-26,2025-09-29,4
p80_p30_min2_sep7,Philadelphia,2025,low_wind,philadelphia_2025-10-03,2025-10-03,2025-10-05,3
p80_p30_min2_sep7,Philadelphia,2025,low_wind,philadelphia_2025-10-18,2025-10-18,2025-10-18,1
p80_p30_min2_sep7,Philadelphia,2025,low_wind,philadelphia_2025-10-25,2025-10-25,2025-10-26,2
p80_p30_min2_sep7,Philadelphia,2019,pure_wind,philadelphia_2019-04-06,2019-04-06,2019-04-06,1
p80_p30_min2_sep7,Philadelphia,2019,pure_wind,philadelphia_2019-04-21,2019-04-21,2019-04-21,1
p80_p30_min2_sep7,Philadelphia,2019,pure_wind,philadelphia_2019-04-25,2019-04-25,2019-04-25,1
p80_p30_min2_sep7,Philadelphia,2019,pure_wind,philadelphia_2019-05-02,2019-05-02,2019-05-04,3
p80_p30_min2_sep7,Philadelphia,2019,pure_wind,philadelphia_2019-05-22,2019-05-22,2019-05-22,1
p80_p30_min2_sep7,Philadelphia,2019,pure_wind,philadelphia_2019-06-01,2019-06-01,2019-06-01,1
p80_p30_min2_sep7,Philadelphia,2019,pure_wind,philadelphia_2019-06-07,2019-06-07,2019-06-07,1
p80_p30_min2_sep7,Philadelphia,2019,pure_wind,philadelphia_2019-06-17,2019-06-17,2019-06-19,3
p80_p30_min2_sep7,Philadelphia,2019,pure_wind,philadelphia_2019-06-24,2019-06-24,2019-06-24,1
p80_p30_min2_sep7,Philadelphia,2019,pure_wind,philadelphia_2019-07-01,2019-07-01,2019-07-01,1
p80_p30_min2_sep7,Philadelphia,2019,pure_wind,philadelphia_2019-07-06,2019-07-06,2019-07-06,1
p80_p30_min2_sep7,Philadelphia,2019,pure_wind,philadelphia_2019-07-08,2019-07-08,2019-07-08,1
p80_p30_min2_sep7,Philadelphia,2019,pure_wind,philadelphia_2019-07-11,2019-07-11,2019-07-11,1
p80_p30_min2_sep7,Philadelphia,2019,pure_wind,philadelphia_2019-07-13,2019-07-13,2019-07-13,1
p80_p30_min2_sep7,Philadelphia,2019,pure_wind,philadelphia_2019-07-15,2019-07-15,2019-07-15,1
p80_p30_min2_sep7,Philadelphia,2019,pure_wind,philadelphia_2019-07-18,2019-07-18,2019-07-18,1
p80_p30_min2_sep7,Philadelphia,2019,pure_wind,philadelphia_2019-07-23,2019-07-23,2019-07-26,4
p80_p30_min2_sep7,Philadelphia,2019,pure_wind,philadelphia_2019-08-01,2019-08-01,2019-08-02,2
p80_p30_min2_sep7,Philadelphia,2019,pure_wind,philadelphia_2019-08-05,2019-08-05,2019-08-06,2
p80_p30_min2_sep7,Philadelphia,2019,pure_wind,philadelphia_2019-08-11,2019-08-11,2019-08-11,1
p80_p30_min2_sep7,Philadelphia,2019,pure_wind,philadelphia_2019-08-13,2019-08-13,2019-08-16,4
p80_p30_min2_sep7,Philadelphia,2019,pure_wind,philadelphia_2019-08-23,2019-08-23,2019-08-23,1
p80_p30_min2_sep7,Philadelphia,2019,pure_wind,philadelphia_2019-08-27,2019-08-27,2019-08-28,2
p80_p30_min2_sep7,Philadelphia,2019,pure_wind,philadelphia_2019-09-03,2019-09-03,2019-09-03,1
p80_p30_min2_sep7,Philadelphia,2019,pure_wind,philadelphia_2019-09-08,2019-09-08,2019-09-09,2
p80_p30_min2_sep7,Philadelphia,2019,pure_wind,philadelphia_2019-09-15,2019-09-15,2019-09-16,2
p80_p30_min2_sep7,Philadelphia,2019,pure_wind,philadelphia_2019-09-19,2019-09-19,2019-09-19,1
p80_p30_min2_sep7,Philadelphia,2019,pure_wind,philadelphia_2019-09-21,2019-09-21,2019-09-21,1
p80_p30_min2_sep7,Philadelphia,2019,pure_wind,philadelphia_2019-09-25,2019-09-25,2019-09-25,1
p80_p30_min2_sep7,Philadelphia,2019,pure_wind,philadelphia_2019-09-27,2019-09-27,2019-09-27,1
p80_p30_min2_sep7,Philadelphia,2019,pure_wind,philadelphia_2019-10-12,2019-10-12,2019-10-15,4
p80_p30_min2_sep7,Philadelphia,2019,pure_wind,philadelphia_2019-10-19,2019-10-19,2019-10-19,1
p80_p30_min2_sep7,Philadelphia,2019,pure_wind,philadelphia_2019-10-24,2019-10-24,2019-10-25,2
p80_p30_min2_sep7,Philadelphia,2019,pure_wind,philadelphia_2019-10-29,2019-10-29,2019-10-30,2
p80_p30_min2_sep7,Philadelphia,2020,pure_wind,philadelphia_2020-04-25,2020-04-25,2020-04-25,1
p80_p30_min2_sep7,Philadelphia,2020,pure_wind,philadelphia_2020-05-06,2020-05-06,2020-05-06,1
p80_p30_min2_sep7,Philadelphia,2020,pure_wind,philadelphia_2020-05-13,2020-05-13,2020-05-13,1
p80_p30_min2_sep7,Philadelphia,2020,pure_wind,philadelphia_2020-05-22,2020-05-22,2020-05-23,2
p80_p30_min2_sep7,Philadelphia,2020,pure_wind,philadelphia_2020-05-25,2020-05-25,2020-05-27,3
p80_p30_min2_sep7,Philadelphia,2020,pure_wind,philadelphia_2020-06-19,2020-06-19,2020-06-21,3
p80_p30_min2_sep7,Philadelphia,2020,pure_wind,philadelphia_2020-06-25,2020-06-25,2020-06-25,1
p80_p30_min2_sep7,Philadelphia,2020,pure_wind,philadelphia_2020-06-30,2020-06-30,2020-07-01,2
p80_p30_min2_sep7,Philadelphia,2020,pure_wind,philadelphia_2020-07-07,2020-07-07,2020-07-08,2
p80_p30_min2_sep7,Philadelphia,2020,pure_wind,philadelphia_2020-07-24,2020-07-24,2020-07-24,1
p80_p30_min2_sep7,Philadelphia,2020,pure_wind,philadelphia_2020-07-31,2020-07-31,2020-07-31,1
p80_p30_min2_sep7,Philadelphia,2020,pure_wind,philadelphia_2020-08-05,2020-08-05,2020-08-06,2
p80_p30_min2_sep7,Philadelphia,2020,pure_wind,philadelphia_2020-08-08,2020-08-08,2020-08-09,2
p80_p30_min2_sep7,Philadelphia,2020,pure_wind,philadelphia_2020-08-13,2020-08-13,2020-08-13,1
p80_p30_min2_sep7,Philadelphia,2020,pure_wind,philadelphia_2020-08-17,2020-08-17,2020-08-20,4
p80_p30_min2_sep7,Philadelphia,2020,pure_wind,philadelphia_2020-08-23,2020-08-23,2020-08-23,1
p80_p30_min2_sep7,Philadelphia,2020,pure_wind,philadelphia_2020-08-31,2020-08-31,2020-08-31,1
p80_p30_min2_sep7,Philadelphia,2020,pure_wind,philadelphia_2020-09-07,2020-09-07,2020-09-10,4
p80_p30_min2_sep7,Philadelphia,2020,pure_wind,philadelphia_2020-09-15,2020-09-15,2020-09-17,3
p80_p30_min2_sep7,Philadelphia,2020,pure_wind,philadelphia_2020-09-24,2020-09-24,2020-09-25,2
p80_p30_min2_sep7,Philadelphia,2020,pure_wind,philadelphia_2020-09-27,2020-09-27,2020-09-27,1
p80_p30_min2_sep7,Philadelphia,2020,pure_wind,philadelphia_2020-10-02,2020-10-02,2020-10-05,4
p80_p30_min2_sep7,Philadelphia,2020,pure_wind,philadelphia_2020-10-20,2020-10-20,2020-10-23,4
p80_p30_min2_sep7,Philadelphia,2020,pure_wind,philadelphia_2020-10-26,2020-10-26,2020-10-28,3
p80_p30_min2_sep7,Philadelphia,2020,pure_wind,philadelphia_2020-10-31,2020-10-31,2020-10-31,1
p80_p30_min2_sep7,Philadelphia,2021,pure_wind,philadelphia_2021-04-07,2021-04-07,2021-04-07,1
p80_p30_min2_sep7,Philadelphia,2021,pure_wind,philadelphia_2021-04-10,2021-04-10,2021-04-10,1
p80_p30_min2_sep7,Philadelphia,2021,pure_wind,philadelphia_2021-04-13,2021-04-13,2021-04-13,1
p80_p30_min2_sep7,Philadelphia,2021,pure_wind,philadelphia_2021-04-18,2021-04-18,2021-04-18,1
p80_p30_min2_sep7,Philadelphia,2021,pure_wind,philadelphia_2021-04-27,2021-04-27,2021-04-27,1
p80_p30_min2_sep7,Philadelphia,2021,pure_wind,philadelphia_2021-05-03,2021-05-03,2021-05-03,1
p80_p30_min2_sep7,Philadelphia,2021,pure_wind,philadelphia_2021-05-07,2021-05-07,2021-05-07,1
p80_p30_min2_sep7,Philadelphia,2021,pure_wind,philadelphia_2021-05-14,2021-05-14,2021-05-17,4
p80_p30_min2_sep7,Philadelphia,2021,pure_wind,philadelphia_2021-05-21,2021-05-21,2021-05-21,1
p80_p30_min2_sep7,Philadelphia,2021,pure_wind,philadelphia_2021-06-12,2021-06-12,2021-06-13,2
p80_p30_min2_sep7,Philadelphia,2021,pure_wind,philadelphia_2021-06-23,2021-06-23,2021-06-23,1
p80_p30_min2_sep7,Philadelphia,2021,pure_wind,philadelphia_2021-06-25,2021-06-25,2021-06-25,1
p80_p30_min2_sep7,Philadelphia,2021,pure_wind,philadelphia_2021-07-01,2021-07-01,2021-07-04,4
p80_p30_min2_sep7,Philadelphia,2021,pure_wind,philadelphia_2021-07-21,2021-07-21,2021-07-21,1
p80_p30_min2_sep7,Philadelphia,2021,pure_wind,philadelphia_2021-07-23,2021-07-23,2021-07-24,2
p80_p30_min2_sep7,Philadelphia,2021,pure_wind,philadelphia_2021-07-28,2021-07-28,2021-07-28,1
p80_p30_min2_sep7,Philadelphia,2021,pure_wind,philadelphia_2021-07-31,2021-07-31,2021-08-01,2
p80_p30_min2_sep7,Philadelphia,2021,pure_wind,philadelphia_2021-08-03,2021-08-03,2021-08-05,3
p80_p30_min2_sep7,Philadelphia,2021,pure_wind,philadelphia_2021-08-07,2021-08-07,2021-08-07,1
p80_p30_min2_sep7,Philadelphia,2021,pure_wind,philadelphia_2021-08-09,2021-08-09,2021-08-09,1
p80_p30_min2_sep7,Philadelphia,2021,pure_wind,philadelphia_2021-08-16,2021-08-16,2021-08-16,1
p80_p30_min2_sep7,Philadelphia,2021,pure_wind,philadelphia_2021-08-20,2021-08-20,2021-08-21,2
p80_p30_min2_sep7,Philadelphia,2021,pure_wind,philadelphia_2021-08-29,2021-08-29,2021-08-29,1
p80_p30_min2_sep7,Philadelphia,2021,pure_wind,philadelphia_2021-08-31,2021-08-31,2021-08-31,1
p80_p30_min2_sep7,Philadelphia,2021,pure_wind,philadelphia_2021-09-04,2021-09-04,2021-09-04,1
p80_p30_min2_sep7,Philadelphia,2021,pure_wind,philadelphia_2021-09-09,2021-09-09,2021-09-09,1
p80_p30_min2_sep7,Philadelphia,2021,pure_wind,philadelphia_2021-09-24,2021-09-24,2021-09-25,2
p80_p30_min2_sep7,Philadelphia,2021,pure_wind,philadelphia_2021-10-01,2021-10-01,2021-10-01,1
p80_p30_min2_sep7,Philadelphia,2021,pure_wind,philadelphia_2021-10-03,2021-10-03,2021-10-04,2
p80_p30_min2_sep7,Philadelphia,2021,pure_wind,philadelphia_2021-10-06,2021-10-06,2021-10-08,3
p80_p30_min2_sep7,Philadelphia,2021,pure_wind,philadelphia_2021-10-12,2021-10-12,2021-10-15,4
p80_p30_min2_sep7,Philadelphia,2021,pure_wind,philadelphia_2021-10-23,2021-10-23,2021-10-24,2
p80_p30_min2_sep7,Philadelphia,2022,pure_wind,philadelphia_2022-05-01,2022-05-01,2022-05-02,2
p80_p30_min2_sep7,Philadelphia,2022,pure_wind,philadelphia_2022-05-04,2022-05-04,2022-05-04,1
p80_p30_min2_sep7,Philadelphia,2022,pure_wind,philadelphia_2022-05-14,2022-05-14,2022-05-15,2
p80_p30_min2_sep7,Philadelphia,2022,pure_wind,philadelphia_2022-05-29,2022-05-29,2022-05-29,1
p80_p30_min2_sep7,Philadelphia,2022,pure_wind,philadelphia_2022-06-02,2022-06-02,2022-06-02,1
p80_p30_min2_sep7,Philadelphia,2022,pure_wind,philadelphia_2022-06-04,2022-06-04,2022-06-04,1
p80_p30_min2_sep7,Philadelphia,2022,pure_wind,philadelphia_2022-06-08,2022-06-08,2022-06-08,1
p80_p30_min2_sep7,Philadelphia,2022,pure_wind,philadelphia_2022-06-11,2022-06-11,2022-06-11,1
p80_p30_min2_sep7,Philadelphia,2022,pure_wind,philadelphia_2022-06-14,2022-06-14,2022-06-15,2
p80_p30_min2_sep7,Philadelphia,2022,pure_wind,philadelphia_2022-06-21,2022-06-21,2022-06-21,1
p80_p30_min2_sep7,Philadelphia,2022,pure_wind,philadelphia_2022-06-23,2022-06-23,2022-06-24,2
p80_p30_min2_sep7,Philadelphia,2022,pure_wind,philadelphia_2022-07-03,2022-07-03,2022-07-04,2
p80_p30_min2_sep7,Philadelphia,2022,pure_wind,philadelphia_2022-07-08,2022-07-08,2022-07-09,2
p80_p30_min2_sep7,Philadelphia,2022,pure_wind,philadelphia_2022-07-16,2022-07-16,2022-07-17,2
p80_p30_min2_sep7,Philadelphia,2022,pure_wind,philadelphia_2022-07-26,2022-07-26,2022-07-27,2
p80_p30_min2_sep7,Philadelphia,2022,pure_wind,philadelphia_2022-07-29,2022-07-29,2022-07-29,1
p80_p30_min2_sep7,Philadelphia,2022,pure_wind,philadelphia_2022-07-31,2022-07-31,2022-08-01,2
p80_p30_min2_sep7,Philadelphia,2022,pure_wind,philadelphia_2022-08-15,2022-08-15,2022-08-15,1
p80_p30_min2_sep7,Philadelphia,2022,pure_wind,philadelphia_2022-08-17,2022-08-17,2022-08-18,2
p80_p30_min2_sep7,Philadelphia,2022,pure_wind,philadelphia_2022-08-22,2022-08-22,2022-08-23,2
p80_p30_min2_sep7,Philadelphia,2022,pure_wind,philadelphia_2022-09-03,2022-09-03,2022-09-03,1
p80_p30_min2_sep7,Philadelphia,2022,pure_wind,philadelphia_2022-09-09,2022-09-09,2022-09-12,4
p80_p30_min2_sep7,Philadelphia,2022,pure_wind,philadelphia_2022-09-16,2022-09-16,2022-09-16,1
p80_p30_min2_sep7,Philadelphia,2022,pure_wind,philadelphia_2022-09-21,2022-09-21,2022-09-21,1
p80_p30_min2_sep7,Philadelphia,2022,pure_wind,philadelphia_2022-10-06,2022-10-06,2022-10-06,1
p80_p30_min2_sep7,Philadelphia,2022,pure_wind,philadelphia_2022-10-11,2022-10-11,2022-10-11,1
p80_p30_min2_sep7,Philadelphia,2022,pure_wind,philadelphia_2022-10-16,2022-10-16,2022-10-16,1
p80_p30_min2_sep7,Philadelphia,2022,pure_wind,philadelphia_2022-10-21,2022-10-21,2022-10-22,2
p80_p30_min2_sep7,Philadelphia,2022,pure_wind,philadelphia_2022-10-25,2022-10-25,2022-10-25,1
p80_p30_min2_sep7,Philadelphia,2022,pure_wind,philadelphia_2022-10-30,2022-10-30,2022-10-31,2
p80_p30_min2_sep7,Philadelphia,2023,pure_wind,philadelphia_2023-04-09,2023-04-09,2023-04-09,1
p80_p30_min2_sep7,Philadelphia,2023,pure_wind,philadelphia_2023-04-15,2023-04-15,2023-04-16,2
p80_p30_min2_sep7,Philadelphia,2023,pure_wind,philadelphia_2023-04-26,2023-04-26,2023-04-27,2
p80_p30_min2_sep7,Philadelphia,2023,pure_wind,philadelphia_2023-05-05,2023-05-05,2023-05-06,2
p80_p30_min2_sep7,Philadelphia,2023,pure_wind,philadelphia_2023-05-10,2023-05-10,2023-05-10,1
p80_p30_min2_sep7,Philadelphia,2023,pure_wind,philadelphia_2023-05-20,2023-05-20,2023-05-20,1
p80_p30_min2_sep7,Philadelphia,2023,pure_wind,philadelphia_2023-05-24,2023-05-24,2023-05-24,1
p80_p30_min2_sep7,Philadelphia,2023,pure_wind,philadelphia_2023-05-26,2023-05-26,2023-05-28,3
p80_p30_min2_sep7,Philadelphia,2023,pure_wind,philadelphia_2023-05-31,2023-05-31,2023-05-31,1
p80_p30_min2_sep7,Philadelphia,2023,pure_wind,philadelphia_2023-06-16,2023-06-16,2023-06-16,1
p80_p30_min2_sep7,Philadelphia,2023,pure_wind,philadelphia_2023-06-24,2023-06-24,2023-06-25,2
p80_p30_min2_sep7,Philadelphia,2023,pure_wind,philadelphia_2023-06-27,2023-06-27,2023-06-27,1
p80_p30_min2_sep7,Philadelphia,2023,pure_wind,philadelphia_2023-06-29,2023-06-29,2023-06-29,1
p80_p30_min2_sep7,Philadelphia,2023,pure_wind,philadelphia_2023-07-04,2023-07-04,2023-07-04,1
p80_p30_min2_sep7,Philadelphia,2023,pure_wind,philadelphia_2023-07-08,2023-07-08,2023-07-09,2
p80_p30_min2_sep7,Philadelphia,2023,pure_wind,philadelphia_2023-07-16,2023-07-16,2023-07-16,1
p80_p30_min2_sep7,Philadelphia,2023,pure_wind,philadelphia_2023-07-19,2023-07-19,2023-07-21,3
p80_p30_min2_sep7,Philadelphia,2023,pure_wind,philadelphia_2023-07-23,2023-07-23,2023-07-23,1
p80_p30_min2_sep7,Philadelphia,2023,pure_wind,philadelphia_2023-07-25,2023-07-25,2023-07-25,1
p80_p30_min2_sep7,Philadelphia,2023,pure_wind,philadelphia_2023-07-31,2023-07-31,2023-07-31,1
p80_p30_min2_sep7,Philadelphia,2023,pure_wind,philadelphia_2023-08-02,2023-08-02,2023-08-02,1
p80_p30_min2_sep7,Philadelphia,2023,pure_wind,philadelphia_2023-08-05,2023-08-05,2023-08-05,1
p80_p30_min2_sep7,Philadelphia,2023,pure_wind,philadelphia_2023-08-10,2023-08-10,2023-08-10,1
p80_p30_min2_sep7,Philadelphia,2023,pure_wind,philadelphia_2023-08-16,2023-08-16,2023-08-16,1
p80_p30_min2_sep7,Philadelphia,2023,pure_wind,philadelphia_2023-08-20,2023-08-20,2023-08-20,1
p80_p30_min2_sep7,Philadelphia,2023,pure_wind,philadelphia_2023-08-23,2023-08-23,2023-08-23,1
p80_p30_min2_sep7,Philadelphia,2023,pure_wind,philadelphia_2023-08-25,2023-08-25,2023-08-27,3
p80_p30_min2_sep7,Philadelphia,2023,pure_wind,philadelphia_2023-08-29,2023-08-29,2023-08-29,1
p80_p30_min2_sep7,Philadelphia,2023,pure_wind,philadelphia_2023-09-02,2023-09-02,2023-09-02,1
p80_p30_min2_sep7,Philadelphia,2023,pure_wind,philadelphia_2023-09-09,2023-09-09,2023-09-12,4
p80_p30_min2_sep7,Philadelphia,2023,pure_wind,philadelphia_2023-09-17,2023-09-17,2023-09-17,1
p80_p30_min2_sep7,Philadelphia,2023,pure_wind,philadelphia_2023-09-20,2023-09-20,2023-09-21,2
p80_p30_min2_sep7,Philadelphia,2023,pure_wind,philadelphia_2023-10-03,2023-10-03,2023-10-04,2
p80_p30_min2_sep7,Philadelphia,2023,pure_wind,philadelphia_2023-10-06,2023-10-06,2023-10-06,1
p80_p30_min2_sep7,Philadelphia,2023,pure_wind,philadelphia_2023-10-10,2023-10-10,2023-10-12,3
p80_p30_min2_sep7,Philadelphia,2023,pure_wind,philadelphia_2023-10-18,2023-10-18,2023-10-18,1
p80_p30_min2_sep7,Philadelphia,2023,pure_wind,philadelphia_2023-10-24,2023-10-24,2023-10-24,1
p80_p30_min2_sep7,Philadelphia,2023,pure_wind,philadelphia_2023-10-26,2023-10-26,2023-10-26,1
p80_p30_min2_sep7,Philadelphia,2024,pure_wind,philadelphia_2024-04-01,2024-04-01,2024-04-01,1
p80_p30_min2_sep7,Philadelphia,2024,pure_wind,philadelphia_2024-04-08,2024-04-08,2024-04-10,3
p80_p30_min2_sep7,Philadelphia,2024,pure_wind,philadelphia_2024-04-28,2024-04-28,2024-04-28,1
p80_p30_min2_sep7,Philadelphia,2024,pure_wind,philadelphia_2024-04-30,2024-04-30,2024-05-01,2
p80_p30_min2_sep7,Philadelphia,2024,pure_wind,philadelphia_2024-05-06,2024-05-06,2024-05-07,2
p80_p30_min2_sep7,Philadelphia,2024,pure_wind,philadelphia_2024-05-17,2024-05-17,2024-05-20,4
p80_p30_min2_sep7,Philadelphia,2024,pure_wind,philadelphia_2024-05-24,2024-05-24,2024-05-26,3
p80_p30_min2_sep7,Philadelphia,2024,pure_wind,philadelphia_2024-05-29,2024-05-29,2024-05-29,1
p80_p30_min2_sep7,Philadelphia,2024,pure_wind,philadelphia_2024-06-03,2024-06-03,2024-06-03,1
p80_p30_min2_sep7,Philadelphia,2024,pure_wind,philadelphia_2024-06-11,2024-06-11,2024-06-12,2
p80_p30_min2_sep7,Philadelphia,2024,pure_wind,philadelphia_2024-07-12,2024-07-12,2024-07-12,1
p80_p30_min2_sep7,Philadelphia,2024,pure_wind,philadelphia_2024-07-18,2024-07-18,2024-07-18,1
p80_p30_min2_sep7,Philadelphia,2024,pure_wind,philadelphia_2024-07-20,2024-07-20,2024-07-25,6
p80_p30_min2_sep7,Philadelphia,2024,pure_wind,philadelphia_2024-07-27,2024-07-27,2024-07-27,1
p80_p30_min2_sep7,Philadelphia,2024,pure_wind,philadelphia_2024-08-11,2024-08-11,2024-08-11,1
p80_p30_min2_sep7,Philadelphia,2024,pure_wind,philadelphia_2024-08-15,2024-08-15,2024-08-15,1
p80_p30_min2_sep7,Philadelphia,2024,pure_wind,philadelphia_2024-08-22,2024-08-22,2024-08-24,3
p80_p30_min2_sep7,Philadelphia,2024,pure_wind,philadelphia_2024-08-26,2024-08-26,2024-08-26,1
p80_p30_min2_sep7,Philadelphia,2024,pure_wind,philadelphia_2024-08-31,2024-08-31,2024-08-31,1
p80_p30_min2_sep7,Philadelphia,2024,pure_wind,philadelphia_2024-09-04,2024-09-04,2024-09-04,1
p80_p30_min2_sep7,Philadelphia,2024,pure_wind,philadelphia_2024-09-06,2024-09-06,2024-09-06,1
p80_p30_min2_sep7,Philadelphia,2024,pure_wind,philadelphia_2024-09-11,2024-09-11,2024-09-13,3
p80_p30_min2_sep7,Philadelphia,2024,pure_wind,philadelphia_2024-09-20,2024-09-20,2024-09-22,3
p80_p30_min2_sep7,Philadelphia,2024,pure_wind,philadelphia_2024-09-26,2024-09-26,2024-09-26,1
p80_p30_min2_sep7,Philadelphia,2024,pure_wind,philadelphia_2024-10-02,2024-10-02,2024-10-04,3
p80_p30_min2_sep7,Philadelphia,2024,pure_wind,philadelphia_2024-10-19,2024-10-19,2024-10-22,4
p80_p30_min2_sep7,Philadelphia,2024,pure_wind,philadelphia_2024-10-27,2024-10-27,2024-10-29,3
p80_p30_min2_sep7,Philadelphia,2025,pure_wind,philadelphia_2025-04-14,2025-04-14,2025-04-14,1
p80_p30_min2_sep7,Philadelphia,2025,pure_wind,philadelphia_2025-05-08,2025-05-08,2025-05-08,1
p80_p30_min2_sep7,Philadelphia,2025,pure_wind,philadelphia_2025-05-15,2025-05-15,2025-05-16,2
p80_p30_min2_sep7,Philadelphia,2025,pure_wind,philadelphia_2025-05-26,2025-05-26,2025-05-27,2
p80_p30_min2_sep7,Philadelphia,2025,pure_wind,philadelphia_2025-05-30,2025-05-30,2025-05-30,1
p80_p30_min2_sep7,Philadelphia,2025,pure_wind,philadelphia_2025-06-03,2025-06-03,2025-06-03,1
p80_p30_min2_sep7,Philadelphia,2025,pure_wind,philadelphia_2025-06-06,2025-06-06,2025-06-07,2
p80_p30_min2_sep7,Philadelphia,2025,pure_wind,philadelphia_2025-06-17,2025-06-17,2025-06-18,2
p80_p30_min2_sep7,Philadelphia,2025,pure_wind,philadelphia_2025-06-28,2025-06-28,2025-06-28,1
p80_p30_min2_sep7,Philadelphia,2025,pure_wind,philadelphia_2025-07-02,2025-07-02,2025-07-02,1
p80_p30_min2_sep7,Philadelphia,2025,pure_wind,philadelphia_2025-07-04,2025-07-04,2025-07-04,1
p80_p30_min2_sep7,Philadelphia,2025,pure_wind,philadelphia_2025-07-10,2025-07-10,2025-07-10,1
p80_p30_min2_sep7,Philadelphia,2025,pure_wind,philadelphia_2025-07-19,2025-07-19,2025-07-19,1
p80_p30_min2_sep7,Philadelphia,2025,pure_wind,philadelphia_2025-07-23,2025-07-23,2025-07-23,1
p80_p30_min2_sep7,Philadelphia,2025,pure_wind,philadelphia_2025-08-02,2025-08-02,2025-08-05,4
p80_p30_min2_sep7,Philadelphia,2025,pure_wind,philadelphia_2025-08-09,2025-08-09,2025-08-11,3
p80_p30_min2_sep7,Philadelphia,2025,pure_wind,philadelphia_2025-08-16,2025-08-16,2025-08-16,1
p80_p30_min2_sep7,Philadelphia,2025,pure_wind,philadelphia_2025-08-31,2025-08-31,2025-08-31,1
p80_p30_min2_sep7,Philadelphia,2025,pure_wind,philadelphia_2025-09-02,2025-09-02,2025-09-03,2
p80_p30_min2_sep7,Philadelphia,2025,pure_wind,philadelphia_2025-09-07,2025-09-07,2025-09-07,1
p80_p30_min2_sep7,Philadelphia,2025,pure_wind,philadelphia_2025-09-11,2025-09-11,2025-09-14,4
p80_p30_min2_sep7,Philadelphia,2025,pure_wind,philadelphia_2025-09-18,2025-09-18,2025-09-18,1
p80_p30_min2_sep7,Philadelphia,2025,pure_wind,philadelphia_2025-09-22,2025-09-22,2025-09-22,1
p80_p30_min2_sep7,Philadelphia,2025,pure_wind,philadelphia_2025-09-24,2025-09-24,2025-09-24,1
p80_p30_min2_sep7,Philadelphia,2025,pure_wind,philadelphia_2025-09-26,2025-09-26,2025-09-29,4
p80_p30_min2_sep7,Philadelphia,2025,pure_wind,philadelphia_2025-10-03,2025-10-03,2025-10-05,3
p80_p30_min2_sep7,Philadelphia,2025,pure_wind,philadelphia_2025-10-18,2025-10-18,2025-10-18,1
p80_p30_min2_sep7,Philadelphia,2025,pure_wind,philadelphia_2025-10-25,2025-10-25,2025-10-26,2
p80_p30_min2_sep7,Phoenix,2019,low_wind,phoenix_2019-04-06,2019-04-06,2019-04-06,1
p80_p30_min2_sep7,Phoenix,2019,low_wind,phoenix_2019-04-13,2019-04-13,2019-04-14,2
p80_p30_min2_sep7,Phoenix,2019,low_wind,phoenix_2019-04-17,2019-04-17,2019-04-18,2
p80_p30_min2_sep7,Phoenix,2019,low_wind,phoenix_2019-04-22,2019-04-22,2019-04-22,1
p80_p30_min2_sep7,Phoenix,2019,low_wind,phoenix_2019-04-25,2019-04-25,2019-04-25,1
p80_p30_min2_sep7,Phoenix,2019,low_wind,phoenix_2019-05-01,2019-05-01,2019-05-02,2
p80_p30_min2_sep7,Phoenix,2019,low_wind,phoenix_2019-05-05,2019-05-05,2019-05-05,1
p80_p30_min2_sep7,Phoenix,2019,low_wind,phoenix_2019-05-11,2019-05-11,2019-05-11,1
p80_p30_min2_sep7,Phoenix,2019,low_wind,phoenix_2019-05-13,2019-05-13,2019-05-14,2
p80_p30_min2_sep7,Phoenix,2019,low_wind,phoenix_2019-05-18,2019-05-18,2019-05-18,1
p80_p30_min2_sep7,Phoenix,2019,low_wind,phoenix_2019-05-24,2019-05-24,2019-05-24,1
p80_p30_min2_sep7,Phoenix,2019,low_wind,phoenix_2019-05-28,2019-05-28,2019-05-30,3
p80_p30_min2_sep7,Phoenix,2019,low_wind,phoenix_2019-06-08,2019-06-08,2019-06-09,2
p80_p30_min2_sep7,Phoenix,2019,low_wind,phoenix_2019-06-15,2019-06-15,2019-06-15,1
p80_p30_min2_sep7,Phoenix,2019,low_wind,phoenix_2019-06-24,2019-06-24,2019-06-24,1
p80_p30_min2_sep7,Phoenix,2019,low_wind,phoenix_2019-06-27,2019-06-27,2019-06-27,1
p80_p30_min2_sep7,Phoenix,2019,low_wind,phoenix_2019-07-05,2019-07-05,2019-07-06,2
p80_p30_min2_sep7,Phoenix,2019,low_wind,phoenix_2019-07-09,2019-07-09,2019-07-09,1
p80_p30_min2_sep7,Phoenix,2019,low_wind,phoenix_2019-07-23,2019-07-23,2019-07-24,2
p80_p30_min2_sep7,Phoenix,2019,low_wind,phoenix_2019-07-31,2019-07-31,2019-08-02,3
p80_p30_min2_sep7,Phoenix,2019,low_wind,phoenix_2019-08-04,2019-08-04,2019-08-04,1
p80_p30_min2_sep7,Phoenix,2019,low_wind,phoenix_2019-08-06,2019-08-06,2019-08-06,1
p80_p30_min2_sep7,Phoenix,2019,low_wind,phoenix_2019-08-11,2019-08-11,2019-08-12,2
p80_p30_min2_sep7,Phoenix,2019,low_wind,phoenix_2019-08-14,2019-08-14,2019-08-14,1
p80_p30_min2_sep7,Phoenix,2019,low_wind,phoenix_2019-08-17,2019-08-17,2019-08-19,3
p80_p30_min2_sep7,Phoenix,2019,low_wind,phoenix_2019-09-01,2019-09-01,2019-09-01,1
p80_p30_min2_sep7,Phoenix,2019,low_wind,phoenix_2019-09-11,2019-09-11,2019-09-12,2
p80_p30_min2_sep7,Phoenix,2019,low_wind,phoenix_2019-09-17,2019-09-17,2019-09-17,1
p80_p30_min2_sep7,Phoenix,2019,low_wind,phoenix_2019-09-21,2019-09-21,2019-09-22,2
p80_p30_min2_sep7,Phoenix,2019,low_wind,phoenix_2019-09-25,2019-09-25,2019-09-28,4
p80_p30_min2_sep7,Phoenix,2019,low_wind,phoenix_2019-09-30,2019-09-30,2019-10-06,7
p80_p30_min2_sep7,Phoenix,2019,low_wind,phoenix_2019-10-08,2019-10-08,2019-10-08,1
p80_p30_min2_sep7,Phoenix,2019,low_wind,phoenix_2019-10-13,2019-10-13,2019-10-15,3
p80_p30_min2_sep7,Phoenix,2019,low_wind,phoenix_2019-10-19,2019-10-19,2019-10-19,1
p80_p30_min2_sep7,Phoenix,2019,low_wind,phoenix_2019-10-23,2019-10-23,2019-10-23,1
p80_p30_min2_sep7,Phoenix,2019,low_wind,phoenix_2019-10-26,2019-10-26,2019-10-26,1
p80_p30_min2_sep7,Phoenix,2020,low_wind,phoenix_2020-04-01,2020-04-01,2020-04-01,1
p80_p30_min2_sep7,Phoenix,2020,low_wind,phoenix_2020-04-09,2020-04-09,2020-04-10,2
p80_p30_min2_sep7,Phoenix,2020,low_wind,phoenix_2020-04-16,2020-04-16,2020-04-16,1
p80_p30_min2_sep7,Phoenix,2020,low_wind,phoenix_2020-04-28,2020-04-28,2020-04-29,2
p80_p30_min2_sep7,Phoenix,2020,low_wind,phoenix_2020-05-04,2020-05-04,2020-05-04,1
p80_p30_min2_sep7,Phoenix,2020,low_wind,phoenix_2020-05-15,2020-05-15,2020-05-15,1
p80_p30_min2_sep7,Phoenix,2020,low_wind,phoenix_2020-05-21,2020-05-21,2020-05-21,1
p80_p30_min2_sep7,Phoenix,2020,low_wind,phoenix_2020-06-04,2020-06-04,2020-06-04,1
p80_p30_min2_sep7,Phoenix,2020,low_wind,phoenix_2020-07-03,2020-07-03,2020-07-03,1
p80_p30_min2_sep7,Phoenix,2020,low_wind,phoenix_2020-07-25,2020-07-25,2020-07-26,2
p80_p30_min2_sep7,Phoenix,2020,low_wind,phoenix_2020-08-07,2020-08-07,2020-08-07,1
p80_p30_min2_sep7,Phoenix,2020,low_wind,phoenix_2020-08-19,2020-08-19,2020-08-19,1
p80_p30_min2_sep7,Phoenix,2020,low_wind,phoenix_2020-08-23,2020-08-23,2020-08-23,1
p80_p30_min2_sep7,Phoenix,2020,low_wind,phoenix_2020-08-27,2020-08-27,2020-08-27,1
p80_p30_min2_sep7,Phoenix,2020,low_wind,phoenix_2020-09-04,2020-09-04,2020-09-04,1
p80_p30_min2_sep7,Phoenix,2020,low_wind,phoenix_2020-09-11,2020-09-11,2020-09-12,2
p80_p30_min2_sep7,Phoenix,2020,low_wind,phoenix_2020-09-16,2020-09-16,2020-09-17,2
p80_p30_min2_sep7,Phoenix,2020,low_wind,phoenix_2020-09-20,2020-09-20,2020-09-20,1
p80_p30_min2_sep7,Phoenix,2020,low_wind,phoenix_2020-09-22,2020-09-22,2020-09-22,1
p80_p30_min2_sep7,Phoenix,2020,low_wind,phoenix_2020-09-25,2020-09-25,2020-09-25,1
p80_p30_min2_sep7,Phoenix,2020,low_wind,phoenix_2020-09-27,2020-09-27,2020-09-28,2
p80_p30_min2_sep7,Phoenix,2020,low_wind,phoenix_2020-09-30,2020-09-30,2020-09-30,1
p80_p30_min2_sep7,Phoenix,2020,low_wind,phoenix_2020-10-07,2020-10-07,2020-10-08,2
p80_p30_min2_sep7,Phoenix,2020,low_wind,phoenix_2020-10-12,2020-10-12,2020-10-13,2
p80_p30_min2_sep7,Phoenix,2020,low_wind,phoenix_2020-10-15,2020-10-15,2020-10-15,1
p80_p30_min2_sep7,Phoenix,2020,low_wind,phoenix_2020-10-17,2020-10-17,2020-10-24,8
p80_p30_min2_sep7,Phoenix,2020,low_wind,phoenix_2020-10-28,2020-10-28,2020-10-28,1
p80_p30_min2_sep7,Phoenix,2020,low_wind,phoenix_2020-10-31,2020-10-31,2020-10-31,1
p80_p30_min2_sep7,Phoenix,2021,low_wind,phoenix_2021-04-03,2021-04-03,2021-04-03,1
p80_p30_min2_sep7,Phoenix,2021,low_wind,phoenix_2021-04-29,2021-04-29,2021-04-29,1
p80_p30_min2_sep7,Phoenix,2021,low_wind,phoenix_2021-05-04,2021-05-04,2021-05-05,2
p80_p30_min2_sep7,Phoenix,2021,low_wind,phoenix_2021-05-12,2021-05-12,2021-05-12,1
p80_p30_min2_sep7,Phoenix,2021,low_wind,phoenix_2021-05-23,2021-05-23,2021-05-26,4
p80_p30_min2_sep7,Phoenix,2021,low_wind,phoenix_2021-05-28,2021-05-28,2021-05-28,1
p80_p30_min2_sep7,Phoenix,2021,low_wind,phoenix_2021-06-09,2021-06-09,2021-06-09,1
p80_p30_min2_sep7,Phoenix,2021,low_wind,phoenix_2021-06-11,2021-06-11,2021-06-12,2
p80_p30_min2_sep7,Phoenix,2021,low_wind,phoenix_2021-07-01,2021-07-01,2021-07-02,2
p80_p30_min2_sep7,Phoenix,2021,low_wind,phoenix_2021-07-04,2021-07-04,2021-07-04,1
p80_p30_min2_sep7,Phoenix,2021,low_wind,phoenix_2021-07-07,2021-07-07,2021-07-08,2
p80_p30_min2_sep7,Phoenix,2021,low_wind,phoenix_2021-07-13,2021-07-13,2021-07-13,1
p80_p30_min2_sep7,Phoenix,2021,low_wind,phoenix_2021-07-17,2021-07-17,2021-07-17,1
p80_p30_min2_sep7,Phoenix,2021,low_wind,phoenix_2021-07-19,2021-07-19,2021-07-20,2
p80_p30_min2_sep7,Phoenix,2021,low_wind,phoenix_2021-07-22,2021-07-22,2021-07-22,1
p80_p30_min2_sep7,Phoenix,2021,low_wind,phoenix_2021-07-25,2021-07-25,2021-07-29,5
p80_p30_min2_sep7,Phoenix,2021,low_wind,phoenix_2021-07-31,2021-07-31,2021-08-02,3
p80_p30_min2_sep7,Phoenix,2021,low_wind,phoenix_2021-08-04,2021-08-04,2021-08-05,2
p80_p30_min2_sep7,Phoenix,2021,low_wind,phoenix_2021-08-11,2021-08-11,2021-08-16,6
p80_p30_min2_sep7,Phoenix,2021,low_wind,phoenix_2021-08-19,2021-08-19,2021-08-26,8
p80_p30_min2_sep7,Phoenix,2021,low_wind,phoenix_2021-08-29,2021-08-29,2021-08-29,1
p80_p30_min2_sep7,Phoenix,2021,low_wind,phoenix_2021-09-01,2021-09-01,2021-09-08,8
p80_p30_min2_sep7,Phoenix,2021,low_wind,phoenix_2021-09-11,2021-09-11,2021-09-13,3
p80_p30_min2_sep7,Phoenix,2021,low_wind,phoenix_2021-09-16,2021-09-16,2021-09-18,3
p80_p30_min2_sep7,Phoenix,2021,low_wind,phoenix_2021-09-20,2021-09-20,2021-09-21,2
p80_p30_min2_sep7,Phoenix,2021,low_wind,phoenix_2021-09-25,2021-09-25,2021-09-25,1
p80_p30_min2_sep7,Phoenix,2021,low_wind,phoenix_2021-09-27,2021-09-27,2021-10-02,6
p80_p30_min2_sep7,Phoenix,2021,low_wind,phoenix_2021-10-06,2021-10-06,2021-10-07,2
p80_p30_min2_sep7,Phoenix,2021,low_wind,phoenix_2021-10-10,2021-10-10,2021-10-10,1
p80_p30_min2_sep7,Phoenix,2021,low_wind,phoenix_2021-10-13,2021-10-13,2021-10-14,2
p80_p30_min2_sep7,Phoenix,2021,low_wind,phoenix_2021-10-19,2021-10-19,2021-10-24,6
p80_p30_min2_sep7,Phoenix,2021,low_wind,phoenix_2021-10-27,2021-10-27,2021-10-27,1
p80_p30_min2_sep7,Phoenix,2021,low_wind,phoenix_2021-10-30,2021-10-30,2021-10-31,2
p80_p30_min2_sep7,Phoenix,2022,low_wind,phoenix_2022-04-01,2022-04-01,2022-04-02,2
p80_p30_min2_sep7,Phoenix,2022,low_wind,phoenix_2022-04-14,2022-04-14,2022-04-15,2
p80_p30_min2_sep7,Phoenix,2022,low_wind,phoenix_2022-04-17,2022-04-17,2022-04-17,1
p80_p30_min2_sep7,Phoenix,2022,low_wind,phoenix_2022-05-12,2022-05-12,2022-05-14,3
p80_p30_min2_sep7,Phoenix,2022,low_wind,phoenix_2022-06-01,2022-06-01,2022-06-01,1
p80_p30_min2_sep7,Phoenix,2022,low_wind,phoenix_2022-06-15,2022-06-15,2022-06-16,2
p80_p30_min2_sep7,Phoenix,2022,low_wind,phoenix_2022-06-20,2022-06-20,2022-06-20,1
p80_p30_min2_sep7,Phoenix,2022,low_wind,phoenix_2022-06-22,2022-06-22,2022-06-22,1
p80_p30_min2_sep7,Phoenix,2022,low_wind,phoenix_2022-07-04,2022-07-04,2022-07-04,1
p80_p30_min2_sep7,Phoenix,2022,low_wind,phoenix_2022-07-13,2022-07-13,2022-07-13,1
p80_p30_min2_sep7,Phoenix,2022,low_wind,phoenix_2022-07-26,2022-07-26,2022-07-26,1
p80_p30_min2_sep7,Phoenix,2022,low_wind,phoenix_2022-07-28,2022-07-28,2022-07-30,3
p80_p30_min2_sep7,Phoenix,2022,low_wind,phoenix_2022-08-05,2022-08-05,2022-08-06,2
p80_p30_min2_sep7,Phoenix,2022,low_wind,phoenix_2022-08-09,2022-08-09,2022-08-09,1
p80_p30_min2_sep7,Phoenix,2022,low_wind,phoenix_2022-08-11,2022-08-11,2022-08-11,1
p80_p30_min2_sep7,Phoenix,2022,low_wind,phoenix_2022-08-13,2022-08-13,2022-08-13,1
p80_p30_min2_sep7,Phoenix,2022,low_wind,phoenix_2022-08-15,2022-08-15,2022-08-16,2
p80_p30_min2_sep7,Phoenix,2022,low_wind,phoenix_2022-08-18,2022-08-18,2022-08-23,6
p80_p30_min2_sep7,Phoenix,2022,low_wind,phoenix_2022-08-25,2022-08-25,2022-08-25,1
p80_p30_min2_sep7,Phoenix,2022,low_wind,phoenix_2022-08-27,2022-08-27,2022-08-28,2
p80_p30_min2_sep7,Phoenix,2022,low_wind,phoenix_2022-09-02,2022-09-02,2022-09-02,1
p80_p30_min2_sep7,Phoenix,2022,low_wind,phoenix_2022-09-07,2022-09-07,2022-09-07,1
p80_p30_min2_sep7,Phoenix,2022,low_wind,phoenix_2022-09-10,2022-09-10,2022-09-12,3
p80_p30_min2_sep7,Phoenix,2022,low_wind,phoenix_2022-09-14,2022-09-14,2022-09-19,6
p80_p30_min2_sep7,Phoenix,2022,low_wind,phoenix_2022-09-21,2022-09-21,2022-09-25,5
p80_p30_min2_sep7,Phoenix,2022,low_wind,phoenix_2022-09-30,2022-09-30,2022-10-02,3
p80_p30_min2_sep7,Phoenix,2022,low_wind,phoenix_2022-10-05,2022-10-05,2022-10-05,1
p80_p30_min2_sep7,Phoenix,2022,low_wind,phoenix_2022-10-10,2022-10-10,2022-10-13,4
p80_p30_min2_sep7,Phoenix,2022,low_wind,phoenix_2022-10-15,2022-10-15,2022-10-16,2
p80_p30_min2_sep7,Phoenix,2022,low_wind,phoenix_2022-10-21,2022-10-21,2022-10-21,1
p80_p30_min2_sep7,Phoenix,2022,low_wind,phoenix_2022-10-25,2022-10-25,2022-10-26,2
p80_p30_min2_sep7,Phoenix,2022,low_wind,phoenix_2022-10-30,2022-10-30,2022-10-31,2
p80_p30_min2_sep7,Phoenix,2023,low_wind,phoenix_2023-04-02,2023-04-02,2023-04-02,1
p80_p30_min2_sep7,Phoenix,2023,low_wind,phoenix_2023-04-07,2023-04-07,2023-04-09,3
p80_p30_min2_sep7,Phoenix,2023,low_wind,phoenix_2023-04-15,2023-04-15,2023-04-16,2
p80_p30_min2_sep7,Phoenix,2023,low_wind,phoenix_2023-05-07,2023-05-07,2023-05-08,2
p80_p30_min2_sep7,Phoenix,2023,low_wind,phoenix_2023-05-11,2023-05-11,2023-05-12,2
p80_p30_min2_sep7,Phoenix,2023,low_wind,phoenix_2023-05-17,2023-05-17,2023-05-17,1
p80_p30_min2_sep7,Phoenix,2023,low_wind,phoenix_2023-05-20,2023-05-20,2023-05-21,2
p80_p30_min2_sep7,Phoenix,2023,low_wind,phoenix_2023-06-01,2023-06-01,2023-06-03,3
p80_p30_min2_sep7,Phoenix,2023,low_wind,phoenix_2023-06-12,2023-06-12,2023-06-13,2
p80_p30_min2_sep7,Phoenix,2023,low_wind,phoenix_2023-06-17,2023-06-17,2023-06-17,1
p80_p30_min2_sep7,Phoenix,2023,low_wind,phoenix_2023-06-24,2023-06-24,2023-06-25,2
p80_p30_min2_sep7,Phoenix,2023,low_wind,phoenix_2023-06-30,2023-06-30,2023-06-30,1
p80_p30_min2_sep7,Phoenix,2023,low_wind,phoenix_2023-07-22,2023-07-22,2023-07-22,1
p80_p30_min2_sep7,Phoenix,2023,low_wind,phoenix_2023-07-24,2023-07-24,2023-07-25,2
p80_p30_min2_sep7,Phoenix,2023,low_wind,phoenix_2023-07-31,2023-07-31,2023-07-31,1
p80_p30_min2_sep7,Phoenix,2023,low_wind,phoenix_2023-08-04,2023-08-04,2023-08-04,1
p80_p30_min2_sep7,Phoenix,2023,low_wind,phoenix_2023-08-12,2023-08-12,2023-08-12,1
p80_p30_min2_sep7,Phoenix,2023,low_wind,phoenix_2023-08-14,2023-08-14,2023-08-14,1
p80_p30_min2_sep7,Phoenix,2023,low_wind,phoenix_2023-08-27,2023-08-27,2023-08-27,1
p80_p30_min2_sep7,Phoenix,2023,low_wind,phoenix_2023-08-30,2023-08-30,2023-08-30,1
p80_p30_min2_sep7,Phoenix,2023,low_wind,phoenix_2023-09-02,2023-09-02,2023-09-03,2
p80_p30_min2_sep7,Phoenix,2023,low_wind,phoenix_2023-09-05,2023-09-05,2023-09-06,2
p80_p30_min2_sep7,Phoenix,2023,low_wind,phoenix_2023-09-14,2023-09-14,2023-09-14,1
p80_p30_min2_sep7,Phoenix,2023,low_wind,phoenix_2023-09-19,2023-09-19,2023-09-19,1
p80_p30_min2_sep7,Phoenix,2023,low_wind,phoenix_2023-09-22,2023-09-22,2023-09-29,8
p80_p30_min2_sep7,Phoenix,2023,low_wind,phoenix_2023-10-03,2023-10-03,2023-10-04,2
p80_p30_min2_sep7,Phoenix,2023,low_wind,phoenix_2023-10-14,2023-10-14,2023-10-15,2
p80_p30_min2_sep7,Phoenix,2023,low_wind,phoenix_2023-10-19,2023-10-19,2023-10-19,1
p80_p30_min2_sep7,Phoenix,2023,low_wind,phoenix_2023-10-21,2023-10-21,2023-10-22,2
p80_p30_min2_sep7,Phoenix,2023,low_wind,phoenix_2023-10-24,2023-10-24,2023-10-27,4
p80_p30_min2_sep7,Phoenix,2024,low_wind,phoenix_2024-04-01,2024-04-01,2024-04-03,3
p80_p30_min2_sep7,Phoenix,2024,low_wind,phoenix_2024-04-07,2024-04-07,2024-04-08,2
p80_p30_min2_sep7,Phoenix,2024,low_wind,phoenix_2024-04-10,2024-04-10,2024-04-10,1
p80_p30_min2_sep7,Phoenix,2024,low_wind,phoenix_2024-04-16,2024-04-16,2024-04-21,6
p80_p30_min2_sep7,Phoenix,2024,low_wind,phoenix_2024-04-28,2024-04-28,2024-04-30,3
p80_p30_min2_sep7,Phoenix,2024,low_wind,phoenix_2024-05-10,2024-05-10,2024-05-10,1
p80_p30_min2_sep7,Phoenix,2024,low_wind,phoenix_2024-05-26,2024-05-26,2024-05-27,2
p80_p30_min2_sep7,Phoenix,2024,low_wind,phoenix_2024-05-30,2024-05-30,2024-05-31,2
p80_p30_min2_sep7,Phoenix,2024,low_wind,phoenix_2024-06-10,2024-06-10,2024-06-11,2
p80_p30_min2_sep7,Phoenix,2024,low_wind,phoenix_2024-06-13,2024-06-13,2024-06-14,2
p80_p30_min2_sep7,Phoenix,2024,low_wind,phoenix_2024-06-23,2024-06-23,2024-06-24,2
p80_p30_min2_sep7,Phoenix,2024,low_wind,phoenix_2024-06-29,2024-06-29,2024-06-29,1
p80_p30_min2_sep7,Phoenix,2024,low_wind,phoenix_2024-07-05,2024-07-05,2024-07-05,1
p80_p30_min2_sep7,Phoenix,2024,low_wind,phoenix_2024-07-12,2024-07-12,2024-07-12,1
p80_p30_min2_sep7,Phoenix,2024,low_wind,phoenix_2024-07-22,2024-07-22,2024-07-22,1
p80_p30_min2_sep7,Phoenix,2024,low_wind,phoenix_2024-08-02,2024-08-02,2024-08-03,2
p80_p30_min2_sep7,Phoenix,2024,low_wind,phoenix_2024-08-08,2024-08-08,2024-08-09,2
p80_p30_min2_sep7,Phoenix,2024,low_wind,phoenix_2024-08-12,2024-08-12,2024-08-12,1
p80_p30_min2_sep7,Phoenix,2024,low_wind,phoenix_2024-08-14,2024-08-14,2024-08-15,2
p80_p30_min2_sep7,Phoenix,2024,low_wind,phoenix_2024-08-19,2024-08-19,2024-08-19,1
p80_p30_min2_sep7,Phoenix,2024,low_wind,phoenix_2024-08-25,2024-08-25,2024-08-26,2
p80_p30_min2_sep7,Phoenix,2024,low_wind,phoenix_2024-09-04,2024-09-04,2024-09-04,1
p80_p30_min2_sep7,Phoenix,2024,low_wind,phoenix_2024-09-14,2024-09-14,2024-09-14,1
p80_p30_min2_sep7,Phoenix,2024,low_wind,phoenix_2024-09-21,2024-09-21,2024-09-22,2
p80_p30_min2_sep7,Phoenix,2024,low_wind,phoenix_2024-09-26,2024-09-26,2024-09-27,2
p80_p30_min2_sep7,Phoenix,2024,low_wind,phoenix_2024-10-03,2024-10-03,2024-10-04,2
p80_p30_min2_sep7,Phoenix,2024,low_wind,phoenix_2024-10-09,2024-10-09,2024-10-10,2
p80_p30_min2_sep7,Phoenix,2024,low_wind,phoenix_2024-10-13,2024-10-13,2024-10-15,3
p80_p30_min2_sep7,Phoenix,2024,low_wind,phoenix_2024-10-17,2024-10-17,2024-10-17,1
p80_p30_min2_sep7,Phoenix,2024,low_wind,phoenix_2024-10-19,2024-10-19,2024-10-22,4
p80_p30_min2_sep7,Phoenix,2024,low_wind,phoenix_2024-10-24,2024-10-24,2024-10-27,4
p80_p30_min2_sep7,Phoenix,2024,low_wind,phoenix_2024-10-30,2024-10-30,2024-10-31,2
p80_p30_min2_sep7,Phoenix,2025,low_wind,phoenix_2025-04-06,2025-04-06,2025-04-11,6
p80_p30_min2_sep7,Phoenix,2025,low_wind,phoenix_2025-04-19,2025-04-19,2025-04-22,4
p80_p30_min2_sep7,Phoenix,2025,low_wind,phoenix_2025-04-24,2025-04-24,2025-04-24,1
p80_p30_min2_sep7,Phoenix,2025,low_wind,phoenix_2025-04-28,2025-04-28,2025-04-28,1
p80_p30_min2_sep7,Phoenix,2025,low_wind,phoenix_2025-05-01,2025-05-01,2025-05-02,2
p80_p30_min2_sep7,Phoenix,2025,low_wind,phoenix_2025-05-06,2025-05-06,2025-05-08,3
p80_p30_min2_sep7,Phoenix,2025,low_wind,phoenix_2025-05-15,2025-05-15,2025-05-16,2
p80_p30_min2_sep7,Phoenix,2025,low_wind,phoenix_2025-05-21,2025-05-21,2025-05-21,1
p80_p30_min2_sep7,Phoenix,2025,low_wind,phoenix_2025-06-02,2025-06-02,2025-06-06,5
p80_p30_min2_sep7,Phoenix,2025,low_wind,phoenix_2025-06-14,2025-06-14,2025-06-14,1
p80_p30_min2_sep7,Phoenix,2025,low_wind,phoenix_2025-07-04,2025-07-04,2025-07-04,1
p80_p30_min2_sep7,Phoenix,2025,low_wind,phoenix_2025-07-20,2025-07-20,2025-07-20,1
p80_p30_min2_sep7,Phoenix,2025,low_wind,phoenix_2025-07-24,2025-07-24,2025-07-24,1
p80_p30_min2_sep7,Phoenix,2025,low_wind,phoenix_2025-07-26,2025-07-26,2025-07-27,2
p80_p30_min2_sep7,Phoenix,2025,low_wind,phoenix_2025-08-14,2025-08-14,2025-08-14,1
p80_p30_min2_sep7,Phoenix,2025,low_wind,phoenix_2025-08-17,2025-08-17,2025-08-17,1
p80_p30_min2_sep7,Phoenix,2025,low_wind,phoenix_2025-08-20,2025-08-20,2025-08-20,1
p80_p30_min2_sep7,Phoenix,2025,low_wind,phoenix_2025-08-22,2025-08-22,2025-08-23,2
p80_p30_min2_sep7,Phoenix,2025,low_wind,phoenix_2025-08-26,2025-08-26,2025-08-28,3
p80_p30_min2_sep7,Phoenix,2025,low_wind,phoenix_2025-08-30,2025-08-30,2025-08-30,1
p80_p30_min2_sep7,Phoenix,2025,low_wind,phoenix_2025-09-04,2025-09-04,2025-09-05,2
p80_p30_min2_sep7,Phoenix,2025,low_wind,phoenix_2025-09-07,2025-09-07,2025-09-07,1
p80_p30_min2_sep7,Phoenix,2025,low_wind,phoenix_2025-09-09,2025-09-09,2025-09-09,1
p80_p30_min2_sep7,Phoenix,2025,low_wind,phoenix_2025-09-13,2025-09-13,2025-09-18,6
p80_p30_min2_sep7,Phoenix,2025,low_wind,phoenix_2025-09-20,2025-09-20,2025-09-20,1
p80_p30_min2_sep7,Phoenix,2025,low_wind,phoenix_2025-09-23,2025-09-23,2025-09-23,1
p80_p30_min2_sep7,Phoenix,2025,low_wind,phoenix_2025-09-28,2025-09-28,2025-10-02,5
p80_p30_min2_sep7,Phoenix,2025,low_wind,phoenix_2025-10-05,2025-10-05,2025-10-08,4
p80_p30_min2_sep7,Phoenix,2025,low_wind,phoenix_2025-10-11,2025-10-11,2025-10-12,2
p80_p30_min2_sep7,Phoenix,2025,low_wind,phoenix_2025-10-15,2025-10-15,2025-10-21,7
p80_p30_min2_sep7,Phoenix,2025,low_wind,phoenix_2025-10-23,2025-10-23,2025-10-27,5
p80_p30_min2_sep7,Phoenix,2025,low_wind,phoenix_2025-10-30,2025-10-30,2025-10-31,2
p80_p30_min2_sep7,Phoenix,2019,pure_wind,phoenix_2019-04-06,2019-04-06,2019-04-06,1
p80_p30_min2_sep7,Phoenix,2019,pure_wind,phoenix_2019-04-13,2019-04-13,2019-04-14,2
p80_p30_min2_sep7,Phoenix,2019,pure_wind,phoenix_2019-04-17,2019-04-17,2019-04-18,2
p80_p30_min2_sep7,Phoenix,2019,pure_wind,phoenix_2019-04-22,2019-04-22,2019-04-22,1
p80_p30_min2_sep7,Phoenix,2019,pure_wind,phoenix_2019-04-25,2019-04-25,2019-04-25,1
p80_p30_min2_sep7,Phoenix,2019,pure_wind,phoenix_2019-05-01,2019-05-01,2019-05-02,2
p80_p30_min2_sep7,Phoenix,2019,pure_wind,phoenix_2019-05-05,2019-05-05,2019-05-05,1
p80_p30_min2_sep7,Phoenix,2019,pure_wind,phoenix_2019-05-11,2019-05-11,2019-05-11,1
p80_p30_min2_sep7,Phoenix,2019,pure_wind,phoenix_2019-05-13,2019-05-13,2019-05-14,2
p80_p30_min2_sep7,Phoenix,2019,pure_wind,phoenix_2019-05-18,2019-05-18,2019-05-18,1
p80_p30_min2_sep7,Phoenix,2019,pure_wind,phoenix_2019-05-24,2019-05-24,2019-05-24,1
p80_p30_min2_sep7,Phoenix,2019,pure_wind,phoenix_2019-05-28,2019-05-28,2019-05-30,3
p80_p30_min2_sep7,Phoenix,2019,pure_wind,phoenix_2019-06-08,2019-06-08,2019-06-09,2
p80_p30_min2_sep7,Phoenix,2019,pure_wind,phoenix_2019-06-15,2019-06-15,2019-06-15,1
p80_p30_min2_sep7,Phoenix,2019,pure_wind,phoenix_2019-06-24,2019-06-24,2019-06-24,1
p80_p30_min2_sep7,Phoenix,2019,pure_wind,phoenix_2019-06-27,2019-06-27,2019-06-27,1
p80_p30_min2_sep7,Phoenix,2019,pure_wind,phoenix_2019-07-05,2019-07-05,2019-07-06,2
p80_p30_min2_sep7,Phoenix,2019,pure_wind,phoenix_2019-07-09,2019-07-09,2019-07-09,1
p80_p30_min2_sep7,Phoenix,2019,pure_wind,phoenix_2019-07-23,2019-07-23,2019-07-24,2
p80_p30_min2_sep7,Phoenix,2019,pure_wind,phoenix_2019-07-31,2019-07-31,2019-08-01,2
p80_p30_min2_sep7,Phoenix,2019,pure_wind,phoenix_2019-08-06,2019-08-06,2019-08-06,1
p80_p30_min2_sep7,Phoenix,2019,pure_wind,phoenix_2019-08-11,2019-08-11,2019-08-12,2
p80_p30_min2_sep7,Phoenix,2019,pure_wind,phoenix_2019-08-18,2019-08-18,2019-08-18,1
p80_p30_min2_sep7,Phoenix,2019,pure_wind,phoenix_2019-09-01,2019-09-01,2019-09-01,1
p80_p30_min2_sep7,Phoenix,2019,pure_wind,phoenix_2019-09-11,2019-09-11,2019-09-12,2
p80_p30_min2_sep7,Phoenix,2019,pure_wind,phoenix_2019-09-17,2019-09-17,2019-09-17,1
p80_p30_min2_sep7,Phoenix,2019,pure_wind,phoenix_2019-09-21,2019-09-21,2019-09-22,2
p80_p30_min2_sep7,Phoenix,2019,pure_wind,phoenix_2019-09-25,2019-09-25,2019-09-28,4
p80_p30_min2_sep7,Phoenix,2019,pure_wind,phoenix_2019-09-30,2019-09-30,2019-10-06,7
p80_p30_min2_sep7,Phoenix,2019,pure_wind,phoenix_2019-10-08,2019-10-08,2019-10-08,1
p80_p30_min2_sep7,Phoenix,2019,pure_wind,phoenix_2019-10-13,2019-10-13,2019-10-15,3
p80_p30_min2_sep7,Phoenix,2019,pure_wind,phoenix_2019-10-19,2019-10-19,2019-10-19,1
p80_p30_min2_sep7,Phoenix,2019,pure_wind,phoenix_2019-10-23,2019-10-23,2019-10-23,1
p80_p30_min2_sep7,Phoenix,2019,pure_wind,phoenix_2019-10-26,2019-10-26,2019-10-26,1
p80_p30_min2_sep7,Phoenix,2020,pure_wind,phoenix_2020-04-01,2020-04-01,2020-04-01,1
p80_p30_min2_sep7,Phoenix,2020,pure_wind,phoenix_2020-04-09,2020-04-09,2020-04-10,2
p80_p30_min2_sep7,Phoenix,2020,pure_wind,phoenix_2020-04-16,2020-04-16,2020-04-16,1
p80_p30_min2_sep7,Phoenix,2020,pure_wind,phoenix_2020-04-28,2020-04-28,2020-04-29,2
p80_p30_min2_sep7,Phoenix,2020,pure_wind,phoenix_2020-05-04,2020-05-04,2020-05-04,1
p80_p30_min2_sep7,Phoenix,2020,pure_wind,phoenix_2020-05-15,2020-05-15,2020-05-15,1
p80_p30_min2_sep7,Phoenix,2020,pure_wind,phoenix_2020-05-21,2020-05-21,2020-05-21,1
p80_p30_min2_sep7,Phoenix,2020,pure_wind,phoenix_2020-07-03,2020-07-03,2020-07-03,1
p80_p30_min2_sep7,Phoenix,2020,pure_wind,phoenix_2020-07-25,2020-07-25,2020-07-25,1
p80_p30_min2_sep7,Phoenix,2020,pure_wind,phoenix_2020-09-11,2020-09-11,2020-09-12,2
p80_p30_min2_sep7,Phoenix,2020,pure_wind,phoenix_2020-09-20,2020-09-20,2020-09-20,1
p80_p30_min2_sep7,Phoenix,2020,pure_wind,phoenix_2020-09-22,2020-09-22,2020-09-22,1
p80_p30_min2_sep7,Phoenix,2020,pure_wind,phoenix_2020-09-25,2020-09-25,2020-09-25,1
p80_p30_min2_sep7,Phoenix,2020,pure_wind,phoenix_2020-09-27,2020-09-27,2020-09-28,2
p80_p30_min2_sep7,Phoenix,2020,pure_wind,phoenix_2020-09-30,2020-09-30,2020-09-30,1
p80_p30_min2_sep7,Phoenix,2020,pure_wind,phoenix_2020-10-07,2020-10-07,2020-10-08,2
p80_p30_min2_sep7,Phoenix,2020,pure_wind,phoenix_2020-10-12,2020-10-12,2020-10-13,2
p80_p30_min2_sep7,Phoenix,2020,pure_wind,phoenix_2020-10-15,2020-10-15,2020-10-15,1
p80_p30_min2_sep7,Phoenix,2020,pure_wind,phoenix_2020-10-17,2020-10-17,2020-10-24,8
p80_p30_min2_sep7,Phoenix,2020,pure_wind,phoenix_2020-10-28,2020-10-28,2020-10-28,1
p80_p30_min2_sep7,Phoenix,2020,pure_wind,phoenix_2020-10-31,2020-10-31,2020-10-31,1
p80_p30_min2_sep7,Phoenix,2021,pure_wind,phoenix_2021-04-03,2021-04-03,2021-04-03,1
p80_p30_min2_sep7,Phoenix,2021,pure_wind,phoenix_2021-04-29,2021-04-29,2021-04-29,1
p80_p30_min2_sep7,Phoenix,2021,pure_wind,phoenix_2021-05-04,2021-05-04,2021-05-05,2
p80_p30_min2_sep7,Phoenix,2021,pure_wind,phoenix_2021-05-12,2021-05-12,2021-05-12,1
p80_p30_min2_sep7,Phoenix,2021,pure_wind,phoenix_2021-05-23,2021-05-23,2021-05-26,4
p80_p30_min2_sep7,Phoenix,2021,pure_wind,phoenix_2021-05-28,2021-05-28,2021-05-28,1
p80_p30_min2_sep7,Phoenix,2021,pure_wind,phoenix_2021-06-09,2021-06-09,2021-06-09,1
p80_p30_min2_sep7,Phoenix,2021,pure_wind,phoenix_2021-06-11,2021-06-11,2021-06-11,1
p80_p30_min2_sep7,Phoenix,2021,pure_wind,phoenix_2021-07-01,2021-07-01,2021-07-02,2
p80_p30_min2_sep7,Phoenix,2021,pure_wind,phoenix_2021-07-04,2021-07-04,2021-07-04,1
p80_p30_min2_sep7,Phoenix,2021,pure_wind,phoenix_2021-07-13,2021-07-13,2021-07-13,1
p80_p30_min2_sep7,Phoenix,2021,pure_wind,phoenix_2021-07-17,2021-07-17,2021-07-17,1
p80_p30_min2_sep7,Phoenix,2021,pure_wind,phoenix_2021-07-19,2021-07-19,2021-07-20,2
p80_p30_min2_sep7,Phoenix,2021,pure_wind,phoenix_2021-07-22,2021-07-22,2021-07-22,1
p80_p30_min2_sep7,Phoenix,2021,pure_wind,phoenix_2021-07-25,2021-07-25,2021-07-29,5
p80_p30_min2_sep7,Phoenix,2021,pure_wind,phoenix_2021-07-31,2021-07-31,2021-08-01,2
p80_p30_min2_sep7,Phoenix,2021,pure_wind,phoenix_2021-08-11,2021-08-11,2021-08-16,6
p80_p30_min2_sep7,Phoenix,2021,pure_wind,phoenix_2021-08-19,2021-08-19,2021-08-24,6
p80_p30_min2_sep7,Phoenix,2021,pure_wind,phoenix_2021-08-29,2021-08-29,2021-08-29,1
p80_p30_min2_sep7,Phoenix,2021,pure_wind,phoenix_2021-09-01,2021-09-01,2021-09-08,8
p80_p30_min2_sep7,Phoenix,2021,pure_wind,phoenix_2021-09-11,2021-09-11,2021-09-11,1
p80_p30_min2_sep7,Phoenix,2021,pure_wind,phoenix_2021-09-16,2021-09-16,2021-09-18,3
p80_p30_min2_sep7,Phoenix,2021,pure_wind,phoenix_2021-09-20,2021-09-20,2021-09-21,2
p80_p30_min2_sep7,Phoenix,2021,pure_wind,phoenix_2021-09-25,2021-09-25,2021-09-25,1
p80_p30_min2_sep7,Phoenix,2021,pure_wind,phoenix_2021-09-27,2021-09-27,2021-10-02,6
p80_p30_min2_sep7,Phoenix,2021,pure_wind,phoenix_2021-10-06,2021-10-06,2021-10-07,2
p80_p30_min2_sep7,Phoenix,2021,pure_wind,phoenix_2021-10-10,2021-10-10,2021-10-10,1
p80_p30_min2_sep7,Phoenix,2021,pure_wind,phoenix_2021-10-13,2021-10-13,2021-10-14,2
p80_p30_min2_sep7,Phoenix,2021,pure_wind,phoenix_2021-10-19,2021-10-19,2021-10-24,6
p80_p30_min2_sep7,Phoenix,2021,pure_wind,phoenix_2021-10-27,2021-10-27,2021-10-27,1
p80_p30_min2_sep7,Phoenix,2021,pure_wind,phoenix_2021-10-30,2021-10-30,2021-10-31,2
p80_p30_min2_sep7,Phoenix,2022,pure_wind,phoenix_2022-04-01,2022-04-01,2022-04-02,2
p80_p30_min2_sep7,Phoenix,2022,pure_wind,phoenix_2022-04-14,2022-04-14,2022-04-15,2
p80_p30_min2_sep7,Phoenix,2022,pure_wind,phoenix_2022-04-17,2022-04-17,2022-04-17,1
p80_p30_min2_sep7,Phoenix,2022,pure_wind,phoenix_2022-05-12,2022-05-12,2022-05-14,3
p80_p30_min2_sep7,Phoenix,2022,pure_wind,phoenix_2022-06-01,2022-06-01,2022-06-01,1
p80_p30_min2_sep7,Phoenix,2022,pure_wind,phoenix_2022-06-15,2022-06-15,2022-06-15,1
p80_p30_min2_sep7,Phoenix,2022,pure_wind,phoenix_2022-06-20,2022-06-20,2022-06-20,1
p80_p30_min2_sep7,Phoenix,2022,pure_wind,phoenix_2022-06-22,2022-06-22,2022-06-22,1
p80_p30_min2_sep7,Phoenix,2022,pure_wind,phoenix_2022-07-04,2022-07-04,2022-07-04,1
p80_p30_min2_sep7,Phoenix,2022,pure_wind,phoenix_2022-07-26,2022-07-26,2022-07-26,1
p80_p30_min2_sep7,Phoenix,2022,pure_wind,phoenix_2022-07-28,2022-07-28,2022-07-30,3
p80_p30_min2_sep7,Phoenix,2022,pure_wind,phoenix_2022-08-05,2022-08-05,2022-08-05,1
p80_p30_min2_sep7,Phoenix,2022,pure_wind,phoenix_2022-08-09,2022-08-09,2022-08-09,1
p80_p30_min2_sep7,Phoenix,2022,pure_wind,phoenix_2022-08-11,2022-08-11,2022-08-11,1
p80_p30_min2_sep7,Phoenix,2022,pure_wind,phoenix_2022-08-13,2022-08-13,2022-08-13,1
p80_p30_min2_sep7,Phoenix,2022,pure_wind,phoenix_2022-08-15,2022-08-15,2022-08-16,2
p80_p30_min2_sep7,Phoenix,2022,pure_wind,phoenix_2022-08-18,2022-08-18,2022-08-23,6
p80_p30_min2_sep7,Phoenix,2022,pure_wind,phoenix_2022-08-25,2022-08-25,2022-08-25,1
p80_p30_min2_sep7,Phoenix,2022,pure_wind,phoenix_2022-08-27,2022-08-27,2022-08-28,2
p80_p30_min2_sep7,Phoenix,2022,pure_wind,phoenix_2022-09-02,2022-09-02,2022-09-02,1
p80_p30_min2_sep7,Phoenix,2022,pure_wind,phoenix_2022-09-07,2022-09-07,2022-09-07,1
p80_p30_min2_sep7,Phoenix,2022,pure_wind,phoenix_2022-09-10,2022-09-10,2022-09-12,3
p80_p30_min2_sep7,Phoenix,2022,pure_wind,phoenix_2022-09-14,2022-09-14,2022-09-19,6
p80_p30_min2_sep7,Phoenix,2022,pure_wind,phoenix_2022-09-21,2022-09-21,2022-09-25,5
p80_p30_min2_sep7,Phoenix,2022,pure_wind,phoenix_2022-09-30,2022-09-30,2022-10-02,3
p80_p30_min2_sep7,Phoenix,2022,pure_wind,phoenix_2022-10-05,2022-10-05,2022-10-05,1
p80_p30_min2_sep7,Phoenix,2022,pure_wind,phoenix_2022-10-10,2022-10-10,2022-10-13,4
p80_p30_min2_sep7,Phoenix,2022,pure_wind,phoenix_2022-10-15,2022-10-15,2022-10-16,2
p80_p30_min2_sep7,Phoenix,2022,pure_wind,phoenix_2022-10-21,2022-10-21,2022-10-21,1
p80_p30_min2_sep7,Phoenix,2022,pure_wind,phoenix_2022-10-25,2022-10-25,2022-10-26,2
p80_p30_min2_sep7,Phoenix,2022,pure_wind,phoenix_2022-10-30,2022-10-30,2022-10-31,2
p80_p30_min2_sep7,Phoenix,2023,pure_wind,phoenix_2023-04-02,2023-04-02,2023-04-02,1
p80_p30_min2_sep7,Phoenix,2023,pure_wind,phoenix_2023-04-07,2023-04-07,2023-04-09,3
p80_p30_min2_sep7,Phoenix,2023,pure_wind,phoenix_2023-04-15,2023-04-15,2023-04-16,2
p80_p30_min2_sep7,Phoenix,2023,pure_wind,phoenix_2023-05-07,2023-05-07,2023-05-08,2
p80_p30_min2_sep7,Phoenix,2023,pure_wind,phoenix_2023-05-11,2023-05-11,2023-05-12,2
p80_p30_min2_sep7,Phoenix,2023,pure_wind,phoenix_2023-05-17,2023-05-17,2023-05-17,1
p80_p30_min2_sep7,Phoenix,2023,pure_wind,phoenix_2023-05-20,2023-05-20,2023-05-21,2
p80_p30_min2_sep7,Phoenix,2023,pure_wind,phoenix_2023-06-01,2023-06-01,2023-06-03,3
p80_p30_min2_sep7,Phoenix,2023,pure_wind,phoenix_2023-06-12,2023-06-12,2023-06-13,2
p80_p30_min2_sep7,Phoenix,2023,pure_wind,phoenix_2023-06-17,2023-06-17,2023-06-17,1
p80_p30_min2_sep7,Phoenix,2023,pure_wind,phoenix_2023-06-24,2023-06-24,2023-06-24,1
p80_p30_min2_sep7,Phoenix,2023,pure_wind,phoenix_2023-07-31,2023-07-31,2023-07-31,1
p80_p30_min2_sep7,Phoenix,2023,pure_wind,phoenix_2023-08-12,2023-08-12,2023-08-12,1
p80_p30_min2_sep7,Phoenix,2023,pure_wind,phoenix_2023-08-14,2023-08-14,2023-08-14,1
p80_p30_min2_sep7,Phoenix,2023,pure_wind,phoenix_2023-09-02,2023-09-02,2023-09-03,2
p80_p30_min2_sep7,Phoenix,2023,pure_wind,phoenix_2023-09-05,2023-09-05,2023-09-06,2
p80_p30_min2_sep7,Phoenix,2023,pure_wind,phoenix_2023-09-14,2023-09-14,2023-09-14,1
p80_p30_min2_sep7,Phoenix,2023,pure_wind,phoenix_2023-09-19,2023-09-19,2023-09-19,1
p80_p30_min2_sep7,Phoenix,2023,pure_wind,phoenix_2023-09-22,2023-09-22,2023-09-29,8
p80_p30_min2_sep7,Phoenix,2023,pure_wind,phoenix_2023-10-03,2023-10-03,2023-10-04,2
p80_p30_min2_sep7,Phoenix,2023,pure_wind,phoenix_2023-10-14,2023-10-14,2023-10-15,2
p80_p30_min2_sep7,Phoenix,2023,pure_wind,phoenix_2023-10-19,2023-10-19,2023-10-19,1
p80_p30_min2_sep7,Phoenix,2023,pure_wind,phoenix_2023-10-21,2023-10-21,2023-10-22,2
p80_p30_min2_sep7,Phoenix,2023,pure_wind,phoenix_2023-10-24,2023-10-24,2023-10-27,4
p80_p30_min2_sep7,Phoenix,2024,pure_wind,phoenix_2024-04-01,2024-04-01,2024-04-03,3
p80_p30_min2_sep7,Phoenix,2024,pure_wind,phoenix_2024-04-07,2024-04-07,2024-04-08,2
p80_p30_min2_sep7,Phoenix,2024,pure_wind,phoenix_2024-04-10,2024-04-10,2024-04-10,1
p80_p30_min2_sep7,Phoenix,2024,pure_wind,phoenix_2024-04-16,2024-04-16,2024-04-21,6
p80_p30_min2_sep7,Phoenix,2024,pure_wind,phoenix_2024-04-28,2024-04-28,2024-04-30,3
p80_p30_min2_sep7,Phoenix,2024,pure_wind,phoenix_2024-05-10,2024-05-10,2024-05-10,1
p80_p30_min2_sep7,Phoenix,2024,pure_wind,phoenix_2024-05-26,2024-05-26,2024-05-27,2
p80_p30_min2_sep7,Phoenix,2024,pure_wind,phoenix_2024-05-30,2024-05-30,2024-05-31,2
p80_p30_min2_sep7,Phoenix,2024,pure_wind,phoenix_2024-06-10,2024-06-10,2024-06-10,1
p80_p30_min2_sep7,Phoenix,2024,pure_wind,phoenix_2024-06-13,2024-06-13,2024-06-14,2
p80_p30_min2_sep7,Phoenix,2024,pure_wind,phoenix_2024-06-23,2024-06-23,2024-06-23,1
p80_p30_min2_sep7,Phoenix,2024,pure_wind,phoenix_2024-08-08,2024-08-08,2024-08-09,2
p80_p30_min2_sep7,Phoenix,2024,pure_wind,phoenix_2024-08-12,2024-08-12,2024-08-12,1
p80_p30_min2_sep7,Phoenix,2024,pure_wind,phoenix_2024-08-14,2024-08-14,2024-08-14,1
p80_p30_min2_sep7,Phoenix,2024,pure_wind,phoenix_2024-08-25,2024-08-25,2024-08-26,2
p80_p30_min2_sep7,Phoenix,2024,pure_wind,phoenix_2024-09-14,2024-09-14,2024-09-14,1
p80_p30_min2_sep7,Phoenix,2024,pure_wind,phoenix_2024-09-21,2024-09-21,2024-09-22,2
p80_p30_min2_sep7,Phoenix,2024,pure_wind,phoenix_2024-10-03,2024-10-03,2024-10-03,1
p80_p30_min2_sep7,Phoenix,2024,pure_wind,phoenix_2024-10-09,2024-10-09,2024-10-10,2
p80_p30_min2_sep7,Phoenix,2024,pure_wind,phoenix_2024-10-13,2024-10-13,2024-10-15,3
p80_p30_min2_sep7,Phoenix,2024,pure_wind,phoenix_2024-10-17,2024-10-17,2024-10-17,1
p80_p30_min2_sep7,Phoenix,2024,pure_wind,phoenix_2024-10-19,2024-10-19,2024-10-22,4
p80_p30_min2_sep7,Phoenix,2024,pure_wind,phoenix_2024-10-24,2024-10-24,2024-10-27,4
p80_p30_min2_sep7,Phoenix,2024,pure_wind,phoenix_2024-10-30,2024-10-30,2024-10-31,2
p80_p30_min2_sep7,Phoenix,2025,pure_wind,phoenix_2025-04-06,2025-04-06,2025-04-11,6
p80_p30_min2_sep7,Phoenix,2025,pure_wind,phoenix_2025-04-19,2025-04-19,2025-04-22,4
p80_p30_min2_sep7,Phoenix,2025,pure_wind,phoenix_2025-04-24,2025-04-24,2025-04-24,1
p80_p30_min2_sep7,Phoenix,2025,pure_wind,phoenix_2025-04-28,2025-04-28,2025-04-28,1
p80_p30_min2_sep7,Phoenix,2025,pure_wind,phoenix_2025-05-01,2025-05-01,2025-05-02,2
p80_p30_min2_sep7,Phoenix,2025,pure_wind,phoenix_2025-05-06,2025-05-06,2025-05-08,3
p80_p30_min2_sep7,Phoenix,2025,pure_wind,phoenix_2025-05-15,2025-05-15,2025-05-16,2
p80_p30_min2_sep7,Phoenix,2025,pure_wind,phoenix_2025-05-21,2025-05-21,2025-05-21,1
p80_p30_min2_sep7,Phoenix,2025,pure_wind,phoenix_2025-06-02,2025-06-02,2025-06-06,5
p80_p30_min2_sep7,Phoenix,2025,pure_wind,phoenix_2025-07-04,2025-07-04,2025-07-04,1
p80_p30_min2_sep7,Phoenix,2025,pure_wind,phoenix_2025-07-20,2025-07-20,2025-07-20,1
p80_p30_min2_sep7,Phoenix,2025,pure_wind,phoenix_2025-07-24,2025-07-24,2025-07-24,1
p80_p30_min2_sep7,Phoenix,2025,pure_wind,phoenix_2025-07-26,2025-07-26,2025-07-26,1
p80_p30_min2_sep7,Phoenix,2025,pure_wind,phoenix_2025-08-14,2025-08-14,2025-08-14,1
p80_p30_min2_sep7,Phoenix,2025,pure_wind,phoenix_2025-08-17,2025-08-17,2025-08-17,1
p80_p30_min2_sep7,Phoenix,2025,pure_wind,phoenix_2025-08-26,2025-08-26,2025-08-28,3
p80_p30_min2_sep7,Phoenix,2025,pure_wind,phoenix_2025-08-30,2025-08-30,2025-08-30,1
p80_p30_min2_sep7,Phoenix,2025,pure_wind,phoenix_2025-09-04,2025-09-04,2025-09-05,2
p80_p30_min2_sep7,Phoenix,2025,pure_wind,phoenix_2025-09-07,2025-09-07,2025-09-07,1
p80_p30_min2_sep7,Phoenix,2025,pure_wind,phoenix_2025-09-09,2025-09-09,2025-09-09,1
p80_p30_min2_sep7,Phoenix,2025,pure_wind,phoenix_2025-09-13,2025-09-13,2025-09-18,6
p80_p30_min2_sep7,Phoenix,2025,pure_wind,phoenix_2025-09-20,2025-09-20,2025-09-20,1
p80_p30_min2_sep7,Phoenix,2025,pure_wind,phoenix_2025-09-23,2025-09-23,2025-09-23,1
p80_p30_min2_sep7,Phoenix,2025,pure_wind,phoenix_2025-09-28,2025-09-28,2025-10-02,5
p80_p30_min2_sep7,Phoenix,2025,pure_wind,phoenix_2025-10-05,2025-10-05,2025-10-08,4
p80_p30_min2_sep7,Phoenix,2025,pure_wind,phoenix_2025-10-11,2025-10-11,2025-10-12,2
p80_p30_min2_sep7,Phoenix,2025,pure_wind,phoenix_2025-10-15,2025-10-15,2025-10-21,7
p80_p30_min2_sep7,Phoenix,2025,pure_wind,phoenix_2025-10-23,2025-10-23,2025-10-27,5
p80_p30_min2_sep7,Phoenix,2025,pure_wind,phoenix_2025-10-30,2025-10-30,2025-10-31,2
p80_p30_min2_sep7,San Diego,2019,low_wind,san_diego_2019-04-01,2019-04-01,2019-04-01,1
p80_p30_min2_sep7,San Diego,2019,low_wind,san_diego_2019-04-04,2019-04-04,2019-04-04,1
p80_p30_min2_sep7,San Diego,2019,low_wind,san_diego_2019-04-08,2019-04-08,2019-04-08,1
p80_p30_min2_sep7,San Diego,2019,low_wind,san_diego_2019-04-13,2019-04-13,2019-04-13,1
p80_p30_min2_sep7,San Diego,2019,low_wind,san_diego_2019-04-23,2019-04-23,2019-04-25,3
p80_p30_min2_sep7,San Diego,2019,low_wind,san_diego_2019-05-03,2019-05-03,2019-05-03,1
p80_p30_min2_sep7,San Diego,2019,low_wind,san_diego_2019-05-11,2019-05-11,2019-05-13,3
p80_p30_min2_sep7,San Diego,2019,low_wind,san_diego_2019-05-28,2019-05-28,2019-05-31,4
p80_p30_min2_sep7,San Diego,2019,low_wind,san_diego_2019-06-04,2019-06-04,2019-06-11,8
p80_p30_min2_sep7,San Diego,2019,low_wind,san_diego_2019-06-29,2019-06-29,2019-06-29,1
p80_p30_min2_sep7,San Diego,2019,low_wind,san_diego_2019-07-02,2019-07-02,2019-07-02,1
p80_p30_min2_sep7,San Diego,2019,low_wind,san_diego_2019-07-05,2019-07-05,2019-07-06,2
p80_p30_min2_sep7,San Diego,2019,low_wind,san_diego_2019-07-12,2019-07-12,2019-07-12,1
p80_p30_min2_sep7,San Diego,2019,low_wind,san_diego_2019-07-14,2019-07-14,2019-07-15,2
p80_p30_min2_sep7,San Diego,2019,low_wind,san_diego_2019-07-25,2019-07-25,2019-07-25,1
p80_p30_min2_sep7,San Diego,2019,low_wind,san_diego_2019-07-28,2019-07-28,2019-07-29,2
p80_p30_min2_sep7,San Diego,2019,low_wind,san_diego_2019-08-02,2019-08-02,2019-08-04,3
p80_p30_min2_sep7,San Diego,2019,low_wind,san_diego_2019-08-08,2019-08-08,2019-08-09,2
p80_p30_min2_sep7,San Diego,2019,low_wind,san_diego_2019-08-11,2019-08-11,2019-08-18,8
p80_p30_min2_sep7,San Diego,2019,low_wind,san_diego_2019-08-21,2019-08-21,2019-08-21,1
p80_p30_min2_sep7,San Diego,2019,low_wind,san_diego_2019-08-25,2019-08-25,2019-08-28,4
p80_p30_min2_sep7,San Diego,2019,low_wind,san_diego_2019-08-30,2019-08-30,2019-08-30,1
p80_p30_min2_sep7,San Diego,2019,low_wind,san_diego_2019-09-01,2019-09-01,2019-09-05,5
p80_p30_min2_sep7,San Diego,2019,low_wind,san_diego_2019-09-13,2019-09-13,2019-09-18,6
p80_p30_min2_sep7,San Diego,2019,low_wind,san_diego_2019-09-20,2019-09-20,2019-09-23,4
p80_p30_min2_sep7,San Diego,2019,low_wind,san_diego_2019-10-01,2019-10-01,2019-10-10,10
p80_p30_min2_sep7,San Diego,2019,low_wind,san_diego_2019-10-13,2019-10-13,2019-10-16,4
p80_p30_min2_sep7,San Diego,2019,low_wind,san_diego_2019-10-19,2019-10-19,2019-10-20,2
p80_p30_min2_sep7,San Diego,2019,low_wind,san_diego_2019-10-23,2019-10-23,2019-10-23,1
p80_p30_min2_sep7,San Diego,2019,low_wind,san_diego_2019-10-28,2019-10-28,2019-10-28,1
p80_p30_min2_sep7,San Diego,2020,low_wind,san_diego_2020-04-03,2020-04-03,2020-04-03,1
p80_p30_min2_sep7,San Diego,2020,low_wind,san_diego_2020-04-11,2020-04-11,2020-04-11,1
p80_p30_min2_sep7,San Diego,2020,low_wind,san_diego_2020-04-23,2020-04-23,2020-05-01,9
p80_p30_min2_sep7,San Diego,2020,low_wind,san_diego_2020-05-06,2020-05-06,2020-05-09,4
p80_p30_min2_sep7,San Diego,2020,low_wind,san_diego_2020-05-16,2020-05-16,2020-05-16,1
p80_p30_min2_sep7,San Diego,2020,low_wind,san_diego_2020-05-24,2020-05-24,2020-05-24,1
p80_p30_min2_sep7,San Diego,2020,low_wind,san_diego_2020-06-02,2020-06-02,2020-06-02,1
p80_p30_min2_sep7,San Diego,2020,low_wind,san_diego_2020-06-11,2020-06-11,2020-06-11,1
p80_p30_min2_sep7,San Diego,2020,low_wind,san_diego_2020-07-02,2020-07-02,2020-07-02,1
p80_p30_min2_sep7,San Diego,2020,low_wind,san_diego_2020-07-05,2020-07-05,2020-07-10,6
p80_p30_min2_sep7,San Diego,2020,low_wind,san_diego_2020-08-01,2020-08-01,2020-08-04,4
p80_p30_min2_sep7,San Diego,2020,low_wind,san_diego_2020-08-15,2020-08-15,2020-08-15,1
p80_p30_min2_sep7,San Diego,2020,low_wind,san_diego_2020-08-17,2020-08-17,2020-08-21,5
p80_p30_min2_sep7,San Diego,2020,low_wind,san_diego_2020-09-04,2020-09-04,2020-09-05,2
p80_p30_min2_sep7,San Diego,2020,low_wind,san_diego_2020-09-14,2020-09-14,2020-09-14,1
p80_p30_min2_sep7,San Diego,2020,low_wind,san_diego_2020-09-20,2020-09-20,2020-09-28,9
p80_p30_min2_sep7,San Diego,2020,low_wind,san_diego_2020-10-01,2020-10-01,2020-10-08,8
p80_p30_min2_sep7,San Diego,2020,low_wind,san_diego_2020-10-14,2020-10-14,2020-10-23,10
p80_p30_min2_sep7,San Diego,2020,low_wind,san_diego_2020-10-26,2020-10-26,2020-10-27,2
p80_p30_min2_sep7,San Diego,2020,low_wind,san_diego_2020-10-29,2020-10-29,2020-10-31,3
p80_p30_min2_sep7,San Diego,2021,low_wind,san_diego_2021-04-05,2021-04-05,2021-04-05,1
p80_p30_min2_sep7,San Diego,2021,low_wind,san_diego_2021-04-07,2021-04-07,2021-04-07,1
p80_p30_min2_sep7,San Diego,2021,low_wind,san_diego_2021-04-10,2021-04-10,2021-04-10,1
p80_p30_min2_sep7,San Diego,2021,low_wind,san_diego_2021-04-17,2021-04-17,2021-04-17,1
p80_p30_min2_sep7,San Diego,2021,low_wind,san_diego_2021-05-04,2021-05-04,2021-05-06,3
p80_p30_min2_sep7,San Diego,2021,low_wind,san_diego_2021-05-11,2021-05-11,2021-05-11,1
p80_p30_min2_sep7,San Diego,2021,low_wind,san_diego_2021-06-12,2021-06-12,2021-06-12,1
p80_p30_min2_sep7,San Diego,2021,low_wind,san_diego_2021-06-17,2021-06-17,2021-06-18,2
p80_p30_min2_sep7,San Diego,2021,low_wind,san_diego_2021-07-07,2021-07-07,2021-07-08,2
p80_p30_min2_sep7,San Diego,2021,low_wind,san_diego_2021-08-07,2021-08-07,2021-08-07,1
p80_p30_min2_sep7,San Diego,2021,low_wind,san_diego_2021-08-12,2021-08-12,2021-08-12,1
p80_p30_min2_sep7,San Diego,2021,low_wind,san_diego_2021-08-16,2021-08-16,2021-08-16,1
p80_p30_min2_sep7,San Diego,2021,low_wind,san_diego_2021-08-27,2021-08-27,2021-08-28,2
p80_p30_min2_sep7,San Diego,2021,low_wind,san_diego_2021-09-05,2021-09-05,2021-09-05,1
p80_p30_min2_sep7,San Diego,2021,low_wind,san_diego_2021-09-07,2021-09-07,2021-09-07,1
p80_p30_min2_sep7,San Diego,2021,low_wind,san_diego_2021-09-09,2021-09-09,2021-09-09,1
p80_p30_min2_sep7,San Diego,2021,low_wind,san_diego_2021-09-14,2021-09-14,2021-09-15,2
p80_p30_min2_sep7,San Diego,2021,low_wind,san_diego_2021-09-19,2021-09-19,2021-09-21,3
p80_p30_min2_sep7,San Diego,2021,low_wind,san_diego_2021-09-24,2021-09-24,2021-09-24,1
p80_p30_min2_sep7,San Diego,2021,low_wind,san_diego_2021-10-01,2021-10-01,2021-10-02,2
p80_p30_min2_sep7,San Diego,2021,low_wind,san_diego_2021-10-06,2021-10-06,2021-10-06,1
p80_p30_min2_sep7,San Diego,2021,low_wind,san_diego_2021-10-09,2021-10-09,2021-10-10,2
p80_p30_min2_sep7,San Diego,2021,low_wind,san_diego_2021-10-14,2021-10-14,2021-10-14,1
p80_p30_min2_sep7,San Diego,2021,low_wind,san_diego_2021-10-19,2021-10-19,2021-10-19,1
p80_p30_min2_sep7,San Diego,2021,low_wind,san_diego_2021-10-23,2021-10-23,2021-10-24,2
p80_p30_min2_sep7,San Diego,2021,low_wind,san_diego_2021-10-29,2021-10-29,2021-10-31,3
p80_p30_min2_sep7,San Diego,2022,low_wind,san_diego_2022-04-01,2022-04-01,2022-04-02,2
p80_p30_min2_sep7,San Diego,2022,low_wind,san_diego_2022-04-05,2022-04-05,2022-04-06,2
p80_p30_min2_sep7,San Diego,2022,low_wind,san_diego_2022-05-06,2022-05-06,2022-05-06,1
p80_p30_min2_sep7,San Diego,2022,low_wind,san_diego_2022-05-23,2022-05-23,2022-05-25,3
p80_p30_min2_sep7,San Diego,2022,low_wind,san_diego_2022-06-01,2022-06-01,2022-06-02,2
p80_p30_min2_sep7,San Diego,2022,low_wind,san_diego_2022-06-08,2022-06-08,2022-06-10,3
p80_p30_min2_sep7,San Diego,2022,low_wind,san_diego_2022-06-12,2022-06-12,2022-06-12,1
p80_p30_min2_sep7,San Diego,2022,low_wind,san_diego_2022-06-15,2022-06-15,2022-06-16,2
p80_p30_min2_sep7,San Diego,2022,low_wind,san_diego_2022-06-20,2022-06-20,2022-06-21,2
p80_p30_min2_sep7,San Diego,2022,low_wind,san_diego_2022-06-26,2022-06-26,2022-06-29,4
p80_p30_min2_sep7,San Diego,2022,low_wind,san_diego_2022-07-17,2022-07-17,2022-07-17,1
p80_p30_min2_sep7,San Diego,2022,low_wind,san_diego_2022-07-29,2022-07-29,2022-07-29,1
p80_p30_min2_sep7,San Diego,2022,low_wind,san_diego_2022-07-31,2022-07-31,2022-07-31,1
p80_p30_min2_sep7,San Diego,2022,low_wind,san_diego_2022-08-09,2022-08-09,2022-08-10,2
p80_p30_min2_sep7,San Diego,2022,low_wind,san_diego_2022-08-13,2022-08-13,2022-08-14,2
p80_p30_min2_sep7,San Diego,2022,low_wind,san_diego_2022-08-16,2022-08-16,2022-08-16,1
p80_p30_min2_sep7,San Diego,2022,low_wind,san_diego_2022-08-23,2022-08-23,2022-08-24,2
p80_p30_min2_sep7,San Diego,2022,low_wind,san_diego_2022-09-02,2022-09-02,2022-09-03,2
p80_p30_min2_sep7,San Diego,2022,low_wind,san_diego_2022-09-06,2022-09-06,2022-09-07,2
p80_p30_min2_sep7,San Diego,2022,low_wind,san_diego_2022-09-10,2022-09-10,2022-09-11,2
p80_p30_min2_sep7,San Diego,2022,low_wind,san_diego_2022-09-15,2022-09-15,2022-09-17,3
p80_p30_min2_sep7,San Diego,2022,low_wind,san_diego_2022-09-23,2022-09-23,2022-09-23,1
p80_p30_min2_sep7,San Diego,2022,low_wind,san_diego_2022-09-27,2022-09-27,2022-09-29,3
p80_p30_min2_sep7,San Diego,2022,low_wind,san_diego_2022-10-04,2022-10-04,2022-10-12,9
p80_p30_min2_sep7,San Diego,2022,low_wind,san_diego_2022-10-15,2022-10-15,2022-10-15,1
p80_p30_min2_sep7,San Diego,2022,low_wind,san_diego_2022-10-18,2022-10-18,2022-10-18,1
p80_p30_min2_sep7,San Diego,2022,low_wind,san_diego_2022-10-26,2022-10-26,2022-10-31,6
p80_p30_min2_sep7,San Diego,2023,low_wind,san_diego_2023-04-02,2023-04-02,2023-04-02,1
p80_p30_min2_sep7,San Diego,2023,low_wind,san_diego_2023-04-07,2023-04-07,2023-04-07,1
p80_p30_min2_sep7,San Diego,2023,low_wind,san_diego_2023-04-09,2023-04-09,2023-04-11,3
p80_p30_min2_sep7,San Diego,2023,low_wind,san_diego_2023-04-17,2023-04-17,2023-04-17,1
p80_p30_min2_sep7,San Diego,2023,low_wind,san_diego_2023-04-22,2023-04-22,2023-04-22,1
p80_p30_min2_sep7,San Diego,2023,low_wind,san_diego_2023-04-25,2023-04-25,2023-04-25,1
p80_p30_min2_sep7,San Diego,2023,low_wind,san_diego_2023-04-27,2023-04-27,2023-04-28,2
p80_p30_min2_sep7,San Diego,2023,low_wind,san_diego_2023-05-13,2023-05-13,2023-05-15,3
p80_p30_min2_sep7,San Diego,2023,low_wind,san_diego_2023-05-19,2023-05-19,2023-05-19,1
p80_p30_min2_sep7,San Diego,2023,low_wind,san_diego_2023-06-18,2023-06-18,2023-06-18,1
p80_p30_min2_sep7,San Diego,2023,low_wind,san_diego_2023-06-21,2023-06-21,2023-06-21,1
p80_p30_min2_sep7,San Diego,2023,low_wind,san_diego_2023-06-29,2023-06-29,2023-06-29,1
p80_p30_min2_sep7,San Diego,2023,low_wind,san_diego_2023-07-01,2023-07-01,2023-07-01,1
p80_p30_min2_sep7,San Diego,2023,low_wind,san_diego_2023-07-08,2023-07-08,2023-07-08,1
p80_p30_min2_sep7,San Diego,2023,low_wind,san_diego_2023-07-10,2023-07-10,2023-07-11,2
p80_p30_min2_sep7,San Diego,2023,low_wind,san_diego_2023-07-14,2023-07-14,2023-07-17,4
p80_p30_min2_sep7,San Diego,2023,low_wind,san_diego_2023-07-22,2023-07-22,2023-07-29,8
p80_p30_min2_sep7,San Diego,2023,low_wind,san_diego_2023-07-31,2023-07-31,2023-07-31,1
p80_p30_min2_sep7,San Diego,2023,low_wind,san_diego_2023-08-05,2023-08-05,2023-08-06,2
p80_p30_min2_sep7,San Diego,2023,low_wind,san_diego_2023-08-08,2023-08-08,2023-08-08,1
p80_p30_min2_sep7,San Diego,2023,low_wind,san_diego_2023-08-28,2023-08-28,2023-08-31,4
p80_p30_min2_sep7,San Diego,2023,low_wind,san_diego_2023-09-02,2023-09-02,2023-09-02,1
p80_p30_min2_sep7,San Diego,2023,low_wind,san_diego_2023-09-04,2023-09-04,2023-09-05,2
p80_p30_min2_sep7,San Diego,2023,low_wind,san_diego_2023-09-07,2023-09-07,2023-09-07,1
p80_p30_min2_sep7,San Diego,2023,low_wind,san_diego_2023-09-10,2023-09-10,2023-09-11,2
p80_p30_min2_sep7,San Diego,2023,low_wind,san_diego_2023-09-13,2023-09-13,2023-09-14,2
p80_p30_min2_sep7,San Diego,2023,low_wind,san_diego_2023-09-22,2023-09-22,2023-09-22,1
p80_p30_min2_sep7,San Diego,2023,low_wind,san_diego_2023-09-24,2023-09-24,2023-09-24,1
p80_p30_min2_sep7,San Diego,2023,low_wind,san_diego_2023-09-27,2023-09-27,2023-09-28,2
p80_p30_min2_sep7,San Diego,2023,low_wind,san_diego_2023-10-01,2023-10-01,2023-10-01,1
p80_p30_min2_sep7,San Diego,2023,low_wind,san_diego_2023-10-04,2023-10-04,2023-10-07,4
p80_p30_min2_sep7,San Diego,2023,low_wind,san_diego_2023-10-10,2023-10-10,2023-10-10,1
p80_p30_min2_sep7,San Diego,2023,low_wind,san_diego_2023-10-12,2023-10-12,2023-10-13,2
p80_p30_min2_sep7,San Diego,2023,low_wind,san_diego_2023-10-15,2023-10-15,2023-10-18,4
p80_p30_min2_sep7,San Diego,2023,low_wind,san_diego_2023-10-24,2023-10-24,2023-10-24,1
p80_p30_min2_sep7,San Diego,2023,low_wind,san_diego_2023-10-26,2023-10-26,2023-10-28,3
p80_p30_min2_sep7,San Diego,2024,low_wind,san_diego_2024-04-02,2024-04-02,2024-04-02,1
p80_p30_min2_sep7,San Diego,2024,low_wind,san_diego_2024-04-06,2024-04-06,2024-04-06,1
p80_p30_min2_sep7,San Diego,2024,low_wind,san_diego_2024-04-10,2024-04-10,2024-04-11,2
p80_p30_min2_sep7,San Diego,2024,low_wind,san_diego_2024-04-17,2024-04-17,2024-04-19,3
p80_p30_min2_sep7,San Diego,2024,low_wind,san_diego_2024-04-21,2024-04-21,2024-04-21,1
p80_p30_min2_sep7,San Diego,2024,low_wind,san_diego_2024-04-28,2024-04-28,2024-04-29,2
p80_p30_min2_sep7,San Diego,2024,low_wind,san_diego_2024-05-02,2024-05-02,2024-05-02,1
p80_p30_min2_sep7,San Diego,2024,low_wind,san_diego_2024-05-12,2024-05-12,2024-05-12,1
p80_p30_min2_sep7,San Diego,2024,low_wind,san_diego_2024-05-29,2024-05-29,2024-05-31,3
p80_p30_min2_sep7,San Diego,2024,low_wind,san_diego_2024-06-04,2024-06-04,2024-06-06,3
p80_p30_min2_sep7,San Diego,2024,low_wind,san_diego_2024-06-12,2024-06-12,2024-06-12,1
p80_p30_min2_sep7,San Diego,2024,low_wind,san_diego_2024-06-15,2024-06-15,2024-06-15,1
p80_p30_min2_sep7,San Diego,2024,low_wind,san_diego_2024-06-22,2024-06-22,2024-06-23,2
p80_p30_min2_sep7,San Diego,2024,low_wind,san_diego_2024-07-01,2024-07-01,2024-07-02,2
p80_p30_min2_sep7,San Diego,2024,low_wind,san_diego_2024-07-07,2024-07-07,2024-07-07,1
p80_p30_min2_sep7,San Diego,2024,low_wind,san_diego_2024-07-09,2024-07-09,2024-07-12,4
p80_p30_min2_sep7,San Diego,2024,low_wind,san_diego_2024-07-18,2024-07-18,2024-07-18,1
p80_p30_min2_sep7,San Diego,2024,low_wind,san_diego_2024-07-21,2024-07-21,2024-07-22,2
p80_p30_min2_sep7,San Diego,2024,low_wind,san_diego_2024-07-30,2024-07-30,2024-07-30,1
p80_p30_min2_sep7,San Diego,2024,low_wind,san_diego_2024-08-01,2024-08-01,2024-08-01,1
p80_p30_min2_sep7,San Diego,2024,low_wind,san_diego_2024-08-06,2024-08-06,2024-08-06,1
p80_p30_min2_sep7,San Diego,2024,low_wind,san_diego_2024-08-10,2024-08-10,2024-08-11,2
p80_p30_min2_sep7,San Diego,2024,low_wind,san_diego_2024-08-13,2024-08-13,2024-08-17,5
p80_p30_min2_sep7,San Diego,2024,low_wind,san_diego_2024-08-21,2024-08-21,2024-08-21,1
p80_p30_min2_sep7,San Diego,2024,low_wind,san_diego_2024-08-24,2024-08-24,2024-08-25,2
p80_p30_min2_sep7,San Diego,2024,low_wind,san_diego_2024-08-27,2024-08-27,2024-08-27,1
p80_p30_min2_sep7,San Diego,2024,low_wind,san_diego_2024-08-31,2024-08-31,2024-09-03,4
p80_p30_min2_sep7,San Diego,2024,low_wind,san_diego_2024-09-05,2024-09-05,2024-09-07,3
p80_p30_min2_sep7,San Diego,2024,low_wind,san_diego_2024-09-14,2024-09-14,2024-09-14,1
p80_p30_min2_sep7,San Diego,2024,low_wind,san_diego_2024-09-18,2024-09-18,2024-09-18,1
p80_p30_min2_sep7,San Diego,2024,low_wind,san_diego_2024-09-21,2024-09-21,2024-09-21,1
p80_p30_min2_sep7,San Diego,2024,low_wind,san_diego_2024-09-28,2024-09-28,2024-10-16,19
p80_p30_min2_sep7,San Diego,2024,low_wind,san_diego_2024-10-22,2024-10-22,2024-10-27,6
p80_p30_min2_sep7,San Diego,2024,low_wind,san_diego_2024-10-30,2024-10-30,2024-10-31,2
p80_p30_min2_sep7,San Diego,2025,low_wind,san_diego_2025-04-07,2025-04-07,2025-04-14,8
p80_p30_min2_sep7,San Diego,2025,low_wind,san_diego_2025-05-01,2025-05-01,2025-05-01,1
p80_p30_min2_sep7,San Diego,2025,low_wind,san_diego_2025-05-09,2025-05-09,2025-05-10,2
p80_p30_min2_sep7,San Diego,2025,low_wind,san_diego_2025-05-19,2025-05-19,2025-05-22,4
p80_p30_min2_sep7,San Diego,2025,low_wind,san_diego_2025-05-31,2025-05-31,2025-05-31,1
p80_p30_min2_sep7,San Diego,2025,low_wind,san_diego_2025-06-13,2025-06-13,2025-06-18,6
p80_p30_min2_sep7,San Diego,2025,low_wind,san_diego_2025-06-26,2025-06-26,2025-06-27,2
p80_p30_min2_sep7,San Diego,2025,low_wind,san_diego_2025-07-05,2025-07-05,2025-07-05,1
p80_p30_min2_sep7,San Diego,2025,low_wind,san_diego_2025-07-30,2025-07-30,2025-07-30,1
p80_p30_min2_sep7,San Diego,2025,low_wind,san_diego_2025-08-01,2025-08-01,2025-08-06,6
p80_p30_min2_sep7,San Diego,2025,low_wind,san_diego_2025-08-10,2025-08-10,2025-08-11,2
p80_p30_min2_sep7,San Diego,2025,low_wind,san_diego_2025-08-13,2025-08-13,2025-08-13,1
p80_p30_min2_sep7,San Diego,2025,low_wind,san_diego_2025-08-17,2025-08-17,2025-08-18,2
p80_p30_min2_sep7,San Diego,2025,low_wind,san_diego_2025-08-20,2025-08-20,2025-08-23,4
p80_p30_min2_sep7,San Diego,2025,low_wind,san_diego_2025-08-26,2025-08-26,2025-08-26,1
p80_p30_min2_sep7,San Diego,2025,low_wind,san_diego_2025-08-28,2025-08-28,2025-08-28,1
p80_p30_min2_sep7,San Diego,2025,low_wind,san_diego_2025-08-30,2025-08-30,2025-08-31,2
p80_p30_min2_sep7,San Diego,2025,low_wind,san_diego_2025-09-03,2025-09-03,2025-09-03,1
p80_p30_min2_sep7,San Diego,2025,low_wind,san_diego_2025-09-07,2025-09-07,2025-09-07,1
p80_p30_min2_sep7,San Diego,2025,low_wind,san_diego_2025-09-12,2025-09-12,2025-09-15,4
p80_p30_min2_sep7,San Diego,2025,low_wind,san_diego_2025-09-19,2025-09-19,2025-09-19,1
p80_p30_min2_sep7,San Diego,2025,low_wind,san_diego_2025-09-23,2025-09-23,2025-09-23,1
p80_p30_min2_sep7,San Diego,2025,low_wind,san_diego_2025-09-27,2025-09-27,2025-09-28,2
p80_p30_min2_sep7,San Diego,2025,low_wind,san_diego_2025-10-05,2025-10-05,2025-10-06,2
p80_p30_min2_sep7,San Diego,2025,low_wind,san_diego_2025-10-11,2025-10-11,2025-10-12,2
p80_p30_min2_sep7,San Diego,2025,low_wind,san_diego_2025-10-18,2025-10-18,2025-10-20,3
p80_p30_min2_sep7,San Diego,2025,low_wind,san_diego_2025-10-24,2025-10-24,2025-10-28,5
p80_p30_min2_sep7,San Diego,2025,low_wind,san_diego_2025-10-30,2025-10-30,2025-10-31,2
p80_p30_min2_sep7,San Diego,2019,pure_wind,san_diego_2019-04-01,2019-04-01,2019-04-01,1
p80_p30_min2_sep7,San Diego,2019,pure_wind,san_diego_2019-04-04,2019-04-04,2019-04-04,1
p80_p30_min2_sep7,San Diego,2019,pure_wind,san_diego_2019-04-08,2019-04-08,2019-04-08,1
p80_p30_min2_sep7,San Diego,2019,pure_wind,san_diego_2019-04-13,2019-04-13,2019-04-13,1
p80_p30_min2_sep7,San Diego,2019,pure_wind,san_diego_2019-04-23,2019-04-23,2019-04-25,3
p80_p30_min2_sep7,San Diego,2019,pure_wind,san_diego_2019-05-03,2019-05-03,2019-05-03,1
p80_p30_min2_sep7,San Diego,2019,pure_wind,san_diego_2019-05-11,2019-05-11,2019-05-13,3
p80_p30_min2_sep7,San Diego,2019,pure_wind,san_diego_2019-05-28,2019-05-28,2019-05-31,4
p80_p30_min2_sep7,San Diego,2019,pure_wind,san_diego_2019-06-04,2019-06-04,2019-06-09,6
p80_p30_min2_sep7,San Diego,2019,pure_wind,san_diego_2019-06-11,2019-06-11,2019-06-11,1
p80_p30_min2_sep7,San Diego,2019,pure_wind,san_diego_2019-06-29,2019-06-29,2019-06-29,1
p80_p30_min2_sep7,San Diego,2019,pure_wind,san_diego_2019-07-02,2019-07-02,2019-07-02,1
p80_p30_min2_sep7,San Diego,2019,pure_wind,san_diego_2019-07-05,2019-07-05,2019-07-06,2
p80_p30_min2_sep7,San Diego,2019,pure_wind,san_diego_2019-07-12,2019-07-12,2019-07-12,1
p80_p30_min2_sep7,San Diego,2019,pure_wind,san_diego_2019-07-14,2019-07-14,2019-07-14,1
p80_p30_min2_sep7,San Diego,2019,pure_wind,san_diego_2019-07-28,2019-07-28,2019-07-29,2
p80_p30_min2_sep7,San Diego,2019,pure_wind,san_diego_2019-08-02,2019-08-02,2019-08-04,3
p80_p30_min2_sep7,San Diego,2019,pure_wind,san_diego_2019-08-08,2019-08-08,2019-08-09,2
p80_p30_min2_sep7,San Diego,2019,pure_wind,san_diego_2019-08-11,2019-08-11,2019-08-13,3
p80_p30_min2_sep7,San Diego,2019,pure_wind,san_diego_2019-08-16,2019-08-16,2019-08-18,3
p80_p30_min2_sep7,San Diego,2019,pure_wind,san_diego_2019-08-27,2019-08-27,2019-08-28,2
p80_p30_min2_sep7,San Diego,2019,pure_wind,san_diego_2019-09-01,2019-09-01,2019-09-01,1
p80_p30_min2_sep7,San Diego,2019,pure_wind,san_diego_2019-09-16,2019-09-16,2019-09-18,3
p80_p30_min2_sep7,San Diego,2019,pure_wind,san_diego_2019-09-20,2019-09-20,2019-09-21,2
p80_p30_min2_sep7,San Diego,2019,pure_wind,san_diego_2019-09-23,2019-09-23,2019-09-23,1
p80_p30_min2_sep7,San Diego,2019,pure_wind,san_diego_2019-10-01,2019-10-01,2019-10-05,5
p80_p30_min2_sep7,San Diego,2019,pure_wind,san_diego_2019-10-08,2019-10-08,2019-10-10,3
p80_p30_min2_sep7,San Diego,2019,pure_wind,san_diego_2019-10-13,2019-10-13,2019-10-16,4
p80_p30_min2_sep7,San Diego,2019,pure_wind,san_diego_2019-10-19,2019-10-19,2019-10-20,2
p80_p30_min2_sep7,San Diego,2019,pure_wind,san_diego_2019-10-28,2019-10-28,2019-10-28,1
p80_p30_min2_sep7,San Diego,2020,pure_wind,san_diego_2020-04-03,2020-04-03,2020-04-03,1
p80_p30_min2_sep7,San Diego,2020,pure_wind,san_diego_2020-04-11,2020-04-11,2020-04-11,1
p80_p30_min2_sep7,San Diego,2020,pure_wind,san_diego_2020-04-23,2020-04-23,2020-04-23,1
p80_p30_min2_sep7,San Diego,2020,pure_wind,san_diego_2020-04-25,2020-04-25,2020-05-01,7
p80_p30_min2_sep7,San Diego,2020,pure_wind,san_diego_2020-05-08,2020-05-08,2020-05-09,2
p80_p30_min2_sep7,San Diego,2020,pure_wind,san_diego_2020-05-16,2020-05-16,2020-05-16,1
p80_p30_min2_sep7,San Diego,2020,pure_wind,san_diego_2020-05-24,2020-05-24,2020-05-24,1
p80_p30_min2_sep7,San Diego,2020,pure_wind,san_diego_2020-06-02,2020-06-02,2020-06-02,1
p80_p30_min2_sep7,San Diego,2020,pure_wind,san_diego_2020-06-11,2020-06-11,2020-06-11,1
p80_p30_min2_sep7,San Diego,2020,pure_wind,san_diego_2020-07-02,2020-07-02,2020-07-02,1
p80_p30_min2_sep7,San Diego,2020,pure_wind,san_diego_2020-07-07,2020-07-07,2020-07-09,3
p80_p30_min2_sep7,San Diego,2020,pure_wind,san_diego_2020-08-01,2020-08-01,2020-08-04,4
p80_p30_min2_sep7,San Diego,2020,pure_wind,san_diego_2020-09-20,2020-09-20,2020-09-21,2
p80_p30_min2_sep7,San Diego,2020,pure_wind,san_diego_2020-09-25,2020-09-25,2020-09-27,3
p80_p30_min2_sep7,San Diego,2020,pure_wind,san_diego_2020-10-07,2020-10-07,2020-10-08,2
p80_p30_min2_sep7,San Diego,2020,pure_wind,san_diego_2020-10-17,2020-10-17,2020-10-23,7
p80_p30_min2_sep7,San Diego,2020,pure_wind,san_diego_2020-10-26,2020-10-26,2020-10-27,2
p80_p30_min2_sep7,San Diego,2020,pure_wind,san_diego_2020-10-29,2020-10-29,2020-10-31,3
p80_p30_min2_sep7,San Diego,2021,pure_wind,san_diego_2021-04-05,2021-04-05,2021-04-05,1
p80_p30_min2_sep7,San Diego,2021,pure_wind,san_diego_2021-04-07,2021-04-07,2021-04-07,1
p80_p30_min2_sep7,San Diego,2021,pure_wind,san_diego_2021-04-10,2021-04-10,2021-04-10,1
p80_p30_min2_sep7,San Diego,2021,pure_wind,san_diego_2021-04-17,2021-04-17,2021-04-17,1
p80_p30_min2_sep7,San Diego,2021,pure_wind,san_diego_2021-05-04,2021-05-04,2021-05-06,3
p80_p30_min2_sep7,San Diego,2021,pure_wind,san_diego_2021-05-11,2021-05-11,2021-05-11,1
p80_p30_min2_sep7,San Diego,2021,pure_wind,san_diego_2021-06-12,2021-06-12,2021-06-12,1
p80_p30_min2_sep7,San Diego,2021,pure_wind,san_diego_2021-06-17,2021-06-17,2021-06-18,2
p80_p30_min2_sep7,San Diego,2021,pure_wind,san_diego_2021-07-07,2021-07-07,2021-07-08,2
p80_p30_min2_sep7,San Diego,2021,pure_wind,san_diego_2021-08-07,2021-08-07,2021-08-07,1
p80_p30_min2_sep7,San Diego,2021,pure_wind,san_diego_2021-08-16,2021-08-16,2021-08-16,1
p80_p30_min2_sep7,San Diego,2021,pure_wind,san_diego_2021-09-07,2021-09-07,2021-09-07,1
p80_p30_min2_sep7,San Diego,2021,pure_wind,san_diego_2021-09-14,2021-09-14,2021-09-15,2
p80_p30_min2_sep7,San Diego,2021,pure_wind,san_diego_2021-09-19,2021-09-19,2021-09-20,2
p80_p30_min2_sep7,San Diego,2021,pure_wind,san_diego_2021-09-24,2021-09-24,2021-09-24,1
p80_p30_min2_sep7,San Diego,2021,pure_wind,san_diego_2021-10-06,2021-10-06,2021-10-06,1
p80_p30_min2_sep7,San Diego,2021,pure_wind,san_diego_2021-10-09,2021-10-09,2021-10-10,2
p80_p30_min2_sep7,San Diego,2021,pure_wind,san_diego_2021-10-14,2021-10-14,2021-10-14,1
p80_p30_min2_sep7,San Diego,2021,pure_wind,san_diego_2021-10-19,2021-10-19,2021-10-19,1
p80_p30_min2_sep7,San Diego,2021,pure_wind,san_diego_2021-10-23,2021-10-23,2021-10-24,2
p80_p30_min2_sep7,San Diego,2021,pure_wind,san_diego_2021-10-29,2021-10-29,2021-10-31,3
p80_p30_min2_sep7,San Diego,2022,pure_wind,san_diego_2022-04-01,2022-04-01,2022-04-02,2
p80_p30_min2_sep7,San Diego,2022,pure_wind,san_diego_2022-04-05,2022-04-05,2022-04-06,2
p80_p30_min2_sep7,San Diego,2022,pure_wind,san_diego_2022-05-06,2022-05-06,2022-05-06,1
p80_p30_min2_sep7,San Diego,2022,pure_wind,san_diego_2022-05-23,2022-05-23,2022-05-25,3
p80_p30_min2_sep7,San Diego,2022,pure_wind,san_diego_2022-06-01,2022-06-01,2022-06-02,2
p80_p30_min2_sep7,San Diego,2022,pure_wind,san_diego_2022-06-08,2022-06-08,2022-06-10,3
p80_p30_min2_sep7,San Diego,2022,pure_wind,san_diego_2022-06-12,2022-06-12,2022-06-12,1
p80_p30_min2_sep7,San Diego,2022,pure_wind,san_diego_2022-06-15,2022-06-15,2022-06-16,2
p80_p30_min2_sep7,San Diego,2022,pure_wind,san_diego_2022-06-21,2022-06-21,2022-06-21,1
p80_p30_min2_sep7,San Diego,2022,pure_wind,san_diego_2022-06-29,2022-06-29,2022-06-29,1
p80_p30_min2_sep7,San Diego,2022,pure_wind,san_diego_2022-07-17,2022-07-17,2022-07-17,1
p80_p30_min2_sep7,San Diego,2022,pure_wind,san_diego_2022-07-29,2022-07-29,2022-07-29,1
p80_p30_min2_sep7,San Diego,2022,pure_wind,san_diego_2022-08-23,2022-08-23,2022-08-24,2
p80_p30_min2_sep7,San Diego,2022,pure_wind,san_diego_2022-09-10,2022-09-10,2022-09-10,1
p80_p30_min2_sep7,San Diego,2022,pure_wind,san_diego_2022-09-15,2022-09-15,2022-09-17,3
p80_p30_min2_sep7,San Diego,2022,pure_wind,san_diego_2022-09-29,2022-09-29,2022-09-29,1
p80_p30_min2_sep7,San Diego,2022,pure_wind,san_diego_2022-10-04,2022-10-04,2022-10-12,9
p80_p30_min2_sep7,San Diego,2022,pure_wind,san_diego_2022-10-15,2022-10-15,2022-10-15,1
p80_p30_min2_sep7,San Diego,2022,pure_wind,san_diego_2022-10-26,2022-10-26,2022-10-31,6
p80_p30_min2_sep7,San Diego,2023,pure_wind,san_diego_2023-04-02,2023-04-02,2023-04-02,1
p80_p30_min2_sep7,San Diego,2023,pure_wind,san_diego_2023-04-07,2023-04-07,2023-04-07,1
p80_p30_min2_sep7,San Diego,2023,pure_wind,san_diego_2023-04-09,2023-04-09,2023-04-11,3
p80_p30_min2_sep7,San Diego,2023,pure_wind,san_diego_2023-04-17,2023-04-17,2023-04-17,1
p80_p30_min2_sep7,San Diego,2023,pure_wind,san_diego_2023-04-22,2023-04-22,2023-04-22,1
p80_p30_min2_sep7,San Diego,2023,pure_wind,san_diego_2023-04-25,2023-04-25,2023-04-25,1
p80_p30_min2_sep7,San Diego,2023,pure_wind,san_diego_2023-04-27,2023-04-27,2023-04-28,2
p80_p30_min2_sep7,San Diego,2023,pure_wind,san_diego_2023-05-13,2023-05-13,2023-05-15,3
p80_p30_min2_sep7,San Diego,2023,pure_wind,san_diego_2023-05-19,2023-05-19,2023-05-19,1
p80_p30_min2_sep7,San Diego,2023,pure_wind,san_diego_2023-06-18,2023-06-18,2023-06-18,1
p80_p30_min2_sep7,San Diego,2023,pure_wind,san_diego_2023-06-21,2023-06-21,2023-06-21,1
p80_p30_min2_sep7,San Diego,2023,pure_wind,san_diego_2023-06-29,2023-06-29,2023-06-29,1
p80_p30_min2_sep7,San Diego,2023,pure_wind,san_diego_2023-07-01,2023-07-01,2023-07-01,1
p80_p30_min2_sep7,San Diego,2023,pure_wind,san_diego_2023-07-08,2023-07-08,2023-07-08,1
p80_p30_min2_sep7,San Diego,2023,pure_wind,san_diego_2023-07-10,2023-07-10,2023-07-11,2
p80_p30_min2_sep7,San Diego,2023,pure_wind,san_diego_2023-07-15,2023-07-15,2023-07-16,2
p80_p30_min2_sep7,San Diego,2023,pure_wind,san_diego_2023-07-22,2023-07-22,2023-07-23,2
p80_p30_min2_sep7,San Diego,2023,pure_wind,san_diego_2023-07-28,2023-07-28,2023-07-28,1
p80_p30_min2_sep7,San Diego,2023,pure_wind,san_diego_2023-07-31,2023-07-31,2023-07-31,1
p80_p30_min2_sep7,San Diego,2023,pure_wind,san_diego_2023-08-05,2023-08-05,2023-08-05,1
p80_p30_min2_sep7,San Diego,2023,pure_wind,san_diego_2023-08-31,2023-08-31,2023-08-31,1
p80_p30_min2_sep7,San Diego,2023,pure_wind,san_diego_2023-09-02,2023-09-02,2023-09-02,1
p80_p30_min2_sep7,San Diego,2023,pure_wind,san_diego_2023-09-04,2023-09-04,2023-09-05,2
p80_p30_min2_sep7,San Diego,2023,pure_wind,san_diego_2023-09-07,2023-09-07,2023-09-07,1
p80_p30_min2_sep7,San Diego,2023,pure_wind,san_diego_2023-09-13,2023-09-13,2023-09-14,2
p80_p30_min2_sep7,San Diego,2023,pure_wind,san_diego_2023-09-22,2023-09-22,2023-09-22,1
p80_p30_min2_sep7,San Diego,2023,pure_wind,san_diego_2023-09-24,2023-09-24,2023-09-24,1
p80_p30_min2_sep7,San Diego,2023,pure_wind,san_diego_2023-09-27,2023-09-27,2023-09-28,2
p80_p30_min2_sep7,San Diego,2023,pure_wind,san_diego_2023-10-01,2023-10-01,2023-10-01,1
p80_p30_min2_sep7,San Diego,2023,pure_wind,san_diego_2023-10-10,2023-10-10,2023-10-10,1
p80_p30_min2_sep7,San Diego,2023,pure_wind,san_diego_2023-10-12,2023-10-12,2023-10-13,2
p80_p30_min2_sep7,San Diego,2023,pure_wind,san_diego_2023-10-16,2023-10-16,2023-10-18,3
p80_p30_min2_sep7,San Diego,2023,pure_wind,san_diego_2023-10-24,2023-10-24,2023-10-24,1
p80_p30_min2_sep7,San Diego,2023,pure_wind,san_diego_2023-10-26,2023-10-26,2023-10-28,3
p80_p30_min2_sep7,San Diego,2024,pure_wind,san_diego_2024-04-02,2024-04-02,2024-04-02,1
p80_p30_min2_sep7,San Diego,2024,pure_wind,san_diego_2024-04-06,2024-04-06,2024-04-06,1
p80_p30_min2_sep7,San Diego,2024,pure_wind,san_diego_2024-04-10,2024-04-10,2024-04-11,2
p80_p30_min2_sep7,San Diego,2024,pure_wind,san_diego_2024-04-17,2024-04-17,2024-04-19,3
p80_p30_min2_sep7,San Diego,2024,pure_wind,san_diego_2024-04-21,2024-04-21,2024-04-21,1
p80_p30_min2_sep7,San Diego,2024,pure_wind,san_diego_2024-04-28,2024-04-28,2024-04-29,2
p80_p30_min2_sep7,San Diego,2024,pure_wind,san_diego_2024-05-02,2024-05-02,2024-05-02,1
p80_p30_min2_sep7,San Diego,2024,pure_wind,san_diego_2024-05-12,2024-05-12,2024-05-12,1
p80_p30_min2_sep7,San Diego,2024,pure_wind,san_diego_2024-05-29,2024-05-29,2024-05-31,3
p80_p30_min2_sep7,San Diego,2024,pure_wind,san_diego_2024-06-04,2024-06-04,2024-06-06,3
p80_p30_min2_sep7,San Diego,2024,pure_wind,san_diego_2024-06-12,2024-06-12,2024-06-12,1
p80_p30_min2_sep7,San Diego,2024,pure_wind,san_diego_2024-06-15,2024-06-15,2024-06-15,1
p80_p30_min2_sep7,San Diego,2024,pure_wind,san_diego_2024-07-01,2024-07-01,2024-07-02,2
p80_p30_min2_sep7,San Diego,2024,pure_wind,san_diego_2024-07-07,2024-07-07,2024-07-07,1
p80_p30_min2_sep7,San Diego,2024,pure_wind,san_diego_2024-07-09,2024-07-09,2024-07-12,4
p80_p30_min2_sep7,San Diego,2024,pure_wind,san_diego_2024-07-18,2024-07-18,2024-07-18,1
p80_p30_min2_sep7,San Diego,2024,pure_wind,san_diego_2024-07-21,2024-07-21,2024-07-22,2
p80_p30_min2_sep7,San Diego,2024,pure_wind,san_diego_2024-07-30,2024-07-30,2024-07-30,1
p80_p30_min2_sep7,San Diego,2024,pure_wind,san_diego_2024-08-01,2024-08-01,2024-08-01,1
p80_p30_min2_sep7,San Diego,2024,pure_wind,san_diego_2024-08-10,2024-08-10,2024-08-11,2
p80_p30_min2_sep7,San Diego,2024,pure_wind,san_diego_2024-08-16,2024-08-16,2024-08-17,2
p80_p30_min2_sep7,San Diego,2024,pure_wind,san_diego_2024-08-24,2024-08-24,2024-08-25,2
p80_p30_min2_sep7,San Diego,2024,pure_wind,san_diego_2024-08-27,2024-08-27,2024-08-27,1
p80_p30_min2_sep7,San Diego,2024,pure_wind,san_diego_2024-08-31,2024-08-31,2024-09-02,3
p80_p30_min2_sep7,San Diego,2024,pure_wind,san_diego_2024-09-14,2024-09-14,2024-09-14,1
p80_p30_min2_sep7,San Diego,2024,pure_wind,san_diego_2024-09-18,2024-09-18,2024-09-18,1
p80_p30_min2_sep7,San Diego,2024,pure_wind,san_diego_2024-09-21,2024-09-21,2024-09-21,1
p80_p30_min2_sep7,San Diego,2024,pure_wind,san_diego_2024-09-28,2024-09-28,2024-09-30,3
p80_p30_min2_sep7,San Diego,2024,pure_wind,san_diego_2024-10-03,2024-10-03,2024-10-05,3
p80_p30_min2_sep7,San Diego,2024,pure_wind,san_diego_2024-10-08,2024-10-08,2024-10-10,3
p80_p30_min2_sep7,San Diego,2024,pure_wind,san_diego_2024-10-12,2024-10-12,2024-10-16,5
p80_p30_min2_sep7,San Diego,2024,pure_wind,san_diego_2024-10-22,2024-10-22,2024-10-27,6
p80_p30_min2_sep7,San Diego,2024,pure_wind,san_diego_2024-10-30,2024-10-30,2024-10-31,2
p80_p30_min2_sep7,San Diego,2025,pure_wind,san_diego_2025-04-07,2025-04-07,2025-04-14,8
p80_p30_min2_sep7,San Diego,2025,pure_wind,san_diego_2025-05-01,2025-05-01,2025-05-01,1
p80_p30_min2_sep7,San Diego,2025,pure_wind,san_diego_2025-05-09,2025-05-09,2025-05-09,1
p80_p30_min2_sep7,San Diego,2025,pure_wind,san_diego_2025-05-19,2025-05-19,2025-05-22,4
p80_p30_min2_sep7,San Diego,2025,pure_wind,san_diego_2025-05-31,2025-05-31,2025-05-31,1
p80_p30_min2_sep7,San Diego,2025,pure_wind,san_diego_2025-06-13,2025-06-13,2025-06-14,2
p80_p30_min2_sep7,San Diego,2025,pure_wind,san_diego_2025-06-16,2025-06-16,2025-06-18,3
p80_p30_min2_sep7,San Diego,2025,pure_wind,san_diego_2025-06-26,2025-06-26,2025-06-27,2
p80_p30_min2_sep7,San Diego,2025,pure_wind,san_diego_2025-07-05,2025-07-05,2025-07-05,1
p80_p30_min2_sep7,San Diego,2025,pure_wind,san_diego_2025-07-30,2025-07-30,2025-07-30,1
p80_p30_min2_sep7,San Diego,2025,pure_wind,san_diego_2025-08-01,2025-08-01,2025-08-05,5
p80_p30_min2_sep7,San Diego,2025,pure_wind,san_diego_2025-08-10,2025-08-10,2025-08-11,2
p80_p30_min2_sep7,San Diego,2025,pure_wind,san_diego_2025-08-13,2025-08-13,2025-08-13,1
p80_p30_min2_sep7,San Diego,2025,pure_wind,san_diego_2025-08-17,2025-08-17,2025-08-18,2
p80_p30_min2_sep7,San Diego,2025,pure_wind,san_diego_2025-08-26,2025-08-26,2025-08-26,1
p80_p30_min2_sep7,San Diego,2025,pure_wind,san_diego_2025-08-28,2025-08-28,2025-08-28,1
p80_p30_min2_sep7,San Diego,2025,pure_wind,san_diego_2025-09-12,2025-09-12,2025-09-15,4
p80_p30_min2_sep7,San Diego,2025,pure_wind,san_diego_2025-09-19,2025-09-19,2025-09-19,1
p80_p30_min2_sep7,San Diego,2025,pure_wind,san_diego_2025-09-23,2025-09-23,2025-09-23,1
p80_p30_min2_sep7,San Diego,2025,pure_wind,san_diego_2025-09-27,2025-09-27,2025-09-28,2
p80_p30_min2_sep7,San Diego,2025,pure_wind,san_diego_2025-10-05,2025-10-05,2025-10-06,2
p80_p30_min2_sep7,San Diego,2025,pure_wind,san_diego_2025-10-11,2025-10-11,2025-10-12,2
p80_p30_min2_sep7,San Diego,2025,pure_wind,san_diego_2025-10-19,2025-10-19,2025-10-20,2
p80_p30_min2_sep7,San Diego,2025,pure_wind,san_diego_2025-10-24,2025-10-24,2025-10-28,5
p80_p30_min2_sep7,San Diego,2025,pure_wind,san_diego_2025-10-31,2025-10-31,2025-10-31,1
p80_p30_min2_sep7,Seattle,2019,low_wind,seattle_2019-04-04,2019-04-04,2019-04-04,1
p80_p30_min2_sep7,Seattle,2019,low_wind,seattle_2019-04-07,2019-04-07,2019-04-07,1
p80_p30_min2_sep7,Seattle,2019,low_wind,seattle_2019-04-12,2019-04-12,2019-04-12,1
p80_p30_min2_sep7,Seattle,2019,low_wind,seattle_2019-04-24,2019-04-24,2019-04-24,1
p80_p30_min2_sep7,Seattle,2019,low_wind,seattle_2019-05-03,2019-05-03,2019-05-03,1
p80_p30_min2_sep7,Seattle,2019,low_wind,seattle_2019-05-07,2019-05-07,2019-05-07,1
p80_p30_min2_sep7,Seattle,2019,low_wind,seattle_2019-05-10,2019-05-10,2019-05-10,1
p80_p30_min2_sep7,Seattle,2019,low_wind,seattle_2019-05-21,2019-05-21,2019-05-22,2
p80_p30_min2_sep7,Seattle,2019,low_wind,seattle_2019-05-29,2019-05-29,2019-06-01,4
p80_p30_min2_sep7,Seattle,2019,low_wind,seattle_2019-06-04,2019-06-04,2019-06-04,1
p80_p30_min2_sep7,Seattle,2019,low_wind,seattle_2019-06-12,2019-06-12,2019-06-12,1
p80_p30_min2_sep7,Seattle,2019,low_wind,seattle_2019-06-15,2019-06-15,2019-06-17,3
p80_p30_min2_sep7,Seattle,2019,low_wind,seattle_2019-06-24,2019-06-24,2019-06-25,2
p80_p30_min2_sep7,Seattle,2019,low_wind,seattle_2019-06-29,2019-06-29,2019-06-29,1
p80_p30_min2_sep7,Seattle,2019,low_wind,seattle_2019-07-03,2019-07-03,2019-07-04,2
p80_p30_min2_sep7,Seattle,2019,low_wind,seattle_2019-07-08,2019-07-08,2019-07-09,2
p80_p30_min2_sep7,Seattle,2019,low_wind,seattle_2019-07-11,2019-07-11,2019-07-16,6
p80_p30_min2_sep7,Seattle,2019,low_wind,seattle_2019-07-18,2019-07-18,2019-07-19,2
p80_p30_min2_sep7,Seattle,2019,low_wind,seattle_2019-07-21,2019-07-21,2019-07-21,1
p80_p30_min2_sep7,Seattle,2019,low_wind,seattle_2019-07-29,2019-07-29,2019-07-29,1
p80_p30_min2_sep7,Seattle,2019,low_wind,seattle_2019-07-31,2019-07-31,2019-07-31,1
p80_p30_min2_sep7,Seattle,2019,low_wind,seattle_2019-08-05,2019-08-05,2019-08-06,2
p80_p30_min2_sep7,Seattle,2019,low_wind,seattle_2019-08-09,2019-08-09,2019-08-10,2
p80_p30_min2_sep7,Seattle,2019,low_wind,seattle_2019-08-12,2019-08-12,2019-08-15,4
p80_p30_min2_sep7,Seattle,2019,low_wind,seattle_2019-08-18,2019-08-18,2019-08-18,1
p80_p30_min2_sep7,Seattle,2019,low_wind,seattle_2019-08-22,2019-08-22,2019-08-25,4
p80_p30_min2_sep7,Seattle,2019,low_wind,seattle_2019-08-31,2019-08-31,2019-08-31,1
p80_p30_min2_sep7,Seattle,2019,low_wind,seattle_2019-09-02,2019-09-02,2019-09-03,2
p80_p30_min2_sep7,Seattle,2019,low_wind,seattle_2019-09-10,2019-09-10,2019-09-10,1
p80_p30_min2_sep7,Seattle,2019,low_wind,seattle_2019-09-18,2019-09-18,2019-09-20,3
p80_p30_min2_sep7,Seattle,2019,low_wind,seattle_2019-09-25,2019-09-25,2019-09-25,1
p80_p30_min2_sep7,Seattle,2019,low_wind,seattle_2019-10-01,2019-10-01,2019-10-02,2
p80_p30_min2_sep7,Seattle,2019,low_wind,seattle_2019-10-05,2019-10-05,2019-10-05,1
p80_p30_min2_sep7,Seattle,2019,low_wind,seattle_2019-10-13,2019-10-13,2019-10-14,2
p80_p30_min2_sep7,Seattle,2019,low_wind,seattle_2019-10-24,2019-10-24,2019-10-24,1
p80_p30_min2_sep7,Seattle,2019,low_wind,seattle_2019-10-28,2019-10-28,2019-10-28,1
p80_p30_min2_sep7,Seattle,2019,low_wind,seattle_2019-10-31,2019-10-31,2019-10-31,1
p80_p30_min2_sep7,Seattle,2020,low_wind,seattle_2020-04-06,2020-04-06,2020-04-07,2
p80_p30_min2_sep7,Seattle,2020,low_wind,seattle_2020-04-10,2020-04-10,2020-04-10,1
p80_p30_min2_sep7,Seattle,2020,low_wind,seattle_2020-04-13,2020-04-13,2020-04-13,1
p80_p30_min2_sep7,Seattle,2020,low_wind,seattle_2020-04-16,2020-04-16,2020-04-17,2
p80_p30_min2_sep7,Seattle,2020,low_wind,seattle_2020-04-19,2020-04-19,2020-04-20,2
p80_p30_min2_sep7,Seattle,2020,low_wind,seattle_2020-04-24,2020-04-24,2020-04-24,1
p80_p30_min2_sep7,Seattle,2020,low_wind,seattle_2020-05-01,2020-05-01,2020-05-01,1
p80_p30_min2_sep7,Seattle,2020,low_wind,seattle_2020-05-14,2020-05-14,2020-05-14,1
p80_p30_min2_sep7,Seattle,2020,low_wind,seattle_2020-05-16,2020-05-16,2020-05-17,2
p80_p30_min2_sep7,Seattle,2020,low_wind,seattle_2020-05-23,2020-05-23,2020-05-24,2
p80_p30_min2_sep7,Seattle,2020,low_wind,seattle_2020-05-26,2020-05-26,2020-05-26,1
p80_p30_min2_sep7,Seattle,2020,low_wind,seattle_2020-05-29,2020-05-29,2020-05-29,1
p80_p30_min2_sep7,Seattle,2020,low_wind,seattle_2020-06-01,2020-06-01,2020-06-02,2
p80_p30_min2_sep7,Seattle,2020,low_wind,seattle_2020-06-04,2020-06-04,2020-06-04,1
p80_p30_min2_sep7,Seattle,2020,low_wind,seattle_2020-06-10,2020-06-10,2020-06-11,2
p80_p30_min2_sep7,Seattle,2020,low_wind,seattle_2020-06-17,2020-06-17,2020-06-19,3
p80_p30_min2_sep7,Seattle,2020,low_wind,seattle_2020-06-22,2020-06-22,2020-06-22,1
p80_p30_min2_sep7,Seattle,2020,low_wind,seattle_2020-06-25,2020-06-25,2020-06-26,2
p80_p30_min2_sep7,Seattle,2020,low_wind,seattle_2020-07-04,2020-07-04,2020-07-05,2
p80_p30_min2_sep7,Seattle,2020,low_wind,seattle_2020-07-08,2020-07-08,2020-07-08,1
p80_p30_min2_sep7,Seattle,2020,low_wind,seattle_2020-07-10,2020-07-10,2020-07-10,1
p80_p30_min2_sep7,Seattle,2020,low_wind,seattle_2020-07-15,2020-07-15,2020-07-15,1
p80_p30_min2_sep7,Seattle,2020,low_wind,seattle_2020-07-17,2020-07-17,2020-07-17,1
p80_p30_min2_sep7,Seattle,2020,low_wind,seattle_2020-07-27,2020-07-27,2020-07-27,1
p80_p30_min2_sep7,Seattle,2020,low_wind,seattle_2020-07-29,2020-07-29,2020-07-29,1
p80_p30_min2_sep7,Seattle,2020,low_wind,seattle_2020-08-01,2020-08-01,2020-08-01,1
p80_p30_min2_sep7,Seattle,2020,low_wind,seattle_2020-08-08,2020-08-08,2020-08-08,1
p80_p30_min2_sep7,Seattle,2020,low_wind,seattle_2020-08-10,2020-08-10,2020-08-10,1
p80_p30_min2_sep7,Seattle,2020,low_wind,seattle_2020-08-13,2020-08-13,2020-08-13,1
p80_p30_min2_sep7,Seattle,2020,low_wind,seattle_2020-08-16,2020-08-16,2020-08-16,1
p80_p30_min2_sep7,Seattle,2020,low_wind,seattle_2020-08-19,2020-08-19,2020-08-19,1
p80_p30_min2_sep7,Seattle,2020,low_wind,seattle_2020-08-24,2020-08-24,2020-08-25,2
p80_p30_min2_sep7,Seattle,2020,low_wind,seattle_2020-08-27,2020-08-27,2020-09-01,6
p80_p30_min2_sep7,Seattle,2020,low_wind,seattle_2020-09-06,2020-09-06,2020-09-06,1
p80_p30_min2_sep7,Seattle,2020,low_wind,seattle_2020-09-12,2020-09-12,2020-09-15,4
p80_p30_min2_sep7,Seattle,2020,low_wind,seattle_2020-09-20,2020-09-20,2020-09-21,2
p80_p30_min2_sep7,Seattle,2020,low_wind,seattle_2020-09-30,2020-09-30,2020-10-04,5
p80_p30_min2_sep7,Seattle,2020,low_wind,seattle_2020-10-07,2020-10-07,2020-10-07,1
p80_p30_min2_sep7,Seattle,2020,low_wind,seattle_2020-10-15,2020-10-15,2020-10-15,1
p80_p30_min2_sep7,Seattle,2020,low_wind,seattle_2020-10-20,2020-10-20,2020-10-22,3
p80_p30_min2_sep7,Seattle,2020,low_wind,seattle_2020-10-26,2020-10-26,2020-10-27,2
p80_p30_min2_sep7,Seattle,2021,low_wind,seattle_2021-04-05,2021-04-05,2021-04-06,2
p80_p30_min2_sep7,Seattle,2021,low_wind,seattle_2021-04-18,2021-04-18,2021-04-21,4
p80_p30_min2_sep7,Seattle,2021,low_wind,seattle_2021-04-28,2021-04-28,2021-04-28,1
p80_p30_min2_sep7,Seattle,2021,low_wind,seattle_2021-05-01,2021-05-01,2021-05-02,2
p80_p30_min2_sep7,Seattle,2021,low_wind,seattle_2021-05-04,2021-05-04,2021-05-04,1
p80_p30_min2_sep7,Seattle,2021,low_wind,seattle_2021-05-09,2021-05-09,2021-05-10,2
p80_p30_min2_sep7,Seattle,2021,low_wind,seattle_2021-05-16,2021-05-16,2021-05-16,1
p80_p30_min2_sep7,Seattle,2021,low_wind,seattle_2021-05-19,2021-05-19,2021-05-19,1
p80_p30_min2_sep7,Seattle,2021,low_wind,seattle_2021-05-30,2021-05-30,2021-05-30,1
p80_p30_min2_sep7,Seattle,2021,low_wind,seattle_2021-06-02,2021-06-02,2021-06-02,1
p80_p30_min2_sep7,Seattle,2021,low_wind,seattle_2021-06-08,2021-06-08,2021-06-08,1
p80_p30_min2_sep7,Seattle,2021,low_wind,seattle_2021-06-11,2021-06-11,2021-06-13,3
p80_p30_min2_sep7,Seattle,2021,low_wind,seattle_2021-06-17,2021-06-17,2021-06-17,1
p80_p30_min2_sep7,Seattle,2021,low_wind,seattle_2021-06-19,2021-06-19,2021-06-19,1
p80_p30_min2_sep7,Seattle,2021,low_wind,seattle_2021-06-21,2021-06-21,2021-06-21,1
p80_p30_min2_sep7,Seattle,2021,low_wind,seattle_2021-06-24,2021-06-24,2021-06-24,1
p80_p30_min2_sep7,Seattle,2021,low_wind,seattle_2021-07-02,2021-07-02,2021-07-03,2
p80_p30_min2_sep7,Seattle,2021,low_wind,seattle_2021-07-06,2021-07-06,2021-07-06,1
p80_p30_min2_sep7,Seattle,2021,low_wind,seattle_2021-07-08,2021-07-08,2021-07-08,1
p80_p30_min2_sep7,Seattle,2021,low_wind,seattle_2021-07-10,2021-07-10,2021-07-13,4
p80_p30_min2_sep7,Seattle,2021,low_wind,seattle_2021-07-18,2021-07-18,2021-07-19,2
p80_p30_min2_sep7,Seattle,2021,low_wind,seattle_2021-07-21,2021-07-21,2021-07-22,2
p80_p30_min2_sep7,Seattle,2021,low_wind,seattle_2021-07-25,2021-07-25,2021-07-25,1
p80_p30_min2_sep7,Seattle,2021,low_wind,seattle_2021-07-27,2021-07-27,2021-07-28,2
p80_p30_min2_sep7,Seattle,2021,low_wind,seattle_2021-07-31,2021-07-31,2021-08-01,2
p80_p30_min2_sep7,Seattle,2021,low_wind,seattle_2021-08-03,2021-08-03,2021-08-03,1
p80_p30_min2_sep7,Seattle,2021,low_wind,seattle_2021-08-13,2021-08-13,2021-08-13,1
p80_p30_min2_sep7,Seattle,2021,low_wind,seattle_2021-08-18,2021-08-18,2021-08-19,2
p80_p30_min2_sep7,Seattle,2021,low_wind,seattle_2021-09-03,2021-09-03,2021-09-03,1
p80_p30_min2_sep7,Seattle,2021,low_wind,seattle_2021-09-12,2021-09-12,2021-09-13,2
p80_p30_min2_sep7,Seattle,2021,low_wind,seattle_2021-09-15,2021-09-15,2021-09-16,2
p80_p30_min2_sep7,Seattle,2021,low_wind,seattle_2021-09-22,2021-09-22,2021-09-23,2
p80_p30_min2_sep7,Seattle,2021,low_wind,seattle_2021-10-02,2021-10-02,2021-10-02,1
p80_p30_min2_sep7,Seattle,2021,low_wind,seattle_2021-10-04,2021-10-04,2021-10-04,1
p80_p30_min2_sep7,Seattle,2021,low_wind,seattle_2021-10-07,2021-10-07,2021-10-08,2
p80_p30_min2_sep7,Seattle,2021,low_wind,seattle_2021-10-11,2021-10-11,2021-10-11,1
p80_p30_min2_sep7,Seattle,2021,low_wind,seattle_2021-10-18,2021-10-18,2021-10-19,2
p80_p30_min2_sep7,Seattle,2022,low_wind,seattle_2022-04-07,2022-04-07,2022-04-07,1
p80_p30_min2_sep7,Seattle,2022,low_wind,seattle_2022-04-13,2022-04-13,2022-04-14,2
p80_p30_min2_sep7,Seattle,2022,low_wind,seattle_2022-04-22,2022-04-22,2022-04-22,1
p80_p30_min2_sep7,Seattle,2022,low_wind,seattle_2022-04-27,2022-04-27,2022-04-28,2
p80_p30_min2_sep7,Seattle,2022,low_wind,seattle_2022-05-01,2022-05-01,2022-05-01,1
p80_p30_min2_sep7,Seattle,2022,low_wind,seattle_2022-05-04,2022-05-04,2022-05-04,1
p80_p30_min2_sep7,Seattle,2022,low_wind,seattle_2022-05-06,2022-05-06,2022-05-06,1
p80_p30_min2_sep7,Seattle,2022,low_wind,seattle_2022-05-15,2022-05-15,2022-05-15,1
p80_p30_min2_sep7,Seattle,2022,low_wind,seattle_2022-05-20,2022-05-20,2022-05-24,5
p80_p30_min2_sep7,Seattle,2022,low_wind,seattle_2022-05-26,2022-05-26,2022-05-26,1
p80_p30_min2_sep7,Seattle,2022,low_wind,seattle_2022-05-30,2022-05-30,2022-05-30,1
p80_p30_min2_sep7,Seattle,2022,low_wind,seattle_2022-06-01,2022-06-01,2022-06-02,2
p80_p30_min2_sep7,Seattle,2022,low_wind,seattle_2022-06-04,2022-06-04,2022-06-04,1
p80_p30_min2_sep7,Seattle,2022,low_wind,seattle_2022-06-09,2022-06-09,2022-06-09,1
p80_p30_min2_sep7,Seattle,2022,low_wind,seattle_2022-06-15,2022-06-15,2022-06-15,1
p80_p30_min2_sep7,Seattle,2022,low_wind,seattle_2022-06-20,2022-06-20,2022-06-22,3
p80_p30_min2_sep7,Seattle,2022,low_wind,seattle_2022-07-01,2022-07-01,2022-07-02,2
p80_p30_min2_sep7,Seattle,2022,low_wind,seattle_2022-07-05,2022-07-05,2022-07-06,2
p80_p30_min2_sep7,Seattle,2022,low_wind,seattle_2022-07-08,2022-07-08,2022-07-09,2
p80_p30_min2_sep7,Seattle,2022,low_wind,seattle_2022-07-12,2022-07-12,2022-07-14,3
p80_p30_min2_sep7,Seattle,2022,low_wind,seattle_2022-07-17,2022-07-17,2022-07-17,1
p80_p30_min2_sep7,Seattle,2022,low_wind,seattle_2022-07-20,2022-07-20,2022-07-20,1
p80_p30_min2_sep7,Seattle,2022,low_wind,seattle_2022-07-23,2022-07-23,2022-07-23,1
p80_p30_min2_sep7,Seattle,2022,low_wind,seattle_2022-07-26,2022-07-26,2022-07-26,1
p80_p30_min2_sep7,Seattle,2022,low_wind,seattle_2022-07-29,2022-07-29,2022-07-31,3
p80_p30_min2_sep7,Seattle,2022,low_wind,seattle_2022-08-08,2022-08-08,2022-08-08,1
p80_p30_min2_sep7,Seattle,2022,low_wind,seattle_2022-08-11,2022-08-11,2022-08-11,1
p80_p30_min2_sep7,Seattle,2022,low_wind,seattle_2022-08-14,2022-08-14,2022-08-15,2
p80_p30_min2_sep7,Seattle,2022,low_wind,seattle_2022-08-18,2022-08-18,2022-08-18,1
p80_p30_min2_sep7,Seattle,2022,low_wind,seattle_2022-08-22,2022-08-22,2022-08-22,1
p80_p30_min2_sep7,Seattle,2022,low_wind,seattle_2022-08-25,2022-08-25,2022-08-25,1
p80_p30_min2_sep7,Seattle,2022,low_wind,seattle_2022-09-01,2022-09-01,2022-09-01,1
p80_p30_min2_sep7,Seattle,2022,low_wind,seattle_2022-09-12,2022-09-12,2022-09-15,4
p80_p30_min2_sep7,Seattle,2022,low_wind,seattle_2022-09-26,2022-09-26,2022-09-26,1
p80_p30_min2_sep7,Seattle,2022,low_wind,seattle_2022-09-29,2022-09-29,2022-09-29,1
p80_p30_min2_sep7,Seattle,2022,low_wind,seattle_2022-10-02,2022-10-02,2022-10-05,4
p80_p30_min2_sep7,Seattle,2022,low_wind,seattle_2022-10-07,2022-10-07,2022-10-09,3
p80_p30_min2_sep7,Seattle,2022,low_wind,seattle_2022-10-18,2022-10-18,2022-10-18,1
p80_p30_min2_sep7,Seattle,2022,low_wind,seattle_2022-10-20,2022-10-20,2022-10-20,1
p80_p30_min2_sep7,Seattle,2022,low_wind,seattle_2022-10-22,2022-10-22,2022-10-22,1
p80_p30_min2_sep7,Seattle,2023,low_wind,seattle_2023-04-03,2023-04-03,2023-04-03,1
p80_p30_min2_sep7,Seattle,2023,low_wind,seattle_2023-04-10,2023-04-10,2023-04-10,1
p80_p30_min2_sep7,Seattle,2023,low_wind,seattle_2023-04-14,2023-04-14,2023-04-14,1
p80_p30_min2_sep7,Seattle,2023,low_wind,seattle_2023-04-22,2023-04-22,2023-04-22,1
p80_p30_min2_sep7,Seattle,2023,low_wind,seattle_2023-04-25,2023-04-25,2023-04-25,1
p80_p30_min2_sep7,Seattle,2023,low_wind,seattle_2023-05-01,2023-05-01,2023-05-01,1
p80_p30_min2_sep7,Seattle,2023,low_wind,seattle_2023-05-08,2023-05-08,2023-05-08,1
p80_p30_min2_sep7,Seattle,2023,low_wind,seattle_2023-05-10,2023-05-10,2023-05-11,2
p80_p30_min2_sep7,Seattle,2023,low_wind,seattle_2023-05-17,2023-05-17,2023-05-17,1
p80_p30_min2_sep7,Seattle,2023,low_wind,seattle_2023-05-20,2023-05-20,2023-05-20,1
p80_p30_min2_sep7,Seattle,2023,low_wind,seattle_2023-05-26,2023-05-26,2023-05-26,1
p80_p30_min2_sep7,Seattle,2023,low_wind,seattle_2023-05-28,2023-05-28,2023-05-29,2
p80_p30_min2_sep7,Seattle,2023,low_wind,seattle_2023-05-31,2023-05-31,2023-06-03,4
p80_p30_min2_sep7,Seattle,2023,low_wind,seattle_2023-06-07,2023-06-07,2023-06-07,1
p80_p30_min2_sep7,Seattle,2023,low_wind,seattle_2023-06-12,2023-06-12,2023-06-12,1
p80_p30_min2_sep7,Seattle,2023,low_wind,seattle_2023-06-25,2023-06-25,2023-06-25,1
p80_p30_min2_sep7,Seattle,2023,low_wind,seattle_2023-06-28,2023-06-28,2023-06-30,3
p80_p30_min2_sep7,Seattle,2023,low_wind,seattle_2023-07-09,2023-07-09,2023-07-09,1
p80_p30_min2_sep7,Seattle,2023,low_wind,seattle_2023-07-11,2023-07-11,2023-07-15,5
p80_p30_min2_sep7,Seattle,2023,low_wind,seattle_2023-07-23,2023-07-23,2023-07-23,1
p80_p30_min2_sep7,Seattle,2023,low_wind,seattle_2023-07-27,2023-07-27,2023-07-28,2
p80_p30_min2_sep7,Seattle,2023,low_wind,seattle_2023-07-30,2023-07-30,2023-08-07,9
p80_p30_min2_sep7,Seattle,2023,low_wind,seattle_2023-08-10,2023-08-10,2023-08-11,2
p80_p30_min2_sep7,Seattle,2023,low_wind,seattle_2023-08-16,2023-08-16,2023-08-16,1
p80_p30_min2_sep7,Seattle,2023,low_wind,seattle_2023-08-21,2023-08-21,2023-08-21,1
p80_p30_min2_sep7,Seattle,2023,low_wind,seattle_2023-09-05,2023-09-05,2023-09-09,5
p80_p30_min2_sep7,Seattle,2023,low_wind,seattle_2023-09-11,2023-09-11,2023-09-11,1
p80_p30_min2_sep7,Seattle,2023,low_wind,seattle_2023-09-13,2023-09-13,2023-09-13,1
p80_p30_min2_sep7,Seattle,2023,low_wind,seattle_2023-09-15,2023-09-15,2023-09-16,2
p80_p30_min2_sep7,Seattle,2023,low_wind,seattle_2023-09-22,2023-09-22,2023-09-22,1
p80_p30_min2_sep7,Seattle,2023,low_wind,seattle_2023-10-01,2023-10-01,2023-10-01,1
p80_p30_min2_sep7,Seattle,2023,low_wind,seattle_2023-10-03,2023-10-03,2023-10-04,2
p80_p30_min2_sep7,Seattle,2023,low_wind,seattle_2023-10-12,2023-10-12,2023-10-12,1
p80_p30_min2_sep7,Seattle,2023,low_wind,seattle_2023-10-14,2023-10-14,2023-10-15,2
p80_p30_min2_sep7,Seattle,2023,low_wind,seattle_2023-10-22,2023-10-22,2023-10-22,1
p80_p30_min2_sep7,Seattle,2023,low_wind,seattle_2023-10-26,2023-10-26,2023-10-26,1
p80_p30_min2_sep7,Seattle,2023,low_wind,seattle_2023-10-31,2023-10-31,2023-10-31,1
p80_p30_min2_sep7,Seattle,2024,low_wind,seattle_2024-04-10,2024-04-10,2024-04-10,1
p80_p30_min2_sep7,Seattle,2024,low_wind,seattle_2024-04-16,2024-04-16,2024-04-16,1
p80_p30_min2_sep7,Seattle,2024,low_wind,seattle_2024-04-23,2024-04-23,2024-04-23,1
p80_p30_min2_sep7,Seattle,2024,low_wind,seattle_2024-05-11,2024-05-11,2024-05-13,3
p80_p30_min2_sep7,Seattle,2024,low_wind,seattle_2024-05-15,2024-05-15,2024-05-15,1
p80_p30_min2_sep7,Seattle,2024,low_wind,seattle_2024-05-30,2024-05-30,2024-05-30,1
p80_p30_min2_sep7,Seattle,2024,low_wind,seattle_2024-06-01,2024-06-01,2024-06-01,1
p80_p30_min2_sep7,Seattle,2024,low_wind,seattle_2024-06-08,2024-06-08,2024-06-08,1
p80_p30_min2_sep7,Seattle,2024,low_wind,seattle_2024-06-18,2024-06-18,2024-06-18,1
p80_p30_min2_sep7,Seattle,2024,low_wind,seattle_2024-06-21,2024-06-21,2024-06-21,1
p80_p30_min2_sep7,Seattle,2024,low_wind,seattle_2024-06-24,2024-06-24,2024-06-24,1
p80_p30_min2_sep7,Seattle,2024,low_wind,seattle_2024-06-28,2024-06-28,2024-06-29,2
p80_p30_min2_sep7,Seattle,2024,low_wind,seattle_2024-07-01,2024-07-01,2024-07-03,3
p80_p30_min2_sep7,Seattle,2024,low_wind,seattle_2024-07-11,2024-07-11,2024-07-12,2
p80_p30_min2_sep7,Seattle,2024,low_wind,seattle_2024-07-21,2024-07-21,2024-07-22,2
p80_p30_min2_sep7,Seattle,2024,low_wind,seattle_2024-07-27,2024-07-27,2024-07-27,1
p80_p30_min2_sep7,Seattle,2024,low_wind,seattle_2024-08-02,2024-08-02,2024-08-03,2
p80_p30_min2_sep7,Seattle,2024,low_wind,seattle_2024-08-09,2024-08-09,2024-08-09,1
p80_p30_min2_sep7,Seattle,2024,low_wind,seattle_2024-08-14,2024-08-14,2024-08-14,1
p80_p30_min2_sep7,Seattle,2024,low_wind,seattle_2024-08-22,2024-08-22,2024-08-22,1
p80_p30_min2_sep7,Seattle,2024,low_wind,seattle_2024-08-26,2024-08-26,2024-08-26,1
p80_p30_min2_sep7,Seattle,2024,low_wind,seattle_2024-09-01,2024-09-01,2024-09-01,1
p80_p30_min2_sep7,Seattle,2024,low_wind,seattle_2024-09-07,2024-09-07,2024-09-07,1
p80_p30_min2_sep7,Seattle,2024,low_wind,seattle_2024-09-09,2024-09-09,2024-09-09,1
p80_p30_min2_sep7,Seattle,2024,low_wind,seattle_2024-09-11,2024-09-11,2024-09-12,2
p80_p30_min2_sep7,Seattle,2024,low_wind,seattle_2024-09-18,2024-09-18,2024-09-22,5
p80_p30_min2_sep7,Seattle,2024,low_wind,seattle_2024-10-02,2024-10-02,2024-10-02,1
p80_p30_min2_sep7,Seattle,2024,low_wind,seattle_2024-10-06,2024-10-06,2024-10-07,2
p80_p30_min2_sep7,Seattle,2024,low_wind,seattle_2024-10-09,2024-10-09,2024-10-09,1
p80_p30_min2_sep7,Seattle,2024,low_wind,seattle_2024-10-12,2024-10-12,2024-10-13,2
p80_p30_min2_sep7,Seattle,2024,low_wind,seattle_2024-10-23,2024-10-23,2024-10-23,1
p80_p30_min2_sep7,Seattle,2025,low_wind,seattle_2025-04-03,2025-04-03,2025-04-04,2
p80_p30_min2_sep7,Seattle,2025,low_wind,seattle_2025-04-06,2025-04-06,2025-04-06,1
p80_p30_min2_sep7,Seattle,2025,low_wind,seattle_2025-04-12,2025-04-12,2025-04-12,1
p80_p30_min2_sep7,Seattle,2025,low_wind,seattle_2025-04-18,2025-04-18,2025-04-18,1
p80_p30_min2_sep7,Seattle,2025,low_wind,seattle_2025-04-30,2025-04-30,2025-04-30,1
p80_p30_min2_sep7,Seattle,2025,low_wind,seattle_2025-05-06,2025-05-06,2025-05-06,1
p80_p30_min2_sep7,Seattle,2025,low_wind,seattle_2025-05-09,2025-05-09,2025-05-09,1
p80_p30_min2_sep7,Seattle,2025,low_wind,seattle_2025-05-22,2025-05-22,2025-05-24,3
p80_p30_min2_sep7,Seattle,2025,low_wind,seattle_2025-05-30,2025-05-30,2025-05-31,2
p80_p30_min2_sep7,Seattle,2025,low_wind,seattle_2025-06-02,2025-06-02,2025-06-04,3
p80_p30_min2_sep7,Seattle,2025,low_wind,seattle_2025-06-06,2025-06-06,2025-06-06,1
p80_p30_min2_sep7,Seattle,2025,low_wind,seattle_2025-06-09,2025-06-09,2025-06-10,2
p80_p30_min2_sep7,Seattle,2025,low_wind,seattle_2025-06-15,2025-06-15,2025-06-16,2
p80_p30_min2_sep7,Seattle,2025,low_wind,seattle_2025-06-19,2025-06-19,2025-06-19,1
p80_p30_min2_sep7,Seattle,2025,low_wind,seattle_2025-06-23,2025-06-23,2025-06-24,2
p80_p30_min2_sep7,Seattle,2025,low_wind,seattle_2025-06-28,2025-06-28,2025-06-28,1
p80_p30_min2_sep7,Seattle,2025,low_wind,seattle_2025-07-01,2025-07-01,2025-07-01,1
p80_p30_min2_sep7,Seattle,2025,low_wind,seattle_2025-07-16,2025-07-16,2025-07-16,1
p80_p30_min2_sep7,Seattle,2025,low_wind,seattle_2025-07-20,2025-07-20,2025-07-21,2
p80_p30_min2_sep7,Seattle,2025,low_wind,seattle_2025-07-23,2025-07-23,2025-07-23,1
p80_p30_min2_sep7,Seattle,2025,low_wind,seattle_2025-07-26,2025-07-26,2025-07-28,3
p80_p30_min2_sep7,Seattle,2025,low_wind,seattle_2025-07-30,2025-07-30,2025-08-02,4
p80_p30_min2_sep7,Seattle,2025,low_wind,seattle_2025-08-07,2025-08-07,2025-08-08,2
p80_p30_min2_sep7,Seattle,2025,low_wind,seattle_2025-08-12,2025-08-12,2025-08-12,1
p80_p30_min2_sep7,Seattle,2025,low_wind,seattle_2025-08-24,2025-08-24,2025-08-26,3
p80_p30_min2_sep7,Seattle,2025,low_wind,seattle_2025-08-28,2025-08-28,2025-09-01,5
p80_p30_min2_sep7,Seattle,2025,low_wind,seattle_2025-09-03,2025-09-03,2025-09-05,3
p80_p30_min2_sep7,Seattle,2025,low_wind,seattle_2025-09-08,2025-09-08,2025-09-10,3
p80_p30_min2_sep7,Seattle,2025,low_wind,seattle_2025-09-12,2025-09-12,2025-09-12,1
p80_p30_min2_sep7,Seattle,2025,low_wind,seattle_2025-09-22,2025-09-22,2025-09-22,1
p80_p30_min2_sep7,Seattle,2025,low_wind,seattle_2025-09-25,2025-09-25,2025-09-25,1
p80_p30_min2_sep7,Seattle,2025,low_wind,seattle_2025-09-27,2025-09-27,2025-09-27,1
p80_p30_min2_sep7,Seattle,2025,low_wind,seattle_2025-10-03,2025-10-03,2025-10-04,2
p80_p30_min2_sep7,Seattle,2025,low_wind,seattle_2025-10-07,2025-10-07,2025-10-07,1
p80_p30_min2_sep7,Seattle,2025,low_wind,seattle_2025-10-09,2025-10-09,2025-10-09,1
p80_p30_min2_sep7,Seattle,2025,low_wind,seattle_2025-10-15,2025-10-15,2025-10-15,1
p80_p30_min2_sep7,Seattle,2025,low_wind,seattle_2025-10-21,2025-10-21,2025-10-21,1
p80_p30_min2_sep7,Seattle,2019,pure_wind,seattle_2019-04-04,2019-04-04,2019-04-04,1
p80_p30_min2_sep7,Seattle,2019,pure_wind,seattle_2019-04-07,2019-04-07,2019-04-07,1
p80_p30_min2_sep7,Seattle,2019,pure_wind,seattle_2019-04-12,2019-04-12,2019-04-12,1
p80_p30_min2_sep7,Seattle,2019,pure_wind,seattle_2019-04-24,2019-04-24,2019-04-24,1
p80_p30_min2_sep7,Seattle,2019,pure_wind,seattle_2019-05-03,2019-05-03,2019-05-03,1
p80_p30_min2_sep7,Seattle,2019,pure_wind,seattle_2019-05-07,2019-05-07,2019-05-07,1
p80_p30_min2_sep7,Seattle,2019,pure_wind,seattle_2019-05-21,2019-05-21,2019-05-22,2
p80_p30_min2_sep7,Seattle,2019,pure_wind,seattle_2019-05-29,2019-05-29,2019-06-01,4
p80_p30_min2_sep7,Seattle,2019,pure_wind,seattle_2019-06-04,2019-06-04,2019-06-04,1
p80_p30_min2_sep7,Seattle,2019,pure_wind,seattle_2019-06-15,2019-06-15,2019-06-16,2
p80_p30_min2_sep7,Seattle,2019,pure_wind,seattle_2019-06-24,2019-06-24,2019-06-25,2
p80_p30_min2_sep7,Seattle,2019,pure_wind,seattle_2019-06-29,2019-06-29,2019-06-29,1
p80_p30_min2_sep7,Seattle,2019,pure_wind,seattle_2019-07-03,2019-07-03,2019-07-04,2
p80_p30_min2_sep7,Seattle,2019,pure_wind,seattle_2019-07-08,2019-07-08,2019-07-09,2
p80_p30_min2_sep7,Seattle,2019,pure_wind,seattle_2019-07-11,2019-07-11,2019-07-11,1
p80_p30_min2_sep7,Seattle,2019,pure_wind,seattle_2019-07-13,2019-07-13,2019-07-13,1
p80_p30_min2_sep7,Seattle,2019,pure_wind,seattle_2019-07-15,2019-07-15,2019-07-15,1
p80_p30_min2_sep7,Seattle,2019,pure_wind,seattle_2019-07-18,2019-07-18,2019-07-19,2
p80_p30_min2_sep7,Seattle,2019,pure_wind,seattle_2019-08-09,2019-08-09,2019-08-10,2
p80_p30_min2_sep7,Seattle,2019,pure_wind,seattle_2019-08-18,2019-08-18,2019-08-18,1
p80_p30_min2_sep7,Seattle,2019,pure_wind,seattle_2019-08-22,2019-08-22,2019-08-25,4
p80_p30_min2_sep7,Seattle,2019,pure_wind,seattle_2019-09-10,2019-09-10,2019-09-10,1
p80_p30_min2_sep7,Seattle,2019,pure_wind,seattle_2019-09-18,2019-09-18,2019-09-20,3
p80_p30_min2_sep7,Seattle,2019,pure_wind,seattle_2019-09-25,2019-09-25,2019-09-25,1
p80_p30_min2_sep7,Seattle,2019,pure_wind,seattle_2019-10-01,2019-10-01,2019-10-02,2
p80_p30_min2_sep7,Seattle,2019,pure_wind,seattle_2019-10-05,2019-10-05,2019-10-05,1
p80_p30_min2_sep7,Seattle,2019,pure_wind,seattle_2019-10-13,2019-10-13,2019-10-14,2
p80_p30_min2_sep7,Seattle,2019,pure_wind,seattle_2019-10-24,2019-10-24,2019-10-24,1
p80_p30_min2_sep7,Seattle,2019,pure_wind,seattle_2019-10-28,2019-10-28,2019-10-28,1
p80_p30_min2_sep7,Seattle,2019,pure_wind,seattle_2019-10-31,2019-10-31,2019-10-31,1
p80_p30_min2_sep7,Seattle,2020,pure_wind,seattle_2020-04-06,2020-04-06,2020-04-07,2
p80_p30_min2_sep7,Seattle,2020,pure_wind,seattle_2020-04-10,2020-04-10,2020-04-10,1
p80_p30_min2_sep7,Seattle,2020,pure_wind,seattle_2020-04-13,2020-04-13,2020-04-13,1
p80_p30_min2_sep7,Seattle,2020,pure_wind,seattle_2020-04-16,2020-04-16,2020-04-17,2
p80_p30_min2_sep7,Seattle,2020,pure_wind,seattle_2020-04-19,2020-04-19,2020-04-20,2
p80_p30_min2_sep7,Seattle,2020,pure_wind,seattle_2020-04-24,2020-04-24,2020-04-24,1
p80_p30_min2_sep7,Seattle,2020,pure_wind,seattle_2020-05-01,2020-05-01,2020-05-01,1
p80_p30_min2_sep7,Seattle,2020,pure_wind,seattle_2020-05-14,2020-05-14,2020-05-14,1
p80_p30_min2_sep7,Seattle,2020,pure_wind,seattle_2020-05-16,2020-05-16,2020-05-17,2
p80_p30_min2_sep7,Seattle,2020,pure_wind,seattle_2020-05-23,2020-05-23,2020-05-24,2
p80_p30_min2_sep7,Seattle,2020,pure_wind,seattle_2020-05-26,2020-05-26,2020-05-26,1
p80_p30_min2_sep7,Seattle,2020,pure_wind,seattle_2020-05-29,2020-05-29,2020-05-29,1
p80_p30_min2_sep7,Seattle,2020,pure_wind,seattle_2020-06-01,2020-06-01,2020-06-02,2
p80_p30_min2_sep7,Seattle,2020,pure_wind,seattle_2020-06-04,2020-06-04,2020-06-04,1
p80_p30_min2_sep7,Seattle,2020,pure_wind,seattle_2020-06-10,2020-06-10,2020-06-11,2
p80_p30_min2_sep7,Seattle,2020,pure_wind,seattle_2020-06-17,2020-06-17,2020-06-18,2
p80_p30_min2_sep7,Seattle,2020,pure_wind,seattle_2020-06-22,2020-06-22,2020-06-22,1
p80_p30_min2_sep7,Seattle,2020,pure_wind,seattle_2020-06-25,2020-06-25,2020-06-25,1
p80_p30_min2_sep7,Seattle,2020,pure_wind,seattle_2020-07-04,2020-07-04,2020-07-05,2
p80_p30_min2_sep7,Seattle,2020,pure_wind,seattle_2020-07-08,2020-07-08,2020-07-08,1
p80_p30_min2_sep7,Seattle,2020,pure_wind,seattle_2020-07-10,2020-07-10,2020-07-10,1
p80_p30_min2_sep7,Seattle,2020,pure_wind,seattle_2020-07-17,2020-07-17,2020-07-17,1
p80_p30_min2_sep7,Seattle,2020,pure_wind,seattle_2020-08-01,2020-08-01,2020-08-01,1
p80_p30_min2_sep7,Seattle,2020,pure_wind,seattle_2020-08-08,2020-08-08,2020-08-08,1
p80_p30_min2_sep7,Seattle,2020,pure_wind,seattle_2020-08-13,2020-08-13,2020-08-13,1
p80_p30_min2_sep7,Seattle,2020,pure_wind,seattle_2020-08-24,2020-08-24,2020-08-25,2
p80_p30_min2_sep7,Seattle,2020,pure_wind,seattle_2020-08-29,2020-08-29,2020-08-31,3
p80_p30_min2_sep7,Seattle,2020,pure_wind,seattle_2020-09-12,2020-09-12,2020-09-15,4
p80_p30_min2_sep7,Seattle,2020,pure_wind,seattle_2020-09-20,2020-09-20,2020-09-21,2
p80_p30_min2_sep7,Seattle,2020,pure_wind,seattle_2020-09-30,2020-09-30,2020-10-04,5
p80_p30_min2_sep7,Seattle,2020,pure_wind,seattle_2020-10-07,2020-10-07,2020-10-07,1
p80_p30_min2_sep7,Seattle,2020,pure_wind,seattle_2020-10-15,2020-10-15,2020-10-15,1
p80_p30_min2_sep7,Seattle,2020,pure_wind,seattle_2020-10-20,2020-10-20,2020-10-22,3
p80_p30_min2_sep7,Seattle,2020,pure_wind,seattle_2020-10-26,2020-10-26,2020-10-27,2
p80_p30_min2_sep7,Seattle,2021,pure_wind,seattle_2021-04-05,2021-04-05,2021-04-06,2
p80_p30_min2_sep7,Seattle,2021,pure_wind,seattle_2021-04-18,2021-04-18,2021-04-21,4
p80_p30_min2_sep7,Seattle,2021,pure_wind,seattle_2021-04-28,2021-04-28,2021-04-28,1
p80_p30_min2_sep7,Seattle,2021,pure_wind,seattle_2021-05-01,2021-05-01,2021-05-02,2
p80_p30_min2_sep7,Seattle,2021,pure_wind,seattle_2021-05-04,2021-05-04,2021-05-04,1
p80_p30_min2_sep7,Seattle,2021,pure_wind,seattle_2021-05-09,2021-05-09,2021-05-10,2
p80_p30_min2_sep7,Seattle,2021,pure_wind,seattle_2021-05-16,2021-05-16,2021-05-16,1
p80_p30_min2_sep7,Seattle,2021,pure_wind,seattle_2021-05-19,2021-05-19,2021-05-19,1
p80_p30_min2_sep7,Seattle,2021,pure_wind,seattle_2021-05-30,2021-05-30,2021-05-30,1
p80_p30_min2_sep7,Seattle,2021,pure_wind,seattle_2021-06-08,2021-06-08,2021-06-08,1
p80_p30_min2_sep7,Seattle,2021,pure_wind,seattle_2021-06-11,2021-06-11,2021-06-13,3
p80_p30_min2_sep7,Seattle,2021,pure_wind,seattle_2021-06-17,2021-06-17,2021-06-17,1
p80_p30_min2_sep7,Seattle,2021,pure_wind,seattle_2021-06-19,2021-06-19,2021-06-19,1
p80_p30_min2_sep7,Seattle,2021,pure_wind,seattle_2021-07-02,2021-07-02,2021-07-02,1
p80_p30_min2_sep7,Seattle,2021,pure_wind,seattle_2021-07-08,2021-07-08,2021-07-08,1
p80_p30_min2_sep7,Seattle,2021,pure_wind,seattle_2021-07-21,2021-07-21,2021-07-22,2
p80_p30_min2_sep7,Seattle,2021,pure_wind,seattle_2021-07-31,2021-07-31,2021-07-31,1
p80_p30_min2_sep7,Seattle,2021,pure_wind,seattle_2021-08-18,2021-08-18,2021-08-18,1
p80_p30_min2_sep7,Seattle,2021,pure_wind,seattle_2021-09-03,2021-09-03,2021-09-03,1
p80_p30_min2_sep7,Seattle,2021,pure_wind,seattle_2021-09-12,2021-09-12,2021-09-13,2
p80_p30_min2_sep7,Seattle,2021,pure_wind,seattle_2021-09-15,2021-09-15,2021-09-16,2
p80_p30_min2_sep7,Seattle,2021,pure_wind,seattle_2021-09-22,2021-09-22,2021-09-23,2
p80_p30_min2_sep7,Seattle,2021,pure_wind,seattle_2021-10-02,2021-10-02,2021-10-02,1
p80_p30_min2_sep7,Seattle,2021,pure_wind,seattle_2021-10-04,2021-10-04,2021-10-04,1
p80_p30_min2_sep7,Seattle,2021,pure_wind,seattle_2021-10-07,2021-10-07,2021-10-08,2
p80_p30_min2_sep7,Seattle,2021,pure_wind,seattle_2021-10-11,2021-10-11,2021-10-11,1
p80_p30_min2_sep7,Seattle,2021,pure_wind,seattle_2021-10-18,2021-10-18,2021-10-19,2
p80_p30_min2_sep7,Seattle,2022,pure_wind,seattle_2022-04-07,2022-04-07,2022-04-07,1
p80_p30_min2_sep7,Seattle,2022,pure_wind,seattle_2022-04-13,2022-04-13,2022-04-14,2
p80_p30_min2_sep7,Seattle,2022,pure_wind,seattle_2022-04-22,2022-04-22,2022-04-22,1
p80_p30_min2_sep7,Seattle,2022,pure_wind,seattle_2022-04-27,2022-04-27,2022-04-28,2
p80_p30_min2_sep7,Seattle,2022,pure_wind,seattle_2022-05-01,2022-05-01,2022-05-01,1
p80_p30_min2_sep7,Seattle,2022,pure_wind,seattle_2022-05-04,2022-05-04,2022-05-04,1
p80_p30_min2_sep7,Seattle,2022,pure_wind,seattle_2022-05-06,2022-05-06,2022-05-06,1
p80_p30_min2_sep7,Seattle,2022,pure_wind,seattle_2022-05-15,2022-05-15,2022-05-15,1
p80_p30_min2_sep7,Seattle,2022,pure_wind,seattle_2022-05-20,2022-05-20,2022-05-24,5
p80_p30_min2_sep7,Seattle,2022,pure_wind,seattle_2022-05-26,2022-05-26,2022-05-26,1
p80_p30_min2_sep7,Seattle,2022,pure_wind,seattle_2022-05-30,2022-05-30,2022-05-30,1
p80_p30_min2_sep7,Seattle,2022,pure_wind,seattle_2022-06-01,2022-06-01,2022-06-02,2
p80_p30_min2_sep7,Seattle,2022,pure_wind,seattle_2022-06-04,2022-06-04,2022-06-04,1
p80_p30_min2_sep7,Seattle,2022,pure_wind,seattle_2022-06-09,2022-06-09,2022-06-09,1
p80_p30_min2_sep7,Seattle,2022,pure_wind,seattle_2022-06-15,2022-06-15,2022-06-15,1
p80_p30_min2_sep7,Seattle,2022,pure_wind,seattle_2022-06-20,2022-06-20,2022-06-22,3
p80_p30_min2_sep7,Seattle,2022,pure_wind,seattle_2022-07-01,2022-07-01,2022-07-02,2
p80_p30_min2_sep7,Seattle,2022,pure_wind,seattle_2022-07-05,2022-07-05,2022-07-06,2
p80_p30_min2_sep7,Seattle,2022,pure_wind,seattle_2022-07-08,2022-07-08,2022-07-09,2
p80_p30_min2_sep7,Seattle,2022,pure_wind,seattle_2022-07-13,2022-07-13,2022-07-13,1
p80_p30_min2_sep7,Seattle,2022,pure_wind,seattle_2022-07-17,2022-07-17,2022-07-17,1
p80_p30_min2_sep7,Seattle,2022,pure_wind,seattle_2022-07-23,2022-07-23,2022-07-23,1
p80_p30_min2_sep7,Seattle,2022,pure_wind,seattle_2022-09-12,2022-09-12,2022-09-15,4
p80_p30_min2_sep7,Seattle,2022,pure_wind,seattle_2022-09-29,2022-09-29,2022-09-29,1
p80_p30_min2_sep7,Seattle,2022,pure_wind,seattle_2022-10-02,2022-10-02,2022-10-05,4
p80_p30_min2_sep7,Seattle,2022,pure_wind,seattle_2022-10-07,2022-10-07,2022-10-09,3
p80_p30_min2_sep7,Seattle,2022,pure_wind,seattle_2022-10-18,2022-10-18,2022-10-18,1
p80_p30_min2_sep7,Seattle,2022,pure_wind,seattle_2022-10-20,2022-10-20,2022-10-20,1
p80_p30_min2_sep7,Seattle,2022,pure_wind,seattle_2022-10-22,2022-10-22,2022-10-22,1
p80_p30_min2_sep7,Seattle,2023,pure_wind,seattle_2023-04-03,2023-04-03,2023-04-03,1
p80_p30_min2_sep7,Seattle,2023,pure_wind,seattle_2023-04-10,2023-04-10,2023-04-10,1
p80_p30_min2_sep7,Seattle,2023,pure_wind,seattle_2023-04-14,2023-04-14,2023-04-14,1
p80_p30_min2_sep7,Seattle,2023,pure_wind,seattle_2023-04-22,2023-04-22,2023-04-22,1
p80_p30_min2_sep7,Seattle,2023,pure_wind,seattle_2023-04-25,2023-04-25,2023-04-25,1
p80_p30_min2_sep7,Seattle,2023,pure_wind,seattle_2023-05-01,2023-05-01,2023-05-01,1
p80_p30_min2_sep7,Seattle,2023,pure_wind,seattle_2023-05-08,2023-05-08,2023-05-08,1
p80_p30_min2_sep7,Seattle,2023,pure_wind,seattle_2023-05-10,2023-05-10,2023-05-11,2
p80_p30_min2_sep7,Seattle,2023,pure_wind,seattle_2023-05-28,2023-05-28,2023-05-29,2
p80_p30_min2_sep7,Seattle,2023,pure_wind,seattle_2023-05-31,2023-05-31,2023-06-03,4
p80_p30_min2_sep7,Seattle,2023,pure_wind,seattle_2023-06-25,2023-06-25,2023-06-25,1
p80_p30_min2_sep7,Seattle,2023,pure_wind,seattle_2023-07-11,2023-07-11,2023-07-11,1
p80_p30_min2_sep7,Seattle,2023,pure_wind,seattle_2023-07-30,2023-07-30,2023-07-30,1
p80_p30_min2_sep7,Seattle,2023,pure_wind,seattle_2023-08-05,2023-08-05,2023-08-05,1
p80_p30_min2_sep7,Seattle,2023,pure_wind,seattle_2023-08-10,2023-08-10,2023-08-10,1
p80_p30_min2_sep7,Seattle,2023,pure_wind,seattle_2023-09-05,2023-09-05,2023-09-08,4
p80_p30_min2_sep7,Seattle,2023,pure_wind,seattle_2023-09-11,2023-09-11,2023-09-11,1
p80_p30_min2_sep7,Seattle,2023,pure_wind,seattle_2023-09-13,2023-09-13,2023-09-13,1
p80_p30_min2_sep7,Seattle,2023,pure_wind,seattle_2023-09-22,2023-09-22,2023-09-22,1
p80_p30_min2_sep7,Seattle,2023,pure_wind,seattle_2023-10-01,2023-10-01,2023-10-01,1
p80_p30_min2_sep7,Seattle,2023,pure_wind,seattle_2023-10-03,2023-10-03,2023-10-04,2
p80_p30_min2_sep7,Seattle,2023,pure_wind,seattle_2023-10-12,2023-10-12,2023-10-12,1
p80_p30_min2_sep7,Seattle,2023,pure_wind,seattle_2023-10-14,2023-10-14,2023-10-15,2
p80_p30_min2_sep7,Seattle,2023,pure_wind,seattle_2023-10-22,2023-10-22,2023-10-22,1
p80_p30_min2_sep7,Seattle,2023,pure_wind,seattle_2023-10-26,2023-10-26,2023-10-26,1
p80_p30_min2_sep7,Seattle,2023,pure_wind,seattle_2023-10-31,2023-10-31,2023-10-31,1
p80_p30_min2_sep7,Seattle,2024,pure_wind,seattle_2024-04-10,2024-04-10,2024-04-10,1
p80_p30_min2_sep7,Seattle,2024,pure_wind,seattle_2024-04-16,2024-04-16,2024-04-16,1
p80_p30_min2_sep7,Seattle,2024,pure_wind,seattle_2024-04-23,2024-04-23,2024-04-23,1
p80_p30_min2_sep7,Seattle,2024,pure_wind,seattle_2024-05-12,2024-05-12,2024-05-13,2
p80_p30_min2_sep7,Seattle,2024,pure_wind,seattle_2024-05-15,2024-05-15,2024-05-15,1
p80_p30_min2_sep7,Seattle,2024,pure_wind,seattle_2024-05-30,2024-05-30,2024-05-30,1
p80_p30_min2_sep7,Seattle,2024,pure_wind,seattle_2024-06-01,2024-06-01,2024-06-01,1
p80_p30_min2_sep7,Seattle,2024,pure_wind,seattle_2024-06-18,2024-06-18,2024-06-18,1
p80_p30_min2_sep7,Seattle,2024,pure_wind,seattle_2024-06-24,2024-06-24,2024-06-24,1
p80_p30_min2_sep7,Seattle,2024,pure_wind,seattle_2024-06-28,2024-06-28,2024-06-29,2
p80_p30_min2_sep7,Seattle,2024,pure_wind,seattle_2024-07-01,2024-07-01,2024-07-03,3
p80_p30_min2_sep7,Seattle,2024,pure_wind,seattle_2024-07-22,2024-07-22,2024-07-22,1
p80_p30_min2_sep7,Seattle,2024,pure_wind,seattle_2024-08-14,2024-08-14,2024-08-14,1
p80_p30_min2_sep7,Seattle,2024,pure_wind,seattle_2024-08-22,2024-08-22,2024-08-22,1
p80_p30_min2_sep7,Seattle,2024,pure_wind,seattle_2024-08-26,2024-08-26,2024-08-26,1
p80_p30_min2_sep7,Seattle,2024,pure_wind,seattle_2024-09-09,2024-09-09,2024-09-09,1
p80_p30_min2_sep7,Seattle,2024,pure_wind,seattle_2024-09-11,2024-09-11,2024-09-12,2
p80_p30_min2_sep7,Seattle,2024,pure_wind,seattle_2024-09-18,2024-09-18,2024-09-22,5
p80_p30_min2_sep7,Seattle,2024,pure_wind,seattle_2024-10-02,2024-10-02,2024-10-02,1
p80_p30_min2_sep7,Seattle,2024,pure_wind,seattle_2024-10-06,2024-10-06,2024-10-07,2
p80_p30_min2_sep7,Seattle,2024,pure_wind,seattle_2024-10-09,2024-10-09,2024-10-09,1
p80_p30_min2_sep7,Seattle,2024,pure_wind,seattle_2024-10-12,2024-10-12,2024-10-13,2
p80_p30_min2_sep7,Seattle,2024,pure_wind,seattle_2024-10-23,2024-10-23,2024-10-23,1
p80_p30_min2_sep7,Seattle,2025,pure_wind,seattle_2025-04-03,2025-04-03,2025-04-04,2
p80_p30_min2_sep7,Seattle,2025,pure_wind,seattle_2025-04-06,2025-04-06,2025-04-06,1
p80_p30_min2_sep7,Seattle,2025,pure_wind,seattle_2025-04-12,2025-04-12,2025-04-12,1
p80_p30_min2_sep7,Seattle,2025,pure_wind,seattle_2025-04-18,2025-04-18,2025-04-18,1
p80_p30_min2_sep7,Seattle,2025,pure_wind,seattle_2025-04-30,2025-04-30,2025-04-30,1
p80_p30_min2_sep7,Seattle,2025,pure_wind,seattle_2025-05-09,2025-05-09,2025-05-09,1
p80_p30_min2_sep7,Seattle,2025,pure_wind,seattle_2025-05-22,2025-05-22,2025-05-24,3
p80_p30_min2_sep7,Seattle,2025,pure_wind,seattle_2025-05-30,2025-05-30,2025-05-31,2
p80_p30_min2_sep7,Seattle,2025,pure_wind,seattle_2025-06-02,2025-06-02,2025-06-04,3
p80_p30_min2_sep7,Seattle,2025,pure_wind,seattle_2025-06-15,2025-06-15,2025-06-16,2
p80_p30_min2_sep7,Seattle,2025,pure_wind,seattle_2025-06-19,2025-06-19,2025-06-19,1
p80_p30_min2_sep7,Seattle,2025,pure_wind,seattle_2025-06-23,2025-06-23,2025-06-23,1
p80_p30_min2_sep7,Seattle,2025,pure_wind,seattle_2025-06-28,2025-06-28,2025-06-28,1
p80_p30_min2_sep7,Seattle,2025,pure_wind,seattle_2025-07-20,2025-07-20,2025-07-21,2
p80_p30_min2_sep7,Seattle,2025,pure_wind,seattle_2025-07-26,2025-07-26,2025-07-27,2
p80_p30_min2_sep7,Seattle,2025,pure_wind,seattle_2025-08-02,2025-08-02,2025-08-02,1
p80_p30_min2_sep7,Seattle,2025,pure_wind,seattle_2025-08-07,2025-08-07,2025-08-08,2
p80_p30_min2_sep7,Seattle,2025,pure_wind,seattle_2025-08-29,2025-08-29,2025-09-01,4
p80_p30_min2_sep7,Seattle,2025,pure_wind,seattle_2025-09-04,2025-09-04,2025-09-04,1
p80_p30_min2_sep7,Seattle,2025,pure_wind,seattle_2025-09-08,2025-09-08,2025-09-10,3
p80_p30_min2_sep7,Seattle,2025,pure_wind,seattle_2025-09-12,2025-09-12,2025-09-12,1
p80_p30_min2_sep7,Seattle,2025,pure_wind,seattle_2025-09-22,2025-09-22,2025-09-22,1
p80_p30_min2_sep7,Seattle,2025,pure_wind,seattle_2025-09-25,2025-09-25,2025-09-25,1
p80_p30_min2_sep7,Seattle,2025,pure_wind,seattle_2025-09-27,2025-09-27,2025-09-27,1
p80_p30_min2_sep7,Seattle,2025,pure_wind,seattle_2025-10-03,2025-10-03,2025-10-04,2
p80_p30_min2_sep7,Seattle,2025,pure_wind,seattle_2025-10-07,2025-10-07,2025-10-07,1
p80_p30_min2_sep7,Seattle,2025,pure_wind,seattle_2025-10-09,2025-10-09,2025-10-09,1
p80_p30_min2_sep7,Seattle,2025,pure_wind,seattle_2025-10-15,2025-10-15,2025-10-15,1
p80_p30_min2_sep7,Seattle,2025,pure_wind,seattle_2025-10-21,2025-10-21,2025-10-21,1
